[{"$i":"messages","$v":"Μηνύματα"},{"$i":"deleteMessages-title","$v":"Διαγραφή μηνυμάτων"},{"$i":"selectThreads-title","$v":"Επιλογή"},{"$i":"edit","$v":"Επεξεργασία"},{"$i":"back","$v":"Πίσω"},{"$i":"cancel","$v":"Ακύρωση"},{"$i":"undo","$v":"Αναίρεση"},{"$i":"done","$v":"ΟΚ"},{"$i":"delete","$v":"Διαγραφή"},{"$i":"delete-thread","$v":"Delete thread"},{"$i":"mark-as-read","$v":"Mark as read"},{"$i":"mark-as-unread","$v":"Mark as unread"},{"$i":"deleting-messages","$v":"Διαγραφή…"},{"$i":"select-all","$v":"Επιλογή όλων"},{"$i":"deselect-all","$v":"Αποεπιλογή όλων"},{"$i":"selected-threads","$v":{"zero":"κανένα επιλεγμένο","one":[{"t":"idOrVar","v":"n"}," επιλεγμένο"],"two":[{"t":"idOrVar","v":"n"}," επιλεγμένα"],"few":[{"t":"idOrVar","v":"n"}," επιλεγμένα"],"many":[{"t":"idOrVar","v":"n"}," επιλεγμένα"],"other":[{"t":"idOrVar","v":"n"}," επιλεγμένα"]},"$x":[{"t":"idOrVar","v":"plural"},"n"]},{"$i":"selected-messages","$v":{"zero":"κανένα επιλεγμένο","one":[{"t":"idOrVar","v":"n"}," επιλεγμένο"],"two":[{"t":"idOrVar","v":"n"}," επιλεγμένα"],"few":[{"t":"idOrVar","v":"n"}," επιλεγμένα"],"many":[{"t":"idOrVar","v":"n"}," επιλεγμένα"],"other":[{"t":"idOrVar","v":"n"}," επιλεγμένα"]},"$x":[{"t":"idOrVar","v":"plural"},"n"]},{"$i":"selectThreads-label","$v":"Επιλογή συνομιλιών"},{"$i":"selectMessages-label","$v":"Επιλογή μηνυμάτων"},{"$i":"settings","$v":"Ρυθμίσεις"},{"$i":"add-subject","$v":"Προσθήκη θέματος"},{"$i":"remove-subject","$v":"Αφαίρεση θέματος"},{"$i":"to","$v":"Προς:"},{"$i":"new","$v":"Νέο"},{"$i":"message","$v":"Μήνυμα"},{"$i":"messagesInput_placeholder","$v":"Μήνυμα"},{"$i":"messagesSubjectInput_placeholder","$v":"Θέμα"},{"$i":"converted-to-mms","$v":"Μετατροπή σε μήνυμα πολυμέσων."},{"$i":"converted-to-sms","$v":"Μετατροπή σε μήνυμα κειμένου."},{"$i":"messages-max-length-text","$v":"Φτάσατε το μέγιστο μέγεθος."},{"$i":"messages-max-subject-length-text","$v":"Φτάσατε το μέγιστο μήκος θέματος."},{"$i":"multimedia-message-exceeded-max-length","$v":["You’ve exceeded the ",{"t":"idOrVar","v":"mmsSize"}," KB size limit of a single multimedia message. Remove attachments or shorten the message to send it."]},{"$i":"newMessage","$v":"Νέο μήνυμα"},{"$i":"sendMessage","$v":"Αποστολή"},{"$i":"sendMMSToEmail","$v":"Send multimedia message"},{"$i":"no-recipient","$v":"(Κανένας παραλήπτης)"},{"$i":"recipient","$v":{"one":[{"t":"idOrVar","v":"n"}," παραλήπτης"],"two":[{"t":"idOrVar","v":"n"}," παραλήπτες"],"few":[{"t":"idOrVar","v":"n"}," παραλήπτες"],"many":[{"t":"idOrVar","v":"n"}," παραλήπτες"],"other":[{"t":"idOrVar","v":"n"}," παραλήπτες"]},"$x":[{"t":"idOrVar","v":"plural"},"n"]},{"$i":"attachmentSizeB","$v":[{"t":"idOrVar","v":"n"}," B"]},{"$i":"attachmentSizeKB","$v":[{"t":"idOrVar","v":"n"}," KB"]},{"$i":"attachmentSizeMB","$v":[{"t":"idOrVar","v":"n"}," MB"]},{"$i":"attachmentOpenError","$v":"Δεν υπάρχει διαθέσιμη εφαρμογή για αυτόν τον τύπο αρχείου."},{"$i":"remove","$v":"Αφαίρεση"},{"$i":"participant","$v":{"one":["συμμετέχει ",{"t":"idOrVar","v":"n"}],"two":["συμμετέχουν ",{"t":"idOrVar","v":"n"}],"few":["συμμετέχουν ",{"t":"idOrVar","v":"n"}],"many":["συμμετέχουν ",{"t":"idOrVar","v":"n"}],"other":["συμμετέχουν ",{"t":"idOrVar","v":"n"}]},"$x":[{"t":"idOrVar","v":"plural"},"n"]},{"$i":"message-report","$v":"Αναφορά μηνύματος"},{"$i":"message-type-sms","$v":"Γραπτό μήνυμα (SMS)"},{"$i":"message-type-mms","$v":"Μήνυμα πολυμέσων (MMS)"},{"$i":"sms-report-description","$v":["Το γραπτό μήνυμα (SMS), στάλθηκε στις ",{"t":"idOrVar","v":"datetime"}]},{"$i":"mms-report-description","$v":["Το μήνυμα πολυμέσων (MMS), με θέμα ",{"t":"idOrVar","v":"subject"},", στάλθηκε στις ",{"t":"idOrVar","v":"datetime"}]},{"$i":"mms-no-subject-report-description","$v":["Το μήνυμα πολυμέσων (MMS), στάλθηκε στις ",{"t":"idOrVar","v":"datetime"}]},{"$i":"message-subject","$v":"Subject:"},{"$i":"report-status-error","$v":"Message could not be sent"},{"$i":"report-status-not-downloaded","$v":"not downloaded"},{"$i":"report-status-delivered","$v":"Delivered:"},{"$i":"report-status-read","$v":"Read:"},{"$i":"report-status-pending","$v":"Report requested"},{"$i":"report-status-rejected","$v":"Message rejected"},{"$i":"message-size-was","$v":"Μέγεθος μηνύματος:"},{"$i":"report-dateTimeFormat12","$v":["%e %Eb %Y, ",{"t":"idOrVar","v":"shortTimeFormat12"}]},{"$i":"report-dateTimeFormat24","$v":["%e %Eb %Y, ",{"t":"idOrVar","v":"shortTimeFormat24"}]},{"$i":"report-to-title","$v":"To"},{"$i":"report-from-title","$v":"From"},{"$i":"message-sent","$v":"Εστάλη:"},{"$i":"message-sending","$v":[{"t":"idOrVar","v":"message-delivery-status-sending"}]},{"$i":"message-received","$v":"Ελήφθη:"},{"$i":"message-via","$v":"Μέσω:"},{"$i":"message-resend","$v":"Resend"},{"$i":"search","$v":"Αναζήτηση"},{"$i":"unknown-contact-title","$v":"Unknown Contact"},{"$i":"phone-type-separator","$v":", "},{"$i":"phone-carrier-separator","$v":" "},{"$i":"thread-participant-separator","$v":", "},{"$i":"replace-draft","$v":"Αντικατάσταση υπάρχοντος πρόχειρου"},{"$i":"save-as-draft","$v":"Αποθήκευση ως πρόχειρο"},{"$i":"discard-message","$v":"Απόρριψη"},{"$i":"discard-sms","$v":"Είστε σίγουρος πως θέλετε να διαγράψετε αυτό το μήνυμα;"},{"$i":"discard-new-message","$v":"Απόρριψη του μηνύματος και άνοιγμα του νέου;"},{"$i":"resend-confirmation","$v":"Δεν ήταν δυνατή η αποστολή του μηνύματος. Αποστολή ξανά;"},{"$i":"resend-message","$v":"Επαναπόστολή του μηνύματος"},{"$i":"deleteMessage-confirmation","$v":"Delete selected message?"},{"$i":"deleteMessages-confirmation-message","$v":{"zero":"Please select messages to be deleted.","one":"Delete selected message?","two":["Delete ",{"t":"idOrVar","v":"n"}," selected messages?"],"few":["Delete ",{"t":"idOrVar","v":"n"}," selected messages?"],"many":["Delete ",{"t":"idOrVar","v":"n"}," selected messages?"],"other":["Delete ",{"t":"idOrVar","v":"n"}," selected messages?"]},"$x":[{"t":"idOrVar","v":"plural"},"n"]},{"$i":"deleteThreads-confirmation-message","$v":{"zero":"Please select message threads to be deleted.","one":"Delete selected message thread?","two":["Delete ",{"t":"idOrVar","v":"n"}," selected message threads?"],"few":["Delete ",{"t":"idOrVar","v":"n"}," selected message threads?"],"many":["Delete ",{"t":"idOrVar","v":"n"}," selected message threads?"],"other":["Delete ",{"t":"idOrVar","v":"n"}," selected message threads?"]},"$x":[{"t":"idOrVar","v":"plural"},"n"]},{"$i":"new-message-notice-text","$v":"Νέο μήνυμα από"},{"$i":"new-message-notice-a-text","$v":"Ανάγνωση"},{"$i":"noMessages-title","$v":"Κανένα μήνυμα"},{"$i":"noMessages-text","$v":"Έναρξη επικοινωνίας"},{"$i":"sendDefaultErrorTitle","$v":"Το μήνυμα δεν εστάλη"},{"$i":"sendDefaultErrorBody","$v":"Υπήρξε πρόβλημα με την αποστολή του μηνύματος. Παρακαλούμε δοκιμάστε ξανά."},{"$i":"sendDefaultErrorBtnOk","$v":"ΟΚ"},{"$i":"sendMissingSimCardTitle","$v":"Σφάλμα κάρτας SIM"},{"$i":"sendMissingSimCardBody","$v":"Δεν έχει εισαχθεί κάρτα SIM."},{"$i":"sendMissingSimCardBtnOk","$v":"ΟΚ"},{"$i":"sendFlightModeTitle","$v":"Η λειτουργία πτήσης ενεργοποιήθηκε"},{"$i":"sendFlightModeBody","$v":"Για να στείλετε ένα μήνυμα, απενεργοποιήστε πρώτα τη λειτουργία πτήσης."},{"$i":"sendFlightModeBtnOk","$v":"ΟΚ"},{"$i":"radioDisabledToDownloadTitle","$v":[{"t":"idOrVar","v":"sendFlightModeTitle"}]},{"$i":"radioDisabledToDownloadBody","$v":"Απενεργοποιήστε τη λειτουργία πτήσης για να κάνετε λήψη των συννημένων."},{"$i":"radioDisabledToDownloadBtnOk","$v":[{"t":"idOrVar","v":"sendFlightModeBtnOk"}]},{"$i":"fdnBlocked2Title","$v":"FDN ενεργό"},{"$i":"sms-counter-notice-label","$v":["Editing SMS ",{"t":"idOrVar","v":"number"}]},{"$i":"fdnBlocked2Body","innerHTML":{"$x":[{"t":"idOrVar","v":"plural"},"n"],"$v":{"one":["Το FDN (Fixed Dialing Numbers) ενεργοποιήθηκε. Βεβαιωθείτε ότι το κέντρο SMS και ο ακόλουθος παραλήπτης βρίσκονται στη λίστα FDN: <br />",{"t":"idOrVar","v":"numbers"}],"two":["Το FDN (Fixed Dialing Numbers) ενεργοποιήθηκε. Βεβαιωθείτε ότι το κέντρο SMS και οι ακόλουθοι παραλήπτες βρίσκονται στη λίστα  FDN:<br />",{"t":"idOrVar","v":"numbers"}],"few":["Το FDN (Fixed Dialing Numbers) ενεργοποιήθηκε. Βεβαιωθείτε ότι το κέντρο SMS και οι ακόλουθοι παραλήπτες βρίσκονται στη λίστα  FDN:<br />",{"t":"idOrVar","v":"numbers"}],"many":["Το FDN (Fixed Dialing Numbers) ενεργοποιήθηκε. Βεβαιωθείτε ότι το κέντρο SMS και οι ακόλουθοι παραλήπτες βρίσκονται στη λίστα  FDN:<br />",{"t":"idOrVar","v":"numbers"}],"other":["Το FDN (Fixed Dialing Numbers) ενεργοποιήθηκε. Βεβαιωθείτε ότι το κέντρο SMS και οι ακόλουθοι παραλήπτες βρίσκονται στη λίστα  FDN:<br />",{"t":"idOrVar","v":"numbers"}]}}},{"$i":"fdnBlocked2BtnOk","$v":"ΟΚ"},{"$i":"switchSimToRetrieveTitle","$v":"Αλλαγή σύνδεσης δεδομένων"},{"$i":"switchSimToRetrieveBody","$v":["Αλλάξτε τη σύνδεση δεδομένων στη SIM ",{"t":"idOrVar","v":"nonActiveSimId"}," για να λάβετε το MMS. Η τρέχουσα μεταφορά δεδομένων στη SIM ",{"t":"idOrVar","v":"activeSimId"}," θα διακοπεί. Θέλετε να συνεχίσετε;"]},{"$i":"switchSimToRetrieveBtnOk","$v":"Αργότερα"},{"$i":"switchSimToRetrieveConfirm","$v":"ΟΚ"},{"$i":"switchSimToSendTitle","$v":[{"t":"idOrVar","v":"switchSimToRetrieveTitle"}]},{"$i":"switchSimToSendBody","$v":["Αλλάξτε τη σύνδεση δεδομένων στη SIM ",{"t":"idOrVar","v":"nonActiveSimId"}," για να στείλετε το MMS. Η τρέχουσα μεταφορά δεδομένων στη SIM ",{"t":"idOrVar","v":"activeSimId"}," θα διακοπεί. Θέλετε να συνεχίσετε;"]},{"$i":"switchSimToSendBtnOk","$v":[{"t":"idOrVar","v":"switchSimToRetrieveBtnOk"}]},{"$i":"switchSimToSendConfirm","$v":[{"t":"idOrVar","v":"switchSimToRetrieveConfirm"}]},{"$i":"sendNoSignalErrorTitle","$v":"Χωρίς κάλυψη δικτύου"},{"$i":"sendNoSignalErrorBody","$v":"Βεβαιωθείτε πως διαθέτετε σήμα δικτύου και προσπαθήστε ξανά."},{"$i":"sendNoSignalErrorBtnOk","$v":"ΟΚ"},{"$i":"sendNotFoundErrorTitle","$v":"Το μήνυμα δε βρέθηκε"},{"$i":"sendNotFoundErrorBody","$v":"Το μήνυμα που ζητάτε δεν είναι πλέον διαθέσιμο."},{"$i":"sendNotFoundErrorBtnOk","$v":"ΟΚ"},{"$i":"sendInvalidAddressErrorTitle","$v":"Μη έγκυρος αριθμός"},{"$i":"sendInvalidAddressErrorBody","$v":"Βεβαιωθείτε πως ο αριθμός είναι έγκυρος."},{"$i":"sendInvalidAddressErrorBtnOk","$v":"ΟΚ"},{"$i":"simNotMatchedErrorTitle","$v":"Δεν είναι δυνατή η λήψη"},{"$i":"simNotMatchedErrorBody","$v":"Παρακαλούμε βεβαιωθείτε πως η κάρτα SIM που έχετε εισάγει είναι η κάρτα στην οποία λάβατε αυτό το μήνυμα."},{"$i":"simNotMatchedErrorBtnOk","$v":"ΟΚ"},{"$i":"deleted-sms","$v":"Αυτό το μήνυμα έχει ήδη διαγραφεί."},{"$i":"view-attachment-image","$v":"Προβολή"},{"$i":"view-attachment-audio","$v":"Αναπαραγωγή"},{"$i":"view-attachment-video","$v":"Προεπισκόπηση"},{"$i":"view-attachment-other","$v":"Προεπισκόπηση"},{"$i":"remove-attachment-image","$v":"Αφαίρεση εικόνας"},{"$i":"remove-attachment-audio","$v":"Αφαίρεση ήχου"},{"$i":"remove-attachment-video","$v":"Αφαίρεση βίντεο"},{"$i":"remove-attachment-other","$v":"Αφαίρεση επισύναψης"},{"$i":"replace-attachment-image","$v":"Αντικατάσταση εικόνας"},{"$i":"replace-attachment-audio","$v":"Αντικατάσταση ήχου"},{"$i":"replace-attachment-video","$v":"Αντικατάσταση βίντεο"},{"$i":"replace-attachment-other","$v":"Αντικατάσταση επισύναψης"},{"$i":"unsent-message-title","$v":"Μήνυμα εκκρεμεί"},{"$i":"unsent-message-text","$v":"Your previous message was not sent. Do you want to discard the unsent message and continue?"},{"$i":"unsent-message-option-edit","$v":"Επεξεργασία"},{"$i":"unsent-message-option-discard","$v":"Απόρριψη"},{"$i":"message-options","$v":"Επιλογές μηνύματος"},{"$i":"thread-options","$v":"Thread options"},{"$i":"forward","$v":"Προώθηση"},{"$i":"view-message-report","$v":"Προβολή αναφοράς του μηνύματος"},{"$i":"select-text","$v":"Select text"},{"$i":"mobile","$v":"Κινητό"},{"$i":"home","$v":"Σπίτι"},{"$i":"work","$v":"Εργασία"},{"$i":"personal","$v":"Προσωπικό"},{"$i":"faxHome","$v":"Fax σπίτι"},{"$i":"faxOffice","$v":"Fax γραφείου"},{"$i":"faxOther","$v":"Fax άλλο"},{"$i":"another","$v":"Άλλο"},{"$i":"other","$v":"Άλλο"},{"$i":"today","$v":"σήμερα"},{"$i":"yesterday","$v":"χθες"},{"$i":"incorrectDate","$v":"(λάθος ημερομηνία)"},{"$i":"addToExistingContact","$v":"Προσθήκη σε μια υπάρχουσα επαφή"},{"$i":"createNewContact","$v":"Δημιουργία νέας επαφής"},{"$i":"viewContact","$v":"Προβολή επαφής"},{"$i":"call","$v":"Κλήση"},{"$i":"sendEmail","$v":"Αποστολή email"},{"$i":"mms-message","$v":"μήνυμα MMS"},{"$i":"notDownloaded-title","$v":"Το μήνυμα δεν ελήφθη ακόμα."},{"$i":"tobedownloaded-attachment","$v":["You received a multimedia message. You can use the link below to download its content until ",{"t":"idOrVar","v":"date"},"."]},{"$i":"expired-attachment","$v":["Λυπούμαστε, το μήνυμα έληξε τη ",{"t":"idOrVar","v":"date"}," και δεν είναι δυνατή η λήψη του."]},{"$i":"download-attachment","$v":"Λήψη"},{"$i":"downloading-attachment","$v":"Λήψη…"},{"$i":"unnamed-attachment","$v":"χωρίς τίτλο"},{"$i":"mms-label","$v":"MMS"},{"$i":"attached-files-too-large","$v":{"zero":["The files you have selected exceed the ",{"t":"idOrVar","v":"mmsSize"}," KB size limit of a single multimedia message."],"one":["The file you have selected exceeds the ",{"t":"idOrVar","v":"mmsSize"}," KB size limit of a single multimedia message."],"two":["The files you have selected exceed the ",{"t":"idOrVar","v":"mmsSize"}," KB size limit of a single multimedia message."],"few":["The files you have selected exceed the ",{"t":"idOrVar","v":"mmsSize"}," KB size limit of a single multimedia message."],"many":["The files you have selected exceed the ",{"t":"idOrVar","v":"mmsSize"}," KB size limit of a single multimedia message."],"other":["The files you have selected exceed the ",{"t":"idOrVar","v":"mmsSize"}," KB size limit of a single multimedia message."]},"$x":[{"t":"idOrVar","v":"plural"},"n"]},{"$i":"resize-image","$v":"Αλλαγή μεγέθους της συνημμένης εικόνας"},{"$i":"no-attachment-text","$v":"Υπάρχει πρόβλημα με το συνημμένο αρχείο και δε μπορεί να ληφθεί."},{"$i":"message-draft-saved","$v":"Το μήνυμα αποθηκεύτηκε ως πρόχειρο"},{"$i":"sim-id-label","$v":["SIM ",{"t":"idOrVar","v":"id"}]},{"$i":"sim-detail","$v":["SIM ",{"t":"idOrVar","v":"id"},", ",{"t":"idOrVar","v":"detailString"}]},{"$i":"dsds-notification-title-with-sim","$v":["(",{"t":"idOrVar","v":"sim"},") ",{"t":"idOrVar","v":"sender"}]},{"$i":"send-button","ariaLabel":"Send"},{"$i":"send-button-sim-indication","$v":[{"t":"idOrVar","v":"n"}],"ariaLabel":["Χρησιμοποιείτε την SIM ",{"t":"idOrVar","v":"n"}]},{"$i":"expiry-date-format","$v":"%a, %e %b"},{"$i":"attach-button","ariaLabel":"Προσθήκη συνημμένου"},{"$i":"contact-photo","ariaLabel":"Φωτογραφία επαφής"},{"$i":"unread-thread","ariaLabel":"Μη διαβασμένο"},{"$i":"has-draft","ariaLabel":"Έχει πρόχειρο"},{"$i":"is-draft","ariaLabel":"Πρόχειρο"},{"$i":"message-delivery-status-sending","$v":"Αποστολή…"},{"$i":"message-delivery-status-delivered","ariaLabel":"Παραδόθηκε"},{"$i":"message-delivery-status-read","ariaLabel":"Διαβάστηκε"},{"$i":"message-delivery-status-error","ariaLabel":"Σφάλμα"},{"$i":"modal-dialog-ok-button","$v":"OK"},{"$i":"modal-dialog-cancel-button","$v":"Cancel"},{"$i":"modal-dialog-default-title","$v":"Messages"},{"$i":"weekday-0-long","$v":"Κυριακή"},{"$i":"weekday-1-long","$v":"Δευτέρα"},{"$i":"weekday-2-long","$v":"Τρίτη"},{"$i":"weekday-3-long","$v":"Τετάρτη"},{"$i":"weekday-4-long","$v":"Πέμπτη"},{"$i":"weekday-5-long","$v":"Παρασκευή"},{"$i":"weekday-6-long","$v":"Σάββατο"},{"$i":"weekday-0-short","$v":"Κυρ"},{"$i":"weekday-1-short","$v":"Δευ"},{"$i":"weekday-2-short","$v":"Τρι"},{"$i":"weekday-3-short","$v":"Τετ"},{"$i":"weekday-4-short","$v":"Πεμ"},{"$i":"weekday-5-short","$v":"Παρ"},{"$i":"weekday-6-short","$v":"Σαβ"},{"$i":"month-0-long","$v":"Ιανουάριος"},{"$i":"month-1-long","$v":"Φεβρουάριος"},{"$i":"month-2-long","$v":"Μάρτιος"},{"$i":"month-3-long","$v":"Απρίλιος"},{"$i":"month-4-long","$v":"Μάιος"},{"$i":"month-5-long","$v":"Ιούνιος"},{"$i":"month-6-long","$v":"Ιούλιος"},{"$i":"month-7-long","$v":"Αύγουστος"},{"$i":"month-8-long","$v":"Σεπτέμβριος"},{"$i":"month-9-long","$v":"Οκτώβριος"},{"$i":"month-10-long","$v":"Νοέμβριος"},{"$i":"month-11-long","$v":"Δεκέμβριος"},{"$i":"month-0-genitive","$v":"Ιανουαρίου"},{"$i":"month-1-genitive","$v":"Φεβρουαρίου"},{"$i":"month-2-genitive","$v":"Μαρτίου"},{"$i":"month-3-genitive","$v":"Απριλίου"},{"$i":"month-4-genitive","$v":"Μαΐου"},{"$i":"month-5-genitive","$v":"Ιουνίου"},{"$i":"month-6-genitive","$v":"Ιουλίου"},{"$i":"month-7-genitive","$v":"Αυγούστου"},{"$i":"month-8-genitive","$v":"Σεπτεμβρίου"},{"$i":"month-9-genitive","$v":"Οκτωβρίου"},{"$i":"month-10-genitive","$v":"Νοεμβρίου"},{"$i":"month-11-genitive","$v":"Δεκεμβρίου"},{"$i":"month-0-short","$v":"Ιαν"},{"$i":"month-1-short","$v":"Φεβ"},{"$i":"month-2-short","$v":"Μαρ"},{"$i":"month-3-short","$v":"Απρ"},{"$i":"month-4-short","$v":"Μάι"},{"$i":"month-5-short","$v":"Ιουν"},{"$i":"month-6-short","$v":"Ιουλ"},{"$i":"month-7-short","$v":"Αυγ"},{"$i":"month-8-short","$v":"Σεπ"},{"$i":"month-9-short","$v":"Οκτ"},{"$i":"month-10-short","$v":"Νοε"},{"$i":"month-11-short","$v":"Δεκ"},{"$i":"minutes-ago-long","$v":{"zero":"μόλις τώρα","one":"πριν από ένα λεπτό","two":["πριν από ",{"t":"idOrVar","v":"value"}," λεπτά"],"few":["πριν από ",{"t":"idOrVar","v":"value"}," λεπτά"],"many":["πριν από ",{"t":"idOrVar","v":"value"}," λεπτά"],"other":["πριν από ",{"t":"idOrVar","v":"value"}," λεπτά"]},"$x":[{"t":"idOrVar","v":"plural"},"value"]},{"$i":"hours-ago-long","$v":{"zero":"μόλις τώρα","one":"πριν από μία ώρα","two":["πριν από ",{"t":"idOrVar","v":"value"}," ώρες"],"few":["πριν από ",{"t":"idOrVar","v":"value"}," ώρες"],"many":["πριν από ",{"t":"idOrVar","v":"value"}," ώρες"],"other":["πριν από ",{"t":"idOrVar","v":"value"}," ώρες"]},"$x":[{"t":"idOrVar","v":"plural"},"value"]},{"$i":"days-ago-long","$v":{"zero":"σήμερα","one":"χθες","two":["πριν από ",{"t":"idOrVar","v":"value"}," ημέρες"],"few":["πριν από ",{"t":"idOrVar","v":"value"}," ημέρες"],"many":["πριν από ",{"t":"idOrVar","v":"value"}," ημέρες"],"other":["πριν από ",{"t":"idOrVar","v":"value"}," ημέρες"]},"$x":[{"t":"idOrVar","v":"plural"},"value"]},{"$i":"weeks-ago-long","$v":{"zero":"αυτή την εβδομάδα","one":"την τελευταία εβδομάδα","two":["πριν από ",{"t":"idOrVar","v":"value"}," εβδομάδες"],"few":["πριν από ",{"t":"idOrVar","v":"value"}," εβδομάδες"],"many":["πριν από ",{"t":"idOrVar","v":"value"}," εβδομάδες"],"other":["πριν από ",{"t":"idOrVar","v":"value"}," εβδομάδες"]},"$x":[{"t":"idOrVar","v":"plural"},"value"]},{"$i":"months-ago-long","$v":{"zero":"αυτό τον μήνα","one":"τον τελευταίο μήνα","two":["πριν από ",{"t":"idOrVar","v":"value"}," μήνες"],"few":["πριν από ",{"t":"idOrVar","v":"value"}," μήνες"],"many":["πριν από ",{"t":"idOrVar","v":"value"}," μήνες"],"other":["πριν από ",{"t":"idOrVar","v":"value"}," μήνες"]},"$x":[{"t":"idOrVar","v":"plural"},"value"]},{"$i":"years-ago-long","$v":{"zero":"αυτό το έτος","one":"το περασμένο έτος","two":["πριν από ",{"t":"idOrVar","v":"value"}," χρόνια"],"few":["πριν από ",{"t":"idOrVar","v":"value"}," χρόνια"],"many":["πριν από ",{"t":"idOrVar","v":"value"}," χρόνια"],"other":["πριν από ",{"t":"idOrVar","v":"value"}," χρόνια"]},"$x":[{"t":"idOrVar","v":"plural"},"value"]},{"$i":"minutes-until-long","$v":{"zero":"τώρα","one":"σε ένα λεπτό","two":["σε ",{"t":"idOrVar","v":"value"}," λεπτά"],"few":["σε ",{"t":"idOrVar","v":"value"}," λεπτά"],"many":["σε ",{"t":"idOrVar","v":"value"}," λεπτά"],"other":["σε ",{"t":"idOrVar","v":"value"}," λεπτά"]},"$x":[{"t":"idOrVar","v":"plural"},"value"]},{"$i":"hours-until-long","$v":{"zero":"τώρα","one":"σε μία ώρα","two":["σε ",{"t":"idOrVar","v":"value"}," ώρες"],"few":["σε ",{"t":"idOrVar","v":"value"}," ώρες"],"many":["σε ",{"t":"idOrVar","v":"value"}," ώρες"],"other":["σε ",{"t":"idOrVar","v":"value"}," ώρες"]},"$x":[{"t":"idOrVar","v":"plural"},"value"]},{"$i":"days-until-long","$v":{"zero":"σήμερα","one":"αύριο","two":["σε ",{"t":"idOrVar","v":"value"}," ημέρες"],"few":["σε ",{"t":"idOrVar","v":"value"}," ημέρες"],"many":["σε ",{"t":"idOrVar","v":"value"}," ημέρες"],"other":["σε ",{"t":"idOrVar","v":"value"}," ημέρες"]},"$x":[{"t":"idOrVar","v":"plural"},"value"]},{"$i":"weeks-until-long","$v":{"zero":"αυτή την εβδομάδα","one":"την επόμενη εβδομάδα","two":["σε ",{"t":"idOrVar","v":"value"}," εβδομάδες"],"few":["σε ",{"t":"idOrVar","v":"value"}," εβδομάδες"],"many":["σε ",{"t":"idOrVar","v":"value"}," εβδομάδες"],"other":["σε ",{"t":"idOrVar","v":"value"}," εβδομάδες"]},"$x":[{"t":"idOrVar","v":"plural"},"value"]},{"$i":"months-until-long","$v":{"zero":"αυτό τον μήνα","one":"στον επόμενο μήνα","two":["σε ",{"t":"idOrVar","v":"value"}," μήνες"],"few":["σε ",{"t":"idOrVar","v":"value"}," μήνες"],"many":["σε ",{"t":"idOrVar","v":"value"}," μήνες"],"other":["σε ",{"t":"idOrVar","v":"value"}," μήνες"]},"$x":[{"t":"idOrVar","v":"plural"},"value"]},{"$i":"years-until-long","$v":{"zero":"αυτό το έτος","one":"επόμενο έτος","two":["σε ",{"t":"idOrVar","v":"value"}," έτη"],"few":["σε ",{"t":"idOrVar","v":"value"}," έτη"],"many":["σε ",{"t":"idOrVar","v":"value"}," έτη"],"other":["σε ",{"t":"idOrVar","v":"value"}," έτη"]},"$x":[{"t":"idOrVar","v":"plural"},"value"]},{"$i":"minutes-ago-short","$v":{"zero":"τώρα","other":["πριν ",{"t":"idOrVar","v":"value"},"′"]},"$x":[{"t":"idOrVar","v":"plural"},"value"]},{"$i":"hours-ago-short","$v":{"zero":"τώρα","other":["πριν ",{"t":"idOrVar","v":"value"}," ώρ."]},"$x":[{"t":"idOrVar","v":"plural"},"value"]},{"$i":"days-ago-short","$v":{"zero":"σήμερα","other":["πριν ",{"t":"idOrVar","v":"value"}," ημ."]},"$x":[{"t":"idOrVar","v":"plural"},"value"]},{"$i":"minutes-until-short","$v":{"zero":"τώρα","other":["σε ",{"t":"idOrVar","v":"value"},"′"]},"$x":[{"t":"idOrVar","v":"plural"},"value"]},{"$i":"hours-until-short","$v":{"zero":"τώρα","other":["σε ",{"t":"idOrVar","v":"value"}," ώρ."]},"$x":[{"t":"idOrVar","v":"plural"},"value"]},{"$i":"days-until-short","$v":{"zero":"σήμερα","other":["σε ",{"t":"idOrVar","v":"value"}," ημ."]},"$x":[{"t":"idOrVar","v":"plural"},"value"]},{"$i":"dateTimeFormat_%c","$v":"%a, %e %Eb %Y, %H:%M:%S"},{"$i":"dateTimeFormat_%x","$v":"%d/%m/%Y"},{"$i":"dateTimeFormat_%X","$v":"%H:%M:%S"},{"$i":"shortTimeFormat","$v":"%H:%M"},{"$i":"shortTimeFormat12","$v":"%I:%M %p"},{"$i":"shortTimeFormat24","$v":"%H:%M"},{"$i":"shortDateTimeFormat","$v":"%x %H:%M"},{"$i":"weekStartsOnMonday","$v":"0"},{"$i":"firstDayOfTheWeek","$v":"0"},{"$i":"time_am","$v":"πμ"},{"$i":"time_pm","$v":"μμ"},{"$i":"gaia-menu-cancel","$v":"Ακύρωση"},{"$i":"gaia-sim-picker-dial-via-with-number","$v":["Dial ",{"t":"idOrVar","v":"phoneNumber"}," via"]},{"$i":"gaia-sim-picker-select-sim","$v":"Select SIM"},{"$i":"gaia-sim-picker-button","$v":["SIM",{"t":"idOrVar","v":"n"}]},{"$i":"gaia-sim-picker-button-default","$v":"(default)"}]