[{"$i":"messages","$v":"Mensajes"},{"$i":"deleteMessages-title","$v":"Borrar mensajes"},{"$i":"selectThreads-title","$v":"Seleccionar"},{"$i":"edit","$v":"Editar"},{"$i":"back","$v":"Atrás"},{"$i":"cancel","$v":"Cancelar"},{"$i":"undo","$v":"Deshacer"},{"$i":"done","$v":"Hecho"},{"$i":"delete","$v":"Borrar"},{"$i":"delete-thread","$v":"Delete thread"},{"$i":"mark-as-read","$v":"Mark as read"},{"$i":"mark-as-unread","$v":"Mark as unread"},{"$i":"deleting-messages","$v":"Borrando…"},{"$i":"select-all","$v":"Marcar todo"},{"$i":"deselect-all","$v":"Desmarcar todo"},{"$i":"selected-threads","$v":{"zero":"ninguno seleccionado","one":[{"t":"idOrVar","v":"n"}," seleccionado"],"two":[{"t":"idOrVar","v":"n"}," seleccionados"],"few":[{"t":"idOrVar","v":"n"}," seleccionados"],"many":[{"t":"idOrVar","v":"n"}," seleccionados"],"other":[{"t":"idOrVar","v":"n"}," seleccionados"]},"$x":[{"t":"idOrVar","v":"plural"},"n"]},{"$i":"selected-messages","$v":{"zero":"ninguno seleccionado","one":[{"t":"idOrVar","v":"n"}," seleccionado"],"two":[{"t":"idOrVar","v":"n"}," seleccionados"],"few":[{"t":"idOrVar","v":"n"}," seleccionados"],"many":[{"t":"idOrVar","v":"n"}," seleccionados"],"other":[{"t":"idOrVar","v":"n"}," seleccionados"]},"$x":[{"t":"idOrVar","v":"plural"},"n"]},{"$i":"selectThreads-label","$v":"Seleccionar hilos"},{"$i":"selectMessages-label","$v":"Seleccionar mensajes"},{"$i":"settings","$v":"Ajustes"},{"$i":"add-subject","$v":"Agregar asunto"},{"$i":"remove-subject","$v":"Eliminar asunto"},{"$i":"to","$v":"Para:"},{"$i":"new","$v":"Nuevo"},{"$i":"message","$v":"Mensaje"},{"$i":"messagesInput_placeholder","$v":"Mensaje"},{"$i":"messagesSubjectInput_placeholder","$v":"Asunto"},{"$i":"converted-to-mms","$v":"Convirtiendo a mensaje multimedia."},{"$i":"converted-to-sms","$v":"Convirtiendo a mensaje de texto."},{"$i":"messages-max-length-text","$v":"Ha alcanzado la longitud máxima."},{"$i":"messages-max-subject-length-text","$v":"Se ha alcanzado la longitud máxima para el asunto."},{"$i":"multimedia-message-exceeded-max-length","$v":["Ha excedido el límite de ",{"t":"idOrVar","v":"mmsSize"}," Kb de un mensaje multimedia. Elimine adjuntos o acorte el mensaje para enviarlo."]},{"$i":"newMessage","$v":"Nuevo mensaje"},{"$i":"sendMessage","$v":"Enviar mensaje"},{"$i":"sendMMSToEmail","$v":"Enviar mensaje multimedia"},{"$i":"no-recipient","$v":"(Sin destinatario)"},{"$i":"recipient","$v":{"one":[{"t":"idOrVar","v":"n"}," destinatario"],"two":[{"t":"idOrVar","v":"n"}," destinatarios"],"few":[{"t":"idOrVar","v":"n"}," destinatarios"],"many":[{"t":"idOrVar","v":"n"}," destinatarios"],"other":[{"t":"idOrVar","v":"n"}," destinatarios"]},"$x":[{"t":"idOrVar","v":"plural"},"n"]},{"$i":"attachmentSizeB","$v":[{"t":"idOrVar","v":"n"}," B"]},{"$i":"attachmentSizeKB","$v":[{"t":"idOrVar","v":"n"}," Kb"]},{"$i":"attachmentSizeMB","$v":[{"t":"idOrVar","v":"n"}," Mb"]},{"$i":"attachmentOpenError","$v":"No hay ninguna aplicación disponible para abrir este tipo de archivo."},{"$i":"remove","$v":"Eliminar"},{"$i":"participant","$v":{"one":[{"t":"idOrVar","v":"n"}," participante"],"two":[{"t":"idOrVar","v":"n"}," participantes"],"few":[{"t":"idOrVar","v":"n"}," participantes"],"many":[{"t":"idOrVar","v":"n"}," participantes"],"other":[{"t":"idOrVar","v":"n"}," participantes"]},"$x":[{"t":"idOrVar","v":"plural"},"n"]},{"$i":"message-report","$v":"Informe de mensaje"},{"$i":"message-type-sms","$v":"Mensaje de texto (SMS)"},{"$i":"message-type-mms","$v":"Mensaje multimedia (MMS)"},{"$i":"sms-report-description","$v":["El mensaje de texto (SMS) fue enviado el ",{"t":"idOrVar","v":"datetime"}]},{"$i":"mms-report-description","$v":["Su mensaje multimedia (MMS), asunto ",{"t":"idOrVar","v":"subject"},", fue enviado el ",{"t":"idOrVar","v":"datetime"}]},{"$i":"mms-no-subject-report-description","$v":["Su mensaje multimedia (MMS) fue enviado el ",{"t":"idOrVar","v":"datetime"}]},{"$i":"message-subject","$v":"Asunto:"},{"$i":"report-status-error","$v":"No se envió el mensaje"},{"$i":"report-status-not-downloaded","$v":"no descargado"},{"$i":"report-status-delivered","$v":"Entregado:"},{"$i":"report-status-read","$v":"Leído:"},{"$i":"report-status-pending","$v":"Informe solicitado"},{"$i":"report-status-rejected","$v":"Mensaje rechazado"},{"$i":"message-size-was","$v":"Tamaño del mensaje:"},{"$i":"report-dateTimeFormat12","$v":["%e %B %Y, ",{"t":"idOrVar","v":"shortTimeFormat12"}]},{"$i":"report-dateTimeFormat24","$v":["%e %B %Y, ",{"t":"idOrVar","v":"shortTimeFormat24"}]},{"$i":"report-to-title","$v":"Para"},{"$i":"report-from-title","$v":"De"},{"$i":"message-sent","$v":"Enviado:"},{"$i":"message-sending","$v":[{"t":"idOrVar","v":"message-delivery-status-sending"}]},{"$i":"message-received","$v":"Recibido:"},{"$i":"message-via","$v":"Vía:"},{"$i":"message-resend","$v":"Reenviar"},{"$i":"search","$v":"Buscar"},{"$i":"unknown-contact-title","$v":"Contacto desconocido"},{"$i":"phone-type-separator","$v":", "},{"$i":"phone-carrier-separator","$v":""},{"$i":"thread-participant-separator","$v":", "},{"$i":"replace-draft","$v":"Sustituir borrador existente"},{"$i":"save-as-draft","$v":"Guardar como borrador"},{"$i":"discard-message","$v":"Descartar"},{"$i":"discard-sms","$v":"¿Seguro que desea descartar este mensaje?"},{"$i":"discard-new-message","$v":"¿Descartar el mensaje que está redactando y abrir el nuevo mensaje?"},{"$i":"resend-confirmation","$v":"No se pudo enviar el mensaje. ¿Desea intentarlo de nuevo?"},{"$i":"resend-message","$v":"Reenviar el mensaje"},{"$i":"deleteMessage-confirmation","$v":"¿Borrar mensaje seleccionado?"},{"$i":"deleteMessages-confirmation-message","$v":{"zero":"Please select messages to be deleted.","one":"Delete selected message?","two":["Delete ",{"t":"idOrVar","v":"n"}," selected messages?"],"few":["Delete ",{"t":"idOrVar","v":"n"}," selected messages?"],"many":["Delete ",{"t":"idOrVar","v":"n"}," selected messages?"],"other":["Delete ",{"t":"idOrVar","v":"n"}," selected messages?"]},"$x":[{"t":"idOrVar","v":"plural"},"n"]},{"$i":"deleteThreads-confirmation-message","$v":{"zero":"Please select message threads to be deleted.","one":"Delete selected message thread?","two":["Delete ",{"t":"idOrVar","v":"n"}," selected message threads?"],"few":["Delete ",{"t":"idOrVar","v":"n"}," selected message threads?"],"many":["Delete ",{"t":"idOrVar","v":"n"}," selected message threads?"],"other":["Delete ",{"t":"idOrVar","v":"n"}," selected message threads?"]},"$x":[{"t":"idOrVar","v":"plural"},"n"]},{"$i":"new-message-notice-text","$v":"Nuevo mensaje de"},{"$i":"new-message-notice-a-text","$v":"Leerlo"},{"$i":"noMessages-title","$v":"Ningún mensaje"},{"$i":"noMessages-text","$v":"Comience a comunicarse ahora"},{"$i":"sendDefaultErrorTitle","$v":"Mensaje no enviado"},{"$i":"sendDefaultErrorBody","$v":"Hubo un problema al enviar el mensaje. Inténtelo de nuevo."},{"$i":"sendDefaultErrorBtnOk","$v":"Aceptar"},{"$i":"sendMissingSimCardTitle","$v":"Falta tarjeta SIM"},{"$i":"sendMissingSimCardBody","$v":"Inserte una tarjeta SIM válida para continuar."},{"$i":"sendMissingSimCardBtnOk","$v":"Aceptar"},{"$i":"sendFlightModeTitle","$v":"Modo avión activado"},{"$i":"sendFlightModeBody","$v":"Desactive el modo avión para enviar mensajes."},{"$i":"sendFlightModeBtnOk","$v":"Aceptar"},{"$i":"radioDisabledToDownloadTitle","$v":[{"t":"idOrVar","v":"sendFlightModeTitle"}]},{"$i":"radioDisabledToDownloadBody","$v":"Desactive el modo avión para descargar adjuntos."},{"$i":"radioDisabledToDownloadBtnOk","$v":[{"t":"idOrVar","v":"sendFlightModeBtnOk"}]},{"$i":"fdnBlocked2Title","$v":"NMF activo"},{"$i":"sms-counter-notice-label","$v":["Editando SMS ",{"t":"idOrVar","v":"number"}]},{"$i":"fdnBlocked2Body","innerHTML":{"$x":[{"t":"idOrVar","v":"plural"},"n"],"$v":{"one":["NMF (números de marcación fija) está activado. Asegúrese de que el centro de SMS y el siguiente destinatario están en su lista de NMF:<br />",{"t":"idOrVar","v":"numbers"}],"two":["NMF (números de marcación fija) está activado. Asegúrese de que el centro de SMS y los siguientes destinatarios están en su lista de NMF:<br />",{"t":"idOrVar","v":"numbers"}],"few":["NMF (números de marcación fija) está activado. Asegúrese de que el centro de SMS y los siguientes destinatarios están en su lista de NMF:<br />",{"t":"idOrVar","v":"numbers"}],"many":["NMF (números de marcación fija) está activado. Asegúrese de que el centro de SMS y los siguientes destinatarios están en su lista de NMF:<br />",{"t":"idOrVar","v":"numbers"}],"other":["NMF (números de marcación fija) está activado. Asegúrese de que el centro de SMS y los siguientes destinatarios están en su lista de NMF:<br />",{"t":"idOrVar","v":"numbers"}]}}},{"$i":"fdnBlocked2BtnOk","$v":"Aceptar"},{"$i":"switchSimToRetrieveTitle","$v":"Cambiar conexión de datos"},{"$i":"switchSimToRetrieveBody","$v":["Cambie la conexión de datos a SIM ",{"t":"idOrVar","v":"nonActiveSimId"}," para recuperar los MMS. Se suspenderá la transferencia actual de datos en SIM ",{"t":"idOrVar","v":"activeSimId"},". ¿Desea continuar?"]},{"$i":"switchSimToRetrieveBtnOk","$v":"Después"},{"$i":"switchSimToRetrieveConfirm","$v":"Aceptar"},{"$i":"switchSimToSendTitle","$v":[{"t":"idOrVar","v":"switchSimToRetrieveTitle"}]},{"$i":"switchSimToSendBody","$v":["Cambie la conexión de datos a SIM ",{"t":"idOrVar","v":"nonActiveSimId"}," para enviar los MMS. Se suspenderá la transferencia actual de datos en SIM ",{"t":"idOrVar","v":"activeSimId"},". ¿Desea continuar?"]},{"$i":"switchSimToSendBtnOk","$v":[{"t":"idOrVar","v":"switchSimToRetrieveBtnOk"}]},{"$i":"switchSimToSendConfirm","$v":[{"t":"idOrVar","v":"switchSimToRetrieveConfirm"}]},{"$i":"sendNoSignalErrorTitle","$v":"No hay cobertura"},{"$i":"sendNoSignalErrorBody","$v":"Compruebe que dispone de señal móvil y pruebe de nuevo."},{"$i":"sendNoSignalErrorBtnOk","$v":"Aceptar"},{"$i":"sendNotFoundErrorTitle","$v":"Mensaje no encontrado"},{"$i":"sendNotFoundErrorBody","$v":"El mensaje que busca ya no está disponible."},{"$i":"sendNotFoundErrorBtnOk","$v":"Aceptar"},{"$i":"sendInvalidAddressErrorTitle","$v":"Número no válido"},{"$i":"sendInvalidAddressErrorBody","$v":"Compruebe que es válido el número al que está enviando el mensaje."},{"$i":"sendInvalidAddressErrorBtnOk","$v":"Aceptar"},{"$i":"simNotMatchedErrorTitle","$v":"Imposible descargar"},{"$i":"simNotMatchedErrorBody","$v":"Asegúrese de que la tarjeta SIM insertada es la que se utiliza para recibir este mensaje."},{"$i":"simNotMatchedErrorBtnOk","$v":"Aceptar"},{"$i":"deleted-sms","$v":"Este mensaje se ha borrado ya."},{"$i":"view-attachment-image","$v":"Ver"},{"$i":"view-attachment-audio","$v":"Escuchar"},{"$i":"view-attachment-video","$v":"Ver"},{"$i":"view-attachment-other","$v":"Ver"},{"$i":"remove-attachment-image","$v":"Eliminar imagen"},{"$i":"remove-attachment-audio","$v":"Eliminar audio"},{"$i":"remove-attachment-video","$v":"Eliminar vídeo"},{"$i":"remove-attachment-other","$v":"Eliminar adjunto"},{"$i":"replace-attachment-image","$v":"Sustituir imagen"},{"$i":"replace-attachment-audio","$v":"Sustituir audio"},{"$i":"replace-attachment-video","$v":"Sustituir vídeo"},{"$i":"replace-attachment-other","$v":"Sustituir adjunto"},{"$i":"unsent-message-title","$v":"Mensaje sin enviar"},{"$i":"unsent-message-text","$v":"Your previous message was not sent. Do you want to discard the unsent message and continue?"},{"$i":"unsent-message-option-edit","$v":"Editar"},{"$i":"unsent-message-option-discard","$v":"Descartar"},{"$i":"message-options","$v":"Opciones de mensajes"},{"$i":"thread-options","$v":"Thread options"},{"$i":"forward","$v":"Reenviar"},{"$i":"view-message-report","$v":"Ver informe de mensaje"},{"$i":"select-text","$v":"Seleccionar texto"},{"$i":"mobile","$v":"Móvil"},{"$i":"home","$v":"Hogar"},{"$i":"work","$v":"Trabajo"},{"$i":"personal","$v":"Personal"},{"$i":"faxHome","$v":"Fax hogar"},{"$i":"faxOffice","$v":"Fax oficina"},{"$i":"faxOther","$v":"Otro fax"},{"$i":"another","$v":"Otro"},{"$i":"other","$v":"Otros"},{"$i":"today","$v":"hoy"},{"$i":"yesterday","$v":"ayer"},{"$i":"incorrectDate","$v":"(fecha incorrecta)"},{"$i":"addToExistingContact","$v":"Agregar a contacto existente"},{"$i":"createNewContact","$v":"Crear nuevo contacto"},{"$i":"viewContact","$v":"Ver contacto"},{"$i":"call","$v":"Llamar"},{"$i":"sendEmail","$v":"Enviar correo"},{"$i":"mms-message","$v":"Mensaje MMS"},{"$i":"notDownloaded-title","$v":"El mensaje no se ha descargado aún."},{"$i":"tobedownloaded-attachment","$v":["Recibió un mensaje multimedia. Puede usar el enlace inferior para descargar el contenido hasta ",{"t":"idOrVar","v":"date"},"."]},{"$i":"expired-attachment","$v":["Lo sentimos, el mensaje caducó el ",{"t":"idOrVar","v":"date"}," y no puede descargarse."]},{"$i":"download-attachment","$v":"Descargar"},{"$i":"downloading-attachment","$v":"Descargando…"},{"$i":"unnamed-attachment","$v":"sin título"},{"$i":"mms-label","$v":"MMS"},{"$i":"attached-files-too-large","$v":{"zero":["Los archivos que ha seleccionado exceden el límite de ",{"t":"idOrVar","v":"mmsSize"}," Kb de un mensaje multimedia."],"one":["El archivo que ha seleccionado excede el límite de ",{"t":"idOrVar","v":"mmsSize"}," Kb de un mensaje multimedia."],"two":["Los archivos que ha seleccionado exceden el límite de ",{"t":"idOrVar","v":"mmsSize"}," Kb de un mensaje multimedia."],"few":["Los archivos que ha seleccionado exceden el límite de ",{"t":"idOrVar","v":"mmsSize"}," Kb de un mensaje multimedia."],"many":["Los archivos que ha seleccionado exceden el límite de ",{"t":"idOrVar","v":"mmsSize"}," Kb de un mensaje multimedia."],"other":["Los archivos que ha seleccionado exceden el límite de ",{"t":"idOrVar","v":"mmsSize"}," Kb de un mensaje multimedia."]},"$x":[{"t":"idOrVar","v":"plural"},"n"]},{"$i":"resize-image","$v":"Cambiando el tamaño de la imagen adjunta"},{"$i":"no-attachment-text","$v":"Hay un problema con el fichero adjunto y no puede descargarse."},{"$i":"message-draft-saved","$v":"Mensaje guardado como borrador"},{"$i":"sim-id-label","$v":["SIM ",{"t":"idOrVar","v":"id"}]},{"$i":"sim-detail","$v":["SIM ",{"t":"idOrVar","v":"id"},", ",{"t":"idOrVar","v":"detailString"}]},{"$i":"dsds-notification-title-with-sim","$v":["(",{"t":"idOrVar","v":"sim"},") ",{"t":"idOrVar","v":"sender"}]},{"$i":"send-button","ariaLabel":"Enviar"},{"$i":"send-button-sim-indication","$v":[{"t":"idOrVar","v":"n"}],"ariaLabel":["usando SIM ",{"t":"idOrVar","v":"n"}]},{"$i":"expiry-date-format","$v":"%A, %b %e"},{"$i":"attach-button","ariaLabel":"Añadir adjunto"},{"$i":"contact-photo","ariaLabel":"Foto de contacto"},{"$i":"unread-thread","ariaLabel":"Sin leer"},{"$i":"has-draft","ariaLabel":"Tiene borrador"},{"$i":"is-draft","ariaLabel":"Borrador"},{"$i":"message-delivery-status-sending","$v":"Enviando…"},{"$i":"message-delivery-status-delivered","ariaLabel":"Entregado"},{"$i":"message-delivery-status-read","ariaLabel":"Leído"},{"$i":"message-delivery-status-error","ariaLabel":"Error"},{"$i":"modal-dialog-ok-button","$v":"Aceptar"},{"$i":"modal-dialog-cancel-button","$v":"Cancelar"},{"$i":"modal-dialog-default-title","$v":"Mensajes"},{"$i":"weekday-0-long","$v":"Domingo"},{"$i":"weekday-1-long","$v":"Lunes"},{"$i":"weekday-2-long","$v":"Martes"},{"$i":"weekday-3-long","$v":"Miércoles"},{"$i":"weekday-4-long","$v":"Jueves"},{"$i":"weekday-5-long","$v":"Viernes"},{"$i":"weekday-6-long","$v":"Sábado"},{"$i":"weekday-0-short","$v":"Dom"},{"$i":"weekday-1-short","$v":"Lun"},{"$i":"weekday-2-short","$v":"Mar"},{"$i":"weekday-3-short","$v":"Mié"},{"$i":"weekday-4-short","$v":"Jue"},{"$i":"weekday-5-short","$v":"Vie"},{"$i":"weekday-6-short","$v":"Sáb"},{"$i":"month-0-long","$v":"enero"},{"$i":"month-1-long","$v":"febrero"},{"$i":"month-2-long","$v":"marzo"},{"$i":"month-3-long","$v":"abril"},{"$i":"month-4-long","$v":"mayo"},{"$i":"month-5-long","$v":"junio"},{"$i":"month-6-long","$v":"julio"},{"$i":"month-7-long","$v":"agosto"},{"$i":"month-8-long","$v":"septiembre"},{"$i":"month-9-long","$v":"octubre"},{"$i":"month-10-long","$v":"noviembre"},{"$i":"month-11-long","$v":"diciembre"},{"$i":"month-0-genitive","$v":"enero"},{"$i":"month-1-genitive","$v":"febrero"},{"$i":"month-2-genitive","$v":"marzo"},{"$i":"month-3-genitive","$v":"abril"},{"$i":"month-4-genitive","$v":"mayo"},{"$i":"month-5-genitive","$v":"junio"},{"$i":"month-6-genitive","$v":"julio"},{"$i":"month-7-genitive","$v":"agosto"},{"$i":"month-8-genitive","$v":"septiembre"},{"$i":"month-9-genitive","$v":"octubre"},{"$i":"month-10-genitive","$v":"noviembre"},{"$i":"month-11-genitive","$v":"diciembre"},{"$i":"month-0-short","$v":"ene"},{"$i":"month-1-short","$v":"feb"},{"$i":"month-2-short","$v":"mar"},{"$i":"month-3-short","$v":"abr"},{"$i":"month-4-short","$v":"may"},{"$i":"month-5-short","$v":"jun"},{"$i":"month-6-short","$v":"jul"},{"$i":"month-7-short","$v":"ago"},{"$i":"month-8-short","$v":"sep"},{"$i":"month-9-short","$v":"oct"},{"$i":"month-10-short","$v":"nov"},{"$i":"month-11-short","$v":"dic"},{"$i":"minutes-ago-long","$v":{"zero":"ahora","one":"hace un minuto","two":["hace ",{"t":"idOrVar","v":"value"}," minutos"],"few":["hace ",{"t":"idOrVar","v":"value"}," minutos"],"many":["hace ",{"t":"idOrVar","v":"value"}," minutos"],"other":["hace ",{"t":"idOrVar","v":"value"}," minutos"]},"$x":[{"t":"idOrVar","v":"plural"},"value"]},{"$i":"hours-ago-long","$v":{"zero":"ahora","one":"hace una hora","two":["hace ",{"t":"idOrVar","v":"value"}," horas"],"few":["hace ",{"t":"idOrVar","v":"value"}," horas"],"many":["hace ",{"t":"idOrVar","v":"value"}," horas"],"other":["hace ",{"t":"idOrVar","v":"value"}," horas"]},"$x":[{"t":"idOrVar","v":"plural"},"value"]},{"$i":"days-ago-long","$v":{"zero":"hoy","one":"ayer","two":["hace ",{"t":"idOrVar","v":"value"}," días"],"few":["hace ",{"t":"idOrVar","v":"value"}," días"],"many":["hace ",{"t":"idOrVar","v":"value"}," días"],"other":["hace ",{"t":"idOrVar","v":"value"}," días"]},"$x":[{"t":"idOrVar","v":"plural"},"value"]},{"$i":"weeks-ago-long","$v":{"zero":"esta semana","one":"la semana pasada","two":["hace ",{"t":"idOrVar","v":"value"}," semanas"],"few":["hace ",{"t":"idOrVar","v":"value"}," semanas"],"many":["hace ",{"t":"idOrVar","v":"value"}," semanas"],"other":["hace ",{"t":"idOrVar","v":"value"}," semanas"]},"$x":[{"t":"idOrVar","v":"plural"},"value"]},{"$i":"months-ago-long","$v":{"zero":"este mes","one":"el último mes","two":["hace ",{"t":"idOrVar","v":"value"}," meses"],"few":["hace ",{"t":"idOrVar","v":"value"}," meses"],"many":["hace ",{"t":"idOrVar","v":"value"}," meses"],"other":["hace ",{"t":"idOrVar","v":"value"}," meses"]},"$x":[{"t":"idOrVar","v":"plural"},"value"]},{"$i":"years-ago-long","$v":{"zero":"este año","one":"último año","two":["hace ",{"t":"idOrVar","v":"value"}," años"],"few":["hace ",{"t":"idOrVar","v":"value"}," años"],"many":["hace ",{"t":"idOrVar","v":"value"}," años"],"other":["hace ",{"t":"idOrVar","v":"value"}," años"]},"$x":[{"t":"idOrVar","v":"plural"},"value"]},{"$i":"minutes-until-long","$v":{"zero":"ahora","one":"en un minuto","two":["en ",{"t":"idOrVar","v":"value"}," minutos"],"few":["en ",{"t":"idOrVar","v":"value"}," minutos"],"many":["en ",{"t":"idOrVar","v":"value"}," minutos"],"other":["en ",{"t":"idOrVar","v":"value"}," minutos"]},"$x":[{"t":"idOrVar","v":"plural"},"value"]},{"$i":"hours-until-long","$v":{"zero":"ahora","one":"en una hora","two":["en ",{"t":"idOrVar","v":"value"}," horas"],"few":["en ",{"t":"idOrVar","v":"value"}," horas"],"many":["en ",{"t":"idOrVar","v":"value"}," horas"],"other":["en ",{"t":"idOrVar","v":"value"}," horas"]},"$x":[{"t":"idOrVar","v":"plural"},"value"]},{"$i":"days-until-long","$v":{"zero":"hoy","one":"mañana","two":["en ",{"t":"idOrVar","v":"value"}," días"],"few":["en ",{"t":"idOrVar","v":"value"}," días"],"many":["en ",{"t":"idOrVar","v":"value"}," días"],"other":["en ",{"t":"idOrVar","v":"value"}," días"]},"$x":[{"t":"idOrVar","v":"plural"},"value"]},{"$i":"weeks-until-long","$v":{"zero":"esta semana","one":"la próxima semana","two":["en ",{"t":"idOrVar","v":"value"}," semanas"],"few":["en ",{"t":"idOrVar","v":"value"}," semanas"],"many":["en ",{"t":"idOrVar","v":"value"}," semanas"],"other":["en ",{"t":"idOrVar","v":"value"}," semanas"]},"$x":[{"t":"idOrVar","v":"plural"},"value"]},{"$i":"months-until-long","$v":{"zero":"este mes","one":"próximo mes","two":["en ",{"t":"idOrVar","v":"value"}," meses"],"few":["en ",{"t":"idOrVar","v":"value"}," meses"],"many":["en ",{"t":"idOrVar","v":"value"}," meses"],"other":["en ",{"t":"idOrVar","v":"value"}," meses"]},"$x":[{"t":"idOrVar","v":"plural"},"value"]},{"$i":"years-until-long","$v":{"zero":"este año","one":"próximo año","two":["en ",{"t":"idOrVar","v":"value"}," años"],"few":["en ",{"t":"idOrVar","v":"value"}," años"],"many":["en ",{"t":"idOrVar","v":"value"}," años"],"other":["en ",{"t":"idOrVar","v":"value"}," años"]},"$x":[{"t":"idOrVar","v":"plural"},"value"]},{"$i":"minutes-ago-short","$v":{"zero":"ahora","other":["hace ",{"t":"idOrVar","v":"value"}," m"]},"$x":[{"t":"idOrVar","v":"plural"},"value"]},{"$i":"hours-ago-short","$v":{"zero":"ahora","other":["hace ",{"t":"idOrVar","v":"value"}," h"]},"$x":[{"t":"idOrVar","v":"plural"},"value"]},{"$i":"days-ago-short","$v":{"zero":"hoy","other":["hace ",{"t":"idOrVar","v":"value"}," d"]},"$x":[{"t":"idOrVar","v":"plural"},"value"]},{"$i":"minutes-until-short","$v":{"zero":"ahora","other":["en ",{"t":"idOrVar","v":"value"}," m"]},"$x":[{"t":"idOrVar","v":"plural"},"value"]},{"$i":"hours-until-short","$v":{"zero":"ahora","other":["en ",{"t":"idOrVar","v":"value"}," h"]},"$x":[{"t":"idOrVar","v":"plural"},"value"]},{"$i":"days-until-short","$v":{"zero":"hoy","other":["en ",{"t":"idOrVar","v":"value"}," d"]},"$x":[{"t":"idOrVar","v":"plural"},"value"]},{"$i":"dateTimeFormat_%c","$v":"%a, %e de %b, %Y %H:%M:%S"},{"$i":"dateTimeFormat_%x","$v":"%d/%m/%Y"},{"$i":"dateTimeFormat_%X","$v":"%H:%M:%S"},{"$i":"shortTimeFormat","$v":"%H:%M"},{"$i":"shortTimeFormat12","$v":"%H:%M"},{"$i":"shortTimeFormat24","$v":"%H:%M"},{"$i":"shortDateTimeFormat","$v":"%x %H:%M"},{"$i":"weekStartsOnMonday","$v":"1"},{"$i":"firstDayOfTheWeek","$v":"1"},{"$i":"time_am","$v":"AM"},{"$i":"time_pm","$v":"PM"},{"$i":"gaia-menu-cancel","$v":"Cancelar"},{"$i":"gaia-sim-picker-dial-via-with-number","$v":["Marcar ",{"t":"idOrVar","v":"phoneNumber"}," vía"]},{"$i":"gaia-sim-picker-select-sim","$v":"Seleccionar SIM"},{"$i":"gaia-sim-picker-button","$v":["SIM",{"t":"idOrVar","v":"n"}]},{"$i":"gaia-sim-picker-button-default","$v":"(predet.)"}]