[{"$i":"messages","$v":"Mezuak"},{"$i":"deleteMessages-title","$v":"Ezabatu mezuak"},{"$i":"selectThreads-title","$v":"Hautatu"},{"$i":"edit","$v":"Editatu"},{"$i":"back","$v":"Atzera"},{"$i":"cancel","$v":"Utzi"},{"$i":"undo","$v":"Desegin"},{"$i":"done","$v":"Eginda"},{"$i":"delete","$v":"Ezabatu"},{"$i":"delete-thread","$v":"Delete thread"},{"$i":"mark-as-read","$v":"Mark as read"},{"$i":"mark-as-unread","$v":"Mark as unread"},{"$i":"deleting-messages","$v":"Ezabatzen…"},{"$i":"select-all","$v":"Hautatu denak"},{"$i":"deselect-all","$v":"Desautatu denak"},{"$i":"selected-threads","$v":{"zero":"ez da ezer hautatu","one":[{"t":"idOrVar","v":"n"}," hautatuta"],"two":[{"t":"idOrVar","v":"n"}," hautatuta"],"few":[{"t":"idOrVar","v":"n"}," hautatuta"],"many":[{"t":"idOrVar","v":"n"}," hautatuta"],"other":[{"t":"idOrVar","v":"n"}," hautatuta"]},"$x":[{"t":"idOrVar","v":"plural"},"n"]},{"$i":"selected-messages","$v":{"zero":"ez da ezer hautatu","one":[{"t":"idOrVar","v":"n"}," hautatuta"],"two":[{"t":"idOrVar","v":"n"}," hautatuta"],"few":[{"t":"idOrVar","v":"n"}," hautatuta"],"many":[{"t":"idOrVar","v":"n"}," hautatuta"],"other":[{"t":"idOrVar","v":"n"}," hautatuta"]},"$x":[{"t":"idOrVar","v":"plural"},"n"]},{"$i":"selectThreads-label","$v":"Hautatu hariak"},{"$i":"selectMessages-label","$v":"Hautatu mezuak"},{"$i":"settings","$v":"Ezarpenak"},{"$i":"add-subject","$v":"Gehitu gaia"},{"$i":"remove-subject","$v":"Kendu gaia"},{"$i":"to","$v":"Nori:"},{"$i":"new","$v":"Berria"},{"$i":"message","$v":"Mezua"},{"$i":"messagesInput_placeholder","$v":"Mezua"},{"$i":"messagesSubjectInput_placeholder","$v":"Gaia"},{"$i":"converted-to-mms","$v":"Multimedia-mezura bihurtzen."},{"$i":"converted-to-sms","$v":"Testu-mezura bihurtzen."},{"$i":"messages-max-length-text","$v":"Luzera maximora heldu zara."},{"$i":"messages-max-subject-length-text","$v":"Gaiaren luzera maximora helduta."},{"$i":"multimedia-message-exceeded-max-length","$v":["Multimedia-mezu bakar baten tamaina-muga (",{"t":"idOrVar","v":"mmsSize"}," KB) gainditu duzu. Kendu eranskinak edo laburtu mezua hura bidali ahal izateko."]},{"$i":"newMessage","$v":"Mezu berria"},{"$i":"sendMessage","$v":"Bidali mezua"},{"$i":"sendMMSToEmail","$v":"Bidali multimedia-mezua"},{"$i":"no-recipient","$v":"(Hartzailerik ez)"},{"$i":"recipient","$v":{"one":"Hartzaile bat","two":[{"t":"idOrVar","v":"n"}," hartzaile"],"few":[{"t":"idOrVar","v":"n"}," hartzaile"],"many":[{"t":"idOrVar","v":"n"}," hartzaile"],"other":[{"t":"idOrVar","v":"n"}," hartzaile"]},"$x":[{"t":"idOrVar","v":"plural"},"n"]},{"$i":"attachmentSizeB","$v":[{"t":"idOrVar","v":"n"}," B"]},{"$i":"attachmentSizeKB","$v":[{"t":"idOrVar","v":"n"}," KB"]},{"$i":"attachmentSizeMB","$v":[{"t":"idOrVar","v":"n"}," MB"]},{"$i":"attachmentOpenError","$v":"Ez dago aplikaziorik erabilgarri fitxategi mota hau irekitzeko."},{"$i":"remove","$v":"Kendu"},{"$i":"participant","$v":{"one":"Partaide bat","two":[{"t":"idOrVar","v":"n"}," partaide"],"few":[{"t":"idOrVar","v":"n"}," partaide"],"many":[{"t":"idOrVar","v":"n"}," partaide"],"other":[{"t":"idOrVar","v":"n"}," partaide"]},"$x":[{"t":"idOrVar","v":"plural"},"n"]},{"$i":"message-report","$v":"Mezuaren txostena"},{"$i":"message-type-sms","$v":"Testu-mezua (SMS)"},{"$i":"message-type-mms","$v":"Multimedia-mezua (MMS)"},{"$i":"sms-report-description","$v":["Testu-mezua (SMS) ",{"t":"idOrVar","v":"datetime"},"(e)an bidali zen"]},{"$i":"mms-report-description","$v":["Multimedia-mezua (MMS), ",{"t":"idOrVar","v":"subject"}," gaikoa, ",{"t":"idOrVar","v":"datetime"},"(e)an bidali zen"]},{"$i":"mms-no-subject-report-description","$v":["Multimedia-mezua (MMS) ",{"t":"idOrVar","v":"datetime"},"(e)an bidali zen"]},{"$i":"message-subject","$v":"Gaia:"},{"$i":"report-status-error","$v":"Ezin izan da mezua bidali"},{"$i":"report-status-not-downloaded","$v":"deskargatu gabe"},{"$i":"report-status-delivered","$v":"Entregatuta:"},{"$i":"report-status-read","$v":"Irakurrita:"},{"$i":"report-status-pending","$v":"Txostena eskatu da"},{"$i":"report-status-rejected","$v":"Mezua baztertu da"},{"$i":"message-size-was","$v":"Mezu-tamaina:"},{"$i":"report-dateTimeFormat12","$v":["%Y.eko %Bren %ea, ",{"t":"idOrVar","v":"shortTimeFormat12"}]},{"$i":"report-dateTimeFormat24","$v":["%Y.eko %Bren %ea, ",{"t":"idOrVar","v":"shortTimeFormat24"}]},{"$i":"report-to-title","$v":"Nori:"},{"$i":"report-from-title","$v":"Nork:"},{"$i":"message-sent","$v":"Bidalita:"},{"$i":"message-sending","$v":[{"t":"idOrVar","v":"message-delivery-status-sending"}]},{"$i":"message-received","$v":"Jasota:"},{"$i":"message-via","$v":"Honen bidez:"},{"$i":"message-resend","$v":"Birbidali"},{"$i":"search","$v":"Bilaketa"},{"$i":"unknown-contact-title","$v":"Kontaktu ezezaguna"},{"$i":"phone-type-separator","$v":", "},{"$i":"phone-carrier-separator","$v":""},{"$i":"thread-participant-separator","$v":", "},{"$i":"replace-draft","$v":"Ordeztu dagoen zirriborroa"},{"$i":"save-as-draft","$v":"Gorde zirriborro gisa"},{"$i":"discard-message","$v":"Baztertu"},{"$i":"discard-sms","$v":"Ziur zaude mezu hau baztertu nahi duzula?"},{"$i":"discard-new-message","$v":"Baztertu idazten ari zaren mezua eta mezu berria ireki?"},{"$i":"resend-confirmation","$v":"Ezin izan da mezua bidali. Saiatu berriro?"},{"$i":"resend-message","$v":"Birbidali mezua"},{"$i":"deleteMessage-confirmation","$v":"Ezabatu hautatutako mezua?"},{"$i":"deleteMessages-confirmation-message","$v":{"zero":"Please select messages to be deleted.","one":"Delete selected message?","two":["Delete ",{"t":"idOrVar","v":"n"}," selected messages?"],"few":["Delete ",{"t":"idOrVar","v":"n"}," selected messages?"],"many":["Delete ",{"t":"idOrVar","v":"n"}," selected messages?"],"other":["Delete ",{"t":"idOrVar","v":"n"}," selected messages?"]},"$x":[{"t":"idOrVar","v":"plural"},"n"]},{"$i":"deleteThreads-confirmation-message","$v":{"zero":"Please select message threads to be deleted.","one":"Delete selected message thread?","two":["Delete ",{"t":"idOrVar","v":"n"}," selected message threads?"],"few":["Delete ",{"t":"idOrVar","v":"n"}," selected message threads?"],"many":["Delete ",{"t":"idOrVar","v":"n"}," selected message threads?"],"other":["Delete ",{"t":"idOrVar","v":"n"}," selected message threads?"]},"$x":[{"t":"idOrVar","v":"plural"},"n"]},{"$i":"new-message-notice-text","$v":"Mezu berria:"},{"$i":"new-message-notice-a-text","$v":"Irakurri"},{"$i":"noMessages-title","$v":"Mezurik ez"},{"$i":"noMessages-text","$v":"Hasi komunikatzen orain"},{"$i":"sendDefaultErrorTitle","$v":"Mezua ez da bidali"},{"$i":"sendDefaultErrorBody","$v":"Arazo bat egon da mezua bidaltzean. Saiatu berriro."},{"$i":"sendDefaultErrorBtnOk","$v":"Ados"},{"$i":"sendMissingSimCardTitle","$v":"SIM txartela falta da"},{"$i":"sendMissingSimCardBody","$v":"Sartu baliozko SIM txartela jarraitzeko."},{"$i":"sendMissingSimCardBtnOk","$v":"Ados"},{"$i":"sendFlightModeTitle","$v":"Hegazkin modua aktibatuta"},{"$i":"sendFlightModeBody","$v":"Itzali hegazkin modua mezuak bidaltzeko."},{"$i":"sendFlightModeBtnOk","$v":"Ados"},{"$i":"radioDisabledToDownloadTitle","$v":[{"t":"idOrVar","v":"sendFlightModeTitle"}]},{"$i":"radioDisabledToDownloadBody","$v":"Desaktibatu hegazkin modua eranskinak deskargatzeko."},{"$i":"radioDisabledToDownloadBtnOk","$v":[{"t":"idOrVar","v":"sendFlightModeBtnOk"}]},{"$i":"fdnBlocked2Title","$v":"FDN aktibo"},{"$i":"sms-counter-notice-label","$v":[{"t":"idOrVar","v":"number"},". SMSa editatzen"]},{"$i":"fdnBlocked2Body","innerHTML":{"$x":[{"t":"idOrVar","v":"plural"},"n"],"$v":{"one":["FDN (Fixed Dialing Numbers) aktibatuta dago. Ziurtatu SMS zentrua eta hurrengo hartzailea zure FDN zerrendan dagoela:<br />",{"t":"idOrVar","v":"numbers"}],"two":["FDN (Fixed Dialing Numbers) aktibatuta dago. Ziurtatu SMS zentrua eta hurrengo hartzaileak zure FDN zerrendan daudela:<br />",{"t":"idOrVar","v":"numbers"}," "],"few":["FDN (Fixed Dialing Numbers) aktibatuta dago. Ziurtatu SMS zentrua eta hurrengo hartzaileak zure FDN zerrendan daudela:<br />",{"t":"idOrVar","v":"numbers"}," "],"many":["FDN (Fixed Dialing Numbers) aktibatuta dago. Ziurtatu SMS zentrua eta hurrengo hartzaileak zure FDN zerrendan daudela:<br />",{"t":"idOrVar","v":"numbers"}," "],"other":["FDN (Fixed Dialing Numbers) aktibatuta dago. Ziurtatu SMS zentrua eta hurrengo hartzaileak zure FDN zerrendan daudela:<br />",{"t":"idOrVar","v":"numbers"}," "]}}},{"$i":"fdnBlocked2BtnOk","$v":"Ados"},{"$i":"switchSimToRetrieveTitle","$v":"Aldatu datu-konexioa"},{"$i":"switchSimToRetrieveBody","$v":["Aldatu datu-konexioa ",{"t":"idOrVar","v":"nonActiveSimId"}," SIMera MMSa eskuratzeko. Uneko ",{"t":"idOrVar","v":"activeSimId"}," SIMaren datu-transferentzia eseki egingo da. Jarraitu halere?"]},{"$i":"switchSimToRetrieveBtnOk","$v":"Geroago"},{"$i":"switchSimToRetrieveConfirm","$v":"Ados"},{"$i":"switchSimToSendTitle","$v":[{"t":"idOrVar","v":"switchSimToRetrieveTitle"}]},{"$i":"switchSimToSendBody","$v":["Aldatu datu-konexioa ",{"t":"idOrVar","v":"nonActiveSimId"}," SIMera MMSa bidaltzeko. Uneko ",{"t":"idOrVar","v":"activeSimId"}," SIMaren datu-transferentzia eseki egingo da. Jarraitu halere? "]},{"$i":"switchSimToSendBtnOk","$v":[{"t":"idOrVar","v":"switchSimToRetrieveBtnOk"}]},{"$i":"switchSimToSendConfirm","$v":[{"t":"idOrVar","v":"switchSimToRetrieveConfirm"}]},{"$i":"sendNoSignalErrorTitle","$v":"Sareko estaldurarik ez"},{"$i":"sendNoSignalErrorBody","$v":"Ziurtatu mugikorrean seinalea daukazula eta saiatu berriro."},{"$i":"sendNoSignalErrorBtnOk","$v":"Ados"},{"$i":"sendNotFoundErrorTitle","$v":"Ez da mezua aurkitu"},{"$i":"sendNotFoundErrorBody","$v":"Bila zabiltzan mezua ez dago erabilgarri jada."},{"$i":"sendNotFoundErrorBtnOk","$v":"Ados"},{"$i":"sendInvalidAddressErrorTitle","$v":"Zenbaki baliogabea"},{"$i":"sendInvalidAddressErrorBody","$v":"Ziurtatu hartzailearen zenbakia baliozkoa dela."},{"$i":"sendInvalidAddressErrorBtnOk","$v":"Ados"},{"$i":"simNotMatchedErrorTitle","$v":"Ezin izan da deskargatu"},{"$i":"simNotMatchedErrorBody","$v":"Egiaztatu sartuta dagoen SIM txartela mezua jasotzeko erabilitakoa dela."},{"$i":"simNotMatchedErrorBtnOk","$v":"Ados"},{"$i":"deleted-sms","$v":"Mezu hau dagoeneko ezabatuta dago."},{"$i":"view-attachment-image","$v":"Ikusi"},{"$i":"view-attachment-audio","$v":"Entzun"},{"$i":"view-attachment-video","$v":"Ikusi"},{"$i":"view-attachment-other","$v":"Ikusi"},{"$i":"remove-attachment-image","$v":"Kendu irudia"},{"$i":"remove-attachment-audio","$v":"Kendu audioa"},{"$i":"remove-attachment-video","$v":"Kendu bideoa"},{"$i":"remove-attachment-other","$v":"Kendu eranskina"},{"$i":"replace-attachment-image","$v":"Ordezkatu irudia"},{"$i":"replace-attachment-audio","$v":"Ordezkatu audioa"},{"$i":"replace-attachment-video","$v":"Ordezkatu bideoa"},{"$i":"replace-attachment-other","$v":"Ordezkatu eranskina"},{"$i":"unsent-message-title","$v":"Bidali gabeko mezua"},{"$i":"unsent-message-text","$v":"Your previous message was not sent. Do you want to discard the unsent message and continue?"},{"$i":"unsent-message-option-edit","$v":"Editatu"},{"$i":"unsent-message-option-discard","$v":"Baztertu"},{"$i":"message-options","$v":"Mezuaren aukerak"},{"$i":"thread-options","$v":"Thread options"},{"$i":"forward","$v":"Birbidali"},{"$i":"view-message-report","$v":"Ikusi mezuaren txostena"},{"$i":"select-text","$v":"Hautatu testua"},{"$i":"mobile","$v":"Mugikorra"},{"$i":"home","$v":"Etxea"},{"$i":"work","$v":"Lana"},{"$i":"personal","$v":"Pertsonala"},{"$i":"faxHome","$v":"Faxa (etxea)"},{"$i":"faxOffice","$v":"Faxa (bulegoa)"},{"$i":"faxOther","$v":"Faxa (bestelakoa)"},{"$i":"another","$v":"Beste bat"},{"$i":"other","$v":"Beste batzuk"},{"$i":"today","$v":"gaur"},{"$i":"yesterday","$v":"atzo"},{"$i":"incorrectDate","$v":"(data okerra)"},{"$i":"addToExistingContact","$v":"Gehitu badagoen kontaktuari"},{"$i":"createNewContact","$v":"Sortu kontaktu berria"},{"$i":"viewContact","$v":"Ikusi kontaktua"},{"$i":"call","$v":"Deitu"},{"$i":"sendEmail","$v":"Bidali mezu elektronikoa"},{"$i":"mms-message","$v":"MMS mezua"},{"$i":"notDownloaded-title","$v":"Mezua ez da deskargatu oraindik."},{"$i":"tobedownloaded-attachment","$v":["Multimedia-mezu bat jaso duzu. Beheko esteka erabil dezakezu haren edukia deskargatzeko ",{"t":"idOrVar","v":"date"}," egunera arte."]},{"$i":"expired-attachment","$v":["Mezua ",{"t":"idOrVar","v":"date"}," datan iraungi zen eta ezin da deskargatu."]},{"$i":"download-attachment","$v":"Deskargatu"},{"$i":"downloading-attachment","$v":"Deskargatzen..."},{"$i":"unnamed-attachment","$v":"izengabea"},{"$i":"mms-label","$v":"MMSa"},{"$i":"attached-files-too-large","$v":{"zero":["Hautatu dituzun fitxategiek multimedia-mezu bakar baten tamaina-muga (",{"t":"idOrVar","v":"mmsSize"}," KB) gainditzen dute."],"one":["Hautatu duzun fitxategiak multimedia-mezu bakar baten tamaina-muga (KB ",{"t":"idOrVar","v":"mmsSize"},") gainditzen du."],"two":["Hautatu dituzun fitxategiek multimedia-mezu bakar baten tamaina-muga (",{"t":"idOrVar","v":"mmsSize"}," KB) gainditzen dute."],"few":["Hautatu dituzun fitxategiek multimedia-mezu bakar baten tamaina-muga (",{"t":"idOrVar","v":"mmsSize"}," KB) gainditzen dute."],"many":["Hautatu dituzun fitxategiek multimedia-mezu bakar baten tamaina-muga (",{"t":"idOrVar","v":"mmsSize"}," KB) gainditzen dute."],"other":["Hautatu dituzun fitxategiak multimedia-mezu bakar baten tamaina-muga (",{"t":"idOrVar","v":"mmsSize"}," KB) gainditzen dute."]},"$x":[{"t":"idOrVar","v":"plural"},"n"]},{"$i":"resize-image","$v":"Erantsitako irudia tamainaz aldatzen"},{"$i":"no-attachment-text","$v":"Arazo bat dago erantsitako fitxategiarekin eta ezin da deskargatu."},{"$i":"message-draft-saved","$v":"Mezua zirriborro gisa gorde da"},{"$i":"sim-id-label","$v":[{"t":"idOrVar","v":"id"},". SIMa"]},{"$i":"sim-detail","$v":[{"t":"idOrVar","v":"id"},". SIMa, ",{"t":"idOrVar","v":"detailString"}]},{"$i":"dsds-notification-title-with-sim","$v":["(",{"t":"idOrVar","v":"sim"},") ",{"t":"idOrVar","v":"sender"}]},{"$i":"send-button","ariaLabel":"Bidali"},{"$i":"send-button-sim-indication","$v":[{"t":"idOrVar","v":"n"}],"ariaLabel":[{"t":"idOrVar","v":"n"},". SIMa erabiltzen"]},{"$i":"expiry-date-format","$v":"%A, %Bk %e"},{"$i":"attach-button","ariaLabel":"Gehitu eranskina"},{"$i":"contact-photo","ariaLabel":"Kontaktuaren argazkia"},{"$i":"unread-thread","ariaLabel":"Irakurri gabe"},{"$i":"has-draft","ariaLabel":"Zirriborroa du"},{"$i":"is-draft","ariaLabel":"Zirriborroa"},{"$i":"message-delivery-status-sending","$v":"Bidaltzen…"},{"$i":"message-delivery-status-delivered","ariaLabel":"Entregatuta"},{"$i":"message-delivery-status-read","ariaLabel":"Irakurrita"},{"$i":"message-delivery-status-error","ariaLabel":"Errorea"},{"$i":"modal-dialog-ok-button","$v":"Ados"},{"$i":"modal-dialog-cancel-button","$v":"Utzi"},{"$i":"modal-dialog-default-title","$v":"Mezuak"},{"$i":"weekday-0-long","$v":"Igandea"},{"$i":"weekday-1-long","$v":"Astelehena"},{"$i":"weekday-2-long","$v":"Asteartea"},{"$i":"weekday-3-long","$v":"Asteazkena"},{"$i":"weekday-4-long","$v":"Osteguna"},{"$i":"weekday-5-long","$v":"Ostirala"},{"$i":"weekday-6-long","$v":"Larunbata"},{"$i":"weekday-0-short","$v":"Ig."},{"$i":"weekday-1-short","$v":"Al."},{"$i":"weekday-2-short","$v":"Ar."},{"$i":"weekday-3-short","$v":"Az."},{"$i":"weekday-4-short","$v":"Og."},{"$i":"weekday-5-short","$v":"Or."},{"$i":"weekday-6-short","$v":"Lr."},{"$i":"month-0-long","$v":"Urtarrila"},{"$i":"month-1-long","$v":"Otsaila"},{"$i":"month-2-long","$v":"Martxoa"},{"$i":"month-3-long","$v":"Apirila"},{"$i":"month-4-long","$v":"Maiatza"},{"$i":"month-5-long","$v":"Ekaina"},{"$i":"month-6-long","$v":"Uztaila"},{"$i":"month-7-long","$v":"Abuztua"},{"$i":"month-8-long","$v":"Iraila"},{"$i":"month-9-long","$v":"Urria"},{"$i":"month-10-long","$v":"Azaroa"},{"$i":"month-11-long","$v":"Abendua"},{"$i":"month-0-genitive","$v":"Urtarrilaren"},{"$i":"month-1-genitive","$v":"Otsailaren"},{"$i":"month-2-genitive","$v":"Martxoaren"},{"$i":"month-3-genitive","$v":"Apirilaren"},{"$i":"month-4-genitive","$v":"Maiatzaren"},{"$i":"month-5-genitive","$v":"Ekainaren"},{"$i":"month-6-genitive","$v":"Uztailaren"},{"$i":"month-7-genitive","$v":"Abuztuaren"},{"$i":"month-8-genitive","$v":"Irailaren"},{"$i":"month-9-genitive","$v":"Urriaren"},{"$i":"month-10-genitive","$v":"Azaroaren"},{"$i":"month-11-genitive","$v":"Abenduaren"},{"$i":"month-0-short","$v":"urt."},{"$i":"month-1-short","$v":"ots."},{"$i":"month-2-short","$v":"mar."},{"$i":"month-3-short","$v":"api."},{"$i":"month-4-short","$v":"mai."},{"$i":"month-5-short","$v":"eka."},{"$i":"month-6-short","$v":"uzt."},{"$i":"month-7-short","$v":"abu."},{"$i":"month-8-short","$v":"ira."},{"$i":"month-9-short","$v":"urr."},{"$i":"month-10-short","$v":"aza."},{"$i":"month-11-short","$v":"abe."},{"$i":"minutes-ago-long","$v":{"zero":"orain","one":"duela minutu bat","two":["duela ",{"t":"idOrVar","v":"value"}," minutu"],"few":["duela ",{"t":"idOrVar","v":"value"}," minutu"],"many":["duela ",{"t":"idOrVar","v":"value"}," minutu"],"other":["duela ",{"t":"idOrVar","v":"value"}," minutu"]},"$x":[{"t":"idOrVar","v":"plural"},"value"]},{"$i":"hours-ago-long","$v":{"zero":"orain","one":"duela ordubete","two":["duela ",{"t":"idOrVar","v":"value"}," ordu"],"few":["duela ",{"t":"idOrVar","v":"value"}," ordu"],"many":["duela ",{"t":"idOrVar","v":"value"}," ordu"],"other":["duela ",{"t":"idOrVar","v":"value"}," ordu"]},"$x":[{"t":"idOrVar","v":"plural"},"value"]},{"$i":"days-ago-long","$v":{"zero":"gaur","one":"atzo","two":"herenegun","few":["duela ",{"t":"idOrVar","v":"value"}," egun"],"many":["duela ",{"t":"idOrVar","v":"value"}," egun"],"other":["duela ",{"t":"idOrVar","v":"value"}," egun"]},"$x":[{"t":"idOrVar","v":"plural"},"value"]},{"$i":"weeks-ago-long","$v":{"zero":"aste honetan","one":"azken astean","two":["duela ",{"t":"idOrVar","v":"value"}," aste"],"few":["duela ",{"t":"idOrVar","v":"value"}," aste"],"many":["duela ",{"t":"idOrVar","v":"value"}," aste"],"other":["duela ",{"t":"idOrVar","v":"value"}," aste"]},"$x":[{"t":"idOrVar","v":"plural"},"value"]},{"$i":"months-ago-long","$v":{"zero":"hilabete honetan","one":"azken hilabetean","two":["duela ",{"t":"idOrVar","v":"value"}," hilabete"],"few":["duela ",{"t":"idOrVar","v":"value"}," hilabete"],"many":["duela ",{"t":"idOrVar","v":"value"}," hilabete"],"other":["duela ",{"t":"idOrVar","v":"value"}," hilabete"]},"$x":[{"t":"idOrVar","v":"plural"},"value"]},{"$i":"years-ago-long","$v":{"zero":"aurten","one":"iaz","two":["duela ",{"t":"idOrVar","v":"value"}," urte"],"few":["duela ",{"t":"idOrVar","v":"value"}," urte"],"many":["duela ",{"t":"idOrVar","v":"value"}," urte"],"other":["duela ",{"t":"idOrVar","v":"value"}," urte"]},"$x":[{"t":"idOrVar","v":"plural"},"value"]},{"$i":"minutes-until-long","$v":{"zero":"orain","one":"minutu barru","two":[{"t":"idOrVar","v":"value"}," minutu barru"],"few":[{"t":"idOrVar","v":"value"}," minutu barru"],"many":[{"t":"idOrVar","v":"value"}," minutu barru"],"other":[{"t":"idOrVar","v":"value"}," minutu barru"]},"$x":[{"t":"idOrVar","v":"plural"},"value"]},{"$i":"hours-until-long","$v":{"zero":"orain","one":"ordubete barru","two":[{"t":"idOrVar","v":"value"}," ordu barru"],"few":[{"t":"idOrVar","v":"value"}," ordu barru"],"many":[{"t":"idOrVar","v":"value"}," ordu barru"],"other":[{"t":"idOrVar","v":"value"}," ordu barru"]},"$x":[{"t":"idOrVar","v":"plural"},"value"]},{"$i":"days-until-long","$v":{"zero":"gaur","one":"bihar","two":"etzi","few":[{"t":"idOrVar","v":"value"}," egun barru"],"many":[{"t":"idOrVar","v":"value"}," egun barru"],"other":[{"t":"idOrVar","v":"value"}," egun barru"]},"$x":[{"t":"idOrVar","v":"plural"},"value"]},{"$i":"weeks-until-long","$v":{"zero":"aste honetan","one":"hurrengo astean","two":[{"t":"idOrVar","v":"value"}," aste barru"],"few":[{"t":"idOrVar","v":"value"}," aste barru"],"many":[{"t":"idOrVar","v":"value"}," aste barru"],"other":[{"t":"idOrVar","v":"value"}," aste barru"]},"$x":[{"t":"idOrVar","v":"plural"},"value"]},{"$i":"months-until-long","$v":{"zero":"hil honetan","one":"hurrengo hilean","two":[{"t":"idOrVar","v":"value"}," hilabete barru"],"few":[{"t":"idOrVar","v":"value"}," hilabete barru"],"many":[{"t":"idOrVar","v":"value"}," hilabete barru"],"other":[{"t":"idOrVar","v":"value"}," hilabete barru"]},"$x":[{"t":"idOrVar","v":"plural"},"value"]},{"$i":"years-until-long","$v":{"zero":"aurten","one":"hurrengo urtean","two":[{"t":"idOrVar","v":"value"}," urte barru"],"few":[{"t":"idOrVar","v":"value"}," urte barru"],"many":[{"t":"idOrVar","v":"value"}," urte barru"],"other":[{"t":"idOrVar","v":"value"}," urte barru"]},"$x":[{"t":"idOrVar","v":"plural"},"value"]},{"$i":"minutes-ago-short","$v":{"zero":"orain","other":["duela ",{"t":"idOrVar","v":"value"},"m"]},"$x":[{"t":"idOrVar","v":"plural"},"value"]},{"$i":"hours-ago-short","$v":{"zero":"orain","other":["duela ",{"t":"idOrVar","v":"value"},"h"]},"$x":[{"t":"idOrVar","v":"plural"},"value"]},{"$i":"days-ago-short","$v":{"zero":"gaur","other":["duela ",{"t":"idOrVar","v":"value"},"eg."]},"$x":[{"t":"idOrVar","v":"plural"},"value"]},{"$i":"minutes-until-short","$v":{"zero":"orain","other":[{"t":"idOrVar","v":"value"},"m barru"]},"$x":[{"t":"idOrVar","v":"plural"},"value"]},{"$i":"hours-until-short","$v":{"zero":"orain","other":[{"t":"idOrVar","v":"value"},"h barru"]},"$x":[{"t":"idOrVar","v":"plural"},"value"]},{"$i":"days-until-short","$v":{"zero":"gaur","other":[{"t":"idOrVar","v":"value"},"eg. barru"]},"$x":[{"t":"idOrVar","v":"plural"},"value"]},{"$i":"dateTimeFormat_%c","$v":"%a, %Y.eko %Bren %ea %H:%M:%S"},{"$i":"dateTimeFormat_%x","$v":"%Y/%m/%d"},{"$i":"dateTimeFormat_%X","$v":"%H:%M:%S"},{"$i":"shortTimeFormat","$v":"%I:%M %p"},{"$i":"shortTimeFormat12","$v":"%I:%M %p"},{"$i":"shortTimeFormat24","$v":"%H:%M"},{"$i":"shortDateTimeFormat","$v":"%x %H:%M"},{"$i":"weekStartsOnMonday","$v":"1"},{"$i":"firstDayOfTheWeek","$v":"1"},{"$i":"time_am","$v":"AM"},{"$i":"time_pm","$v":"PM"},{"$i":"gaia-menu-cancel","$v":"Utzi"},{"$i":"gaia-sim-picker-dial-via-with-number","$v":["Markatu ",{"t":"idOrVar","v":"phoneNumber"}," honen bidez:"]},{"$i":"gaia-sim-picker-select-sim","$v":"Hautatu SIMa"},{"$i":"gaia-sim-picker-button","$v":[{"t":"idOrVar","v":"n"},". SIMa"]},{"$i":"gaia-sim-picker-button-default","$v":"(lehenetsia)"}]