[{"$i":"messages","$v":"Mensaxes"},{"$i":"deleteMessages-title","$v":"Eliminar mensaxes"},{"$i":"selectThreads-title","$v":"Seleccionar"},{"$i":"edit","$v":"Editar"},{"$i":"back","$v":"Atrás"},{"$i":"cancel","$v":"Cancelar"},{"$i":"undo","$v":"Desfacer"},{"$i":"done","$v":"Feito"},{"$i":"delete","$v":"Eliminar"},{"$i":"delete-thread","$v":"Delete thread"},{"$i":"mark-as-read","$v":"Mark as read"},{"$i":"mark-as-unread","$v":"Mark as unread"},{"$i":"deleting-messages","$v":"Eliminando…"},{"$i":"select-all","$v":"Marcar todo"},{"$i":"deselect-all","$v":"Desmarcar todo"},{"$i":"selected-threads","$v":{"zero":"ningunha seleccionada","one":[{"t":"idOrVar","v":"n"}," seleccionada"],"two":[{"t":"idOrVar","v":"n"}," seleccionadas"],"few":[{"t":"idOrVar","v":"n"}," seleccionadas"],"many":[{"t":"idOrVar","v":"n"}," seleccionadas"],"other":[{"t":"idOrVar","v":"n"}," seleccionadas"]},"$x":[{"t":"idOrVar","v":"plural"},"n"]},{"$i":"selected-messages","$v":{"zero":"ningunha seleccionada","one":[{"t":"idOrVar","v":"n"}," seleccionada"],"two":[{"t":"idOrVar","v":"n"}," seleccionadas"],"few":[{"t":"idOrVar","v":"n"}," seleccionadas"],"many":[{"t":"idOrVar","v":"n"}," seleccionadas"],"other":[{"t":"idOrVar","v":"n"}," seleccionadas"]},"$x":[{"t":"idOrVar","v":"plural"},"n"]},{"$i":"selectThreads-label","$v":"Seleccione conversacións"},{"$i":"selectMessages-label","$v":"Seleccione mensaxes"},{"$i":"settings","$v":"Axustes"},{"$i":"add-subject","$v":"Engadir asunto"},{"$i":"remove-subject","$v":"Retirar asunto"},{"$i":"to","$v":"Para:"},{"$i":"new","$v":"Novo"},{"$i":"message","$v":"Mensaxe"},{"$i":"messagesInput_placeholder","$v":"Mensaxe"},{"$i":"messagesSubjectInput_placeholder","$v":"Asunto"},{"$i":"converted-to-mms","$v":"Convertendo a mensaxe multimedia."},{"$i":"converted-to-sms","$v":"Convertendo a mensaxe de texto."},{"$i":"messages-max-length-text","$v":"Alcanzou a lonxitude máxima."},{"$i":"messages-max-subject-length-text","$v":"Alcanzou a lonxitude máxima para o asunto."},{"$i":"multimedia-message-exceeded-max-length","$v":["You’ve exceeded the ",{"t":"idOrVar","v":"mmsSize"}," KB size limit of a single multimedia message. Remove attachments or shorten the message to send it."]},{"$i":"newMessage","$v":"Nova mensaxe"},{"$i":"sendMessage","$v":"Enviar mensaxe"},{"$i":"sendMMSToEmail","$v":"Enviar mensaxe multimedia"},{"$i":"no-recipient","$v":"(Sen destinatarios)"},{"$i":"recipient","$v":{"one":[{"t":"idOrVar","v":"n"}," destinatario"],"two":[{"t":"idOrVar","v":"n"}," destinatarios"],"few":[{"t":"idOrVar","v":"n"}," destinatarios"],"many":[{"t":"idOrVar","v":"n"}," destinatarios"],"other":[{"t":"idOrVar","v":"n"}," destinatarios"]},"$x":[{"t":"idOrVar","v":"plural"},"n"]},{"$i":"attachmentSizeB","$v":[{"t":"idOrVar","v":"n"}," B"]},{"$i":"attachmentSizeKB","$v":[{"t":"idOrVar","v":"n"}," KB"]},{"$i":"attachmentSizeMB","$v":[{"t":"idOrVar","v":"n"}," MB"]},{"$i":"attachmentOpenError","$v":"Ningún aplicativo dispoñíbel para abrir este tipo de ficheiro."},{"$i":"remove","$v":"Retirar"},{"$i":"participant","$v":{"one":[{"t":"idOrVar","v":"n"}," participante"],"two":[{"t":"idOrVar","v":"n"}," participantes"],"few":[{"t":"idOrVar","v":"n"}," participantes"],"many":[{"t":"idOrVar","v":"n"}," participantes"],"other":[{"t":"idOrVar","v":"n"}," participantes"]},"$x":[{"t":"idOrVar","v":"plural"},"n"]},{"$i":"message-report","$v":"Informa da mensaxe"},{"$i":"message-type-sms","$v":"Mensaxes de texto (SMS)"},{"$i":"message-type-mms","$v":"Mensaxes multimedia (MMS)"},{"$i":"sms-report-description","$v":["A súa mensaxe de texto (SMS) enviouse o ",{"t":"idOrVar","v":"datetime"}]},{"$i":"mms-report-description","$v":["A súa mensaxe multimedia (MMS), co asunto ",{"t":"idOrVar","v":"subject"},", enviouse o ",{"t":"idOrVar","v":"datetime"}]},{"$i":"mms-no-subject-report-description","$v":["A súa mensaxe multimedia (MMS) enviouse o ",{"t":"idOrVar","v":"datetime"}]},{"$i":"message-subject","$v":"Asunto: "},{"$i":"report-status-error","$v":"Non foi posíbel enviar a mensaxe"},{"$i":"report-status-not-downloaded","$v":"non descargada"},{"$i":"report-status-delivered","$v":"Recepción:"},{"$i":"report-status-read","$v":"Lida:"},{"$i":"report-status-pending","$v":"Xustificante de recepción"},{"$i":"report-status-rejected","$v":"Rexeitouse a mensaxe"},{"$i":"message-size-was","$v":"Tamaño da mensaxe:"},{"$i":"report-dateTimeFormat12","$v":["%e %B %Y, ",{"t":"idOrVar","v":"shortTimeFormat12"}]},{"$i":"report-dateTimeFormat24","$v":["%e %B %Y, ",{"t":"idOrVar","v":"shortTimeFormat24"}]},{"$i":"report-to-title","$v":"Para"},{"$i":"report-from-title","$v":"De"},{"$i":"message-sent","$v":"Enviada:"},{"$i":"message-sending","$v":[{"t":"idOrVar","v":"message-delivery-status-sending"}]},{"$i":"message-received","$v":"Recibida:"},{"$i":"message-via","$v":"Mediante:"},{"$i":"message-resend","$v":"Enviar de novo"},{"$i":"search","$v":"Buscar"},{"$i":"unknown-contact-title","$v":"Contacto descoñecido"},{"$i":"phone-type-separator","$v":", "},{"$i":"phone-carrier-separator","$v":" "},{"$i":"thread-participant-separator","$v":", "},{"$i":"replace-draft","$v":"Substituír o borrador existente"},{"$i":"save-as-draft","$v":"Gardar como borrador"},{"$i":"discard-message","$v":"Descartar"},{"$i":"discard-sms","$v":"Confirma que quere descartar esta mensaxe?"},{"$i":"discard-new-message","$v":"Descartar a mensaxe que está redactando e abrir a nova mensaxe?"},{"$i":"resend-confirmation","$v":"Non foi posíbel enviar a mensaxe. Tente de novo?"},{"$i":"resend-message","$v":"Reenviar esta mensaxe"},{"$i":"deleteMessage-confirmation","$v":"Quere eliminar a mensaxe seleccionada?"},{"$i":"deleteMessages-confirmation-message","$v":{"zero":"Please select messages to be deleted.","one":"Delete selected message?","two":["Delete ",{"t":"idOrVar","v":"n"}," selected messages?"],"few":["Delete ",{"t":"idOrVar","v":"n"}," selected messages?"],"many":["Delete ",{"t":"idOrVar","v":"n"}," selected messages?"],"other":["Delete ",{"t":"idOrVar","v":"n"}," selected messages?"]},"$x":[{"t":"idOrVar","v":"plural"},"n"]},{"$i":"deleteThreads-confirmation-message","$v":{"zero":"Please select message threads to be deleted.","one":"Delete selected message thread?","two":["Delete ",{"t":"idOrVar","v":"n"}," selected message threads?"],"few":["Delete ",{"t":"idOrVar","v":"n"}," selected message threads?"],"many":["Delete ",{"t":"idOrVar","v":"n"}," selected message threads?"],"other":["Delete ",{"t":"idOrVar","v":"n"}," selected message threads?"]},"$x":[{"t":"idOrVar","v":"plural"},"n"]},{"$i":"new-message-notice-text","$v":"Nova mensaxe de"},{"$i":"new-message-notice-a-text","$v":"Léela"},{"$i":"noMessages-title","$v":"Sen mensaxes"},{"$i":"noMessages-text","$v":"Iniciar a comunicación agora"},{"$i":"sendDefaultErrorTitle","$v":"Mensaxe non enviada"},{"$i":"sendDefaultErrorBody","$v":"Produciuse un problema ao enviar a mensaxe. Tente de novo."},{"$i":"sendDefaultErrorBtnOk","$v":"Aceptar"},{"$i":"sendMissingSimCardTitle","$v":"Falta a tarxeta SIM"},{"$i":"sendMissingSimCardBody","$v":"Insira unha tarxeta SIM correcta para continuar"},{"$i":"sendMissingSimCardBtnOk","$v":"Aceptar"},{"$i":"sendFlightModeTitle","$v":"Activouse o modo avión"},{"$i":"sendFlightModeBody","$v":"Desactive o modo avión para enviar mensaxes."},{"$i":"sendFlightModeBtnOk","$v":"Aceptar"},{"$i":"radioDisabledToDownloadTitle","$v":[{"t":"idOrVar","v":"sendFlightModeTitle"}]},{"$i":"radioDisabledToDownloadBody","$v":"Desactive o modo avión para descargar os anexos."},{"$i":"radioDisabledToDownloadBtnOk","$v":[{"t":"idOrVar","v":"sendFlightModeBtnOk"}]},{"$i":"fdnBlocked2Title","$v":"FDN activo"},{"$i":"sms-counter-notice-label","$v":["Editando SMS ",{"t":"idOrVar","v":"number"}]},{"$i":"fdnBlocked2Body","innerHTML":{"$x":[{"t":"idOrVar","v":"plural"},"n"],"$v":{"one":["FDN (Numeración fixa) está activado. Asegúrese de que o centro SMS e o seguinte destinatario están na súa lista FDN:<br />",{"t":"idOrVar","v":"numbers"}],"two":["FDN (Numeración fixa) está activado. Asegúrese de que o centro SMS e os seguintes destinatarios están na súa lista FDN:<br />",{"t":"idOrVar","v":"numbers"}],"few":["FDN (Numeración fixa) está activado. Asegúrese de que o centro SMS e os seguintes destinatarios están na súa lista FDN:<br />",{"t":"idOrVar","v":"numbers"}],"many":["FDN (Numeración fixa) está activado. Asegúrese de que o centro SMS e os seguintes destinatarios están na súa lista FDN:<br />",{"t":"idOrVar","v":"numbers"}],"other":["FDN (Numeración fixa) está activado. Asegúrese de que o centro SMS e os seguintes destinatarios están na súa lista FDN:<br />",{"t":"idOrVar","v":"numbers"}]}}},{"$i":"fdnBlocked2BtnOk","$v":"Aceptar"},{"$i":"switchSimToRetrieveTitle","$v":"Cambiar a conexión de datos"},{"$i":"switchSimToRetrieveBody","$v":["Cambie a conexión de datos a SIM ",{"t":"idOrVar","v":"nonActiveSimId"}," para recuperar o MMS. Suspenderase a transferencia actual de datos na SIM ",{"t":"idOrVar","v":"activeSimId"},". Continuar de todos os xeitos?"]},{"$i":"switchSimToRetrieveBtnOk","$v":"Despois"},{"$i":"switchSimToRetrieveConfirm","$v":"Aceptar"},{"$i":"switchSimToSendTitle","$v":[{"t":"idOrVar","v":"switchSimToRetrieveTitle"}]},{"$i":"switchSimToSendBody","$v":["Cambie a conexión de datos a SIM ",{"t":"idOrVar","v":"nonActiveSimId"}," para enviar o MMS. Suspenderase a transferencia actual de datos na SIM ",{"t":"idOrVar","v":"activeSimId"},". Continuar de todos os xeitos?"]},{"$i":"switchSimToSendBtnOk","$v":[{"t":"idOrVar","v":"switchSimToRetrieveBtnOk"}]},{"$i":"switchSimToSendConfirm","$v":[{"t":"idOrVar","v":"switchSimToRetrieveConfirm"}]},{"$i":"sendNoSignalErrorTitle","$v":"Non hai cobertura"},{"$i":"sendNoSignalErrorBody","$v":"Asegúrese de que ten unha sinal de móbil e tente de novo."},{"$i":"sendNoSignalErrorBtnOk","$v":"Aceptar"},{"$i":"sendNotFoundErrorTitle","$v":"Non se atopou a mensaxe"},{"$i":"sendNotFoundErrorBody","$v":"A mensaxe que busca xa non está dispoñíbel."},{"$i":"sendNotFoundErrorBtnOk","$v":"Aceptar"},{"$i":"sendInvalidAddressErrorTitle","$v":"Número incorrecto"},{"$i":"sendInvalidAddressErrorBody","$v":"Asegúrese de que o número de móbil ao que envía é correcto."},{"$i":"sendInvalidAddressErrorBtnOk","$v":"Aceptar"},{"$i":"simNotMatchedErrorTitle","$v":"Imposíbel descargar"},{"$i":"simNotMatchedErrorBody","$v":"Asegúrese de que a tarxeta SIM inserida é a que usou para recibir esta mensaxe."},{"$i":"simNotMatchedErrorBtnOk","$v":"Aceptar"},{"$i":"deleted-sms","$v":"Esta mensaxe xa foi eliminada."},{"$i":"view-attachment-image","$v":"Ver"},{"$i":"view-attachment-audio","$v":"Escoitar"},{"$i":"view-attachment-video","$v":"Ver"},{"$i":"view-attachment-other","$v":"Ver"},{"$i":"remove-attachment-image","$v":"Retirar imaxe"},{"$i":"remove-attachment-audio","$v":"Retirar son"},{"$i":"remove-attachment-video","$v":"Retirar vídeo"},{"$i":"remove-attachment-other","$v":"Retirar anexo"},{"$i":"replace-attachment-image","$v":"Substituír imaxe"},{"$i":"replace-attachment-audio","$v":"Substituír son"},{"$i":"replace-attachment-video","$v":"Substituír vídeo"},{"$i":"replace-attachment-other","$v":"Substituír anexo"},{"$i":"unsent-message-title","$v":"Mensaxe non enviada"},{"$i":"unsent-message-text","$v":"Your previous message was not sent. Do you want to discard the unsent message and continue?"},{"$i":"unsent-message-option-edit","$v":"Editar"},{"$i":"unsent-message-option-discard","$v":"Descartar"},{"$i":"message-options","$v":"Opcións da mensaxe"},{"$i":"thread-options","$v":"Thread options"},{"$i":"forward","$v":"Reenviar"},{"$i":"view-message-report","$v":"Ver informe da mensaxe"},{"$i":"select-text","$v":"Select text"},{"$i":"mobile","$v":"Mobile"},{"$i":"home","$v":"Casa"},{"$i":"work","$v":"Traballo"},{"$i":"personal","$v":"Persoal"},{"$i":"faxHome","$v":"Fax casa"},{"$i":"faxOffice","$v":"Fax oficina"},{"$i":"faxOther","$v":"Outro fax"},{"$i":"another","$v":"Outro"},{"$i":"other","$v":"Outros"},{"$i":"today","$v":"hoxe"},{"$i":"yesterday","$v":"onte"},{"$i":"incorrectDate","$v":"(data incorrecta)"},{"$i":"addToExistingContact","$v":"Engadir a contacto existente"},{"$i":"createNewContact","$v":"Crear novo contacto"},{"$i":"viewContact","$v":"Ver contacto"},{"$i":"call","$v":"Chamar"},{"$i":"sendEmail","$v":"Enviar correo"},{"$i":"mms-message","$v":"Mensaxe MMS"},{"$i":"notDownloaded-title","$v":"Aínda non se descargou a mensaxe."},{"$i":"tobedownloaded-attachment","$v":["Recibiu unha mensaxe multimedia. Pode usar a ligazón de abaixo para descargar o contido ata o ",{"t":"idOrVar","v":"date"},"."]},{"$i":"expired-attachment","$v":["Desculpe pero a mensaxe caducou o ",{"t":"idOrVar","v":"date"}," e non é posíbel descargala."]},{"$i":"download-attachment","$v":"Descargar"},{"$i":"downloading-attachment","$v":"Descargando…"},{"$i":"unnamed-attachment","$v":"sen título"},{"$i":"mms-label","$v":"MMS"},{"$i":"attached-files-too-large","$v":{"zero":["The files you have selected exceed the ",{"t":"idOrVar","v":"mmsSize"}," KB size limit of a single multimedia message."],"one":["The file you have selected exceeds the ",{"t":"idOrVar","v":"mmsSize"}," KB size limit of a single multimedia message."],"two":["The files you have selected exceed the ",{"t":"idOrVar","v":"mmsSize"}," KB size limit of a single multimedia message."],"few":["The files you have selected exceed the ",{"t":"idOrVar","v":"mmsSize"}," KB size limit of a single multimedia message."],"many":["The files you have selected exceed the ",{"t":"idOrVar","v":"mmsSize"}," KB size limit of a single multimedia message."],"other":["The files you have selected exceed the ",{"t":"idOrVar","v":"mmsSize"}," KB size limit of a single multimedia message."]},"$x":[{"t":"idOrVar","v":"plural"},"n"]},{"$i":"resize-image","$v":"Cambiando o tamaño da imaxe anexa"},{"$i":"no-attachment-text","$v":"Hai un problema co ficheiro anexo e non é posíbel descargalo."},{"$i":"message-draft-saved","$v":"Gardouse a mensaxe como un borrador"},{"$i":"sim-id-label","$v":["SIM ",{"t":"idOrVar","v":"id"}]},{"$i":"sim-detail","$v":["SIM ",{"t":"idOrVar","v":"id"},", ",{"t":"idOrVar","v":"detailString"}]},{"$i":"dsds-notification-title-with-sim","$v":["(",{"t":"idOrVar","v":"sim"},") ",{"t":"idOrVar","v":"sender"}]},{"$i":"send-button","ariaLabel":"Enviar"},{"$i":"send-button-sim-indication","$v":[{"t":"idOrVar","v":"n"}],"ariaLabel":["usando a SIM ",{"t":"idOrVar","v":"n"}]},{"$i":"expiry-date-format","$v":"%A %e %b"},{"$i":"attach-button","ariaLabel":"Engadir un anexo"},{"$i":"contact-photo","ariaLabel":"Foto do contacto"},{"$i":"unread-thread","ariaLabel":"Non lida"},{"$i":"has-draft","ariaLabel":"Ten un borrador"},{"$i":"is-draft","ariaLabel":"Borrador"},{"$i":"message-delivery-status-sending","$v":"Enviando…"},{"$i":"message-delivery-status-delivered","ariaLabel":"Recibido"},{"$i":"message-delivery-status-read","ariaLabel":"Lidos"},{"$i":"message-delivery-status-error","ariaLabel":"Erro"},{"$i":"modal-dialog-ok-button","$v":"OK"},{"$i":"modal-dialog-cancel-button","$v":"Cancel"},{"$i":"modal-dialog-default-title","$v":"Messages"},{"$i":"weekday-0-long","$v":"Domingo"},{"$i":"weekday-1-long","$v":"Luns"},{"$i":"weekday-2-long","$v":"Martes"},{"$i":"weekday-3-long","$v":"Mércores"},{"$i":"weekday-4-long","$v":"Xoves"},{"$i":"weekday-5-long","$v":"Venres"},{"$i":"weekday-6-long","$v":"Sábado"},{"$i":"weekday-0-short","$v":"Dom"},{"$i":"weekday-1-short","$v":"Lun"},{"$i":"weekday-2-short","$v":"Mar"},{"$i":"weekday-3-short","$v":"Mer"},{"$i":"weekday-4-short","$v":"Xov"},{"$i":"weekday-5-short","$v":"Ven"},{"$i":"weekday-6-short","$v":"Sab"},{"$i":"month-0-long","$v":"Xaneiro"},{"$i":"month-1-long","$v":"Febreiro"},{"$i":"month-2-long","$v":"Marzo"},{"$i":"month-3-long","$v":"Abril"},{"$i":"month-4-long","$v":"Maio"},{"$i":"month-5-long","$v":"Xuño"},{"$i":"month-6-long","$v":"Xullo"},{"$i":"month-7-long","$v":"Agosto"},{"$i":"month-8-long","$v":"Setembro"},{"$i":"month-9-long","$v":"Outubro"},{"$i":"month-10-long","$v":"Novembro"},{"$i":"month-11-long","$v":"Decembro"},{"$i":"month-0-genitive","$v":"Xaneiro"},{"$i":"month-1-genitive","$v":"Febreiro"},{"$i":"month-2-genitive","$v":"Marzo"},{"$i":"month-3-genitive","$v":"Abril"},{"$i":"month-4-genitive","$v":"Maio"},{"$i":"month-5-genitive","$v":"Xuño"},{"$i":"month-6-genitive","$v":"Xullo"},{"$i":"month-7-genitive","$v":"Agosto"},{"$i":"month-8-genitive","$v":"Setembro"},{"$i":"month-9-genitive","$v":"Outubro"},{"$i":"month-10-genitive","$v":"Novembro"},{"$i":"month-11-genitive","$v":"Decembro"},{"$i":"month-0-short","$v":"Xan"},{"$i":"month-1-short","$v":"Feb"},{"$i":"month-2-short","$v":"Mar"},{"$i":"month-3-short","$v":"Abr"},{"$i":"month-4-short","$v":"Maio"},{"$i":"month-5-short","$v":"Xun"},{"$i":"month-6-short","$v":"Xul"},{"$i":"month-7-short","$v":"Ago"},{"$i":"month-8-short","$v":"Set"},{"$i":"month-9-short","$v":"Out"},{"$i":"month-10-short","$v":"Nov"},{"$i":"month-11-short","$v":"Dec"},{"$i":"minutes-ago-long","$v":{"zero":"xusto agora","one":"hai un minuto","two":["hai ",{"t":"idOrVar","v":"value"}," minutos"],"few":["hai ",{"t":"idOrVar","v":"value"}," minutos"],"many":["hai ",{"t":"idOrVar","v":"value"}," minutos"],"other":["hai ",{"t":"idOrVar","v":"value"}," minutos"]},"$x":[{"t":"idOrVar","v":"plural"},"value"]},{"$i":"hours-ago-long","$v":{"zero":"xusto agora","one":"hai unha hora","two":["hai ",{"t":"idOrVar","v":"value"}," horas"],"few":["hai ",{"t":"idOrVar","v":"value"}," horas"],"many":["hai ",{"t":"idOrVar","v":"value"}," horas"],"other":["hai ",{"t":"idOrVar","v":"value"}," horas"]},"$x":[{"t":"idOrVar","v":"plural"},"value"]},{"$i":"days-ago-long","$v":{"zero":"hoxe","one":"onte","two":["hai ",{"t":"idOrVar","v":"value"}," días"],"few":["hai ",{"t":"idOrVar","v":"value"}," días"],"many":["hai ",{"t":"idOrVar","v":"value"}," días"],"other":["hai ",{"t":"idOrVar","v":"value"}," días"]},"$x":[{"t":"idOrVar","v":"plural"},"value"]},{"$i":"weeks-ago-long","$v":{"zero":"esta semana","one":"a semana pasada","two":["hai ",{"t":"idOrVar","v":"value"}," semanas"],"few":["hai ",{"t":"idOrVar","v":"value"}," semanas"],"many":["hai ",{"t":"idOrVar","v":"value"}," semanas"],"other":["hai ",{"t":"idOrVar","v":"value"}," semanas"]},"$x":[{"t":"idOrVar","v":"plural"},"value"]},{"$i":"months-ago-long","$v":{"zero":"Este mes","one":"o mes pasado","two":["hai ",{"t":"idOrVar","v":"value"}," meses"],"few":["hai ",{"t":"idOrVar","v":"value"}," meses"],"many":["hai ",{"t":"idOrVar","v":"value"}," meses"],"other":["hai ",{"t":"idOrVar","v":"value"}," meses"]},"$x":[{"t":"idOrVar","v":"plural"},"value"]},{"$i":"years-ago-long","$v":{"zero":"este ano","one":"o ano pasado","two":["hai ",{"t":"idOrVar","v":"value"}," anos"],"few":["hai ",{"t":"idOrVar","v":"value"}," anos"],"many":["hai ",{"t":"idOrVar","v":"value"}," anos"],"other":["hai ",{"t":"idOrVar","v":"value"}," anos"]},"$x":[{"t":"idOrVar","v":"plural"},"value"]},{"$i":"minutes-until-long","$v":{"zero":"agora","one":"nun minuto","two":["en ",{"t":"idOrVar","v":"value"}," minutos"],"few":["en ",{"t":"idOrVar","v":"value"}," minutos"],"many":["en ",{"t":"idOrVar","v":"value"}," minutos"],"other":["en ",{"t":"idOrVar","v":"value"}," minutos"]},"$x":[{"t":"idOrVar","v":"plural"},"value"]},{"$i":"hours-until-long","$v":{"zero":"agora","one":"nunha hora","two":["en ",{"t":"idOrVar","v":"value"}," horas"],"few":["en ",{"t":"idOrVar","v":"value"}," horas"],"many":["en ",{"t":"idOrVar","v":"value"}," horas"],"other":["en ",{"t":"idOrVar","v":"value"}," horas"]},"$x":[{"t":"idOrVar","v":"plural"},"value"]},{"$i":"days-until-long","$v":{"zero":"hoxe","one":"mañá","two":["en ",{"t":"idOrVar","v":"value"}," días"],"few":["en ",{"t":"idOrVar","v":"value"}," días"],"many":["en ",{"t":"idOrVar","v":"value"}," días"],"other":["en ",{"t":"idOrVar","v":"value"}," días"]},"$x":[{"t":"idOrVar","v":"plural"},"value"]},{"$i":"weeks-until-long","$v":{"zero":"esta semana","one":"a semana que ven","two":["en ",{"t":"idOrVar","v":"value"}," semanas"],"few":["en ",{"t":"idOrVar","v":"value"}," semanas"],"many":["en ",{"t":"idOrVar","v":"value"}," semanas"],"other":["en ",{"t":"idOrVar","v":"value"}," semanas"]},"$x":[{"t":"idOrVar","v":"plural"},"value"]},{"$i":"months-until-long","$v":{"zero":"Este mes","one":"o mes que ven","two":["en ",{"t":"idOrVar","v":"value"}," meses"],"few":["en ",{"t":"idOrVar","v":"value"}," meses"],"many":["en ",{"t":"idOrVar","v":"value"}," meses"],"other":["en ",{"t":"idOrVar","v":"value"}," meses"]},"$x":[{"t":"idOrVar","v":"plural"},"value"]},{"$i":"years-until-long","$v":{"zero":"este ano","one":"o ano que ven","two":["en ",{"t":"idOrVar","v":"value"}," anos"],"few":["en ",{"t":"idOrVar","v":"value"}," anos"],"many":["en ",{"t":"idOrVar","v":"value"}," anos"],"other":["en ",{"t":"idOrVar","v":"value"}," anos"]},"$x":[{"t":"idOrVar","v":"plural"},"value"]},{"$i":"minutes-ago-short","$v":{"zero":"xusto agora","other":["hai ",{"t":"idOrVar","v":"value"},"min"]},"$x":[{"t":"idOrVar","v":"plural"},"value"]},{"$i":"hours-ago-short","$v":{"zero":"xusto agora","other":["hai ",{"t":"idOrVar","v":"value"},"h"]},"$x":[{"t":"idOrVar","v":"plural"},"value"]},{"$i":"days-ago-short","$v":{"zero":"hoxe","other":["hai ",{"t":"idOrVar","v":"value"},"d"]},"$x":[{"t":"idOrVar","v":"plural"},"value"]},{"$i":"minutes-until-short","$v":{"zero":"agora","other":["en ",{"t":"idOrVar","v":"value"},"min"]},"$x":[{"t":"idOrVar","v":"plural"},"value"]},{"$i":"hours-until-short","$v":{"zero":"agora","other":["en ",{"t":"idOrVar","v":"value"},"h"]},"$x":[{"t":"idOrVar","v":"plural"},"value"]},{"$i":"days-until-short","$v":{"zero":"hoxe","other":["en ",{"t":"idOrVar","v":"value"},"d"]},"$x":[{"t":"idOrVar","v":"plural"},"value"]},{"$i":"dateTimeFormat_%c","$v":"%a, %e de %b, %Y %H:%M:%S"},{"$i":"dateTimeFormat_%x","$v":"%d/%m/%Y"},{"$i":"dateTimeFormat_%X","$v":"%H:%M:%S"},{"$i":"shortTimeFormat","$v":"%H:%M"},{"$i":"shortTimeFormat12","$v":"%H:%M"},{"$i":"shortTimeFormat24","$v":"%H:%M"},{"$i":"shortDateTimeFormat","$v":"%x %H:%M %p"},{"$i":"weekStartsOnMonday","$v":"1"},{"$i":"firstDayOfTheWeek","$v":"0"},{"$i":"time_am","$v":"AM"},{"$i":"time_pm","$v":"PM"},{"$i":"gaia-menu-cancel","$v":"Cancelar"},{"$i":"gaia-sim-picker-dial-via-with-number","$v":["Marcar ",{"t":"idOrVar","v":"phoneNumber"}," con"]},{"$i":"gaia-sim-picker-select-sim","$v":"Seleccionar SIM"},{"$i":"gaia-sim-picker-button","$v":["SIM",{"t":"idOrVar","v":"n"}]},{"$i":"gaia-sim-picker-button-default","$v":"(predeterminado)"}]