[{"$i":"messages","$v":"Üzenetek"},{"$i":"deleteMessages-title","$v":"Üzenetek törlése"},{"$i":"selectThreads-title","$v":"Kiválasztás"},{"$i":"edit","$v":"Szerkesztés"},{"$i":"back","$v":"Vissza"},{"$i":"cancel","$v":"Mégse"},{"$i":"undo","$v":"Visszavonás"},{"$i":"done","$v":"Kész"},{"$i":"delete","$v":"Törlés"},{"$i":"delete-thread","$v":"Delete thread"},{"$i":"mark-as-read","$v":"Mark as read"},{"$i":"mark-as-unread","$v":"Mark as unread"},{"$i":"deleting-messages","$v":"Törlés…"},{"$i":"select-all","$v":"Minden kijelölése"},{"$i":"deselect-all","$v":"Kijelölés törlése"},{"$i":"selected-threads","$v":{"zero":"nincs kijelölés","one":[{"t":"idOrVar","v":"n"}," kijelölve"],"two":[{"t":"idOrVar","v":"n"}," kijelölve"],"few":[{"t":"idOrVar","v":"n"}," kijelölve"],"many":[{"t":"idOrVar","v":"n"}," kijelölve"],"other":[{"t":"idOrVar","v":"n"}," kijelölve"]},"$x":[{"t":"idOrVar","v":"plural"},"n"]},{"$i":"selected-messages","$v":{"zero":"nincs kijelölés","one":[{"t":"idOrVar","v":"n"}," kijelölve"],"two":[{"t":"idOrVar","v":"n"}," kijelölve"],"few":[{"t":"idOrVar","v":"n"}," kijelölve"],"many":[{"t":"idOrVar","v":"n"}," kijelölve"],"other":[{"t":"idOrVar","v":"n"}," kijelölve"]},"$x":[{"t":"idOrVar","v":"plural"},"n"]},{"$i":"selectThreads-label","$v":"Válasszon szálakat"},{"$i":"selectMessages-label","$v":"Üzenetek kiválasztása"},{"$i":"settings","$v":"Beállítások"},{"$i":"add-subject","$v":"Tárgy hozzáadása"},{"$i":"remove-subject","$v":"Tárgy eltávolítása"},{"$i":"to","$v":"Címzett:"},{"$i":"new","$v":"Új"},{"$i":"message","$v":"Üzenet"},{"$i":"messagesInput_placeholder","$v":"Üzenet"},{"$i":"messagesSubjectInput_placeholder","$v":"Tárgy"},{"$i":"converted-to-mms","$v":"Átalakítás multimédiás üzenetté."},{"$i":"converted-to-sms","$v":"Átalakítás szöveges üzenetté."},{"$i":"messages-max-length-text","$v":"Elérte a maximális hosszt."},{"$i":"messages-max-subject-length-text","$v":"A tárgy maximum ilyen hosszú lehet."},{"$i":"multimedia-message-exceeded-max-length","$v":["You’ve exceeded the ",{"t":"idOrVar","v":"mmsSize"}," KB size limit of a single multimedia message. Remove attachments or shorten the message to send it."]},{"$i":"newMessage","$v":"Új üzenet"},{"$i":"sendMessage","$v":"Üzenet küldése"},{"$i":"sendMMSToEmail","$v":"Send multimedia message"},{"$i":"no-recipient","$v":"(Nincs címzett)"},{"$i":"recipient","$v":{"one":[{"t":"idOrVar","v":"n"}," címzett"],"two":[{"t":"idOrVar","v":"n"}," címzett"],"few":[{"t":"idOrVar","v":"n"}," címzett"],"many":[{"t":"idOrVar","v":"n"}," címzett"],"other":[{"t":"idOrVar","v":"n"}," címzett"]},"$x":[{"t":"idOrVar","v":"plural"},"n"]},{"$i":"attachmentSizeB","$v":[{"t":"idOrVar","v":"n"}," B"]},{"$i":"attachmentSizeKB","$v":[{"t":"idOrVar","v":"n"}," KB"]},{"$i":"attachmentSizeMB","$v":[{"t":"idOrVar","v":"n"}," MB"]},{"$i":"attachmentOpenError","$v":"Nem érhető el alkalmazás a fájltípus megnyitásához."},{"$i":"remove","$v":"Eltávolítás"},{"$i":"participant","$v":{"one":[{"t":"idOrVar","v":"n"}," résztvevő"],"two":[{"t":"idOrVar","v":"n"}," résztvevő"],"few":[{"t":"idOrVar","v":"n"}," résztvevő"],"many":[{"t":"idOrVar","v":"n"}," résztvevő"],"other":[{"t":"idOrVar","v":"n"}," résztvevő"]},"$x":[{"t":"idOrVar","v":"plural"},"n"]},{"$i":"message-report","$v":"Üzenetjelentés"},{"$i":"message-type-sms","$v":"Szöveges üzenet (SMS)"},{"$i":"message-type-mms","$v":"Multimédiás üzenet (MMS)"},{"$i":"sms-report-description","$v":["Szöveges üzenete (SMS) elküldve ekkor: ",{"t":"idOrVar","v":"datetime"}]},{"$i":"mms-report-description","$v":[{"t":"idOrVar","v":"subject"}," tárgyú multimédiás üzenete (MMS) elküldve ekkor: ",{"t":"idOrVar","v":"datetime"}]},{"$i":"mms-no-subject-report-description","$v":["Multimédiás üzenete (MMS) elküldve ekkor: ",{"t":"idOrVar","v":"datetime"}]},{"$i":"message-subject","$v":"Subject:"},{"$i":"report-status-error","$v":"Message could not be sent"},{"$i":"report-status-not-downloaded","$v":"not downloaded"},{"$i":"report-status-delivered","$v":"Delivered:"},{"$i":"report-status-read","$v":"Read:"},{"$i":"report-status-pending","$v":"Report requested"},{"$i":"report-status-rejected","$v":"Message rejected"},{"$i":"message-size-was","$v":"Üzenet mérete:"},{"$i":"report-dateTimeFormat12","$v":["%Y. %B %d., ",{"t":"idOrVar","v":"shortTimeFormat12"}]},{"$i":"report-dateTimeFormat24","$v":["%Y. %B %d., ",{"t":"idOrVar","v":"shortTimeFormat24"}]},{"$i":"report-to-title","$v":"To"},{"$i":"report-from-title","$v":"From"},{"$i":"message-sent","$v":"Elküldve:"},{"$i":"message-sending","$v":[{"t":"idOrVar","v":"message-delivery-status-sending"}]},{"$i":"message-received","$v":"Megérkezett:"},{"$i":"message-via","$v":"Közvetítő:"},{"$i":"message-resend","$v":"Resend"},{"$i":"search","$v":"Keresés"},{"$i":"unknown-contact-title","$v":"Unknown Contact"},{"$i":"phone-type-separator","$v":", "},{"$i":"phone-carrier-separator","$v":" "},{"$i":"thread-participant-separator","$v":", "},{"$i":"replace-draft","$v":"Meglévő piszkozat cseréje"},{"$i":"save-as-draft","$v":"Mentés piszkozatként"},{"$i":"discard-message","$v":"Eldobás"},{"$i":"discard-sms","$v":"Biztos, hogy eldobja ezt az üzenetet?"},{"$i":"discard-new-message","$v":"Elveti az éppen szerkesztett üzenetet, és egy új üzenetet ír?"},{"$i":"resend-confirmation","$v":"Az üzenet nem küldhető el. Újrapróbálja?"},{"$i":"resend-message","$v":"Üzenet újraküldése"},{"$i":"deleteMessage-confirmation","$v":"Delete selected message?"},{"$i":"deleteMessages-confirmation-message","$v":{"zero":"Please select messages to be deleted.","one":"Delete selected message?","two":["Delete ",{"t":"idOrVar","v":"n"}," selected messages?"],"few":["Delete ",{"t":"idOrVar","v":"n"}," selected messages?"],"many":["Delete ",{"t":"idOrVar","v":"n"}," selected messages?"],"other":["Delete ",{"t":"idOrVar","v":"n"}," selected messages?"]},"$x":[{"t":"idOrVar","v":"plural"},"n"]},{"$i":"deleteThreads-confirmation-message","$v":{"zero":"Please select message threads to be deleted.","one":"Delete selected message thread?","two":["Delete ",{"t":"idOrVar","v":"n"}," selected message threads?"],"few":["Delete ",{"t":"idOrVar","v":"n"}," selected message threads?"],"many":["Delete ",{"t":"idOrVar","v":"n"}," selected message threads?"],"other":["Delete ",{"t":"idOrVar","v":"n"}," selected message threads?"]},"$x":[{"t":"idOrVar","v":"plural"},"n"]},{"$i":"new-message-notice-text","$v":"Új üzenet tőle"},{"$i":"new-message-notice-a-text","$v":"Elolvasás"},{"$i":"noMessages-title","$v":"Nincsenek üzenetek"},{"$i":"noMessages-text","$v":"Kezdjen kommunikálni most"},{"$i":"sendDefaultErrorTitle","$v":"Az üzenet nem lett elküldve"},{"$i":"sendDefaultErrorBody","$v":"Hiba lépett fel az üzenet elküldésekor. Kérem próbálja újra."},{"$i":"sendDefaultErrorBtnOk","$v":"OK"},{"$i":"sendMissingSimCardTitle","$v":"Nincs SIM kártya"},{"$i":"sendMissingSimCardBody","$v":"Helyezzen be működő SIM kártyát a folytatáshoz."},{"$i":"sendMissingSimCardBtnOk","$v":"OK"},{"$i":"sendFlightModeTitle","$v":"A repülő mód be van kapcsolva"},{"$i":"sendFlightModeBody","$v":"Kapcsolja ki a repülő módot az üzenetek küldéséhez."},{"$i":"sendFlightModeBtnOk","$v":"OK"},{"$i":"radioDisabledToDownloadTitle","$v":[{"t":"idOrVar","v":"sendFlightModeTitle"}]},{"$i":"radioDisabledToDownloadBody","$v":"Kapcsolja ki a repülő módot a mellékletek letöltéséhez."},{"$i":"radioDisabledToDownloadBtnOk","$v":[{"t":"idOrVar","v":"sendFlightModeBtnOk"}]},{"$i":"fdnBlocked2Title","$v":"FDN aktív"},{"$i":"sms-counter-notice-label","$v":["Editing SMS ",{"t":"idOrVar","v":"number"}]},{"$i":"fdnBlocked2Body","innerHTML":{"$x":[{"t":"idOrVar","v":"plural"},"n"],"$v":{"one":["Az FDN engedélyezve van. Bizonyosodjon meg róla, hogy az SMS központ és a címzett rajta van-e az FDN listán:<br />",{"t":"idOrVar","v":"numbers"}],"two":["Az FDN engedélyezve van. Bizonyosodjon meg róla, hogy az SMS központ és a címzettek rajta vannak-e az FDN listán:<br />",{"t":"idOrVar","v":"numbers"}],"few":["Az FDN engedélyezve van. Bizonyosodjon meg róla, hogy az SMS központ és a címzettek rajta vannak-e az FDN listán:<br />",{"t":"idOrVar","v":"numbers"}],"many":["Az FDN engedélyezve van. Bizonyosodjon meg róla, hogy az SMS központ és a címzettek rajta vannak-e az FDN listán:<br />",{"t":"idOrVar","v":"numbers"}],"other":["Az FDN engedélyezve van. Bizonyosodjon meg róla, hogy az SMS központ és a címzettek rajta vannak-e az FDN listán:<br />",{"t":"idOrVar","v":"numbers"}]}}},{"$i":"fdnBlocked2BtnOk","$v":"OK"},{"$i":"switchSimToRetrieveTitle","$v":"Adatkapcsolat váltása"},{"$i":"switchSimToRetrieveBody","$v":["Az MMS fogadásához átváltja az adatkapcsolatot ",{"t":"idOrVar","v":"nonActiveSimId"}," SIM-re. Az éppen ",{"t":"idOrVar","v":"activeSimId"}," SIM-en keresztül folyó adatátvitel felfüggesztésre kerül. Mégis folytatja?"]},{"$i":"switchSimToRetrieveBtnOk","$v":"Később"},{"$i":"switchSimToRetrieveConfirm","$v":"OK"},{"$i":"switchSimToSendTitle","$v":[{"t":"idOrVar","v":"switchSimToRetrieveTitle"}]},{"$i":"switchSimToSendBody","$v":["Az MMS küldéséhez átváltja az adatkapcsolatot ",{"t":"idOrVar","v":"nonActiveSimId"}," SIM-re. Az éppen ",{"t":"idOrVar","v":"activeSimId"}," SIM-en keresztül folyó adatátvitel felfüggesztésre kerül. Mégis folytatja?"]},{"$i":"switchSimToSendBtnOk","$v":[{"t":"idOrVar","v":"switchSimToRetrieveBtnOk"}]},{"$i":"switchSimToSendConfirm","$v":[{"t":"idOrVar","v":"switchSimToRetrieveConfirm"}]},{"$i":"sendNoSignalErrorTitle","$v":"Nincs hálózati lefedettség"},{"$i":"sendNoSignalErrorBody","$v":"Győződjön meg, hogy van térerő és próbálja meg újra."},{"$i":"sendNoSignalErrorBtnOk","$v":"OK"},{"$i":"sendNotFoundErrorTitle","$v":"Üzenet nem található"},{"$i":"sendNotFoundErrorBody","$v":"A keresett üzenet nem érhető el többé."},{"$i":"sendNotFoundErrorBtnOk","$v":"OK"},{"$i":"sendInvalidAddressErrorTitle","$v":"A szám érvénytelen"},{"$i":"sendInvalidAddressErrorBody","$v":"Győződjön meg a címzett telefonszámának érvényességéről."},{"$i":"sendInvalidAddressErrorBtnOk","$v":"OK"},{"$i":"simNotMatchedErrorTitle","$v":"Nem tölthető le"},{"$i":"simNotMatchedErrorBody","$v":"Bizonyosodjon meg róla, hogy a behelyezett SIM kártyát szokta-e használni az üzenet fogadásához."},{"$i":"simNotMatchedErrorBtnOk","$v":"OK"},{"$i":"deleted-sms","$v":"Ez az üzenet már törölve van."},{"$i":"view-attachment-image","$v":"Megjelenítés"},{"$i":"view-attachment-audio","$v":"Meghallgatás"},{"$i":"view-attachment-video","$v":"Megjelenítés"},{"$i":"view-attachment-other","$v":"Megjelenítés"},{"$i":"remove-attachment-image","$v":"Kép eltávolítása"},{"$i":"remove-attachment-audio","$v":"Hang eltávolítása"},{"$i":"remove-attachment-video","$v":"Videó eltávolítása"},{"$i":"remove-attachment-other","$v":"Melléklet eltávolítása"},{"$i":"replace-attachment-image","$v":"Kép cseréje"},{"$i":"replace-attachment-audio","$v":"Hang cseréje"},{"$i":"replace-attachment-video","$v":"Videó cseréje"},{"$i":"replace-attachment-other","$v":"Melléklet cseréje"},{"$i":"unsent-message-title","$v":"Elküldetlen üzenet"},{"$i":"unsent-message-text","$v":"Your previous message was not sent. Do you want to discard the unsent message and continue?"},{"$i":"unsent-message-option-edit","$v":"Szerkesztés"},{"$i":"unsent-message-option-discard","$v":"Eldobás"},{"$i":"message-options","$v":"Üzenetbeállítások"},{"$i":"thread-options","$v":"Thread options"},{"$i":"forward","$v":"Továbbítás"},{"$i":"view-message-report","$v":"Üzenetjelentés megjelenítése"},{"$i":"select-text","$v":"Select text"},{"$i":"mobile","$v":"Mobil"},{"$i":"home","$v":"Otthoni"},{"$i":"work","$v":"Munka"},{"$i":"personal","$v":"Saját"},{"$i":"faxHome","$v":"Ott. fax"},{"$i":"faxOffice","$v":"Mh. fax"},{"$i":"faxOther","$v":"Más fax"},{"$i":"another","$v":"Másik"},{"$i":"other","$v":"Egyéb"},{"$i":"today","$v":"ma"},{"$i":"yesterday","$v":"tegnap"},{"$i":"incorrectDate","$v":"(helytelen dátum)"},{"$i":"addToExistingContact","$v":"Meglévő névjegyhez adás"},{"$i":"createNewContact","$v":"Új névjegy létrehozása"},{"$i":"viewContact","$v":"Névjegy megtekintése"},{"$i":"call","$v":"Hívás"},{"$i":"sendEmail","$v":"E-mail küldése"},{"$i":"mms-message","$v":"MMS üzenet"},{"$i":"notDownloaded-title","$v":"Az üzenet még nincs letöltve."},{"$i":"tobedownloaded-attachment","$v":["You received a multimedia message. You can use the link below to download its content until ",{"t":"idOrVar","v":"date"},"."]},{"$i":"expired-attachment","$v":["Elnézést, az üzenet már nem tölthető le, mert az ekkor lejárt: ",{"t":"idOrVar","v":"date"},"."]},{"$i":"download-attachment","$v":"Letöltés"},{"$i":"downloading-attachment","$v":"Letöltés…"},{"$i":"unnamed-attachment","$v":"névtelen"},{"$i":"mms-label","$v":"MMS"},{"$i":"attached-files-too-large","$v":{"zero":["The files you have selected exceed the ",{"t":"idOrVar","v":"mmsSize"}," KB size limit of a single multimedia message."],"one":["The file you have selected exceeds the ",{"t":"idOrVar","v":"mmsSize"}," KB size limit of a single multimedia message."],"two":["The files you have selected exceed the ",{"t":"idOrVar","v":"mmsSize"}," KB size limit of a single multimedia message."],"few":["The files you have selected exceed the ",{"t":"idOrVar","v":"mmsSize"}," KB size limit of a single multimedia message."],"many":["The files you have selected exceed the ",{"t":"idOrVar","v":"mmsSize"}," KB size limit of a single multimedia message."],"other":["The files you have selected exceed the ",{"t":"idOrVar","v":"mmsSize"}," KB size limit of a single multimedia message."]},"$x":[{"t":"idOrVar","v":"plural"},"n"]},{"$i":"resize-image","$v":"A csatolt kép átméretezése"},{"$i":"no-attachment-text","$v":"Hiba történt a csatolt fájllal, emiatt az nem tölthető le."},{"$i":"message-draft-saved","$v":"Üzenet mentve piszkozatként"},{"$i":"sim-id-label","$v":["SIM ",{"t":"idOrVar","v":"id"}]},{"$i":"sim-detail","$v":[{"t":"idOrVar","v":"id"},". SIM, ",{"t":"idOrVar","v":"detailString"}]},{"$i":"dsds-notification-title-with-sim","$v":["(",{"t":"idOrVar","v":"sim"},") ",{"t":"idOrVar","v":"sender"}]},{"$i":"send-button","ariaLabel":"Send"},{"$i":"send-button-sim-indication","$v":[{"t":"idOrVar","v":"n"}],"ariaLabel":[{"t":"idOrVar","v":"n"},". SIM használata"]},{"$i":"expiry-date-format","$v":"%A, %b %d"},{"$i":"attach-button","ariaLabel":"Melléklet hozzáadása"},{"$i":"contact-photo","ariaLabel":"Névjegykép"},{"$i":"unread-thread","ariaLabel":"Olvasatlan"},{"$i":"has-draft","ariaLabel":"Van piszkozat"},{"$i":"is-draft","ariaLabel":"Piszkozat"},{"$i":"message-delivery-status-sending","$v":"Küldés…"},{"$i":"message-delivery-status-delivered","ariaLabel":"Kézbesítve"},{"$i":"message-delivery-status-read","ariaLabel":"Olvasott"},{"$i":"message-delivery-status-error","ariaLabel":"Hiba"},{"$i":"modal-dialog-ok-button","$v":"OK"},{"$i":"modal-dialog-cancel-button","$v":"Cancel"},{"$i":"modal-dialog-default-title","$v":"Messages"},{"$i":"weekday-0-long","$v":"Vasárnap"},{"$i":"weekday-1-long","$v":"Hétfő"},{"$i":"weekday-2-long","$v":"Kedd"},{"$i":"weekday-3-long","$v":"Szerda"},{"$i":"weekday-4-long","$v":"Csütörtök"},{"$i":"weekday-5-long","$v":"Péntek"},{"$i":"weekday-6-long","$v":"Szombat"},{"$i":"weekday-0-short","$v":"Va."},{"$i":"weekday-1-short","$v":"Hé."},{"$i":"weekday-2-short","$v":"Ke."},{"$i":"weekday-3-short","$v":"Sze."},{"$i":"weekday-4-short","$v":"Csü."},{"$i":"weekday-5-short","$v":"Pé."},{"$i":"weekday-6-short","$v":"Szo."},{"$i":"month-0-long","$v":"Január"},{"$i":"month-1-long","$v":"Február"},{"$i":"month-2-long","$v":"Március"},{"$i":"month-3-long","$v":"Április"},{"$i":"month-4-long","$v":"Május"},{"$i":"month-5-long","$v":"Június"},{"$i":"month-6-long","$v":"Július"},{"$i":"month-7-long","$v":"Augusztus"},{"$i":"month-8-long","$v":"Szeptember"},{"$i":"month-9-long","$v":"Október"},{"$i":"month-10-long","$v":"November"},{"$i":"month-11-long","$v":"December"},{"$i":"month-0-genitive","$v":"Január"},{"$i":"month-1-genitive","$v":"Február"},{"$i":"month-2-genitive","$v":"Március"},{"$i":"month-3-genitive","$v":"Április"},{"$i":"month-4-genitive","$v":"Május"},{"$i":"month-5-genitive","$v":"Június"},{"$i":"month-6-genitive","$v":"Július"},{"$i":"month-7-genitive","$v":"Augusztus"},{"$i":"month-8-genitive","$v":"Szeptember"},{"$i":"month-9-genitive","$v":"Október"},{"$i":"month-10-genitive","$v":"November"},{"$i":"month-11-genitive","$v":"December"},{"$i":"month-0-short","$v":"Jan"},{"$i":"month-1-short","$v":"Feb"},{"$i":"month-2-short","$v":"Már"},{"$i":"month-3-short","$v":"Ápr"},{"$i":"month-4-short","$v":"Máj"},{"$i":"month-5-short","$v":"Jún"},{"$i":"month-6-short","$v":"Júl"},{"$i":"month-7-short","$v":"Aug"},{"$i":"month-8-short","$v":"Szep"},{"$i":"month-9-short","$v":"Okt"},{"$i":"month-10-short","$v":"Nov"},{"$i":"month-11-short","$v":"Dec"},{"$i":"minutes-ago-long","$v":{"zero":"épp most","one":"egy perccel ezelőtt","two":[{"t":"idOrVar","v":"value"}," perccel ezelőtt"],"few":[{"t":"idOrVar","v":"value"}," perccel ezelőtt"],"many":[{"t":"idOrVar","v":"value"}," perccel ezelőtt"],"other":[{"t":"idOrVar","v":"value"}," perccel ezelőtt"]},"$x":[{"t":"idOrVar","v":"plural"},"value"]},{"$i":"hours-ago-long","$v":{"zero":"épp most","one":"egy órája","two":[{"t":"idOrVar","v":"value"}," órával ezelőtt"],"few":[{"t":"idOrVar","v":"value"}," órával ezelőtt"],"many":[{"t":"idOrVar","v":"value"}," órával ezelőtt"],"other":[{"t":"idOrVar","v":"value"}," órával ezelőtt"]},"$x":[{"t":"idOrVar","v":"plural"},"value"]},{"$i":"days-ago-long","$v":{"zero":"ma","one":"tegnap","two":[{"t":"idOrVar","v":"value"}," nappal ezelőtt"],"few":[{"t":"idOrVar","v":"value"}," nappal ezelőtt"],"many":[{"t":"idOrVar","v":"value"}," nappal ezelőtt"],"other":[{"t":"idOrVar","v":"value"}," nappal ezelőtt"]},"$x":[{"t":"idOrVar","v":"plural"},"value"]},{"$i":"weeks-ago-long","$v":{"zero":"ez a hét","one":"múlt hét","two":[{"t":"idOrVar","v":"value"}," héttel ezelőtt"],"few":[{"t":"idOrVar","v":"value"}," héttel ezelőtt"],"many":[{"t":"idOrVar","v":"value"}," héttel ezelőtt"],"other":[{"t":"idOrVar","v":"value"}," héttel ezelőtt"]},"$x":[{"t":"idOrVar","v":"plural"},"value"]},{"$i":"months-ago-long","$v":{"zero":"ez a hónap","one":"előző hónap","two":[{"t":"idOrVar","v":"value"}," hónappal ezelőtt"],"few":[{"t":"idOrVar","v":"value"}," hónappal ezelőtt"],"many":[{"t":"idOrVar","v":"value"}," hónappal ezelőtt"],"other":[{"t":"idOrVar","v":"value"}," hónappal ezelőtt"]},"$x":[{"t":"idOrVar","v":"plural"},"value"]},{"$i":"years-ago-long","$v":{"zero":"ez az év","one":"tavaly","two":[{"t":"idOrVar","v":"value"}," évvel ezelőtt"],"few":[{"t":"idOrVar","v":"value"}," évvel ezelőtt"],"many":[{"t":"idOrVar","v":"value"}," évvel ezelőtt"],"other":[{"t":"idOrVar","v":"value"}," évvel ezelőtt"]},"$x":[{"t":"idOrVar","v":"plural"},"value"]},{"$i":"minutes-until-long","$v":{"zero":"most","one":"egy percen belül","two":[{"t":"idOrVar","v":"value"}," percen belül"],"few":[{"t":"idOrVar","v":"value"}," percen belül"],"many":[{"t":"idOrVar","v":"value"}," percen belül"],"other":[{"t":"idOrVar","v":"value"}," percen belül"]},"$x":[{"t":"idOrVar","v":"plural"},"value"]},{"$i":"hours-until-long","$v":{"zero":"most","one":"egy órán belül","two":[{"t":"idOrVar","v":"value"}," órán belül"],"few":[{"t":"idOrVar","v":"value"}," órán belül"],"many":[{"t":"idOrVar","v":"value"}," órán belül"],"other":[{"t":"idOrVar","v":"value"}," órán belül"]},"$x":[{"t":"idOrVar","v":"plural"},"value"]},{"$i":"days-until-long","$v":{"zero":"ma","one":"holnap","two":[{"t":"idOrVar","v":"value"}," napon belül"],"few":[{"t":"idOrVar","v":"value"}," napon belül"],"many":[{"t":"idOrVar","v":"value"}," napon belül"],"other":[{"t":"idOrVar","v":"value"}," napon belül"]},"$x":[{"t":"idOrVar","v":"plural"},"value"]},{"$i":"weeks-until-long","$v":{"zero":"ez a hét","one":"következő hét","two":[{"t":"idOrVar","v":"value"}," héten belül"],"few":[{"t":"idOrVar","v":"value"}," héten belül"],"many":[{"t":"idOrVar","v":"value"}," héten belül"],"other":[{"t":"idOrVar","v":"value"}," héten belül"]},"$x":[{"t":"idOrVar","v":"plural"},"value"]},{"$i":"months-until-long","$v":{"zero":"ez a hónap","one":"következő hónap","two":[{"t":"idOrVar","v":"value"}," héten belül"],"few":[{"t":"idOrVar","v":"value"}," héten belül"],"many":[{"t":"idOrVar","v":"value"}," héten belül"],"other":[{"t":"idOrVar","v":"value"}," héten belül"]},"$x":[{"t":"idOrVar","v":"plural"},"value"]},{"$i":"years-until-long","$v":{"zero":"ez az év","one":"következő év","two":[{"t":"idOrVar","v":"value"}," éven belül"],"few":[{"t":"idOrVar","v":"value"}," éven belül"],"many":[{"t":"idOrVar","v":"value"}," éven belül"],"other":[{"t":"idOrVar","v":"value"}," éven belül"]},"$x":[{"t":"idOrVar","v":"plural"},"value"]},{"$i":"minutes-ago-short","$v":{"zero":"épp most","other":[{"t":"idOrVar","v":"value"},"p ezelőtt"]},"$x":[{"t":"idOrVar","v":"plural"},"value"]},{"$i":"hours-ago-short","$v":{"zero":"épp most","other":[{"t":"idOrVar","v":"value"},"ó ezelőtt"]},"$x":[{"t":"idOrVar","v":"plural"},"value"]},{"$i":"days-ago-short","$v":{"zero":"ma","other":[{"t":"idOrVar","v":"value"},"n ezelőtt"]},"$x":[{"t":"idOrVar","v":"plural"},"value"]},{"$i":"minutes-until-short","$v":{"zero":"most","other":[{"t":"idOrVar","v":"value"}," percen belül"]},"$x":[{"t":"idOrVar","v":"plural"},"value"]},{"$i":"hours-until-short","$v":{"zero":"most","other":[{"t":"idOrVar","v":"value"}," órán belül"]},"$x":[{"t":"idOrVar","v":"plural"},"value"]},{"$i":"days-until-short","$v":{"zero":"ma","other":[{"t":"idOrVar","v":"value"}," napon belül"]},"$x":[{"t":"idOrVar","v":"plural"},"value"]},{"$i":"dateTimeFormat_%c","$v":"%Y. %b %d %a %H:%M:%S"},{"$i":"dateTimeFormat_%x","$v":"%Y. %m. %d."},{"$i":"dateTimeFormat_%X","$v":"%H:%M:%S"},{"$i":"shortTimeFormat","$v":"%I:%M %p"},{"$i":"shortTimeFormat12","$v":"%I:%M %p"},{"$i":"shortTimeFormat24","$v":"%H:%M"},{"$i":"shortDateTimeFormat","$v":"%x %H:%M"},{"$i":"weekStartsOnMonday","$v":"1"},{"$i":"firstDayOfTheWeek","$v":"0"},{"$i":"time_am","$v":"DE"},{"$i":"time_pm","$v":"DU"},{"$i":"gaia-menu-cancel","$v":"Mégse"},{"$i":"gaia-sim-picker-dial-via-with-number","$v":["Dial ",{"t":"idOrVar","v":"phoneNumber"}," via"]},{"$i":"gaia-sim-picker-select-sim","$v":"Select SIM"},{"$i":"gaia-sim-picker-button","$v":["SIM",{"t":"idOrVar","v":"n"}]},{"$i":"gaia-sim-picker-button-default","$v":"(default)"}]