[{"$i":"messages","$v":"Messaggi"},{"$i":"deleteMessages-title","$v":"Elimina messaggi"},{"$i":"selectThreads-title","$v":"Selezione"},{"$i":"edit","$v":"Modifica"},{"$i":"back","$v":"Indietro"},{"$i":"cancel","$v":"Annulla"},{"$i":"undo","$v":"Annulla"},{"$i":"done","$v":"Fine"},{"$i":"delete","$v":"Elimina"},{"$i":"delete-thread","$v":"Delete thread"},{"$i":"mark-as-read","$v":"Mark as read"},{"$i":"mark-as-unread","$v":"Mark as unread"},{"$i":"deleting-messages","$v":"Eliminazione messaggi…"},{"$i":"select-all","$v":"Seleziona tutto"},{"$i":"deselect-all","$v":"Deseleziona tutto"},{"$i":"selected-threads","$v":{"zero":"nessuna selezionata","one":[{"t":"idOrVar","v":"n"}," selezionata"],"two":[{"t":"idOrVar","v":"n"}," selezionate"],"few":[{"t":"idOrVar","v":"n"}," selezionate"],"many":[{"t":"idOrVar","v":"n"}," selezionate"],"other":[{"t":"idOrVar","v":"n"}," selezionate"]},"$x":[{"t":"idOrVar","v":"plural"},"n"]},{"$i":"selected-messages","$v":{"zero":"nessuno selezionato","one":[{"t":"idOrVar","v":"n"}," selezionato"],"two":[{"t":"idOrVar","v":"n"}," selezionati"],"few":[{"t":"idOrVar","v":"n"}," selezionati"],"many":[{"t":"idOrVar","v":"n"}," selezionati"],"other":[{"t":"idOrVar","v":"n"}," selezionati"]},"$x":[{"t":"idOrVar","v":"plural"},"n"]},{"$i":"selectThreads-label","$v":"Seleziona conversazioni"},{"$i":"selectMessages-label","$v":"Seleziona messaggi"},{"$i":"settings","$v":"Impostazioni"},{"$i":"add-subject","$v":"Aggiungi oggetto"},{"$i":"remove-subject","$v":"Rimuovi oggetto"},{"$i":"to","$v":"A:"},{"$i":"new","$v":"Nuovo"},{"$i":"message","$v":"Messaggio"},{"$i":"messagesInput_placeholder","$v":"Messaggio"},{"$i":"messagesSubjectInput_placeholder","$v":"Oggetto"},{"$i":"converted-to-mms","$v":"Conversione in messaggio multimediale."},{"$i":"converted-to-sms","$v":"Conversione in messaggio di testo."},{"$i":"messages-max-length-text","$v":"Raggiunta la lunghezza massima."},{"$i":"messages-max-subject-length-text","$v":"Raggiunta la lunghezza massima per l’oggetto."},{"$i":"multimedia-message-exceeded-max-length","$v":["È stata superata la dimensione massima disponibile per un singolo messaggio multimediale (",{"t":"idOrVar","v":"mmsSize"}," kB). Rimuovere allegati o abbreviare il messaggio per inviarlo."]},{"$i":"newMessage","$v":"Nuovo"},{"$i":"sendMessage","$v":"Invia messaggio"},{"$i":"sendMMSToEmail","$v":"Invia messaggio multimediale"},{"$i":"no-recipient","$v":"(nessun destinatario)"},{"$i":"recipient","$v":{"one":[{"t":"idOrVar","v":"n"}," destinatario"],"two":[{"t":"idOrVar","v":"n"}," destinatari"],"few":[{"t":"idOrVar","v":"n"}," destinatari"],"many":[{"t":"idOrVar","v":"n"}," destinatari"],"other":[{"t":"idOrVar","v":"n"}," destinatari"]},"$x":[{"t":"idOrVar","v":"plural"},"n"]},{"$i":"attachmentSizeB","$v":[{"t":"idOrVar","v":"n"}," B"]},{"$i":"attachmentSizeKB","$v":[{"t":"idOrVar","v":"n"}," kB"]},{"$i":"attachmentSizeMB","$v":[{"t":"idOrVar","v":"n"}," MB"]},{"$i":"attachmentOpenError","$v":"Non è presente alcuna applicazione per aprire questo tipo di file."},{"$i":"remove","$v":"Elimina"},{"$i":"participant","$v":{"one":[{"t":"idOrVar","v":"n"}," partecipante"],"two":[{"t":"idOrVar","v":"n"}," partecipanti"],"few":[{"t":"idOrVar","v":"n"}," partecipanti"],"many":[{"t":"idOrVar","v":"n"}," partecipanti"],"other":[{"t":"idOrVar","v":"n"}," partecipanti"]},"$x":[{"t":"idOrVar","v":"plural"},"n"]},{"$i":"message-report","$v":"Dettagli messaggio"},{"$i":"message-type-sms","$v":"Messaggio di testo (SMS)"},{"$i":"message-type-mms","$v":"Messaggio multimediale (MMS)"},{"$i":"sms-report-description","$v":["Il messaggio di testo (SMS) è stato inviato il ",{"t":"idOrVar","v":"datetime"}]},{"$i":"mms-report-description","$v":["Il messaggio multimediale (MMS), oggetto ",{"t":"idOrVar","v":"subject"},", è stato inviato il ",{"t":"idOrVar","v":"datetime"}]},{"$i":"mms-no-subject-report-description","$v":["Il messaggio multimediale (MMS) è stato inviato il ",{"t":"idOrVar","v":"datetime"}]},{"$i":"message-subject","$v":"Oggetto:"},{"$i":"report-status-error","$v":"Impossibile inviare il messaggio"},{"$i":"report-status-not-downloaded","$v":"non scaricato"},{"$i":"report-status-delivered","$v":"Consegnato:"},{"$i":"report-status-read","$v":"Letto:"},{"$i":"report-status-pending","$v":"Richiesta ricevuta"},{"$i":"report-status-rejected","$v":"Messaggio rifiutato"},{"$i":"message-size-was","$v":"Dimensione messaggio:"},{"$i":"report-dateTimeFormat12","$v":["%e %B %Y - ",{"t":"idOrVar","v":"shortTimeFormat12"}]},{"$i":"report-dateTimeFormat24","$v":["%e %B %Y - ",{"t":"idOrVar","v":"shortTimeFormat24"}]},{"$i":"report-to-title","$v":"A"},{"$i":"report-from-title","$v":"Da"},{"$i":"message-sent","$v":"Inviato:"},{"$i":"message-sending","$v":[{"t":"idOrVar","v":"message-delivery-status-sending"}]},{"$i":"message-received","$v":"Ricevuto:"},{"$i":"message-via","$v":"Da:"},{"$i":"message-resend","$v":"Rinvia"},{"$i":"search","$v":"Cerca"},{"$i":"unknown-contact-title","$v":"Contatto sconosciuto"},{"$i":"phone-type-separator","$v":", "},{"$i":"phone-carrier-separator","$v":" "},{"$i":"thread-participant-separator","$v":", "},{"$i":"replace-draft","$v":"Sostituisci bozza esistente"},{"$i":"save-as-draft","$v":"Salva come bozza"},{"$i":"discard-message","$v":"Rimuovi"},{"$i":"discard-sms","$v":"Ignorare questo messaggio?"},{"$i":"discard-new-message","$v":"Abbandonare la composizione di questo messaggio e aprirne uno nuovo?"},{"$i":"resend-confirmation","$v":"Impossibile inviare questo messaggio. Provare a inviarlo di nuovo?"},{"$i":"resend-message","$v":"Rinvia questo messaggio"},{"$i":"deleteMessage-confirmation","$v":"Eliminare il messaggio selezionato?"},{"$i":"deleteMessages-confirmation-message","$v":{"zero":"Please select messages to be deleted.","one":"Delete selected message?","two":["Delete ",{"t":"idOrVar","v":"n"}," selected messages?"],"few":["Delete ",{"t":"idOrVar","v":"n"}," selected messages?"],"many":["Delete ",{"t":"idOrVar","v":"n"}," selected messages?"],"other":["Delete ",{"t":"idOrVar","v":"n"}," selected messages?"]},"$x":[{"t":"idOrVar","v":"plural"},"n"]},{"$i":"deleteThreads-confirmation-message","$v":{"zero":"Please select message threads to be deleted.","one":"Delete selected message thread?","two":["Delete ",{"t":"idOrVar","v":"n"}," selected message threads?"],"few":["Delete ",{"t":"idOrVar","v":"n"}," selected message threads?"],"many":["Delete ",{"t":"idOrVar","v":"n"}," selected message threads?"],"other":["Delete ",{"t":"idOrVar","v":"n"}," selected message threads?"]},"$x":[{"t":"idOrVar","v":"plural"},"n"]},{"$i":"new-message-notice-text","$v":"Nuovo messaggio da"},{"$i":"new-message-notice-a-text","$v":"Leggi"},{"$i":"noMessages-title","$v":"Nessun messaggio"},{"$i":"noMessages-text","$v":"Inizia a comunicare"},{"$i":"sendDefaultErrorTitle","$v":"Messaggio non inviato"},{"$i":"sendDefaultErrorBody","$v":"Si è verificato un errore durante l’invio del messaggio. Riprovare."},{"$i":"sendDefaultErrorBtnOk","$v":"OK"},{"$i":"sendMissingSimCardTitle","$v":"Scheda SIM assente"},{"$i":"sendMissingSimCardBody","$v":"Inserire una scheda SIM attiva per continuare."},{"$i":"sendMissingSimCardBtnOk","$v":"OK"},{"$i":"sendFlightModeTitle","$v":"Modalità aereo attiva"},{"$i":"sendFlightModeBody","$v":"Disattivare la modalità aereo per inviare messaggi."},{"$i":"sendFlightModeBtnOk","$v":"OK"},{"$i":"radioDisabledToDownloadTitle","$v":[{"t":"idOrVar","v":"sendFlightModeTitle"}]},{"$i":"radioDisabledToDownloadBody","$v":"Disattivare la modalità aereo per scaricare gli allegati."},{"$i":"radioDisabledToDownloadBtnOk","$v":[{"t":"idOrVar","v":"sendFlightModeBtnOk"}]},{"$i":"fdnBlocked2Title","$v":"FDN attivo"},{"$i":"sms-counter-notice-label","$v":["Modifica SMS ",{"t":"idOrVar","v":"number"}]},{"$i":"fdnBlocked2Body","innerHTML":{"$x":[{"t":"idOrVar","v":"plural"},"n"],"$v":{"one":["FDN (Numeri selezione fissa) è attivato. Assicurarsi che il numero del centro SMS e il seguente destinatario siano inclusi nell’elenco FDN:<br />",{"t":"idOrVar","v":"numbers"}],"two":["FDN (Numeri selezione fissa) è attivato. Assicurarsi che il numero del centro SMS e i seguenti destinatari siano inclusi nell’elenco FDN:<br />",{"t":"idOrVar","v":"numbers"}],"few":["FDN (Numeri selezione fissa) è attivato. Assicurarsi che il numero del centro SMS e i seguenti destinatari siano inclusi nell’elenco FDN:<br />",{"t":"idOrVar","v":"numbers"}],"many":["FDN (Numeri selezione fissa) è attivato. Assicurarsi che il numero del centro SMS e i seguenti destinatari siano inclusi nell’elenco FDN:<br />",{"t":"idOrVar","v":"numbers"}],"other":["FDN (Numeri selezione fissa) è attivato. Assicurarsi che il numero del centro SMS e i seguenti destinatari siano inclusi nell’elenco FDN:<br />",{"t":"idOrVar","v":"numbers"}]}}},{"$i":"fdnBlocked2BtnOk","$v":"OK"},{"$i":"switchSimToRetrieveTitle","$v":"Cambio connessione dati"},{"$i":"switchSimToRetrieveBody","$v":["Passare la connessione dati alla SIM ",{"t":"idOrVar","v":"nonActiveSimId"}," per ricevere questo MMS. Il trasferimento dati corrente sulla SIM ",{"t":"idOrVar","v":"activeSimId"}," verrà sospeso. Continuare?"]},{"$i":"switchSimToRetrieveBtnOk","$v":"Più tardi"},{"$i":"switchSimToRetrieveConfirm","$v":"OK"},{"$i":"switchSimToSendTitle","$v":[{"t":"idOrVar","v":"switchSimToRetrieveTitle"}]},{"$i":"switchSimToSendBody","$v":["Passare la connessione dati alla SIM ",{"t":"idOrVar","v":"nonActiveSimId"}," per inviare questo MMS. Il trasferimento dati corrente sulla SIM ",{"t":"idOrVar","v":"activeSimId"}," verrà sospeso. Continuare?"]},{"$i":"switchSimToSendBtnOk","$v":[{"t":"idOrVar","v":"switchSimToRetrieveBtnOk"}]},{"$i":"switchSimToSendConfirm","$v":[{"t":"idOrVar","v":"switchSimToRetrieveConfirm"}]},{"$i":"sendNoSignalErrorTitle","$v":"Nessuna copertura"},{"$i":"sendNoSignalErrorBody","$v":"Verificare la presenza di segnale e riprovare."},{"$i":"sendNoSignalErrorBtnOk","$v":"OK"},{"$i":"sendNotFoundErrorTitle","$v":"Messaggio non trovato"},{"$i":"sendNotFoundErrorBody","$v":"Il messaggio cercato non è più disponibile."},{"$i":"sendNotFoundErrorBtnOk","$v":"OK"},{"$i":"sendInvalidAddressErrorTitle","$v":"Numero non valido"},{"$i":"sendInvalidAddressErrorBody","$v":"Verificare che il numero del destinatario sia corretto."},{"$i":"sendInvalidAddressErrorBtnOk","$v":"OK"},{"$i":"simNotMatchedErrorTitle","$v":"Errore download"},{"$i":"simNotMatchedErrorBody","$v":"Assicurarsi che la scheda SIM inserita sia quella con cui è stato ricevuto il messaggio."},{"$i":"simNotMatchedErrorBtnOk","$v":"OK"},{"$i":"deleted-sms","$v":"Il messaggio è già stato eliminato."},{"$i":"view-attachment-image","$v":"Visualizza"},{"$i":"view-attachment-audio","$v":"Ascolta"},{"$i":"view-attachment-video","$v":"Visualizza"},{"$i":"view-attachment-other","$v":"Visualizza"},{"$i":"remove-attachment-image","$v":"Rimuovi immagine"},{"$i":"remove-attachment-audio","$v":"Rimuovi audio"},{"$i":"remove-attachment-video","$v":"Rimuovi video"},{"$i":"remove-attachment-other","$v":"Rimuovi allegato"},{"$i":"replace-attachment-image","$v":"Sostituisci immagine"},{"$i":"replace-attachment-audio","$v":"Sostituisci audio"},{"$i":"replace-attachment-video","$v":"Sostituisci video"},{"$i":"replace-attachment-other","$v":"Sostituisci allegato"},{"$i":"unsent-message-title","$v":"Messaggio non inviato"},{"$i":"unsent-message-text","$v":"Your previous message was not sent. Do you want to discard the unsent message and continue?"},{"$i":"unsent-message-option-edit","$v":"Modifica"},{"$i":"unsent-message-option-discard","$v":"Rimuovi"},{"$i":"message-options","$v":"Opzioni messaggio"},{"$i":"thread-options","$v":"Thread options"},{"$i":"forward","$v":"Inoltra"},{"$i":"view-message-report","$v":"Visualizza dettagli messaggio"},{"$i":"select-text","$v":"Seleziona testo"},{"$i":"mobile","$v":"Cellulare"},{"$i":"home","$v":"Casa"},{"$i":"work","$v":"Lavoro"},{"$i":"personal","$v":"Personale"},{"$i":"faxHome","$v":"Fax casa"},{"$i":"faxOffice","$v":"Fax ufficio"},{"$i":"faxOther","$v":"Altro fax"},{"$i":"another","$v":"Altro"},{"$i":"other","$v":"Altro"},{"$i":"today","$v":"oggi"},{"$i":"yesterday","$v":"ieri"},{"$i":"incorrectDate","$v":"(data errata)"},{"$i":"addToExistingContact","$v":"Aggiungi a contatto esistente"},{"$i":"createNewContact","$v":"Crea nuovo contatto"},{"$i":"viewContact","$v":"Visualizza contatto"},{"$i":"call","$v":"Chiama"},{"$i":"sendEmail","$v":"Invia email"},{"$i":"mms-message","$v":"Messaggio MMS"},{"$i":"notDownloaded-title","$v":"Il messaggio non è ancora stato scaricato."},{"$i":"tobedownloaded-attachment","$v":["È stato ricevuto un messaggio multimediale. È possibile utilizzare il link seguente per scaricarne il contenuto fino al ",{"t":"idOrVar","v":"date"},"."]},{"$i":"expired-attachment","$v":["Il messaggio è scaduto ",{"t":"idOrVar","v":"date"}," e non può più essere scaricato."]},{"$i":"download-attachment","$v":"Download"},{"$i":"downloading-attachment","$v":"Download in corso…"},{"$i":"unnamed-attachment","$v":"senza titolo"},{"$i":"mms-label","$v":"MMS"},{"$i":"attached-files-too-large","$v":{"zero":["I file selezionati superano la dimensione massima per un singolo messaggio multimediale (",{"t":"idOrVar","v":"mmsSize"}," kB)."],"one":["Il file selezionato supera la dimensione massima per un singolo messaggio multimediale (",{"t":"idOrVar","v":"mmsSize"}," kB)."],"two":["I file selezionati superano la dimensione massima per un singolo messaggio multimediale (",{"t":"idOrVar","v":"mmsSize"}," kB)."],"few":["I file selezionati superano la dimensione massima per un singolo messaggio multimediale (",{"t":"idOrVar","v":"mmsSize"}," kB)."],"many":["I file selezionati superano la dimensione massima per un singolo messaggio multimediale (",{"t":"idOrVar","v":"mmsSize"}," kB)."],"other":["I file selezionati superano la dimensione massima per un singolo messaggio multimediale (",{"t":"idOrVar","v":"mmsSize"}," kB)."]},"$x":[{"t":"idOrVar","v":"plural"},"n"]},{"$i":"resize-image","$v":"Ridimensionamento immagine allegata"},{"$i":"no-attachment-text","$v":"Si è verificato un problema con il file allegato, impossibile scaricarlo."},{"$i":"message-draft-saved","$v":"Messaggio salvato come bozza"},{"$i":"sim-id-label","$v":["SIM ",{"t":"idOrVar","v":"id"}]},{"$i":"sim-detail","$v":["SIM ",{"t":"idOrVar","v":"id"},", ",{"t":"idOrVar","v":"detailString"}]},{"$i":"dsds-notification-title-with-sim","$v":["(",{"t":"idOrVar","v":"sim"},") ",{"t":"idOrVar","v":"sender"}]},{"$i":"send-button","ariaLabel":"Invia"},{"$i":"send-button-sim-indication","$v":[{"t":"idOrVar","v":"n"}],"ariaLabel":["SIM ",{"t":"idOrVar","v":"n"}," in uso"]},{"$i":"expiry-date-format","$v":"%A %e %b"},{"$i":"attach-button","ariaLabel":"Aggiungi allegato"},{"$i":"contact-photo","ariaLabel":"Foto del contatto"},{"$i":"unread-thread","ariaLabel":"Non letto"},{"$i":"has-draft","ariaLabel":"Include bozze"},{"$i":"is-draft","ariaLabel":"Bozza"},{"$i":"message-delivery-status-sending","$v":"Invio in corso…"},{"$i":"message-delivery-status-delivered","ariaLabel":"Inviato"},{"$i":"message-delivery-status-read","ariaLabel":"Letto"},{"$i":"message-delivery-status-error","ariaLabel":"Errore"},{"$i":"modal-dialog-ok-button","$v":"OK"},{"$i":"modal-dialog-cancel-button","$v":"Annulla"},{"$i":"modal-dialog-default-title","$v":"Messaggi"},{"$i":"weekday-0-long","$v":"domenica"},{"$i":"weekday-1-long","$v":"lunedì"},{"$i":"weekday-2-long","$v":"martedì"},{"$i":"weekday-3-long","$v":"mercoledì"},{"$i":"weekday-4-long","$v":"giovedì"},{"$i":"weekday-5-long","$v":"venerdì"},{"$i":"weekday-6-long","$v":"sabato"},{"$i":"weekday-0-short","$v":"dom"},{"$i":"weekday-1-short","$v":"lun"},{"$i":"weekday-2-short","$v":"mar"},{"$i":"weekday-3-short","$v":"mer"},{"$i":"weekday-4-short","$v":"gio"},{"$i":"weekday-5-short","$v":"ven"},{"$i":"weekday-6-short","$v":"sab"},{"$i":"month-0-long","$v":"gennaio"},{"$i":"month-1-long","$v":"febbraio"},{"$i":"month-2-long","$v":"marzo"},{"$i":"month-3-long","$v":"aprile"},{"$i":"month-4-long","$v":"maggio"},{"$i":"month-5-long","$v":"giugno"},{"$i":"month-6-long","$v":"luglio"},{"$i":"month-7-long","$v":"agosto"},{"$i":"month-8-long","$v":"settembre"},{"$i":"month-9-long","$v":"ottobre"},{"$i":"month-10-long","$v":"novembre"},{"$i":"month-11-long","$v":"dicembre"},{"$i":"month-0-genitive","$v":"gennaio"},{"$i":"month-1-genitive","$v":"febbraio"},{"$i":"month-2-genitive","$v":"marzo"},{"$i":"month-3-genitive","$v":"aprile"},{"$i":"month-4-genitive","$v":"maggio"},{"$i":"month-5-genitive","$v":"giugno"},{"$i":"month-6-genitive","$v":"luglio"},{"$i":"month-7-genitive","$v":"agosto"},{"$i":"month-8-genitive","$v":"settembre"},{"$i":"month-9-genitive","$v":"ottobre"},{"$i":"month-10-genitive","$v":"novembre"},{"$i":"month-11-genitive","$v":"dicembre"},{"$i":"month-0-short","$v":"gen"},{"$i":"month-1-short","$v":"feb"},{"$i":"month-2-short","$v":"mar"},{"$i":"month-3-short","$v":"apr"},{"$i":"month-4-short","$v":"mag"},{"$i":"month-5-short","$v":"giu"},{"$i":"month-6-short","$v":"lug"},{"$i":"month-7-short","$v":"ago"},{"$i":"month-8-short","$v":"set"},{"$i":"month-9-short","$v":"ott"},{"$i":"month-10-short","$v":"nov"},{"$i":"month-11-short","$v":"dic"},{"$i":"minutes-ago-long","$v":{"zero":"adesso","one":"un minuto fa","two":[{"t":"idOrVar","v":"value"}," minuti fa"],"few":[{"t":"idOrVar","v":"value"}," minuti fa"],"many":[{"t":"idOrVar","v":"value"}," minuti fa"],"other":[{"t":"idOrVar","v":"value"}," minuti fa"]},"$x":[{"t":"idOrVar","v":"plural"},"value"]},{"$i":"hours-ago-long","$v":{"zero":"adesso","one":"un’ora fa","two":[{"t":"idOrVar","v":"value"}," ore fa"],"few":[{"t":"idOrVar","v":"value"}," ore fa"],"many":[{"t":"idOrVar","v":"value"}," ore fa"],"other":[{"t":"idOrVar","v":"value"}," ore fa"]},"$x":[{"t":"idOrVar","v":"plural"},"value"]},{"$i":"days-ago-long","$v":{"zero":"oggi","one":"ieri","two":[{"t":"idOrVar","v":"value"}," giorni fa"],"few":[{"t":"idOrVar","v":"value"}," giorni fa"],"many":[{"t":"idOrVar","v":"value"}," giorni fa"],"other":[{"t":"idOrVar","v":"value"}," giorni fa"]},"$x":[{"t":"idOrVar","v":"plural"},"value"]},{"$i":"weeks-ago-long","$v":{"zero":"questa settimana","one":"settimana scorsa","two":[{"t":"idOrVar","v":"value"}," settimane fa"],"few":[{"t":"idOrVar","v":"value"}," settimane fa"],"many":[{"t":"idOrVar","v":"value"}," settimane fa"],"other":[{"t":"idOrVar","v":"value"}," settimane fa"]},"$x":[{"t":"idOrVar","v":"plural"},"value"]},{"$i":"months-ago-long","$v":{"zero":"questo mese","one":"mese scorso","two":[{"t":"idOrVar","v":"value"}," mesi fa"],"few":[{"t":"idOrVar","v":"value"}," mesi fa"],"many":[{"t":"idOrVar","v":"value"}," mesi fa"],"other":[{"t":"idOrVar","v":"value"}," mesi fa"]},"$x":[{"t":"idOrVar","v":"plural"},"value"]},{"$i":"years-ago-long","$v":{"zero":"quest’anno","one":"anno scorso","two":[{"t":"idOrVar","v":"value"}," anni fa"],"few":[{"t":"idOrVar","v":"value"}," anni fa"],"many":[{"t":"idOrVar","v":"value"}," anni fa"],"other":[{"t":"idOrVar","v":"value"}," anni fa"]},"$x":[{"t":"idOrVar","v":"plural"},"value"]},{"$i":"minutes-until-long","$v":{"zero":"adesso","one":"tra un minuto","two":["tra ",{"t":"idOrVar","v":"value"}," minuti"],"few":["tra ",{"t":"idOrVar","v":"value"}," minuti"],"many":["tra ",{"t":"idOrVar","v":"value"}," minuti"],"other":["tra ",{"t":"idOrVar","v":"value"}," minuti"]},"$x":[{"t":"idOrVar","v":"plural"},"value"]},{"$i":"hours-until-long","$v":{"zero":"adesso","one":"tra un’ora","two":["tra ",{"t":"idOrVar","v":"value"}," ore"],"few":["tra ",{"t":"idOrVar","v":"value"}," ore"],"many":["tra ",{"t":"idOrVar","v":"value"}," ore"],"other":["tra ",{"t":"idOrVar","v":"value"}," ore"]},"$x":[{"t":"idOrVar","v":"plural"},"value"]},{"$i":"days-until-long","$v":{"zero":"oggi","one":"domani","two":["tra ",{"t":"idOrVar","v":"value"}," giorni"],"few":["tra ",{"t":"idOrVar","v":"value"}," giorni"],"many":["tra ",{"t":"idOrVar","v":"value"}," giorni"],"other":["tra ",{"t":"idOrVar","v":"value"}," giorni"]},"$x":[{"t":"idOrVar","v":"plural"},"value"]},{"$i":"weeks-until-long","$v":{"zero":"questa settimana","one":"prossima settimana","two":["tra ",{"t":"idOrVar","v":"value"}," settimane"],"few":["tra ",{"t":"idOrVar","v":"value"}," settimane"],"many":["tra ",{"t":"idOrVar","v":"value"}," settimane"],"other":["tra ",{"t":"idOrVar","v":"value"}," settimane"]},"$x":[{"t":"idOrVar","v":"plural"},"value"]},{"$i":"months-until-long","$v":{"zero":"questo mese","one":"prossimo mese","two":["in ",{"t":"idOrVar","v":"value"}," mesi"],"few":["tra ",{"t":"idOrVar","v":"value"}," mesi"],"many":["tra ",{"t":"idOrVar","v":"value"}," mesi"],"other":["in ",{"t":"idOrVar","v":"value"}," mesi"]},"$x":[{"t":"idOrVar","v":"plural"},"value"]},{"$i":"years-until-long","$v":{"zero":"quest’anno","one":"prossimo anno","two":["tra ",{"t":"idOrVar","v":"value"}," anni"],"few":["tra ",{"t":"idOrVar","v":"value"}," anni"],"many":["tra ",{"t":"idOrVar","v":"value"}," anni"],"other":["tra ",{"t":"idOrVar","v":"value"}," anni"]},"$x":[{"t":"idOrVar","v":"plural"},"value"]},{"$i":"minutes-ago-short","$v":{"zero":"adesso","other":[{"t":"idOrVar","v":"value"},"m fa"]},"$x":[{"t":"idOrVar","v":"plural"},"value"]},{"$i":"hours-ago-short","$v":{"zero":"adesso","other":[{"t":"idOrVar","v":"value"},"h fa"]},"$x":[{"t":"idOrVar","v":"plural"},"value"]},{"$i":"days-ago-short","$v":{"zero":"oggi","other":[{"t":"idOrVar","v":"value"},"g fa"]},"$x":[{"t":"idOrVar","v":"plural"},"value"]},{"$i":"minutes-until-short","$v":{"zero":"adesso","other":["tra ",{"t":"idOrVar","v":"value"},"m"]},"$x":[{"t":"idOrVar","v":"plural"},"value"]},{"$i":"hours-until-short","$v":{"zero":"adesso","other":["tra ",{"t":"idOrVar","v":"value"},"h"]},"$x":[{"t":"idOrVar","v":"plural"},"value"]},{"$i":"days-until-short","$v":{"zero":"oggi","other":["tra ",{"t":"idOrVar","v":"value"},"g"]},"$x":[{"t":"idOrVar","v":"plural"},"value"]},{"$i":"dateTimeFormat_%c","$v":"%a %e %b %Y %H:%M:%S"},{"$i":"dateTimeFormat_%x","$v":"%d/%m/%Y"},{"$i":"dateTimeFormat_%X","$v":"%H:%M:%S"},{"$i":"shortTimeFormat","$v":"%H:%M"},{"$i":"shortTimeFormat12","$v":"%I:%M %p"},{"$i":"shortTimeFormat24","$v":"%H:%M"},{"$i":"shortDateTimeFormat","$v":"%x %H:%M"},{"$i":"weekStartsOnMonday","$v":"1"},{"$i":"firstDayOfTheWeek","$v":"1"},{"$i":"time_am","$v":"AM"},{"$i":"time_pm","$v":"PM"},{"$i":"gaia-menu-cancel","$v":"Annulla"},{"$i":"gaia-sim-picker-dial-via-with-number","$v":["Componi ",{"t":"idOrVar","v":"phoneNumber"}," con"]},{"$i":"gaia-sim-picker-select-sim","$v":"Seleziona SIM"},{"$i":"gaia-sim-picker-button","$v":["SIM ",{"t":"idOrVar","v":"n"}]},{"$i":"gaia-sim-picker-button-default","$v":"(predefinita)"}]