[{"$i":"messages","$v":"メッセージ"},{"$i":"deleteMessages-title","$v":"メッセージ削除"},{"$i":"selectThreads-title","$v":"選択"},{"$i":"edit","$v":"編集"},{"$i":"back","$v":"戻る"},{"$i":"cancel","$v":"キャンセル"},{"$i":"undo","$v":"元に戻す"},{"$i":"done","$v":"完了"},{"$i":"delete","$v":"削除"},{"$i":"delete-thread","$v":"Delete thread"},{"$i":"mark-as-read","$v":"Mark as read"},{"$i":"mark-as-unread","$v":"Mark as unread"},{"$i":"deleting-messages","$v":"削除中…"},{"$i":"select-all","$v":"すべて選択"},{"$i":"deselect-all","$v":"選択をすべて解除"},{"$i":"selected-threads","$v":{"zero":"選択なし","one":[{"t":"idOrVar","v":"n"},"本選択"],"two":[{"t":"idOrVar","v":"n"},"本選択"],"few":[{"t":"idOrVar","v":"n"},"本選択"],"many":[{"t":"idOrVar","v":"n"},"本選択"],"other":[{"t":"idOrVar","v":"n"},"本選択"]},"$x":[{"t":"idOrVar","v":"plural"},"n"]},{"$i":"selected-messages","$v":{"zero":"選択なし","one":[{"t":"idOrVar","v":"n"},"通選択"],"two":[{"t":"idOrVar","v":"n"},"通選択"],"few":[{"t":"idOrVar","v":"n"},"通選択"],"many":[{"t":"idOrVar","v":"n"},"通選択"],"other":[{"t":"idOrVar","v":"n"},"通選択"]},"$x":[{"t":"idOrVar","v":"plural"},"n"]},{"$i":"selectThreads-label","$v":"スレッドを選択"},{"$i":"selectMessages-label","$v":"メッセージを選択"},{"$i":"settings","$v":"設定"},{"$i":"add-subject","$v":"件名を追加"},{"$i":"remove-subject","$v":"件名を削除"},{"$i":"to","$v":"宛先:"},{"$i":"new","$v":"新規"},{"$i":"message","$v":"メッセージ"},{"$i":"messagesInput_placeholder","$v":"メッセージ"},{"$i":"messagesSubjectInput_placeholder","$v":"件名"},{"$i":"converted-to-mms","$v":"マルチメディアメッセージに変換します。"},{"$i":"converted-to-sms","$v":"テキストメッセージに変換します。"},{"$i":"messages-max-length-text","$v":"送信可能な文字数の上限に達しました。"},{"$i":"messages-max-subject-length-text","$v":"件名の文字数が上限に達しました。"},{"$i":"multimedia-message-exceeded-max-length","$v":["You’ve exceeded the ",{"t":"idOrVar","v":"mmsSize"}," KB size limit of a single multimedia message. Remove attachments or shorten the message to send it."]},{"$i":"newMessage","$v":"新規作成"},{"$i":"sendMessage","$v":"メッセージ送信"},{"$i":"sendMMSToEmail","$v":"マルチメディアメッセージを送信"},{"$i":"no-recipient","$v":"(受信者なし)"},{"$i":"recipient","$v":{"one":["受信者",{"t":"idOrVar","v":"n"},"名"],"two":["受信者",{"t":"idOrVar","v":"n"},"名"],"few":["受信者",{"t":"idOrVar","v":"n"},"名"],"many":["受信者",{"t":"idOrVar","v":"n"},"名"],"other":["受信者",{"t":"idOrVar","v":"n"},"名"]},"$x":[{"t":"idOrVar","v":"plural"},"n"]},{"$i":"attachmentSizeB","$v":[{"t":"idOrVar","v":"n"}," B"]},{"$i":"attachmentSizeKB","$v":[{"t":"idOrVar","v":"n"}," KB"]},{"$i":"attachmentSizeMB","$v":[{"t":"idOrVar","v":"n"},"MB"]},{"$i":"attachmentOpenError","$v":"このファイル形式を扱えるアプリケーションがありません。"},{"$i":"remove","$v":"削除"},{"$i":"participant","$v":{"one":[{"t":"idOrVar","v":"n"},"名参加"],"two":[{"t":"idOrVar","v":"n"},"名参加"],"few":[{"t":"idOrVar","v":"n"},"名参加"],"many":[{"t":"idOrVar","v":"n"},"名参加"],"other":[{"t":"idOrVar","v":"n"},"名参加"]},"$x":[{"t":"idOrVar","v":"plural"},"n"]},{"$i":"message-report","$v":"メッセージレポート"},{"$i":"message-type-sms","$v":"テキストメッセージ (SMS)"},{"$i":"message-type-mms","$v":"マルチメディアメッセージ (MMS)"},{"$i":"sms-report-description","$v":["テキストメッセージ (SMS) は ",{"t":"idOrVar","v":"datetime"}," に送信されました"]},{"$i":"mms-report-description","$v":["マルチメディアメッセージ (MMS) は ",{"t":"idOrVar","v":"subject"}," という件名で ",{"t":"idOrVar","v":"datetime"}," に送信されました"]},{"$i":"mms-no-subject-report-description","$v":["マルチメディアメッセージ (MMS) は ",{"t":"idOrVar","v":"datetime"}," に送信されました"]},{"$i":"message-subject","$v":"件名:"},{"$i":"report-status-error","$v":"メッセージを送信できませんでした"},{"$i":"report-status-not-downloaded","$v":"未ダウンロード"},{"$i":"report-status-delivered","$v":"送信先:"},{"$i":"report-status-read","$v":"開封:"},{"$i":"report-status-pending","$v":"レポート要求があります"},{"$i":"report-status-rejected","$v":"メッセージが破棄されました"},{"$i":"message-size-was","$v":"メッセージサイズ:"},{"$i":"report-dateTimeFormat12","$v":["%Y年%B%e日 ",{"t":"idOrVar","v":"shortTimeFormat12"}]},{"$i":"report-dateTimeFormat24","$v":["%Y年%B%e日 ",{"t":"idOrVar","v":"shortTimeFormat24"}]},{"$i":"report-to-title","$v":"宛先"},{"$i":"report-from-title","$v":"差出人"},{"$i":"message-sent","$v":"送信日時:"},{"$i":"message-sending","$v":[{"t":"idOrVar","v":"message-delivery-status-sending"}]},{"$i":"message-received","$v":"受信日時:"},{"$i":"message-via","$v":"回線:"},{"$i":"message-resend","$v":"再送信"},{"$i":"search","$v":"検索"},{"$i":"unknown-contact-title","$v":"連絡先不明"},{"$i":"phone-type-separator","$v":", "},{"$i":"phone-carrier-separator","$v":" "},{"$i":"thread-participant-separator","$v":", "},{"$i":"replace-draft","$v":"既存の下書きと置き換える"},{"$i":"save-as-draft","$v":"下書きとして保存する"},{"$i":"discard-message","$v":"破棄する"},{"$i":"discard-sms","$v":"このメッセージを破棄してもよろしいですか？"},{"$i":"discard-new-message","$v":"編集中のメッセージを破棄して新しいメッセージを開きますか？"},{"$i":"resend-confirmation","$v":"メッセージを送信できませんでした。再送信しますか？"},{"$i":"resend-message","$v":"このメッセージを再送信する"},{"$i":"deleteMessage-confirmation","$v":"選択したメッセージを削除しますか？"},{"$i":"deleteMessages-confirmation-message","$v":{"zero":"Please select messages to be deleted.","one":"Delete selected message?","two":["Delete ",{"t":"idOrVar","v":"n"}," selected messages?"],"few":["Delete ",{"t":"idOrVar","v":"n"}," selected messages?"],"many":["Delete ",{"t":"idOrVar","v":"n"}," selected messages?"],"other":["Delete ",{"t":"idOrVar","v":"n"}," selected messages?"]},"$x":[{"t":"idOrVar","v":"plural"},"n"]},{"$i":"deleteThreads-confirmation-message","$v":{"zero":"Please select message threads to be deleted.","one":"Delete selected message thread?","two":["Delete ",{"t":"idOrVar","v":"n"}," selected message threads?"],"few":["Delete ",{"t":"idOrVar","v":"n"}," selected message threads?"],"many":["Delete ",{"t":"idOrVar","v":"n"}," selected message threads?"],"other":["Delete ",{"t":"idOrVar","v":"n"}," selected message threads?"]},"$x":[{"t":"idOrVar","v":"plural"},"n"]},{"$i":"new-message-notice-text","$v":"新着メッセージがあります。送信者:"},{"$i":"new-message-notice-a-text","$v":"読む"},{"$i":"noMessages-title","$v":"メッセージなし"},{"$i":"noMessages-text","$v":"メッセージを送受信しましょう"},{"$i":"sendDefaultErrorTitle","$v":"メッセージ未送信"},{"$i":"sendDefaultErrorBody","$v":"メッセージの送信中に問題が発生しました。再度試してください。"},{"$i":"sendDefaultErrorBtnOk","$v":"OK"},{"$i":"sendMissingSimCardTitle","$v":"SIM カードがありません"},{"$i":"sendMissingSimCardBody","$v":"続けるには正当な SIM カードを挿入してください。"},{"$i":"sendMissingSimCardBtnOk","$v":"OK"},{"$i":"sendFlightModeTitle","$v":"機内モードが ON に設定されています"},{"$i":"sendFlightModeBody","$v":"メッセージを送信するには機内モードを OFF にしてください。"},{"$i":"sendFlightModeBtnOk","$v":"OK"},{"$i":"radioDisabledToDownloadTitle","$v":[{"t":"idOrVar","v":"sendFlightModeTitle"}]},{"$i":"radioDisabledToDownloadBody","$v":"添付ファイルをダウンロードするには機内モードを OFF にしてください。"},{"$i":"radioDisabledToDownloadBtnOk","$v":[{"t":"idOrVar","v":"sendFlightModeBtnOk"}]},{"$i":"fdnBlocked2Title","$v":"FDN モード ON"},{"$i":"sms-counter-notice-label","$v":["SMS ",{"t":"idOrVar","v":"number"}," に分割編集します"]},{"$i":"fdnBlocked2Body","innerHTML":{"$x":[{"t":"idOrVar","v":"plural"},"n"],"$v":{"one":["FDN (固定ダイヤル番号) モードが ON です。SMS センターと次の受信者が FDN リストにあるか確認してください:<br />",{"t":"idOrVar","v":"numbers"}],"two":["FDN (固定ダイヤル番号) モードが ON です。SMS センターと次の受信者が FDN リストにあるか確認してください:<br />",{"t":"idOrVar","v":"numbers"}],"few":["FDN (固定ダイヤル番号) モードが ON です。SMS センターと次の受信者が FDN リストにあるか確認してください:<br />",{"t":"idOrVar","v":"numbers"}],"many":["FDN (固定ダイヤル番号) モードが ON です。SMS センターと次の受信者が FDN リストにあるか確認してください:<br />",{"t":"idOrVar","v":"numbers"}],"other":["FDN (固定ダイヤル番号) モードが ON です。SMS センターと次の受信者が FDN リストにあるか確認してください:<br />",{"t":"idOrVar","v":"numbers"}]}}},{"$i":"fdnBlocked2BtnOk","$v":"OK"},{"$i":"switchSimToRetrieveTitle","$v":"データ通信接続の切り替え"},{"$i":"switchSimToRetrieveBody","$v":["データ通信接続を SIM",{"t":"idOrVar","v":"nonActiveSimId"}," に切り替えて MMS を受信します。現在の SIM",{"t":"idOrVar","v":"activeSimId"}," データ転送は一時停止されます。続行しますか？"]},{"$i":"switchSimToRetrieveBtnOk","$v":"後で"},{"$i":"switchSimToRetrieveConfirm","$v":"OK"},{"$i":"switchSimToSendTitle","$v":[{"t":"idOrVar","v":"switchSimToRetrieveTitle"}]},{"$i":"switchSimToSendBody","$v":["データ通信接続を SIM",{"t":"idOrVar","v":"nonActiveSimId"}," に切り替えて MMS を送信します。現在の SIM",{"t":"idOrVar","v":"activeSimId"}," データ転送は一時停止されます。続行しますか？"]},{"$i":"switchSimToSendBtnOk","$v":[{"t":"idOrVar","v":"switchSimToRetrieveBtnOk"}]},{"$i":"switchSimToSendConfirm","$v":[{"t":"idOrVar","v":"switchSimToRetrieveConfirm"}]},{"$i":"sendNoSignalErrorTitle","$v":"ネットワーク接続範囲外です"},{"$i":"sendNoSignalErrorBody","$v":"モバイル通信の信号が受信できる場所へ移動し、再度試してください。"},{"$i":"sendNoSignalErrorBtnOk","$v":"OK"},{"$i":"sendNotFoundErrorTitle","$v":"メッセージが見つかりませんでした"},{"$i":"sendNotFoundErrorBody","$v":"お探しのメッセージは利用できません。"},{"$i":"sendNotFoundErrorBtnOk","$v":"OK"},{"$i":"sendInvalidAddressErrorTitle","$v":"電話番号が正しくありません"},{"$i":"sendInvalidAddressErrorBody","$v":"送信先の電話番号が正しいか確認してください。"},{"$i":"sendInvalidAddressErrorBtnOk","$v":"OK"},{"$i":"simNotMatchedErrorTitle","$v":"ダウンロードできません"},{"$i":"simNotMatchedErrorBody","$v":"このメッセージの受信に使用する SIM カードを挿入しているか確認してください。"},{"$i":"simNotMatchedErrorBtnOk","$v":"OK"},{"$i":"deleted-sms","$v":"このメッセージは既に削除されています。"},{"$i":"view-attachment-image","$v":"表示"},{"$i":"view-attachment-audio","$v":"再生"},{"$i":"view-attachment-video","$v":"再生"},{"$i":"view-attachment-other","$v":"表示"},{"$i":"remove-attachment-image","$v":"画像を削除"},{"$i":"remove-attachment-audio","$v":"音声を削除"},{"$i":"remove-attachment-video","$v":"動画を削除"},{"$i":"remove-attachment-other","$v":"添付ファイルを削除"},{"$i":"replace-attachment-image","$v":"画像を置換"},{"$i":"replace-attachment-audio","$v":"音声を置換"},{"$i":"replace-attachment-video","$v":"動画を置換"},{"$i":"replace-attachment-other","$v":"添付ファイルを置換"},{"$i":"unsent-message-title","$v":"未送信メッセージ"},{"$i":"unsent-message-text","$v":"Your previous message was not sent. Do you want to discard the unsent message and continue?"},{"$i":"unsent-message-option-edit","$v":"編集"},{"$i":"unsent-message-option-discard","$v":"破棄"},{"$i":"message-options","$v":"メッセージオプション"},{"$i":"thread-options","$v":"Thread options"},{"$i":"forward","$v":"転送"},{"$i":"view-message-report","$v":"メッセージレポートを表示"},{"$i":"select-text","$v":"Select text"},{"$i":"mobile","$v":"携帯"},{"$i":"home","$v":"自宅"},{"$i":"work","$v":"勤務先"},{"$i":"personal","$v":"個人"},{"$i":"faxHome","$v":"自宅の FAX"},{"$i":"faxOffice","$v":"勤務先 FAX"},{"$i":"faxOther","$v":"その他 FAX"},{"$i":"another","$v":"別の連絡先"},{"$i":"other","$v":"その他"},{"$i":"today","$v":"今日"},{"$i":"yesterday","$v":"昨日"},{"$i":"incorrectDate","$v":"(日付が不正です)"},{"$i":"addToExistingContact","$v":"既存の連絡先に追加"},{"$i":"createNewContact","$v":"新しい連絡先を作成"},{"$i":"viewContact","$v":"連絡先を表示"},{"$i":"call","$v":"電話をかける"},{"$i":"sendEmail","$v":"メールを送信"},{"$i":"mms-message","$v":"MMS メッセージ"},{"$i":"notDownloaded-title","$v":"メッセージはまだダウンロードされていません"},{"$i":"tobedownloaded-attachment","$v":["マルチメディアメッセージを受信しました。以下のリンクから ",{"t":"idOrVar","v":"date"}," までダウンロード可能です。"]},{"$i":"expired-attachment","$v":["申し訳ありませんが、メッセージの有効期限が ",{"t":"idOrVar","v":"date"}," に過ぎたためダウンロードできません。"]},{"$i":"download-attachment","$v":"ダウンロード"},{"$i":"downloading-attachment","$v":"ダウンロード中…"},{"$i":"unnamed-attachment","$v":"(無題)"},{"$i":"mms-label","$v":"MMS"},{"$i":"attached-files-too-large","$v":{"zero":["The files you have selected exceed the ",{"t":"idOrVar","v":"mmsSize"}," KB size limit of a single multimedia message."],"one":["The file you have selected exceeds the ",{"t":"idOrVar","v":"mmsSize"}," KB size limit of a single multimedia message."],"two":["The files you have selected exceed the ",{"t":"idOrVar","v":"mmsSize"}," KB size limit of a single multimedia message."],"few":["The files you have selected exceed the ",{"t":"idOrVar","v":"mmsSize"}," KB size limit of a single multimedia message."],"many":["The files you have selected exceed the ",{"t":"idOrVar","v":"mmsSize"}," KB size limit of a single multimedia message."],"other":["The files you have selected exceed the ",{"t":"idOrVar","v":"mmsSize"}," KB size limit of a single multimedia message."]},"$x":[{"t":"idOrVar","v":"plural"},"n"]},{"$i":"resize-image","$v":"添付画像のサイズを変更します"},{"$i":"no-attachment-text","$v":"添付ファイルに問題があるためダウンロードできませんでした。"},{"$i":"message-draft-saved","$v":"メッセージを下書きとして保存しました"},{"$i":"sim-id-label","$v":["SIM",{"t":"idOrVar","v":"id"}]},{"$i":"sim-detail","$v":["SIM",{"t":"idOrVar","v":"id"},", ",{"t":"idOrVar","v":"detailString"}]},{"$i":"dsds-notification-title-with-sim","$v":["(",{"t":"idOrVar","v":"sim"},") ",{"t":"idOrVar","v":"sender"}]},{"$i":"send-button","ariaLabel":"送信"},{"$i":"send-button-sim-indication","$v":[{"t":"idOrVar","v":"n"}],"ariaLabel":["SIM",{"t":"idOrVar","v":"n"}," を使用"]},{"$i":"expiry-date-format","$v":"%Y年%b%e日"},{"$i":"attach-button","ariaLabel":"添付ファイルを追加"},{"$i":"contact-photo","ariaLabel":"連絡先の顔写真"},{"$i":"unread-thread","ariaLabel":"未読"},{"$i":"has-draft","ariaLabel":"下書きあり"},{"$i":"is-draft","ariaLabel":"下書き"},{"$i":"message-delivery-status-sending","$v":"送信中…"},{"$i":"message-delivery-status-delivered","ariaLabel":"送信完了"},{"$i":"message-delivery-status-read","ariaLabel":"既読"},{"$i":"message-delivery-status-error","ariaLabel":"エラー"},{"$i":"modal-dialog-ok-button","$v":"OK"},{"$i":"modal-dialog-cancel-button","$v":"Cancel"},{"$i":"modal-dialog-default-title","$v":"Messages"},{"$i":"weekday-0-long","$v":"日曜日"},{"$i":"weekday-1-long","$v":"月曜日"},{"$i":"weekday-2-long","$v":"火曜日"},{"$i":"weekday-3-long","$v":"水曜日"},{"$i":"weekday-4-long","$v":"木曜日"},{"$i":"weekday-5-long","$v":"金曜日"},{"$i":"weekday-6-long","$v":"土曜日"},{"$i":"weekday-0-short","$v":"日"},{"$i":"weekday-1-short","$v":"月"},{"$i":"weekday-2-short","$v":"火"},{"$i":"weekday-3-short","$v":"水"},{"$i":"weekday-4-short","$v":"木"},{"$i":"weekday-5-short","$v":"金"},{"$i":"weekday-6-short","$v":"土"},{"$i":"month-0-long","$v":"1月"},{"$i":"month-1-long","$v":"2月"},{"$i":"month-2-long","$v":"3月"},{"$i":"month-3-long","$v":"4月"},{"$i":"month-4-long","$v":"5月"},{"$i":"month-5-long","$v":"6月"},{"$i":"month-6-long","$v":"7月"},{"$i":"month-7-long","$v":"8月"},{"$i":"month-8-long","$v":"9月"},{"$i":"month-9-long","$v":"10月"},{"$i":"month-10-long","$v":"11月"},{"$i":"month-11-long","$v":"12月"},{"$i":"month-0-genitive","$v":"1月"},{"$i":"month-1-genitive","$v":"2月"},{"$i":"month-2-genitive","$v":"3月"},{"$i":"month-3-genitive","$v":"4月"},{"$i":"month-4-genitive","$v":"5月"},{"$i":"month-5-genitive","$v":"6月"},{"$i":"month-6-genitive","$v":"7月"},{"$i":"month-7-genitive","$v":"8月"},{"$i":"month-8-genitive","$v":"9月"},{"$i":"month-9-genitive","$v":"10月"},{"$i":"month-10-genitive","$v":"11月"},{"$i":"month-11-genitive","$v":"12月"},{"$i":"month-0-short","$v":"1月"},{"$i":"month-1-short","$v":"2月"},{"$i":"month-2-short","$v":"3月"},{"$i":"month-3-short","$v":"4月"},{"$i":"month-4-short","$v":"5月"},{"$i":"month-5-short","$v":"6月"},{"$i":"month-6-short","$v":"7月"},{"$i":"month-7-short","$v":"8月"},{"$i":"month-8-short","$v":"9月"},{"$i":"month-9-short","$v":"10月"},{"$i":"month-10-short","$v":"11月"},{"$i":"month-11-short","$v":"12月"},{"$i":"minutes-ago-long","$v":{"zero":"1分以内","one":"1分前","two":[{"t":"idOrVar","v":"value"},"分前"],"few":[{"t":"idOrVar","v":"value"},"分前"],"many":[{"t":"idOrVar","v":"value"},"分前"],"other":[{"t":"idOrVar","v":"value"},"分前"]},"$x":[{"t":"idOrVar","v":"plural"},"value"]},{"$i":"hours-ago-long","$v":{"zero":"1時間以内","one":"1時間前","two":[{"t":"idOrVar","v":"value"},"時間前"],"few":[{"t":"idOrVar","v":"value"},"時間前"],"many":[{"t":"idOrVar","v":"value"},"時間前"],"other":[{"t":"idOrVar","v":"value"},"時間前"]},"$x":[{"t":"idOrVar","v":"plural"},"value"]},{"$i":"days-ago-long","$v":{"zero":"今日","one":"昨日","two":[{"t":"idOrVar","v":"value"},"日前"],"few":[{"t":"idOrVar","v":"value"},"日前"],"many":[{"t":"idOrVar","v":"value"},"日前"],"other":[{"t":"idOrVar","v":"value"},"日前"]},"$x":[{"t":"idOrVar","v":"plural"},"value"]},{"$i":"weeks-ago-long","$v":{"zero":"今週","one":"先週","two":[{"t":"idOrVar","v":"value"},"週間前"],"few":[{"t":"idOrVar","v":"value"},"週間前"],"many":[{"t":"idOrVar","v":"value"},"週間前"],"other":[{"t":"idOrVar","v":"value"},"週間前"]},"$x":[{"t":"idOrVar","v":"plural"},"value"]},{"$i":"months-ago-long","$v":{"zero":"今月","one":"先月","two":[{"t":"idOrVar","v":"value"},"か月前"],"few":[{"t":"idOrVar","v":"value"},"か月前"],"many":[{"t":"idOrVar","v":"value"},"か月前"],"other":[{"t":"idOrVar","v":"value"},"か月前"]},"$x":[{"t":"idOrVar","v":"plural"},"value"]},{"$i":"years-ago-long","$v":{"zero":"今年","one":"昨年","two":[{"t":"idOrVar","v":"value"},"年前"],"few":[{"t":"idOrVar","v":"value"},"年前"],"many":[{"t":"idOrVar","v":"value"},"年前"],"other":[{"t":"idOrVar","v":"value"},"年前"]},"$x":[{"t":"idOrVar","v":"plural"},"value"]},{"$i":"minutes-until-long","$v":{"zero":"1分以内","one":"1分後","two":[{"t":"idOrVar","v":"value"},"分後"],"few":[{"t":"idOrVar","v":"value"},"分後"],"many":[{"t":"idOrVar","v":"value"},"分後"],"other":[{"t":"idOrVar","v":"value"},"分後"]},"$x":[{"t":"idOrVar","v":"plural"},"value"]},{"$i":"hours-until-long","$v":{"zero":"1時間以内","one":"1時間後","two":[{"t":"idOrVar","v":"value"},"時間後"],"few":[{"t":"idOrVar","v":"value"},"時間後"],"many":[{"t":"idOrVar","v":"value"},"時間後"],"other":[{"t":"idOrVar","v":"value"},"時間後"]},"$x":[{"t":"idOrVar","v":"plural"},"value"]},{"$i":"days-until-long","$v":{"zero":"今日","one":"明日","two":[{"t":"idOrVar","v":"value"},"日後"],"few":[{"t":"idOrVar","v":"value"},"日後"],"many":[{"t":"idOrVar","v":"value"},"日後"],"other":[{"t":"idOrVar","v":"value"},"日後"]},"$x":[{"t":"idOrVar","v":"plural"},"value"]},{"$i":"weeks-until-long","$v":{"zero":"今週","one":"来週","two":[{"t":"idOrVar","v":"value"},"週間後"],"few":[{"t":"idOrVar","v":"value"},"週間後"],"many":[{"t":"idOrVar","v":"value"},"週間後"],"other":[{"t":"idOrVar","v":"value"},"週間後"]},"$x":[{"t":"idOrVar","v":"plural"},"value"]},{"$i":"months-until-long","$v":{"zero":"今月","one":"来月","two":[{"t":"idOrVar","v":"value"},"か月後"],"few":[{"t":"idOrVar","v":"value"},"か月後"],"many":[{"t":"idOrVar","v":"value"},"か月後"],"other":[{"t":"idOrVar","v":"value"},"か月後"]},"$x":[{"t":"idOrVar","v":"plural"},"value"]},{"$i":"years-until-long","$v":{"zero":"今年","one":"来年","two":[{"t":"idOrVar","v":"value"},"年後"],"few":[{"t":"idOrVar","v":"value"},"年後"],"many":[{"t":"idOrVar","v":"value"},"年後"],"other":[{"t":"idOrVar","v":"value"},"年後"]},"$x":[{"t":"idOrVar","v":"plural"},"value"]},{"$i":"minutes-ago-short","$v":{"zero":"直前","other":[{"t":"idOrVar","v":"value"},"分前"]},"$x":[{"t":"idOrVar","v":"plural"},"value"]},{"$i":"hours-ago-short","$v":{"zero":"数分前","other":[{"t":"idOrVar","v":"value"},"時間前"]},"$x":[{"t":"idOrVar","v":"plural"},"value"]},{"$i":"days-ago-short","$v":{"zero":"今日","other":[{"t":"idOrVar","v":"value"},"日前"]},"$x":[{"t":"idOrVar","v":"plural"},"value"]},{"$i":"minutes-until-short","$v":{"zero":"直後","other":[{"t":"idOrVar","v":"value"},"分後"]},"$x":[{"t":"idOrVar","v":"plural"},"value"]},{"$i":"hours-until-short","$v":{"zero":"数分後","other":[{"t":"idOrVar","v":"value"},"時間後"]},"$x":[{"t":"idOrVar","v":"plural"},"value"]},{"$i":"days-until-short","$v":{"zero":"今日","other":[{"t":"idOrVar","v":"value"},"日後"]},"$x":[{"t":"idOrVar","v":"plural"},"value"]},{"$i":"dateTimeFormat_%c","$v":"%Y年%b%e日(%a) %p%I:%M:%S"},{"$i":"dateTimeFormat_%x","$v":"%Y/%m/%d"},{"$i":"dateTimeFormat_%X","$v":"%p%I:%M:%S"},{"$i":"shortTimeFormat","$v":"%p%I:%M"},{"$i":"shortTimeFormat12","$v":"%p%I:%M"},{"$i":"shortTimeFormat24","$v":"%H:%M"},{"$i":"shortDateTimeFormat","$v":"%x %p%I:%M"},{"$i":"weekStartsOnMonday","$v":"0"},{"$i":"firstDayOfTheWeek","$v":"0"},{"$i":"time_am","$v":"午前"},{"$i":"time_pm","$v":"午後"},{"$i":"gaia-menu-cancel","$v":"キャンセル"},{"$i":"gaia-sim-picker-dial-via-with-number","$v":["ダイヤル先 ",{"t":"idOrVar","v":"phoneNumber"}," への使用回線"]},{"$i":"gaia-sim-picker-select-sim","$v":"SIM カードを選択してください"},{"$i":"gaia-sim-picker-button","$v":["SIM",{"t":"idOrVar","v":"n"}]},{"$i":"gaia-sim-picker-button-default","$v":"(既定)"}]