[{"$i":"messages","$v":"Messages"},{"$i":"deleteMessages-title","$v":"លុប​សារ"},{"$i":"selectThreads-title","$v":"ជ្រើស"},{"$i":"edit","$v":"កែសម្រួល"},{"$i":"back","$v":"ថយក្រោយ"},{"$i":"cancel","$v":"Cancel"},{"$i":"undo","$v":"មិនធ្វើ​វិញ"},{"$i":"done","$v":"ធ្វើ​រួច"},{"$i":"delete","$v":"លុប"},{"$i":"delete-thread","$v":"Delete thread"},{"$i":"mark-as-read","$v":"Mark as read"},{"$i":"mark-as-unread","$v":"Mark as unread"},{"$i":"deleting-messages","$v":"កំពុង​លុប..."},{"$i":"select-all","$v":"ជ្រើស​ទាំងអស់"},{"$i":"deselect-all","$v":"មិន​ជ្រើស​ទាំងអស់"},{"$i":"selected-threads","$v":{"zero":"none selected","one":[{"t":"idOrVar","v":"n"}," selected"],"two":[{"t":"idOrVar","v":"n"}," selected"],"few":[{"t":"idOrVar","v":"n"}," selected"],"many":[{"t":"idOrVar","v":"n"}," selected"],"other":[{"t":"idOrVar","v":"n"}," selected"]},"$x":[{"t":"idOrVar","v":"plural"},"n"]},{"$i":"selected-messages","$v":{"zero":"none selected","one":[{"t":"idOrVar","v":"n"}," selected"],"two":[{"t":"idOrVar","v":"n"}," selected"],"few":[{"t":"idOrVar","v":"n"}," selected"],"many":[{"t":"idOrVar","v":"n"}," selected"],"other":[{"t":"idOrVar","v":"n"}," selected"]},"$x":[{"t":"idOrVar","v":"plural"},"n"]},{"$i":"selectThreads-label","$v":"ជ្រើស​សែស្រឡាយ"},{"$i":"selectMessages-label","$v":"ជ្រើស​សារ"},{"$i":"settings","$v":"ការ​កំណត់"},{"$i":"add-subject","$v":"បន្ថែម​ប្រធានបទ"},{"$i":"remove-subject","$v":"លុប​ប្រធានបទ​ចោល"},{"$i":"to","$v":"ជូន​ចំពោះ៖"},{"$i":"new","$v":"ថ្មី"},{"$i":"message","$v":"សារ"},{"$i":"messagesInput_placeholder","$v":"សារ"},{"$i":"messagesSubjectInput_placeholder","$v":"ប្រធានបទ"},{"$i":"converted-to-mms","$v":"បម្លែង​ទៅ​ជា​សារ​ពហុ​ព័ត៌មាន។"},{"$i":"converted-to-sms","$v":"បម្លែង​ទៅ​ជា​សារ​អត្ថបទ។"},{"$i":"messages-max-length-text","$v":"អ្នក​​ឈាន​ដល់​ប្រវែង​អតិបរមា​​ហើយ។"},{"$i":"messages-max-subject-length-text","$v":"ប្រវែង​ប្រធាបទ​អតិបរមា​ដែល​អាច​សរសេរ​បាន។"},{"$i":"multimedia-message-exceeded-max-length","$v":["You’ve exceeded the ",{"t":"idOrVar","v":"mmsSize"}," KB size limit of a single multimedia message. Remove attachments or shorten the message to send it."]},{"$i":"newMessage","$v":"សារ​ថ្មី"},{"$i":"sendMessage","$v":"ផ្ញើ​សារ"},{"$i":"sendMMSToEmail","$v":"Send multimedia message"},{"$i":"no-recipient","$v":"(គ្មាន​អ្នក​ទទួល)"},{"$i":"recipient","$v":{"one":["អ្នក​ទទួល ",{"t":"idOrVar","v":"n"}],"two":["អ្នក​ទទួល ",{"t":"idOrVar","v":"n"}],"few":["អ្នក​ទទួល ",{"t":"idOrVar","v":"n"}],"many":["អ្នក​ទទួល ",{"t":"idOrVar","v":"n"}],"other":["អ្នក​ទទួល ",{"t":"idOrVar","v":"n"}]},"$x":[{"t":"idOrVar","v":"plural"},"n"]},{"$i":"attachmentSizeB","$v":[{"t":"idOrVar","v":"n"}," B"]},{"$i":"attachmentSizeKB","$v":[{"t":"idOrVar","v":"n"}," KB"]},{"$i":"attachmentSizeMB","$v":[{"t":"idOrVar","v":"n"}," MB"]},{"$i":"attachmentOpenError","$v":"មិន​មាន​កម្មវិធី​អាច​ប្រើ​ដើម្បី​បើក​ឯកសារ​នេះ​បាន​ទេ។"},{"$i":"remove","$v":"លុប​ចេញ"},{"$i":"participant","$v":{"one":[{"t":"idOrVar","v":"n"}," អ្នក​ចូលរួម"],"two":[{"t":"idOrVar","v":"n"}," អ្នក​ចូលរួម"],"few":[{"t":"idOrVar","v":"n"}," អ្នក​ចូលរួម"],"many":[{"t":"idOrVar","v":"n"}," អ្នក​ចូលរួម"],"other":[{"t":"idOrVar","v":"n"}," អ្នក​ចូលរួម"]},"$x":[{"t":"idOrVar","v":"plural"},"n"]},{"$i":"message-report","$v":"របាយការណ៍​សារ"},{"$i":"message-type-sms","$v":"សារ​អត្ថបទ (SMS)"},{"$i":"message-type-mms","$v":"Multimedia Message (MMS)"},{"$i":"sms-report-description","$v":["សារ​អត្ថបទ​របស់​អ្នក (SMS), ត្រូវ​បាន​ផ្ញើ​ទៅ ",{"t":"idOrVar","v":"datetime"}]},{"$i":"mms-report-description","$v":["Multimedia Message របស់​អ្នក (MMS), ប្រធានបទ ",{"t":"idOrVar","v":"subject"},", ត្រូវ​បាន​ផ្ញើ​តាម ",{"t":"idOrVar","v":"datetime"}]},{"$i":"mms-no-subject-report-description","$v":["Multimedia Message របស់ (MMS), ត្រូវ​បាន​ផ្ញើ​តាម ",{"t":"idOrVar","v":"datetime"}]},{"$i":"message-subject","$v":"Subject:"},{"$i":"report-status-error","$v":"Message could not be sent"},{"$i":"report-status-not-downloaded","$v":"មិន​ត្រូវ​បាន​ទាញ​យក"},{"$i":"report-status-delivered","$v":"បាន​បញ្ជូន​ទៅ​ដល់៖"},{"$i":"report-status-read","$v":"អាន៖"},{"$i":"report-status-pending","$v":"Report requested"},{"$i":"report-status-rejected","$v":"Message rejected"},{"$i":"message-size-was","$v":"ទំហំ​សារ៖"},{"$i":"report-dateTimeFormat12","$v":["%e %B %Y, ",{"t":"idOrVar","v":"shortTimeFormat12"}]},{"$i":"report-dateTimeFormat24","$v":["%e %B %Y, ",{"t":"idOrVar","v":"shortTimeFormat24"}]},{"$i":"report-to-title","$v":"To"},{"$i":"report-from-title","$v":"From"},{"$i":"message-sent","$v":"បាន​ផ្ញើ៖"},{"$i":"message-sending","$v":[{"t":"idOrVar","v":"message-delivery-status-sending"}]},{"$i":"message-received","$v":"បាន​ទទួល៖"},{"$i":"message-via","$v":"តាម​រយៈ៖"},{"$i":"message-resend","$v":"Resend"},{"$i":"search","$v":"ស្វែងរក"},{"$i":"unknown-contact-title","$v":"Unknown Contact"},{"$i":"phone-type-separator","$v":", "},{"$i":"phone-carrier-separator","$v":""},{"$i":"thread-participant-separator","$v":", "},{"$i":"replace-draft","$v":"ជំនួស​សេចក្ដី​ព្រាង​ដែល​មាន​ស្រាប់"},{"$i":"save-as-draft","$v":"រក្សាទុក​ជា​សេចក្ដី​ព្រាង"},{"$i":"discard-message","$v":"បោះបង់"},{"$i":"discard-sms","$v":"តើ​អ្នក​ប្រាកដ​ជា​ចង់​បោះបង់ចោល​សារ​នេះ​មែន​ទេ?"},{"$i":"discard-new-message","$v":"បោះបង់​សារ​ដែល​អ្នក​កំពុង​តែង ហើយ​បើក​សារ​ថ្មី?"},{"$i":"resend-confirmation","$v":"មិន​អាច​ផ្ញើ​សារ។ ព្យាយាម​ម្ដង​ទៀត​ឬ?"},{"$i":"resend-message","$v":"ផ្ញើ​សារ​នេះ​ម្ដងទៀត"},{"$i":"deleteMessage-confirmation","$v":"Delete selected message?"},{"$i":"deleteMessages-confirmation-message","$v":{"zero":"Please select messages to be deleted.","one":"Delete selected message?","two":["Delete ",{"t":"idOrVar","v":"n"}," selected messages?"],"few":["Delete ",{"t":"idOrVar","v":"n"}," selected messages?"],"many":["Delete ",{"t":"idOrVar","v":"n"}," selected messages?"],"other":["Delete ",{"t":"idOrVar","v":"n"}," selected messages?"]},"$x":[{"t":"idOrVar","v":"plural"},"n"]},{"$i":"deleteThreads-confirmation-message","$v":{"zero":"Please select message threads to be deleted.","one":"Delete selected message thread?","two":["Delete ",{"t":"idOrVar","v":"n"}," selected message threads?"],"few":["Delete ",{"t":"idOrVar","v":"n"}," selected message threads?"],"many":["Delete ",{"t":"idOrVar","v":"n"}," selected message threads?"],"other":["Delete ",{"t":"idOrVar","v":"n"}," selected message threads?"]},"$x":[{"t":"idOrVar","v":"plural"},"n"]},{"$i":"new-message-notice-text","$v":"សារ​ថ្មី​ពី"},{"$i":"new-message-notice-a-text","$v":"អាន​វា"},{"$i":"noMessages-title","$v":"គ្មាន​សារ"},{"$i":"noMessages-text","$v":"ចាប់ផ្ដើម​ប្រាស្រ័យ​ទាក់ទង​ឥឡូវ"},{"$i":"sendDefaultErrorTitle","$v":"សារ​មិន​បាន​ផ្ញើ ។"},{"$i":"sendDefaultErrorBody","$v":"មាន​បញ្ហា​ក្នុង​ការ​ផ្ញើ​សារ។ សូម​ព្យាយាម​ម្ដងទៀត។"},{"$i":"sendDefaultErrorBtnOk","$v":"យល់​ព្រម"},{"$i":"sendMissingSimCardTitle","$v":"បាត់​ SIM កាត"},{"$i":"sendMissingSimCardBody","$v":"បញ្ចូល SIM កាត​ឲ្យ​បាន​ត្រឹមត្រូវដើម្បី​បន្ត។"},{"$i":"sendMissingSimCardBtnOk","$v":"យល់​ព្រម"},{"$i":"sendFlightModeTitle","$v":"បាន​ធ្វើ​ឲ្យ​សកម្ម​របៀប​លើ​យន្តហោះ"},{"$i":"sendFlightModeBody","$v":"បិទ​របៀប​ជិះ​យន្ត​ហោះ ដើម្បី​ផ្ញើ​សារ។"},{"$i":"sendFlightModeBtnOk","$v":"យល់​ព្រម"},{"$i":"radioDisabledToDownloadTitle","$v":[{"t":"idOrVar","v":"sendFlightModeTitle"}]},{"$i":"radioDisabledToDownloadBody","$v":"បិទ​របៀប​ជិះ​យន្តហោះ​ដើម្បី​ទាញ​យក​ឯកសារ​ភ្ជាប់។"},{"$i":"radioDisabledToDownloadBtnOk","$v":[{"t":"idOrVar","v":"sendFlightModeBtnOk"}]},{"$i":"fdnBlocked2Title","$v":"FDN សកម្ម"},{"$i":"sms-counter-notice-label","$v":["Editing SMS ",{"t":"idOrVar","v":"number"}]},{"$i":"fdnBlocked2Body","innerHTML":{"$x":[{"t":"idOrVar","v":"plural"},"n"],"$v":{"one":["FDN (Fixed Dialing Numbers) ត្រូវ​បាន​ធ្វើ​ឲ្យ​សកម្ម។ សូម​ប្រាកដ​ថា​​បញ្ចូល​ SMS center និង​អ្នក​ទទួល​មាន​នៅ​ក្នុង​បញ្ជី FDN របស់​អ្នក៖<br />",{"t":"idOrVar","v":"numbers"}],"two":["FDN (Fixed Dialing Numbers) ត្រូវ​បាន​ធ្វើ​ឲ្យ​សកម្ម។ សូម​ប្រាកដ​ថា​បញ្ចូល​ SMS center និង​អ្នក​ទទួល​មាន​នៅ​ក្នុង​បញ្ជី FDN របស់​អ្នក៖<br />",{"t":"idOrVar","v":"numbers"}],"few":["SMSFDN (Fixed Dialing Numbers) ត្រូវ​បាន​ធ្វើ​ឲ្យ​សកម្ម។ សូម​ប្រាកដ​ថា​ SMS center និង​អ្នក​ទទួល​មាន​នៅ​ក្នុង​បញ្ជី FDN របស់​អ្នក៖<br />",{"t":"idOrVar","v":"numbers"}],"many":["FDN (Fixed Dialing Numbers) ត្រូវ​បាន​ធ្វើ​ឲ្យ​សកម្ម។ សូម​ប្រាកដ​ថា SMS center និង​អ្នក​ទទួល​មាន​នៅ​ក្នុង​បញ្ជី FDN របស់​អ្នក៖<br />",{"t":"idOrVar","v":"numbers"}],"other":["FDN (Fixed Dialing Numbers) ត្រូវ​បាន​ធ្វើ​ឲ្យ​សកម្ម។ សូម​ប្រាកដ​ថា SMS center និង​អ្នក​ទទួល​មាន​នៅ​ក្នុង​បញ្ជី FDN របស់​អ្នក៖<br />",{"t":"idOrVar","v":"numbers"}]}}},{"$i":"fdnBlocked2BtnOk","$v":"យល់​ព្រម"},{"$i":"switchSimToRetrieveTitle","$v":"ប្ដូរ​ការ​ភ្ជាប់ទិន្នន័យ"},{"$i":"switchSimToRetrieveBody","$v":["ប្ដូរ​ការ​តភ្ជាប់​ទិន្នន័យ​ទៅ SIM ",{"t":"idOrVar","v":"nonActiveSimId"}," ដើម្បី​ទៅ​យក MMS ។ ការ​ផ្ទេរ​ទិន្នន័យ​បច្ចុប្បន្ន​នៅ​លើ​ស៊ីម ",{"t":"idOrVar","v":"activeSimId"}," នឹង​ត្រូវ​បាន​ផ្អាក។ ទោះបី​យ៉ាងណា​ក៏ដោយ​បន្ត?"]},{"$i":"switchSimToRetrieveBtnOk","$v":"ពេលក្រោយ"},{"$i":"switchSimToRetrieveConfirm","$v":"យល់​ព្រម"},{"$i":"switchSimToSendTitle","$v":[{"t":"idOrVar","v":"switchSimToRetrieveTitle"}]},{"$i":"switchSimToSendBody","$v":["ប្ដូរ​ការ​តភ្ជាប់​ទិន្នន័យ​ទៅ​ SIM ",{"t":"idOrVar","v":"nonActiveSimId"}," ដើម្បី​ផ្ញើ MMS ។ ការ​ផ្ទេរ​ទិន្នន័យ​បច្ចុប្បន្ន​នៅ​លើ SIM ",{"t":"idOrVar","v":"activeSimId"}," នឹង​ត្រូវ​បាន​ផ្អាក។ ទោះបី​យ៉ាងណា​ក៏​ដោយ​បន្ត?"]},{"$i":"switchSimToSendBtnOk","$v":[{"t":"idOrVar","v":"switchSimToRetrieveBtnOk"}]},{"$i":"switchSimToSendConfirm","$v":[{"t":"idOrVar","v":"switchSimToRetrieveConfirm"}]},{"$i":"sendNoSignalErrorTitle","$v":"គ្មាន​សេវា​បណ្ដាញ"},{"$i":"sendNoSignalErrorBody","$v":"សូម​ប្រាកដ​ថា អ្នក​មាន​សញ្ញា​បណ្ដាញ​ចល័ត និង​ព្យាយាម​ម្ដង​ទៀត"},{"$i":"sendNoSignalErrorBtnOk","$v":"យល់​ព្រម"},{"$i":"sendNotFoundErrorTitle","$v":"រក​មិន​ឃើញ​សារ"},{"$i":"sendNotFoundErrorBody","$v":"សារ​ដែល​អ្នក​កំពុង​រក​មើល​មិន​មាន​ទៀត​ទេ។"},{"$i":"sendNotFoundErrorBtnOk","$v":"យល់​ព្រម"},{"$i":"sendInvalidAddressErrorTitle","$v":"លេខ​មិន​ត្រឹមត្រូវ"},{"$i":"sendInvalidAddressErrorBody","$v":"សូម​ប្រាកដ​ថា លេខ​ទូរស័ព្ទ​​ដែល​អ្នក​កំពុង​ផ្ញើ​​​ត្រឹមត្រូវ។"},{"$i":"sendInvalidAddressErrorBtnOk","$v":"យល់​ព្រម"},{"$i":"simNotMatchedErrorTitle","$v":"បើក​ដើម្បី​ទាញយក"},{"$i":"simNotMatchedErrorBody","$v":"សូម​ប្រាកដ​ថា​ស៊ីមកាត​បាន​បញ្ចូល​គឺ​ប្រើ​ ដើម្បី​ទទួល​សារ​នេះ។"},{"$i":"simNotMatchedErrorBtnOk","$v":"យល់​ព្រម"},{"$i":"deleted-sms","$v":"បាន​លុប​សារ​នេះ​រួច​ហើយ។"},{"$i":"view-attachment-image","$v":"មើល"},{"$i":"view-attachment-audio","$v":"ស្ដាប់"},{"$i":"view-attachment-video","$v":"មើល​"},{"$i":"view-attachment-other","$v":"មើល"},{"$i":"remove-attachment-image","$v":"លុប​រូបភាព​ចេញ"},{"$i":"remove-attachment-audio","$v":"លុប​អូឌីយ៉ូ​ចេញ"},{"$i":"remove-attachment-video","$v":"លុប​វីដេអូ​ចេញ"},{"$i":"remove-attachment-other","$v":"លុប​ឯកសារ​ភ្ជាប់​ចេញ"},{"$i":"replace-attachment-image","$v":"ជំនួស​រូបភាព"},{"$i":"replace-attachment-audio","$v":"ជំនួស​អូឌីយ៉ូ"},{"$i":"replace-attachment-video","$v":"ជំនួស​វីដេអូ"},{"$i":"replace-attachment-other","$v":"ជំនួស​ឯកសារ​ភ្ជាប់"},{"$i":"unsent-message-title","$v":"សារ​មិន​បាន​ផ្ញើ"},{"$i":"unsent-message-text","$v":"Your previous message was not sent. Do you want to discard the unsent message and continue?"},{"$i":"unsent-message-option-edit","$v":"កែសម្រួល"},{"$i":"unsent-message-option-discard","$v":"បោះបង់"},{"$i":"message-options","$v":"ជម្រើសសារ"},{"$i":"thread-options","$v":"Thread options"},{"$i":"forward","$v":"បញ្ជូន​បន្ត"},{"$i":"view-message-report","$v":"មើល​របាយការណ៍​សារ"},{"$i":"select-text","$v":"Select text"},{"$i":"mobile","$v":"ទូរស័ព្ទ​ចល័ត"},{"$i":"home","$v":"ផ្ទះ"},{"$i":"work","$v":"ការងារ"},{"$i":"personal","$v":"ផ្ទាល់​ខ្លួន"},{"$i":"faxHome","$v":"ទូរសារ​នៅ​ផ្ទះ"},{"$i":"faxOffice","$v":"ទូរសារ​នៅ​ការិយាល័យ"},{"$i":"faxOther","$v":"ទូរសារ​ផ្សេងៗ"},{"$i":"another","$v":"ផ្សេង"},{"$i":"other","$v":"ផ្សេង"},{"$i":"today","$v":"ថ្ងៃ​នេះ"},{"$i":"yesterday","$v":"ម្សិលម៉ិញ"},{"$i":"incorrectDate","$v":"(កាលបរិច្ឆេទ​មិន​ត្រឹមត្រូវ)"},{"$i":"addToExistingContact","$v":"បន្ថែម​ទៅ​ទំនាក់ទំនង​ដែល​មាន​ស្រាប់"},{"$i":"createNewContact","$v":"បង្កើត​ទំនាក់ទំនង​ថ្មី"},{"$i":"viewContact","$v":"មើល​ទំនាក់ទំនង"},{"$i":"call","$v":"ហៅ"},{"$i":"sendEmail","$v":"ផ្ញើ​អ៊ីមែល"},{"$i":"mms-message","$v":"សារ MMS"},{"$i":"notDownloaded-title","$v":"មិន​ទាន់​ទាញ​យក​សារ​នៅ​ឡើយ​ទេ។"},{"$i":"tobedownloaded-attachment","$v":["You received a multimedia message. You can use the link below to download its content until ",{"t":"idOrVar","v":"date"},"."]},{"$i":"expired-attachment","$v":["សូម​អភ័យ​ទោស, សារ​ផុត​កំណត់​កាលពី ",{"t":"idOrVar","v":"date"}," និង​មិន​អាច​ទាញ​យក​បាន​ទេ។"]},{"$i":"download-attachment","$v":"ទាញ​យក"},{"$i":"downloading-attachment","$v":"កំពុង​ទាញ​យក…"},{"$i":"unnamed-attachment","$v":"គ្មាន​ចំណង​ជើង"},{"$i":"mms-label","$v":"MMS"},{"$i":"attached-files-too-large","$v":{"zero":["The files you have selected exceed the ",{"t":"idOrVar","v":"mmsSize"}," KB size limit of a single multimedia message."],"one":["The file you have selected exceeds the ",{"t":"idOrVar","v":"mmsSize"}," KB size limit of a single multimedia message."],"two":["The files you have selected exceed the ",{"t":"idOrVar","v":"mmsSize"}," KB size limit of a single multimedia message."],"few":["The files you have selected exceed the ",{"t":"idOrVar","v":"mmsSize"}," KB size limit of a single multimedia message."],"many":["The files you have selected exceed the ",{"t":"idOrVar","v":"mmsSize"}," KB size limit of a single multimedia message."],"other":["The files you have selected exceed the ",{"t":"idOrVar","v":"mmsSize"}," KB size limit of a single multimedia message."]},"$x":[{"t":"idOrVar","v":"plural"},"n"]},{"$i":"resize-image","$v":"ប្ដូរ​ទំហំ​រូបភាព​ដែល​បាន​បិទ​ភ្ជាប់"},{"$i":"no-attachment-text","$v":"មាន​បញ្ហា​​ជាមួយ​ឯកសារ​ដែល​​​បាន​ភ្ជាប់​ជាមួយ​​ហើយ​វា​មិន​អាច​ត្រូវ​បាន​ទាញ​យក​បាន​ទេ។"},{"$i":"message-draft-saved","$v":"សារ​បាន​រក្សាទុក​ជា​សេចក្ដី​ព្រាង"},{"$i":"sim-id-label","$v":["SIM ",{"t":"idOrVar","v":"id"}]},{"$i":"sim-detail","$v":["SIM ",{"t":"idOrVar","v":"id"},", ",{"t":"idOrVar","v":"detailString"}]},{"$i":"dsds-notification-title-with-sim","$v":["(",{"t":"idOrVar","v":"sim"},") ",{"t":"idOrVar","v":"sender"}]},{"$i":"send-button","ariaLabel":"Send"},{"$i":"send-button-sim-indication","$v":[{"t":"idOrVar","v":"n"}],"ariaLabel":["ដោយ​ប្រើ SIM ",{"t":"idOrVar","v":"n"}]},{"$i":"expiry-date-format","$v":"%A, %b %e"},{"$i":"attach-button","ariaLabel":"បន្ថែម​ឯកសារ​ភ្ជាប់"},{"$i":"contact-photo","ariaLabel":"Contact photo"},{"$i":"unread-thread","ariaLabel":"Unread"},{"$i":"has-draft","ariaLabel":"Has draft"},{"$i":"is-draft","ariaLabel":"Draft"},{"$i":"message-delivery-status-sending","$v":"Sending…"},{"$i":"message-delivery-status-delivered","ariaLabel":"Delivered"},{"$i":"message-delivery-status-read","ariaLabel":"Read"},{"$i":"message-delivery-status-error","ariaLabel":"Error"},{"$i":"modal-dialog-ok-button","$v":"OK"},{"$i":"modal-dialog-cancel-button","$v":"Cancel"},{"$i":"modal-dialog-default-title","$v":"Messages"},{"$i":"weekday-0-long","$v":"អាទិត្យ"},{"$i":"weekday-1-long","$v":"ច័ន្ទ"},{"$i":"weekday-2-long","$v":"អង្គារ"},{"$i":"weekday-3-long","$v":"ពុធ"},{"$i":"weekday-4-long","$v":"ព្រហស្បតិ៍"},{"$i":"weekday-5-long","$v":"សុក្រ"},{"$i":"weekday-6-long","$v":"សៅរ៍"},{"$i":"weekday-0-short","$v":"អាទិត្យ"},{"$i":"weekday-1-short","$v":"ច័ន្ទ"},{"$i":"weekday-2-short","$v":"អង្គារ"},{"$i":"weekday-3-short","$v":"ពុធ"},{"$i":"weekday-4-short","$v":"ព្រហស្បតិ៍"},{"$i":"weekday-5-short","$v":"សុក្រ"},{"$i":"weekday-6-short","$v":"សៅរ៍"},{"$i":"month-0-long","$v":"មករា"},{"$i":"month-1-long","$v":"កុម្ភៈ"},{"$i":"month-2-long","$v":"មីនា"},{"$i":"month-3-long","$v":"មេសា"},{"$i":"month-4-long","$v":"ឧសភា"},{"$i":"month-5-long","$v":"មិថុនា"},{"$i":"month-6-long","$v":"កក្កដា"},{"$i":"month-7-long","$v":"សីហា"},{"$i":"month-8-long","$v":"កញ្ញា"},{"$i":"month-9-long","$v":"តុលា"},{"$i":"month-10-long","$v":"វិច្ឆិកា"},{"$i":"month-11-long","$v":"ធ្នូ"},{"$i":"month-0-genitive","$v":"មករា"},{"$i":"month-1-genitive","$v":"កុម្ភៈ"},{"$i":"month-2-genitive","$v":"មីនា"},{"$i":"month-3-genitive","$v":"មេសា"},{"$i":"month-4-genitive","$v":"ឧសភា"},{"$i":"month-5-genitive","$v":"មិថុនា"},{"$i":"month-6-genitive","$v":"កក្កដា"},{"$i":"month-7-genitive","$v":"សីហា"},{"$i":"month-8-genitive","$v":"កញ្ញា"},{"$i":"month-9-genitive","$v":"តុលា"},{"$i":"month-10-genitive","$v":"វិច្ឆិកា"},{"$i":"month-11-genitive","$v":"ធ្នូ"},{"$i":"month-0-short","$v":"មករា"},{"$i":"month-1-short","$v":"កុម្ភៈ"},{"$i":"month-2-short","$v":"មីនា"},{"$i":"month-3-short","$v":"មេសា"},{"$i":"month-4-short","$v":"ឧសភា"},{"$i":"month-5-short","$v":"មិថុនា"},{"$i":"month-6-short","$v":"កក្កដា"},{"$i":"month-7-short","$v":"សីហា"},{"$i":"month-8-short","$v":"កញ្ញា"},{"$i":"month-9-short","$v":"តុលា"},{"$i":"month-10-short","$v":"វិច្ឆិកា"},{"$i":"month-11-short","$v":"ធ្នូ"},{"$i":"minutes-ago-long","$v":{"zero":"អម្បាញ់មិញនេះ","one":"មួយ​នាទី​មុន","two":[{"t":"idOrVar","v":"value"}," នាទី​មុន"],"few":[{"t":"idOrVar","v":"value"}," នាទី​មុន"],"many":[{"t":"idOrVar","v":"value"}," នាទី​មុន"],"other":[{"t":"idOrVar","v":"value"}," នាទី​មុន"]},"$x":[{"t":"idOrVar","v":"plural"},"value"]},{"$i":"hours-ago-long","$v":{"zero":"អម្បាញ់មិញនេះ","one":"មួយ​ម៉ោង​មុន","two":[{"t":"idOrVar","v":"value"}," ម៉ោង​មុន"],"few":[{"t":"idOrVar","v":"value"}," ម៉ោង​មុន"],"many":[{"t":"idOrVar","v":"value"}," ម៉ោង​មុន"],"other":[{"t":"idOrVar","v":"value"}," ម៉ោង​មុន"]},"$x":[{"t":"idOrVar","v":"plural"},"value"]},{"$i":"days-ago-long","$v":{"zero":"ថ្ងៃ​នេះ","one":"ម្សិលមិញ","two":[{"t":"idOrVar","v":"value"}," ថ្ងៃ​មុន"],"few":[{"t":"idOrVar","v":"value"}," ថ្ងៃ​មុន"],"many":[{"t":"idOrVar","v":"value"}," ថ្ងៃ​មុន"],"other":[{"t":"idOrVar","v":"value"}," ថ្ងៃ​មុន"]},"$x":[{"t":"idOrVar","v":"plural"},"value"]},{"$i":"weeks-ago-long","$v":{"zero":"សប្ដាហ៍​នេះ","one":"សប្ដាហ៍​មុន","two":[{"t":"idOrVar","v":"value"}," សប្ដាហ៍​មុន"],"few":[{"t":"idOrVar","v":"value"}," សប្ដាហ៍​មុន"],"many":[{"t":"idOrVar","v":"value"}," សប្ដាហ៍​មុន"],"other":[{"t":"idOrVar","v":"value"}," សប្ដាហ៍​មុន"]},"$x":[{"t":"idOrVar","v":"plural"},"value"]},{"$i":"months-ago-long","$v":{"zero":"ខែ​នេះ","one":"ខែ​មុន","two":[{"t":"idOrVar","v":"value"}," ខែ​មុន"],"few":[{"t":"idOrVar","v":"value"}," ខែ​មុន"],"many":[{"t":"idOrVar","v":"value"}," ខែ​មុន"],"other":[{"t":"idOrVar","v":"value"}," ខែ​មុន"]},"$x":[{"t":"idOrVar","v":"plural"},"value"]},{"$i":"years-ago-long","$v":{"zero":"ឆ្នាំនេះ","one":"ឆ្នាំ​មុន","two":[{"t":"idOrVar","v":"value"}," ឆ្នាំ​មុន"],"few":[{"t":"idOrVar","v":"value"}," ឆ្នាំ​មុន"],"many":[{"t":"idOrVar","v":"value"}," ឆ្នាំ​មុន"],"other":[{"t":"idOrVar","v":"value"}," ឆ្នាំ​មុន"]},"$x":[{"t":"idOrVar","v":"plural"},"value"]},{"$i":"minutes-until-long","$v":{"zero":"ឥឡូវ","one":"ក្នុង​ពេល​មួយ​នាទី","two":["ក្នុង​ពេល ",{"t":"idOrVar","v":"value"}," នាទី"],"few":["ក្នុង​ពេល ",{"t":"idOrVar","v":"value"}," នាទី"],"many":["ក្នុង​ពេល​ ",{"t":"idOrVar","v":"value"}," នាទី​"],"other":["ក្នុង​ពេល ",{"t":"idOrVar","v":"value"}," នាទី"]},"$x":[{"t":"idOrVar","v":"plural"},"value"]},{"$i":"hours-until-long","$v":{"zero":"ឥឡូវ","one":"ក្នុង​រយៈពេល​១​ម៉ោង","two":["ក្នុង​ពេល​​ ",{"t":"idOrVar","v":"value"}," ម៉ោង"],"few":["ក្នុង​ពេល​​ ",{"t":"idOrVar","v":"value"}," ម៉ោង"],"many":["ក្នុង​ពេល​​ ",{"t":"idOrVar","v":"value"}," ម៉ោង"],"other":["ក្នុង​ពេល​​ ",{"t":"idOrVar","v":"value"}," ម៉ោង"]},"$x":[{"t":"idOrVar","v":"plural"},"value"]},{"$i":"days-until-long","$v":{"zero":"ថ្ងៃ​នេះ","one":"ថ្ងៃស្អែក","two":["ក្នុង​ពេល​​ ",{"t":"idOrVar","v":"value"}," ថ្ងៃ"],"few":["ក្នុង​ពេល​​ ",{"t":"idOrVar","v":"value"}," ថ្ងៃ"],"many":["ក្នុង​ពេល​​ ",{"t":"idOrVar","v":"value"}," ថ្ងៃ"],"other":["ក្នុង​ពេល​​ ",{"t":"idOrVar","v":"value"}," ថ្ងៃ"]},"$x":[{"t":"idOrVar","v":"plural"},"value"]},{"$i":"weeks-until-long","$v":{"zero":"សប្ដាហ៍​នេះ","one":"សប្ដាហ៍​ក្រោយ","two":["ក្នុង​ពេល ",{"t":"idOrVar","v":"value"}," សប្ដាហ៍"],"few":["ក្នុង​ពេល ",{"t":"idOrVar","v":"value"}," សប្ដាហ៍"],"many":["ក្នុង​ពេល ",{"t":"idOrVar","v":"value"}," សប្ដាហ៍"],"other":["ក្នុង​ពេល ",{"t":"idOrVar","v":"value"}," សប្ដាហ៍"]},"$x":[{"t":"idOrVar","v":"plural"},"value"]},{"$i":"months-until-long","$v":{"zero":"ខែ​នេះ","one":"ខែ​ក្រោយ","two":["ក្នុង​ពេល ",{"t":"idOrVar","v":"value"}," ខែ"],"few":["ក្នុង​ពេល ",{"t":"idOrVar","v":"value"}," ខែ"],"many":["ក្នុង​ពេល ",{"t":"idOrVar","v":"value"}," ខែ"],"other":["ក្នុង​ពេល ",{"t":"idOrVar","v":"value"}," ខែ"]},"$x":[{"t":"idOrVar","v":"plural"},"value"]},{"$i":"years-until-long","$v":{"zero":"ឆ្នាំនេះ","one":"ឆ្នាំ​ក្រោយ","two":["ក្នុង​ពេល ",{"t":"idOrVar","v":"value"}," ឆ្នាំ"],"few":["ក្នុង​ពេល ",{"t":"idOrVar","v":"value"}," ឆ្នាំ"],"many":["ក្នុង​ពេល ",{"t":"idOrVar","v":"value"}," ឆ្នាំ"],"other":["ក្នុង​ពេល ",{"t":"idOrVar","v":"value"}," ឆ្នាំ"]},"$x":[{"t":"idOrVar","v":"plural"},"value"]},{"$i":"minutes-ago-short","$v":{"zero":"អម្បាញ់មិញនេះ","other":[{"t":"idOrVar","v":"value"},"នាទី​មុន"]},"$x":[{"t":"idOrVar","v":"plural"},"value"]},{"$i":"hours-ago-short","$v":{"zero":"អម្បាញ់មិញនេះ","other":[{"t":"idOrVar","v":"value"},"ម៉ោង​មុន"]},"$x":[{"t":"idOrVar","v":"plural"},"value"]},{"$i":"days-ago-short","$v":{"zero":"ថ្ងៃ​នេះ","other":[{"t":"idOrVar","v":"value"},"ថ្ងៃ​មុន"]},"$x":[{"t":"idOrVar","v":"plural"},"value"]},{"$i":"minutes-until-short","$v":{"zero":"ឥឡូវ","other":["ក្នុង​ពេល ",{"t":"idOrVar","v":"value"},"នាទី"]},"$x":[{"t":"idOrVar","v":"plural"},"value"]},{"$i":"hours-until-short","$v":{"zero":"ឥឡូវ","other":["ក្នុង​ពេល ",{"t":"idOrVar","v":"value"},"ម៉ោង"]},"$x":[{"t":"idOrVar","v":"plural"},"value"]},{"$i":"days-until-short","$v":{"zero":"ថ្ងៃ​នេះ","other":["ក្នុង​ពេល ",{"t":"idOrVar","v":"value"},"ថ្ងៃ"]},"$x":[{"t":"idOrVar","v":"plural"},"value"]},{"$i":"dateTimeFormat_%c","$v":"%a %b %e %Y %I:%M:%S %p"},{"$i":"dateTimeFormat_%x","$v":"%m/%d/%Y"},{"$i":"dateTimeFormat_%X","$v":"%I:%M:%S %p"},{"$i":"shortTimeFormat","$v":"%I:%M %p"},{"$i":"shortTimeFormat12","$v":"%I:%M %p"},{"$i":"shortTimeFormat24","$v":"%H:%M"},{"$i":"shortDateTimeFormat","$v":"%x %I:%M %p"},{"$i":"weekStartsOnMonday","$v":"0"},{"$i":"firstDayOfTheWeek","$v":"0"},{"$i":"time_am","$v":"ព្រឹក"},{"$i":"time_pm","$v":"PM"},{"$i":"gaia-menu-cancel","$v":"បោះបង់"},{"$i":"gaia-sim-picker-dial-via-with-number","$v":["Dial ",{"t":"idOrVar","v":"phoneNumber"}," via"]},{"$i":"gaia-sim-picker-select-sim","$v":"Select SIM"},{"$i":"gaia-sim-picker-button","$v":["SIM",{"t":"idOrVar","v":"n"}]},{"$i":"gaia-sim-picker-button-default","$v":"(default)"}]