[{"$i":"messages","$v":"메시지"},{"$i":"deleteMessages-title","$v":"삭제된 메시지"},{"$i":"selectThreads-title","$v":"선택"},{"$i":"edit","$v":"편집"},{"$i":"back","$v":"뒤로"},{"$i":"cancel","$v":"취소"},{"$i":"undo","$v":"실행 취소"},{"$i":"done","$v":"완료"},{"$i":"delete","$v":"삭제"},{"$i":"delete-thread","$v":"Delete thread"},{"$i":"mark-as-read","$v":"Mark as read"},{"$i":"mark-as-unread","$v":"Mark as unread"},{"$i":"deleting-messages","$v":"삭제하는 중…"},{"$i":"select-all","$v":"모두 선택"},{"$i":"deselect-all","$v":"모두 선택 해제"},{"$i":"selected-threads","$v":{"zero":"선택된 것 없음","one":[{"t":"idOrVar","v":"n"},"개 선택됨"],"two":[{"t":"idOrVar","v":"n"},"개 선택됨"],"few":[{"t":"idOrVar","v":"n"},"개 선택됨"],"many":[{"t":"idOrVar","v":"n"},"개 선택됨"],"other":[{"t":"idOrVar","v":"n"},"개 선택됨"]},"$x":[{"t":"idOrVar","v":"plural"},"n"]},{"$i":"selected-messages","$v":{"zero":"선택된 것 없음","one":[{"t":"idOrVar","v":"n"},"개 선택됨"],"two":[{"t":"idOrVar","v":"n"},"개 선택됨"],"few":[{"t":"idOrVar","v":"n"},"개 선택됨"],"many":[{"t":"idOrVar","v":"n"},"개 선택됨"],"other":[{"t":"idOrVar","v":"n"},"개 선택됨"]},"$x":[{"t":"idOrVar","v":"plural"},"n"]},{"$i":"selectThreads-label","$v":"쓰레드 선택"},{"$i":"selectMessages-label","$v":"메시지 선택"},{"$i":"settings","$v":"설정"},{"$i":"add-subject","$v":"제목 추가"},{"$i":"remove-subject","$v":"제목 제거"},{"$i":"to","$v":"받는이:"},{"$i":"new","$v":"새로 쓰기"},{"$i":"message","$v":"메시지"},{"$i":"messagesInput_placeholder","$v":"메시지"},{"$i":"messagesSubjectInput_placeholder","$v":"제목"},{"$i":"converted-to-mms","$v":"멀티미디어 문자로 변환합니다."},{"$i":"converted-to-sms","$v":"일반 문자로 변환합니다."},{"$i":"messages-max-length-text","$v":"보낼 수 있는 최대 길이입니다."},{"$i":"messages-max-subject-length-text","$v":"제목을 더이상 입력할 수 없습니다."},{"$i":"multimedia-message-exceeded-max-length","$v":["You’ve exceeded the ",{"t":"idOrVar","v":"mmsSize"}," KB size limit of a single multimedia message. Remove attachments or shorten the message to send it."]},{"$i":"newMessage","$v":"문자"},{"$i":"sendMessage","$v":"문자 보내기"},{"$i":"sendMMSToEmail","$v":"Send multimedia message"},{"$i":"no-recipient","$v":"(받는이 없음)"},{"$i":"recipient","$v":{"one":["받는이 ",{"t":"idOrVar","v":"n"},"명"],"two":["받는이 ",{"t":"idOrVar","v":"n"},"명"],"few":["받는이 ",{"t":"idOrVar","v":"n"},"명"],"many":["받는이 ",{"t":"idOrVar","v":"n"},"명"],"other":["받는이 ",{"t":"idOrVar","v":"n"},"명"]},"$x":[{"t":"idOrVar","v":"plural"},"n"]},{"$i":"attachmentSizeB","$v":[{"t":"idOrVar","v":"n"}," B"]},{"$i":"attachmentSizeKB","$v":[{"t":"idOrVar","v":"n"}," KB"]},{"$i":"attachmentSizeMB","$v":[{"t":"idOrVar","v":"n"}," MB"]},{"$i":"attachmentOpenError","$v":"이 파일을 열 수 있는 애플리케이션이 없습니다."},{"$i":"remove","$v":"삭제"},{"$i":"participant","$v":{"one":["참여자 ",{"t":"idOrVar","v":"n"},"명"],"two":["참여자 ",{"t":"idOrVar","v":"n"},"명"],"few":["참여자 ",{"t":"idOrVar","v":"n"},"명"],"many":["참여자 ",{"t":"idOrVar","v":"n"},"명"],"other":["참여자 ",{"t":"idOrVar","v":"n"},"명"]},"$x":[{"t":"idOrVar","v":"plural"},"n"]},{"$i":"message-report","$v":"메세지 보고서"},{"$i":"message-type-sms","$v":"문자 메시지(SMS)"},{"$i":"message-type-mms","$v":"멀티 미디어 메시지(MMS)"},{"$i":"sms-report-description","$v":["문자 메시지(SMS)는 ",{"t":"idOrVar","v":"datetime"},"에 송신 완료"]},{"$i":"mms-report-description","$v":["멀티 미디어 메시지(MMS)는 ",{"t":"idOrVar","v":"subject"},"라는 제목으로 ",{"t":"idOrVar","v":"datetime"},"에 송신완료"]},{"$i":"mms-no-subject-report-description","$v":["멀티 미디어 메시지(MMS)는 ",{"t":"idOrVar","v":"datetime"},"에 송신완료"]},{"$i":"message-subject","$v":"Subject:"},{"$i":"report-status-error","$v":"Message could not be sent"},{"$i":"report-status-not-downloaded","$v":"not downloaded"},{"$i":"report-status-delivered","$v":"Delivered:"},{"$i":"report-status-read","$v":"Read:"},{"$i":"report-status-pending","$v":"Report requested"},{"$i":"report-status-rejected","$v":"Message rejected"},{"$i":"message-size-was","$v":"메시지 크기:"},{"$i":"report-dateTimeFormat12","$v":["%e %B %Y, ",{"t":"idOrVar","v":"shortTimeFormat12"}]},{"$i":"report-dateTimeFormat24","$v":["%e %B %Y, ",{"t":"idOrVar","v":"shortTimeFormat24"}]},{"$i":"report-to-title","$v":"To"},{"$i":"report-from-title","$v":"From"},{"$i":"message-sent","$v":"송신일:"},{"$i":"message-sending","$v":[{"t":"idOrVar","v":"message-delivery-status-sending"}]},{"$i":"message-received","$v":"수신일:"},{"$i":"message-via","$v":"회선:"},{"$i":"message-resend","$v":"Resend"},{"$i":"search","$v":"검색"},{"$i":"unknown-contact-title","$v":"Unknown Contact"},{"$i":"phone-type-separator","$v":", "},{"$i":"phone-carrier-separator","$v":" "},{"$i":"thread-participant-separator","$v":", "},{"$i":"replace-draft","$v":"기존 임시글로 바꾸기"},{"$i":"save-as-draft","$v":"임시글로 저장"},{"$i":"discard-message","$v":"메시지 취소"},{"$i":"discard-sms","$v":"정말로 이 메시지를 취소하시겠습니까?"},{"$i":"discard-new-message","$v":"편집 중인 메시지를 파기하고 새 메시지를 열겠습니까?"},{"$i":"resend-confirmation","$v":"이 메시지를 보내지 못했습니다. 다시 시도하시겠습니까?"},{"$i":"resend-message","$v":"다시 보내기"},{"$i":"deleteMessage-confirmation","$v":"Delete selected message?"},{"$i":"deleteMessages-confirmation-message","$v":{"zero":"Please select messages to be deleted.","one":"Delete selected message?","two":["Delete ",{"t":"idOrVar","v":"n"}," selected messages?"],"few":["Delete ",{"t":"idOrVar","v":"n"}," selected messages?"],"many":["Delete ",{"t":"idOrVar","v":"n"}," selected messages?"],"other":["Delete ",{"t":"idOrVar","v":"n"}," selected messages?"]},"$x":[{"t":"idOrVar","v":"plural"},"n"]},{"$i":"deleteThreads-confirmation-message","$v":{"zero":"Please select message threads to be deleted.","one":"Delete selected message thread?","two":["Delete ",{"t":"idOrVar","v":"n"}," selected message threads?"],"few":["Delete ",{"t":"idOrVar","v":"n"}," selected message threads?"],"many":["Delete ",{"t":"idOrVar","v":"n"}," selected message threads?"],"other":["Delete ",{"t":"idOrVar","v":"n"}," selected message threads?"]},"$x":[{"t":"idOrVar","v":"plural"},"n"]},{"$i":"new-message-notice-text","$v":"신규 메시지 도착- 발신인: "},{"$i":"new-message-notice-a-text","$v":"읽음 표시"},{"$i":"noMessages-title","$v":"메시지 없음"},{"$i":"noMessages-text","$v":"지금 통신 시작"},{"$i":"sendDefaultErrorTitle","$v":"메시지 보내지 못함"},{"$i":"sendDefaultErrorBody","$v":"메시지를 보내는데 문제가 발생하였습니다. 다시 시도해 주세요."},{"$i":"sendDefaultErrorBtnOk","$v":"OK"},{"$i":"sendMissingSimCardTitle","$v":"심카드 없음"},{"$i":"sendMissingSimCardBody","$v":"계속하려면 유효한 SIM카드를 넣으십시오."},{"$i":"sendMissingSimCardBtnOk","$v":"확인"},{"$i":"sendFlightModeTitle","$v":"비행기 모드 활성화됨"},{"$i":"sendFlightModeBody","$v":"메시지를 보내려면, 비행기 모드 끄십시오."},{"$i":"sendFlightModeBtnOk","$v":"확인"},{"$i":"radioDisabledToDownloadTitle","$v":[{"t":"idOrVar","v":"sendFlightModeTitle"}]},{"$i":"radioDisabledToDownloadBody","$v":"첨부 파일을 다운로드 하기 위해서 비행기 모드를 꺼 주세요."},{"$i":"radioDisabledToDownloadBtnOk","$v":[{"t":"idOrVar","v":"sendFlightModeBtnOk"}]},{"$i":"fdnBlocked2Title","$v":"FDN 활성화"},{"$i":"sms-counter-notice-label","$v":["Editing SMS ",{"t":"idOrVar","v":"number"}]},{"$i":"fdnBlocked2Body","innerHTML":{"$x":[{"t":"idOrVar","v":"plural"},"n"],"$v":{"one":["FDN(고정 다이얼링 번호)가 활성화 되었습니다. SMS 센터와 다음 전화번호가 FDN 목록에 있는지 확인하세요.:<br />",{"t":"idOrVar","v":"numbers"}],"two":["FDN(고정 다이얼링 번호)가 활성화 되었습니다. SMS 센터와 다음 전화번호가 FDN 목록에 있는지 확인하세요.:<br />",{"t":"idOrVar","v":"numbers"}],"few":["FDN(고정 다이얼링 번호)가 활성화 되었습니다. SMS 센터와 다음 전화번호가 FDN 목록에 있는지 확인하세요.:<br />",{"t":"idOrVar","v":"numbers"}],"many":["FDN(고정 다이얼링 번호)가 활성화 되었습니다. SMS 센터와 다음 전화번호가 FDN 목록에 있는지 확인하세요.:<br />",{"t":"idOrVar","v":"numbers"}],"other":["FDN(고정 다이얼링 번호)가 활성화 되었습니다. SMS 센터와 다음 전화번호가 FDN 목록에 있는지 확인하세요.:<br />",{"t":"idOrVar","v":"numbers"}]}}},{"$i":"fdnBlocked2BtnOk","$v":"OK"},{"$i":"switchSimToRetrieveTitle","$v":"데이터 연결 변경"},{"$i":"switchSimToRetrieveBody","$v":["MMS를 받기 위해서 데이타 연결을 ",{"t":"idOrVar","v":"nonActiveSimId"}," SIM으로 변경합니다. 현재 ",{"t":"idOrVar","v":"activeSimId"}," SIM에서 전송중인 데이터는 지연됩니다. 계속하시겠습니까?"]},{"$i":"switchSimToRetrieveBtnOk","$v":"이후"},{"$i":"switchSimToRetrieveConfirm","$v":"확인"},{"$i":"switchSimToSendTitle","$v":[{"t":"idOrVar","v":"switchSimToRetrieveTitle"}]},{"$i":"switchSimToSendBody","$v":["MMS를 보내기 위해서 데이터 연결을 ",{"t":"idOrVar","v":"nonActiveSimId"}," SIM으로 변경합니다. 현재 ",{"t":"idOrVar","v":"activeSimId"}," SIM에서의 데이터 전송을 지연됩니다. 계속하시겠습니까?"]},{"$i":"switchSimToSendBtnOk","$v":[{"t":"idOrVar","v":"switchSimToRetrieveBtnOk"}]},{"$i":"switchSimToSendConfirm","$v":[{"t":"idOrVar","v":"switchSimToRetrieveConfirm"}]},{"$i":"sendNoSignalErrorTitle","$v":"네트워크 없음"},{"$i":"sendNoSignalErrorBody","$v":"통신망 신호를 찾아 다시 시도하십시오."},{"$i":"sendNoSignalErrorBtnOk","$v":"확인"},{"$i":"sendNotFoundErrorTitle","$v":"메시지 없음"},{"$i":"sendNotFoundErrorBody","$v":"찾으려는 메시지가 없습니다."},{"$i":"sendNotFoundErrorBtnOk","$v":"확인"},{"$i":"sendInvalidAddressErrorTitle","$v":"유효하지 않은 번호"},{"$i":"sendInvalidAddressErrorBody","$v":"메시지 보낼 전화번호가 맞는지 확인하십시오."},{"$i":"sendInvalidAddressErrorBtnOk","$v":"확인"},{"$i":"simNotMatchedErrorTitle","$v":"다운로드 할 수 없음"},{"$i":"simNotMatchedErrorBody","$v":"꽂혀있는 SIM 카드가 이 메시지를 수신하기 위해 사용된 것인지 확인해 주세요."},{"$i":"simNotMatchedErrorBtnOk","$v":"확인"},{"$i":"deleted-sms","$v":"이 메시지는 이미 지워졌습니다."},{"$i":"view-attachment-image","$v":"보기"},{"$i":"view-attachment-audio","$v":"듣기"},{"$i":"view-attachment-video","$v":"보기"},{"$i":"view-attachment-other","$v":"보기"},{"$i":"remove-attachment-image","$v":"이미지 지우기"},{"$i":"remove-attachment-audio","$v":"오디오 지우기"},{"$i":"remove-attachment-video","$v":"동영상 지우기"},{"$i":"remove-attachment-other","$v":"첨부 지우기"},{"$i":"replace-attachment-image","$v":"이미지 바꾸기"},{"$i":"replace-attachment-audio","$v":"오디오 바꾸기"},{"$i":"replace-attachment-video","$v":"동영상 바꾸기"},{"$i":"replace-attachment-other","$v":"첨부 바꾸기"},{"$i":"unsent-message-title","$v":"보내지 않은 메시지"},{"$i":"unsent-message-text","$v":"Your previous message was not sent. Do you want to discard the unsent message and continue?"},{"$i":"unsent-message-option-edit","$v":"편집"},{"$i":"unsent-message-option-discard","$v":"취소"},{"$i":"message-options","$v":"메시지 설정"},{"$i":"thread-options","$v":"Thread options"},{"$i":"forward","$v":"앞으로"},{"$i":"view-message-report","$v":"보고서 보기"},{"$i":"select-text","$v":"Select text"},{"$i":"mobile","$v":"모바일"},{"$i":"home","$v":"자택"},{"$i":"work","$v":"직장"},{"$i":"personal","$v":"개인"},{"$i":"faxHome","$v":"자택 Fax"},{"$i":"faxOffice","$v":"사무실 Fax"},{"$i":"faxOther","$v":"기타 Fax"},{"$i":"another","$v":"다른 연락처"},{"$i":"other","$v":"기타"},{"$i":"today","$v":"오늘"},{"$i":"yesterday","$v":"어제"},{"$i":"incorrectDate","$v":"(잘못된 날짜)"},{"$i":"addToExistingContact","$v":"이미 있는 연락처에 추가"},{"$i":"createNewContact","$v":"새 연락처 만들기"},{"$i":"viewContact","$v":"연락처 보기"},{"$i":"call","$v":"전화 걸기"},{"$i":"sendEmail","$v":"메일 보내기"},{"$i":"mms-message","$v":"MMS 메시지"},{"$i":"notDownloaded-title","$v":"메시지를 아직 내려받지 않았습니다."},{"$i":"tobedownloaded-attachment","$v":["You received a multimedia message. You can use the link below to download its content until ",{"t":"idOrVar","v":"date"},"."]},{"$i":"expired-attachment","$v":["메시지가 ",{"t":"idOrVar","v":"date"},"에 만료되어서 다운로드 할 수 없습니다."]},{"$i":"download-attachment","$v":"다운로드"},{"$i":"downloading-attachment","$v":"다운로드 중…"},{"$i":"unnamed-attachment","$v":"제목없음"},{"$i":"mms-label","$v":"MMS"},{"$i":"attached-files-too-large","$v":{"zero":["The files you have selected exceed the ",{"t":"idOrVar","v":"mmsSize"}," KB size limit of a single multimedia message."],"one":["The file you have selected exceeds the ",{"t":"idOrVar","v":"mmsSize"}," KB size limit of a single multimedia message."],"two":["The files you have selected exceed the ",{"t":"idOrVar","v":"mmsSize"}," KB size limit of a single multimedia message."],"few":["The files you have selected exceed the ",{"t":"idOrVar","v":"mmsSize"}," KB size limit of a single multimedia message."],"many":["The files you have selected exceed the ",{"t":"idOrVar","v":"mmsSize"}," KB size limit of a single multimedia message."],"other":["The files you have selected exceed the ",{"t":"idOrVar","v":"mmsSize"}," KB size limit of a single multimedia message."]},"$x":[{"t":"idOrVar","v":"plural"},"n"]},{"$i":"resize-image","$v":"첨부한 이미지 크기 조절"},{"$i":"no-attachment-text","$v":"첨부된 파일에 문제가 있어서 다운로드 받을 수 없습니다."},{"$i":"message-draft-saved","$v":"임시글로 저장"},{"$i":"sim-id-label","$v":["SIM ",{"t":"idOrVar","v":"id"}]},{"$i":"sim-detail","$v":["SIM ",{"t":"idOrVar","v":"id"},", ",{"t":"idOrVar","v":"detailString"}]},{"$i":"dsds-notification-title-with-sim","$v":["(",{"t":"idOrVar","v":"sim"},") ",{"t":"idOrVar","v":"sender"}]},{"$i":"send-button","ariaLabel":"Send"},{"$i":"send-button-sim-indication","$v":[{"t":"idOrVar","v":"n"}],"ariaLabel":["SIM ",{"t":"idOrVar","v":"n"}," 사용"]},{"$i":"expiry-date-format","$v":"%b월 %e일 %A"},{"$i":"attach-button","ariaLabel":"첨부파일 추가"},{"$i":"contact-photo","ariaLabel":"연락처 사진"},{"$i":"unread-thread","ariaLabel":"읽지 않음"},{"$i":"has-draft","ariaLabel":"임시 저장본 있음"},{"$i":"is-draft","ariaLabel":"임시 저장"},{"$i":"message-delivery-status-sending","$v":"보내는 중…"},{"$i":"message-delivery-status-delivered","ariaLabel":"전송됨"},{"$i":"message-delivery-status-read","ariaLabel":"읽기"},{"$i":"message-delivery-status-error","ariaLabel":"오류"},{"$i":"modal-dialog-ok-button","$v":"OK"},{"$i":"modal-dialog-cancel-button","$v":"Cancel"},{"$i":"modal-dialog-default-title","$v":"Messages"},{"$i":"weekday-0-long","$v":"일요일"},{"$i":"weekday-1-long","$v":"월요일"},{"$i":"weekday-2-long","$v":"화요일"},{"$i":"weekday-3-long","$v":"수요일"},{"$i":"weekday-4-long","$v":"목요일"},{"$i":"weekday-5-long","$v":"금요일"},{"$i":"weekday-6-long","$v":"토요일"},{"$i":"weekday-0-short","$v":"일"},{"$i":"weekday-1-short","$v":"월"},{"$i":"weekday-2-short","$v":"화"},{"$i":"weekday-3-short","$v":"수"},{"$i":"weekday-4-short","$v":"목"},{"$i":"weekday-5-short","$v":"금"},{"$i":"weekday-6-short","$v":"토"},{"$i":"month-0-long","$v":"1월"},{"$i":"month-1-long","$v":"2월"},{"$i":"month-2-long","$v":"3월"},{"$i":"month-3-long","$v":"4월"},{"$i":"month-4-long","$v":"5월"},{"$i":"month-5-long","$v":"6월"},{"$i":"month-6-long","$v":"7월"},{"$i":"month-7-long","$v":"8월"},{"$i":"month-8-long","$v":"9월"},{"$i":"month-9-long","$v":"10월"},{"$i":"month-10-long","$v":"11월"},{"$i":"month-11-long","$v":"12월"},{"$i":"month-0-genitive","$v":"1월"},{"$i":"month-1-genitive","$v":"2월"},{"$i":"month-2-genitive","$v":"3월"},{"$i":"month-3-genitive","$v":"4월"},{"$i":"month-4-genitive","$v":"5월"},{"$i":"month-5-genitive","$v":"6월"},{"$i":"month-6-genitive","$v":"7월"},{"$i":"month-7-genitive","$v":"8월"},{"$i":"month-8-genitive","$v":"9월"},{"$i":"month-9-genitive","$v":"10월"},{"$i":"month-10-genitive","$v":"11월"},{"$i":"month-11-genitive","$v":"12월"},{"$i":"month-0-short","$v":"1월"},{"$i":"month-1-short","$v":"2월"},{"$i":"month-2-short","$v":"3월"},{"$i":"month-3-short","$v":"4월"},{"$i":"month-4-short","$v":"5월"},{"$i":"month-5-short","$v":"6월"},{"$i":"month-6-short","$v":"7월"},{"$i":"month-7-short","$v":"8월"},{"$i":"month-8-short","$v":"9월"},{"$i":"month-9-short","$v":"10월"},{"$i":"month-10-short","$v":"11월"},{"$i":"month-11-short","$v":"12월"},{"$i":"minutes-ago-long","$v":{"zero":"지금","one":"1분 전","two":[{"t":"idOrVar","v":"value"},"분 전"],"few":[{"t":"idOrVar","v":"value"},"분 전"],"many":[{"t":"idOrVar","v":"value"},"분 전"],"other":[{"t":"idOrVar","v":"value"},"분 전"]},"$x":[{"t":"idOrVar","v":"plural"},"value"]},{"$i":"hours-ago-long","$v":{"zero":"지금","one":"1시간 전","two":[{"t":"idOrVar","v":"value"},"시간 전"],"few":[{"t":"idOrVar","v":"value"},"시간 전"],"many":[{"t":"idOrVar","v":"value"},"시간 전"],"other":[{"t":"idOrVar","v":"value"},"시간 전"]},"$x":[{"t":"idOrVar","v":"plural"},"value"]},{"$i":"days-ago-long","$v":{"zero":"오늘","one":"어제","two":[{"t":"idOrVar","v":"value"},"일 전"],"few":[{"t":"idOrVar","v":"value"},"일 전"],"many":[{"t":"idOrVar","v":"value"},"일 전"],"other":[{"t":"idOrVar","v":"value"},"일 전"]},"$x":[{"t":"idOrVar","v":"plural"},"value"]},{"$i":"weeks-ago-long","$v":{"zero":"이번 주","one":"지난 주","two":[{"t":"idOrVar","v":"value"},"주 전"],"few":[{"t":"idOrVar","v":"value"},"주 전"],"many":[{"t":"idOrVar","v":"value"},"주 전"],"other":[{"t":"idOrVar","v":"value"},"주 전"]},"$x":[{"t":"idOrVar","v":"plural"},"value"]},{"$i":"months-ago-long","$v":{"zero":"이번 달","one":"지난 달","two":[{"t":"idOrVar","v":"value"},"개월 전"],"few":[{"t":"idOrVar","v":"value"},"개월 전"],"many":[{"t":"idOrVar","v":"value"},"개월 전"],"other":[{"t":"idOrVar","v":"value"},"개월 전"]},"$x":[{"t":"idOrVar","v":"plural"},"value"]},{"$i":"years-ago-long","$v":{"zero":"올해","one":"작년","two":[{"t":"idOrVar","v":"value"},"년 전"],"few":[{"t":"idOrVar","v":"value"},"년 전"],"many":[{"t":"idOrVar","v":"value"},"년 전"],"other":[{"t":"idOrVar","v":"value"},"년 전"]},"$x":[{"t":"idOrVar","v":"plural"},"value"]},{"$i":"minutes-until-long","$v":{"zero":"지금","one":"1분 후","two":[{"t":"idOrVar","v":"value"},"분 후"],"few":[{"t":"idOrVar","v":"value"},"분 후"],"many":[{"t":"idOrVar","v":"value"},"분 후"],"other":[{"t":"idOrVar","v":"value"},"분 후"]},"$x":[{"t":"idOrVar","v":"plural"},"value"]},{"$i":"hours-until-long","$v":{"zero":"지금","one":"한 시간 후","two":[{"t":"idOrVar","v":"value"},"시간 후"],"few":[{"t":"idOrVar","v":"value"},"시간 후"],"many":[{"t":"idOrVar","v":"value"},"시간 후"],"other":[{"t":"idOrVar","v":"value"},"시간 후"]},"$x":[{"t":"idOrVar","v":"plural"},"value"]},{"$i":"days-until-long","$v":{"zero":"오늘","one":"내일","two":[{"t":"idOrVar","v":"value"},"일 후"],"few":[{"t":"idOrVar","v":"value"},"일 후"],"many":[{"t":"idOrVar","v":"value"},"일 후"],"other":[{"t":"idOrVar","v":"value"},"일 후"]},"$x":[{"t":"idOrVar","v":"plural"},"value"]},{"$i":"weeks-until-long","$v":{"zero":"이번 주","one":"다음 주","two":[{"t":"idOrVar","v":"value"},"주 후"],"few":[{"t":"idOrVar","v":"value"},"주 후"],"many":[{"t":"idOrVar","v":"value"},"주 후"],"other":[{"t":"idOrVar","v":"value"},"주 후"]},"$x":[{"t":"idOrVar","v":"plural"},"value"]},{"$i":"months-until-long","$v":{"zero":"이번 달","one":"다음 달","two":[{"t":"idOrVar","v":"value"},"개월 후"],"few":[{"t":"idOrVar","v":"value"},"개월 후"],"many":[{"t":"idOrVar","v":"value"},"개월 후"],"other":[{"t":"idOrVar","v":"value"},"개월 후"]},"$x":[{"t":"idOrVar","v":"plural"},"value"]},{"$i":"years-until-long","$v":{"zero":"올해","one":"내년","two":[{"t":"idOrVar","v":"value"},"년 후"],"few":[{"t":"idOrVar","v":"value"},"년 후"],"many":[{"t":"idOrVar","v":"value"},"년 후"],"other":[{"t":"idOrVar","v":"value"},"년 후"]},"$x":[{"t":"idOrVar","v":"plural"},"value"]},{"$i":"minutes-ago-short","$v":{"zero":"지금","other":[{"t":"idOrVar","v":"value"},"분 전"]},"$x":[{"t":"idOrVar","v":"plural"},"value"]},{"$i":"hours-ago-short","$v":{"zero":"지금","other":[{"t":"idOrVar","v":"value"},"시간 전"]},"$x":[{"t":"idOrVar","v":"plural"},"value"]},{"$i":"days-ago-short","$v":{"zero":"오늘","other":[{"t":"idOrVar","v":"value"},"일 전"]},"$x":[{"t":"idOrVar","v":"plural"},"value"]},{"$i":"minutes-until-short","$v":{"zero":"지금","other":[{"t":"idOrVar","v":"value"},"분 후"]},"$x":[{"t":"idOrVar","v":"plural"},"value"]},{"$i":"hours-until-short","$v":{"zero":"지금","other":[{"t":"idOrVar","v":"value"},"시간 후"]},"$x":[{"t":"idOrVar","v":"plural"},"value"]},{"$i":"days-until-short","$v":{"zero":"오늘","other":[{"t":"idOrVar","v":"value"},"일 후"]},"$x":[{"t":"idOrVar","v":"plural"},"value"]},{"$i":"dateTimeFormat_%c","$v":"%Y년 %B %e일 %a %I:%M:%S %p"},{"$i":"dateTimeFormat_%x","$v":"%Y/%m/%d"},{"$i":"dateTimeFormat_%X","$v":"%I:%M:%S %p"},{"$i":"shortTimeFormat","$v":"%I:%M %p"},{"$i":"shortTimeFormat12","$v":"%I:%M %p"},{"$i":"shortTimeFormat24","$v":"%H:%M"},{"$i":"shortDateTimeFormat","$v":"%x %I:%M %p"},{"$i":"weekStartsOnMonday","$v":"0"},{"$i":"firstDayOfTheWeek","$v":"0"},{"$i":"time_am","$v":"오전"},{"$i":"time_pm","$v":"오후"},{"$i":"gaia-menu-cancel","$v":"취소"},{"$i":"gaia-sim-picker-dial-via-with-number","$v":["Dial ",{"t":"idOrVar","v":"phoneNumber"}," via"]},{"$i":"gaia-sim-picker-select-sim","$v":"Select SIM"},{"$i":"gaia-sim-picker-button","$v":["SIM",{"t":"idOrVar","v":"n"}]},{"$i":"gaia-sim-picker-button-default","$v":"(default)"}]