[{"$i":"messages","$v":"Žinutės"},{"$i":"deleteMessages-title","$v":"Žinučių šalinimas"},{"$i":"selectThreads-title","$v":"Pasirinkite"},{"$i":"edit","$v":"Taisyti"},{"$i":"back","$v":"Grįžti"},{"$i":"cancel","$v":"Atsisakyti"},{"$i":"undo","$v":"Atšaukti"},{"$i":"done","$v":"Atlikta"},{"$i":"delete","$v":"Šalinti"},{"$i":"delete-thread","$v":"Delete thread"},{"$i":"mark-as-read","$v":"Mark as read"},{"$i":"mark-as-unread","$v":"Mark as unread"},{"$i":"deleting-messages","$v":"Šalinama…"},{"$i":"select-all","$v":"Žymėti visas"},{"$i":"deselect-all","$v":"Nužymėti visas"},{"$i":"selected-threads","$v":{"zero":"nieko nepažymėta","one":[{"t":"idOrVar","v":"n"}," pažymėta"],"two":[{"t":"idOrVar","v":"n"}," pažymėtos"],"few":[{"t":"idOrVar","v":"n"}," pažymėtos"],"many":[{"t":"idOrVar","v":"n"}," pažymėtų"],"other":[{"t":"idOrVar","v":"n"}," pažymėtų"]},"$x":[{"t":"idOrVar","v":"plural"},"n"]},{"$i":"selected-messages","$v":{"zero":"nieko nepažymėta","one":[{"t":"idOrVar","v":"n"}," pažymėta"],"two":[{"t":"idOrVar","v":"n"}," pažymėtos"],"few":[{"t":"idOrVar","v":"n"}," pažymėtos"],"many":[{"t":"idOrVar","v":"n"}," pažymėtų"],"other":[{"t":"idOrVar","v":"n"}," pažymėtų"]},"$x":[{"t":"idOrVar","v":"plural"},"n"]},{"$i":"selectThreads-label","$v":"Žymėti gijas"},{"$i":"selectMessages-label","$v":"Žymėti žinutes"},{"$i":"settings","$v":"Nuostatos"},{"$i":"add-subject","$v":"Pridėti temos antraštę"},{"$i":"remove-subject","$v":"Pašalinti temos antraštę"},{"$i":"to","$v":"Kam:"},{"$i":"new","$v":"Nauja"},{"$i":"message","$v":"Žinutė"},{"$i":"messagesInput_placeholder","$v":"Žinutės tekstas"},{"$i":"messagesSubjectInput_placeholder","$v":"Tema"},{"$i":"converted-to-mms","$v":"Konvertuojama į daugialypės terpės pranešimą."},{"$i":"converted-to-sms","$v":"Konvertuojama į tekstinį pranešimą."},{"$i":"messages-max-length-text","$v":"Pasiekta žinutės ilgio riba."},{"$i":"messages-max-subject-length-text","$v":"Pasiekta temos ilgio riba."},{"$i":"multimedia-message-exceeded-max-length","$v":["You’ve exceeded the ",{"t":"idOrVar","v":"mmsSize"}," KB size limit of a single multimedia message. Remove attachments or shorten the message to send it."]},{"$i":"newMessage","$v":"Nauja žinutė"},{"$i":"sendMessage","$v":"Siųsti žinutę"},{"$i":"sendMMSToEmail","$v":"Send multimedia message"},{"$i":"no-recipient","$v":"(Gavėjų nėra)"},{"$i":"recipient","$v":{"one":[{"t":"idOrVar","v":"n"}," gavėjas"],"two":[{"t":"idOrVar","v":"n"}," gavėjai"],"few":[{"t":"idOrVar","v":"n"}," gavėjai"],"many":[{"t":"idOrVar","v":"n"}," gavėjų"],"other":[{"t":"idOrVar","v":"n"}," gavėjų"]},"$x":[{"t":"idOrVar","v":"plural"},"n"]},{"$i":"attachmentSizeB","$v":[{"t":"idOrVar","v":"n"}," B"]},{"$i":"attachmentSizeKB","$v":[{"t":"idOrVar","v":"n"}," KB"]},{"$i":"attachmentSizeMB","$v":[{"t":"idOrVar","v":"n"}," MB"]},{"$i":"attachmentOpenError","$v":"Nerasta programa, galinti atverti šio tipo failus."},{"$i":"remove","$v":"Šalinti"},{"$i":"participant","$v":{"one":[{"t":"idOrVar","v":"n"}," dalyvis"],"two":[{"t":"idOrVar","v":"n"}," dalyviai"],"few":[{"t":"idOrVar","v":"n"}," dalyviai"],"many":[{"t":"idOrVar","v":"n"}," dalyvių"],"other":[{"t":"idOrVar","v":"n"}," dalyvių"]},"$x":[{"t":"idOrVar","v":"plural"},"n"]},{"$i":"message-report","$v":"Žinutės ataskaita"},{"$i":"message-type-sms","$v":"Tekstinis pranešimas (SMS)"},{"$i":"message-type-mms","$v":"Daugialypės terpės pranešimas (MMS)"},{"$i":"sms-report-description","$v":["Jūsų tekstinis pranešimas (SMS) išsiųstas ",{"t":"idOrVar","v":"datetime"}]},{"$i":"mms-report-description","$v":["Jūsų daugialypės terpės pranešimas (MMS , tema „",{"t":"idOrVar","v":"subject"},"“) išsiųstas ",{"t":"idOrVar","v":"datetime"}]},{"$i":"mms-no-subject-report-description","$v":["Jūsų daugialypės terpės pranešimas (MMS) išsiųstas ",{"t":"idOrVar","v":"datetime"}]},{"$i":"message-subject","$v":"Subject:"},{"$i":"report-status-error","$v":"Message could not be sent"},{"$i":"report-status-not-downloaded","$v":"not downloaded"},{"$i":"report-status-delivered","$v":"Delivered:"},{"$i":"report-status-read","$v":"Read:"},{"$i":"report-status-pending","$v":"Report requested"},{"$i":"report-status-rejected","$v":"Message rejected"},{"$i":"message-size-was","$v":"Pranešimo dydis:"},{"$i":"report-dateTimeFormat12","$v":["%Y m. %Eb %e d. ",{"t":"idOrVar","v":"shortTimeFormat12"}]},{"$i":"report-dateTimeFormat24","$v":["%Y m. %Eb %e d. ",{"t":"idOrVar","v":"shortTimeFormat24"}]},{"$i":"report-to-title","$v":"To"},{"$i":"report-from-title","$v":"From"},{"$i":"message-sent","$v":"Išsiųsta:"},{"$i":"message-sending","$v":[{"t":"idOrVar","v":"message-delivery-status-sending"}]},{"$i":"message-received","$v":"Gauta:"},{"$i":"message-via","$v":"Per:"},{"$i":"message-resend","$v":"Resend"},{"$i":"search","$v":"Ieškoti"},{"$i":"unknown-contact-title","$v":"Unknown Contact"},{"$i":"phone-type-separator","$v":", "},{"$i":"phone-carrier-separator","$v":", "},{"$i":"thread-participant-separator","$v":", "},{"$i":"replace-draft","$v":"Pakeisti ankstesnį juodraštį"},{"$i":"save-as-draft","$v":"Įrašyti kaip juodraštį"},{"$i":"discard-message","$v":"Išmesti"},{"$i":"discard-sms","$v":"Ar tikrai išmesti šią žinutę?"},{"$i":"discard-new-message","$v":"Išmesti kuriamą žinutę ir rašyti naują?"},{"$i":"resend-confirmation","$v":"Pranešimo išsiųsti nepavyko. Bandyti dar kartą?"},{"$i":"resend-message","$v":"Siųsti pakartotinai"},{"$i":"deleteMessage-confirmation","$v":"Delete selected message?"},{"$i":"deleteMessages-confirmation-message","$v":{"zero":"Please select messages to be deleted.","one":"Delete selected message?","two":["Delete ",{"t":"idOrVar","v":"n"}," selected messages?"],"few":["Delete ",{"t":"idOrVar","v":"n"}," selected messages?"],"many":["Delete ",{"t":"idOrVar","v":"n"}," selected messages?"],"other":["Delete ",{"t":"idOrVar","v":"n"}," selected messages?"]},"$x":[{"t":"idOrVar","v":"plural"},"n"]},{"$i":"deleteThreads-confirmation-message","$v":{"zero":"Please select message threads to be deleted.","one":"Delete selected message thread?","two":["Delete ",{"t":"idOrVar","v":"n"}," selected message threads?"],"few":["Delete ",{"t":"idOrVar","v":"n"}," selected message threads?"],"many":["Delete ",{"t":"idOrVar","v":"n"}," selected message threads?"],"other":["Delete ",{"t":"idOrVar","v":"n"}," selected message threads?"]},"$x":[{"t":"idOrVar","v":"plural"},"n"]},{"$i":"new-message-notice-text","$v":"Nauja žinutė nuo:"},{"$i":"new-message-notice-a-text","$v":"Skaityti"},{"$i":"noMessages-title","$v":"Žinučių nėra"},{"$i":"noMessages-text","$v":"Pradėkite pokalbį"},{"$i":"sendDefaultErrorTitle","$v":"Žinutė neišsiųsta"},{"$i":"sendDefaultErrorBody","$v":"Žinutės išsiųsti nepavyko. Bandykite dar kartą."},{"$i":"sendDefaultErrorBtnOk","$v":"Gerai"},{"$i":"sendMissingSimCardTitle","$v":"Neįdėta SIM kortelė"},{"$i":"sendMissingSimCardBody","$v":"Kad galėtumėte siųsti žinutes, įdėkite galiojančią SIM kortelę."},{"$i":"sendMissingSimCardBtnOk","$v":"Gerai"},{"$i":"sendFlightModeTitle","$v":"Įjungta skrydžio veiksena"},{"$i":"sendFlightModeBody","$v":"Kad galėtumėte siųsti žinutes, išjunkite skrydžio veikseną."},{"$i":"sendFlightModeBtnOk","$v":"Gerai"},{"$i":"radioDisabledToDownloadTitle","$v":[{"t":"idOrVar","v":"sendFlightModeTitle"}]},{"$i":"radioDisabledToDownloadBody","$v":"Kad galėtumėte parsiųsti priedus, išjunkite skrydžio veikseną."},{"$i":"radioDisabledToDownloadBtnOk","$v":[{"t":"idOrVar","v":"sendFlightModeBtnOk"}]},{"$i":"fdnBlocked2Title","$v":"Ribojami numeriai"},{"$i":"sms-counter-notice-label","$v":["Editing SMS ",{"t":"idOrVar","v":"number"}]},{"$i":"fdnBlocked2Body","innerHTML":{"$x":[{"t":"idOrVar","v":"plural"},"n"],"$v":{"one":["Įdėtoje SIM kortelėje yra ribojami numeriai, kuriais leidžiama skambinti. Įsitikinkite, jog SMS centro numeris ir šio gavėjo numeris yra leistinų numerių sąraše:<br />",{"t":"idOrVar","v":"numbers"}],"two":["Įdėtoje SIM kortelėje yra ribojami numeriai, kuriais leidžiama skambinti. Įsitikinkite, jog SMS centro numeris ir šių gavėjų numeriai yra leistinų numerių sąraše:<br />",{"t":"idOrVar","v":"numbers"}],"few":["Įdėtoje SIM kortelėje yra ribojami numeriai, kuriais leidžiama skambinti. Įsitikinkite, jog SMS centro numeris ir šių gavėjų numeriai yra leistinų numerių sąraše:<br />",{"t":"idOrVar","v":"numbers"}],"many":["Įdėtoje SIM kortelėje yra ribojami numeriai, kuriais leidžiama skambinti. Įsitikinkite, jog SMS centro numeris ir šių gavėjų numeriai yra leistinų numerių sąraše:<br />",{"t":"idOrVar","v":"numbers"}],"other":["Įdėtoje SIM kortelėje yra ribojami numeriai, kuriais leidžiama skambinti. Įsitikinkite, jog SMS centro numeris ir šių gavėjų numeriai yra leistinų numerių sąraše:<br />",{"t":"idOrVar","v":"numbers"}]}}},{"$i":"fdnBlocked2BtnOk","$v":"Gerai"},{"$i":"switchSimToRetrieveTitle","$v":"Perjunkite duomenų ryšį"},{"$i":"switchSimToRetrieveBody","$v":["Parsiųsti šiam MMS pranešimui, būtina perjungti duomenų ryšį į „",{"t":"idOrVar","v":"nonActiveSimId"},"“. Šiuo metu vykstantis siuntimas, naudojantis ryšį „",{"t":"idOrVar","v":"activeSimId"},"“, bus pristabdytas. Vis tiek tęsti?"]},{"$i":"switchSimToRetrieveBtnOk","$v":"Vėliau"},{"$i":"switchSimToRetrieveConfirm","$v":"Gerai"},{"$i":"switchSimToSendTitle","$v":[{"t":"idOrVar","v":"switchSimToRetrieveTitle"}]},{"$i":"switchSimToSendBody","$v":["Išsiųsti šiam MMS pranešimui, būtina perjungti duomenų ryšį į „",{"t":"idOrVar","v":"nonActiveSimId"},"“. Šiuo metu vykstantis siuntimas, naudojantis ryšį „",{"t":"idOrVar","v":"activeSimId"},"“, bus pristabdytas. Vis tiek tęsti?"]},{"$i":"switchSimToSendBtnOk","$v":[{"t":"idOrVar","v":"switchSimToRetrieveBtnOk"}]},{"$i":"switchSimToSendConfirm","$v":[{"t":"idOrVar","v":"switchSimToRetrieveConfirm"}]},{"$i":"sendNoSignalErrorTitle","$v":"Tinklas nepasiekiamas"},{"$i":"sendNoSignalErrorBody","$v":"Bandykite vėl, kai telefonas bus mobiliojo ryšio signalo zonoje."},{"$i":"sendNoSignalErrorBtnOk","$v":"Gerai"},{"$i":"sendNotFoundErrorTitle","$v":"Pranešimas nerastas"},{"$i":"sendNotFoundErrorBody","$v":"Pranešimas, kurio ieškote, nerastas."},{"$i":"sendNotFoundErrorBtnOk","$v":"Gerai"},{"$i":"sendInvalidAddressErrorTitle","$v":"Numeris negalimas"},{"$i":"sendInvalidAddressErrorBody","$v":"Įsitikinkite, jog žinutę siunčiate galiojančiu numeriu."},{"$i":"sendInvalidAddressErrorBtnOk","$v":"Gerai"},{"$i":"simNotMatchedErrorTitle","$v":"Parsiųsti nepavyko"},{"$i":"simNotMatchedErrorBody","$v":"Įsitikinkite, jog įdėtoji SIM kortelė yra ta pati, kuria gautas šis pranešimas."},{"$i":"simNotMatchedErrorBtnOk","$v":"Gerai"},{"$i":"deleted-sms","$v":"Ši žinutė jau pašalinta."},{"$i":"view-attachment-image","$v":"Žiūrėti"},{"$i":"view-attachment-audio","$v":"Klausyti"},{"$i":"view-attachment-video","$v":"Žiūrėti"},{"$i":"view-attachment-other","$v":"Atverti"},{"$i":"remove-attachment-image","$v":"Pašalinti paveikslą"},{"$i":"remove-attachment-audio","$v":"Pašalinti garso įrašą"},{"$i":"remove-attachment-video","$v":"Pašalinti vaizdo įrašą"},{"$i":"remove-attachment-other","$v":"Pašalinti priedą"},{"$i":"replace-attachment-image","$v":"Pakeisti paveikslą"},{"$i":"replace-attachment-audio","$v":"Pakeisti garso įrašą"},{"$i":"replace-attachment-video","$v":"Pakeisti vaizdo įrašą"},{"$i":"replace-attachment-other","$v":"Pakeisti priedą"},{"$i":"unsent-message-title","$v":"Neišsiųsta žinutė"},{"$i":"unsent-message-text","$v":"Your previous message was not sent. Do you want to discard the unsent message and continue?"},{"$i":"unsent-message-option-edit","$v":"Taisyti"},{"$i":"unsent-message-option-discard","$v":"Išmesti"},{"$i":"message-options","$v":"Žinutės parinktys"},{"$i":"thread-options","$v":"Thread options"},{"$i":"forward","$v":"Persiųsti"},{"$i":"view-message-report","$v":"Peržiūrėti žinutės ataskaitą"},{"$i":"select-text","$v":"Select text"},{"$i":"mobile","$v":"Mobilusis"},{"$i":"home","$v":"Namų tel."},{"$i":"work","$v":"Darbo tel."},{"$i":"personal","$v":"Asmeninis tel."},{"$i":"faxHome","$v":"Namų faksas"},{"$i":"faxOffice","$v":"Darbo faksas"},{"$i":"faxOther","$v":"Kitas faksas"},{"$i":"another","$v":"Kitas"},{"$i":"other","$v":"Kitas"},{"$i":"today","$v":"šiandien"},{"$i":"yesterday","$v":"vakar"},{"$i":"incorrectDate","$v":"(negalima data)"},{"$i":"addToExistingContact","$v":"Papildyti esamą adresatą"},{"$i":"createNewContact","$v":"Kurti naują adresatą"},{"$i":"viewContact","$v":"Rodyti adresatą"},{"$i":"call","$v":"Skambinti"},{"$i":"sendEmail","$v":"Siųsti el. laišką"},{"$i":"mms-message","$v":"MMS pranešimas"},{"$i":"notDownloaded-title","$v":"Žinutė dar neparsiųsta."},{"$i":"tobedownloaded-attachment","$v":["You received a multimedia message. You can use the link below to download its content until ",{"t":"idOrVar","v":"date"},"."]},{"$i":"expired-attachment","$v":["Deja, žinutė galiojo tik iki ",{"t":"idOrVar","v":"date"},", tad jos nebegalima parsiųsti."]},{"$i":"download-attachment","$v":"Parsiųsti"},{"$i":"downloading-attachment","$v":"Parsiunčiama…"},{"$i":"unnamed-attachment","$v":"be pavadinimo"},{"$i":"mms-label","$v":"MMS"},{"$i":"attached-files-too-large","$v":{"zero":["The files you have selected exceed the ",{"t":"idOrVar","v":"mmsSize"}," KB size limit of a single multimedia message."],"one":["The file you have selected exceeds the ",{"t":"idOrVar","v":"mmsSize"}," KB size limit of a single multimedia message."],"two":["The files you have selected exceed the ",{"t":"idOrVar","v":"mmsSize"}," KB size limit of a single multimedia message."],"few":["The files you have selected exceed the ",{"t":"idOrVar","v":"mmsSize"}," KB size limit of a single multimedia message."],"many":["The files you have selected exceed the ",{"t":"idOrVar","v":"mmsSize"}," KB size limit of a single multimedia message."],"other":["The files you have selected exceed the ",{"t":"idOrVar","v":"mmsSize"}," KB size limit of a single multimedia message."]},"$x":[{"t":"idOrVar","v":"plural"},"n"]},{"$i":"resize-image","$v":"Keičiamas pridėto paveikslo dydis"},{"$i":"no-attachment-text","$v":"Su pridėtuoju failu iškilo problema, jo parsiųsti nepavyko."},{"$i":"message-draft-saved","$v":"Žinutė įrašyta kaip juodraštis"},{"$i":"sim-id-label","$v":["SIM ",{"t":"idOrVar","v":"id"}]},{"$i":"sim-detail","$v":["SIM ",{"t":"idOrVar","v":"id"},", ",{"t":"idOrVar","v":"detailString"}]},{"$i":"dsds-notification-title-with-sim","$v":["(",{"t":"idOrVar","v":"sim"},") ",{"t":"idOrVar","v":"sender"}]},{"$i":"send-button","ariaLabel":"Send"},{"$i":"send-button-sim-indication","$v":[{"t":"idOrVar","v":"n"}],"ariaLabel":["Naudojama SIM Nr. ",{"t":"idOrVar","v":"n"}]},{"$i":"expiry-date-format","$v":"%Y-%m-%d"},{"$i":"attach-button","ariaLabel":"Pridėti priedą"},{"$i":"contact-photo","ariaLabel":"Adresato nuotrauka"},{"$i":"unread-thread","ariaLabel":"Neskaityta"},{"$i":"has-draft","ariaLabel":"Turi juodraštį"},{"$i":"is-draft","ariaLabel":"Juodraštis"},{"$i":"message-delivery-status-sending","$v":"Siunčiama…"},{"$i":"message-delivery-status-delivered","ariaLabel":"Pristatyta"},{"$i":"message-delivery-status-read","ariaLabel":"Perskaityta"},{"$i":"message-delivery-status-error","ariaLabel":"Klaida"},{"$i":"modal-dialog-ok-button","$v":"OK"},{"$i":"modal-dialog-cancel-button","$v":"Cancel"},{"$i":"modal-dialog-default-title","$v":"Messages"},{"$i":"weekday-0-long","$v":"Sekmadienis"},{"$i":"weekday-1-long","$v":"Pirmadienis"},{"$i":"weekday-2-long","$v":"Antradienis"},{"$i":"weekday-3-long","$v":"Trečiadienis"},{"$i":"weekday-4-long","$v":"Ketvirtadienis"},{"$i":"weekday-5-long","$v":"Penktadienis"},{"$i":"weekday-6-long","$v":"Šeštadienis"},{"$i":"weekday-0-short","$v":"Sk"},{"$i":"weekday-1-short","$v":"Pr"},{"$i":"weekday-2-short","$v":"An"},{"$i":"weekday-3-short","$v":"Tr"},{"$i":"weekday-4-short","$v":"Kt"},{"$i":"weekday-5-short","$v":"Pn"},{"$i":"weekday-6-short","$v":"Št"},{"$i":"month-0-long","$v":"sausis"},{"$i":"month-1-long","$v":"vasaris"},{"$i":"month-2-long","$v":"kovas"},{"$i":"month-3-long","$v":"balandis"},{"$i":"month-4-long","$v":"gegužė"},{"$i":"month-5-long","$v":"birželis"},{"$i":"month-6-long","$v":"liepa"},{"$i":"month-7-long","$v":"rugpjūtis"},{"$i":"month-8-long","$v":"rugsėjis"},{"$i":"month-9-long","$v":"spalis"},{"$i":"month-10-long","$v":"lapkritis"},{"$i":"month-11-long","$v":"gruodis"},{"$i":"month-0-genitive","$v":"sausio"},{"$i":"month-1-genitive","$v":"vasario"},{"$i":"month-2-genitive","$v":"kovo"},{"$i":"month-3-genitive","$v":"balandžio"},{"$i":"month-4-genitive","$v":"gegužės"},{"$i":"month-5-genitive","$v":"birželio"},{"$i":"month-6-genitive","$v":"liepos"},{"$i":"month-7-genitive","$v":"rugpjūčio"},{"$i":"month-8-genitive","$v":"rugsėjo"},{"$i":"month-9-genitive","$v":"spalio"},{"$i":"month-10-genitive","$v":"lapkričio"},{"$i":"month-11-genitive","$v":"gruodžio"},{"$i":"month-0-short","$v":"Sau"},{"$i":"month-1-short","$v":"Vas"},{"$i":"month-2-short","$v":"Kov"},{"$i":"month-3-short","$v":"Bal"},{"$i":"month-4-short","$v":"Geg"},{"$i":"month-5-short","$v":"Bir"},{"$i":"month-6-short","$v":"Lie"},{"$i":"month-7-short","$v":"Rgp"},{"$i":"month-8-short","$v":"Rgs"},{"$i":"month-9-short","$v":"Spa"},{"$i":"month-10-short","$v":"Lap"},{"$i":"month-11-short","$v":"Grd"},{"$i":"minutes-ago-long","$v":{"zero":"ką tik","one":["prieš ",{"t":"idOrVar","v":"value"}," minutę"],"two":["prieš ",{"t":"idOrVar","v":"value"}," minutes"],"few":["prieš ",{"t":"idOrVar","v":"value"}," minutes"],"many":["prieš ",{"t":"idOrVar","v":"value"}," minučių"],"other":["prieš ",{"t":"idOrVar","v":"value"}," minučių"]},"$x":[{"t":"idOrVar","v":"plural"},"value"]},{"$i":"hours-ago-long","$v":{"zero":"ką tik","one":["prieš ",{"t":"idOrVar","v":"value"}," valandą"],"two":["prieš ",{"t":"idOrVar","v":"value"}," valandas"],"few":["prieš ",{"t":"idOrVar","v":"value"}," valandas"],"many":["prieš ",{"t":"idOrVar","v":"value"}," valandų"],"other":["prieš ",{"t":"idOrVar","v":"value"}," valandų"]},"$x":[{"t":"idOrVar","v":"plural"},"value"]},{"$i":"days-ago-long","$v":{"zero":"šiandien","one":"vakar","two":["prieš ",{"t":"idOrVar","v":"value"}," dienas"],"few":["prieš ",{"t":"idOrVar","v":"value"}," dienas"],"many":["prieš ",{"t":"idOrVar","v":"value"}," dienų"],"other":["prieš ",{"t":"idOrVar","v":"value"}," dienų"]},"$x":[{"t":"idOrVar","v":"plural"},"value"]},{"$i":"weeks-ago-long","$v":{"zero":"šią savaitę","one":"praėjusią savaitę","two":["prieš ",{"t":"idOrVar","v":"value"}," savaites"],"few":["prieš ",{"t":"idOrVar","v":"value"}," savaites"],"many":["prieš ",{"t":"idOrVar","v":"value"}," savaičių"],"other":["prieš ",{"t":"idOrVar","v":"value"}," savaičių"]},"$x":[{"t":"idOrVar","v":"plural"},"value"]},{"$i":"months-ago-long","$v":{"zero":"šį mėnesį","one":"praėjusį mėnesį","two":["prieš ",{"t":"idOrVar","v":"value"}," mėnesius"],"few":["prieš ",{"t":"idOrVar","v":"value"}," mėnesius"],"many":["prieš ",{"t":"idOrVar","v":"value"}," mėnesių"],"other":["prieš ",{"t":"idOrVar","v":"value"}," mėnesių"]},"$x":[{"t":"idOrVar","v":"plural"},"value"]},{"$i":"years-ago-long","$v":{"zero":"šiemet","one":["prieš ",{"t":"idOrVar","v":"value"}," metus"],"two":["prieš ",{"t":"idOrVar","v":"value"}," metus"],"few":["prieš ",{"t":"idOrVar","v":"value"}," metus"],"many":["prieš ",{"t":"idOrVar","v":"value"}," metų"],"other":["prieš ",{"t":"idOrVar","v":"value"}," metų"]},"$x":[{"t":"idOrVar","v":"plural"},"value"]},{"$i":"minutes-until-long","$v":{"zero":"dabar","one":["už ",{"t":"idOrVar","v":"value"}," minutės"],"two":["už ",{"t":"idOrVar","v":"value"}," minučių"],"few":["už ",{"t":"idOrVar","v":"value"}," minučių"],"many":["už ",{"t":"idOrVar","v":"value"}," minučių"],"other":["už ",{"t":"idOrVar","v":"value"}," minučių"]},"$x":[{"t":"idOrVar","v":"plural"},"value"]},{"$i":"hours-until-long","$v":{"zero":"dabar","one":["už ",{"t":"idOrVar","v":"value"}," valandos"],"two":["už ",{"t":"idOrVar","v":"value"}," valandų"],"few":["už ",{"t":"idOrVar","v":"value"}," valandų"],"many":["už ",{"t":"idOrVar","v":"value"}," valandų"],"other":["už ",{"t":"idOrVar","v":"value"}," valandų"]},"$x":[{"t":"idOrVar","v":"plural"},"value"]},{"$i":"days-until-long","$v":{"zero":"šiandien","one":"rytoj","two":["už ",{"t":"idOrVar","v":"value"}," dienų"],"few":["už ",{"t":"idOrVar","v":"value"}," dienų"],"many":["už ",{"t":"idOrVar","v":"value"}," dienų"],"other":["už ",{"t":"idOrVar","v":"value"}," dienų"]},"$x":[{"t":"idOrVar","v":"plural"},"value"]},{"$i":"weeks-until-long","$v":{"zero":"šią savaitę","one":"kitą savaitę","two":["už ",{"t":"idOrVar","v":"value"}," savaičių"],"few":["už ",{"t":"idOrVar","v":"value"}," savaičių"],"many":["už ",{"t":"idOrVar","v":"value"}," savaičių"],"other":["už ",{"t":"idOrVar","v":"value"}," savaičių"]},"$x":[{"t":"idOrVar","v":"plural"},"value"]},{"$i":"months-until-long","$v":{"zero":"šį mėnesį","one":"kitą mėnesį","two":["už ",{"t":"idOrVar","v":"value"}," mėnesių"],"few":["už ",{"t":"idOrVar","v":"value"}," mėnesių"],"many":["už ",{"t":"idOrVar","v":"value"}," mėnesių"],"other":["už ",{"t":"idOrVar","v":"value"}," mėnesių"]},"$x":[{"t":"idOrVar","v":"plural"},"value"]},{"$i":"years-until-long","$v":{"zero":"šiemet","one":"kitais metais","two":["už ",{"t":"idOrVar","v":"value"}," metų"],"few":["už ",{"t":"idOrVar","v":"value"}," metų"],"many":["už ",{"t":"idOrVar","v":"value"}," metų"],"other":["už ",{"t":"idOrVar","v":"value"}," metų"]},"$x":[{"t":"idOrVar","v":"plural"},"value"]},{"$i":"minutes-ago-short","$v":{"zero":"ką tik","other":["prieš ",{"t":"idOrVar","v":"value"}," min."]},"$x":[{"t":"idOrVar","v":"plural"},"value"]},{"$i":"hours-ago-short","$v":{"zero":"ką tik","other":["prieš ",{"t":"idOrVar","v":"value"}," val."]},"$x":[{"t":"idOrVar","v":"plural"},"value"]},{"$i":"days-ago-short","$v":{"zero":"šiandien","other":["prieš ",{"t":"idOrVar","v":"value"}," d."]},"$x":[{"t":"idOrVar","v":"plural"},"value"]},{"$i":"minutes-until-short","$v":{"zero":"dabar","other":["už ",{"t":"idOrVar","v":"value"}," min."]},"$x":[{"t":"idOrVar","v":"plural"},"value"]},{"$i":"hours-until-short","$v":{"zero":"dabar","other":["už ",{"t":"idOrVar","v":"value"}," val."]},"$x":[{"t":"idOrVar","v":"plural"},"value"]},{"$i":"days-until-short","$v":{"zero":"šiandien","other":["už ",{"t":"idOrVar","v":"value"}," d."]},"$x":[{"t":"idOrVar","v":"plural"},"value"]},{"$i":"dateTimeFormat_%c","$v":"%Y m. %Eb %e d. %H:%M:%S"},{"$i":"dateTimeFormat_%x","$v":"%Y-%m-%d"},{"$i":"dateTimeFormat_%X","$v":"%H:%M:%S"},{"$i":"shortTimeFormat","$v":"%H:%M"},{"$i":"shortTimeFormat12","$v":"%I:%M %p"},{"$i":"shortTimeFormat24","$v":"%H:%M"},{"$i":"shortDateTimeFormat","$v":"%x %H:%M"},{"$i":"weekStartsOnMonday","$v":"1"},{"$i":"firstDayOfTheWeek","$v":"0"},{"$i":"time_am","$v":"AM"},{"$i":"time_pm","$v":"PM"},{"$i":"gaia-menu-cancel","$v":"Atsisakyti"},{"$i":"gaia-sim-picker-dial-via-with-number","$v":["Dial ",{"t":"idOrVar","v":"phoneNumber"}," via"]},{"$i":"gaia-sim-picker-select-sim","$v":"Select SIM"},{"$i":"gaia-sim-picker-button","$v":["SIM",{"t":"idOrVar","v":"n"}]},{"$i":"gaia-sim-picker-button-default","$v":"(default)"}]