[{"$i":"messages","$v":"Пораки"},{"$i":"deleteMessages-title","$v":"Бриши пораки"},{"$i":"selectThreads-title","$v":"Select"},{"$i":"edit","$v":"Уреди"},{"$i":"back","$v":"Назад"},{"$i":"cancel","$v":"Откажи"},{"$i":"undo","$v":"Врати"},{"$i":"done","$v":"Заврши"},{"$i":"delete","$v":"Избриши"},{"$i":"delete-thread","$v":"Delete thread"},{"$i":"mark-as-read","$v":"Mark as read"},{"$i":"mark-as-unread","$v":"Mark as unread"},{"$i":"deleting-messages","$v":"Се брише…"},{"$i":"select-all","$v":"Избери сѐ"},{"$i":"deselect-all","$v":"Поништи избор"},{"$i":"selected-threads","$v":{"zero":"none selected","one":[{"t":"idOrVar","v":"n"}," selected"],"two":[{"t":"idOrVar","v":"n"}," selected"],"few":[{"t":"idOrVar","v":"n"}," selected"],"many":[{"t":"idOrVar","v":"n"}," selected"],"other":[{"t":"idOrVar","v":"n"}," selected"]},"$x":[{"t":"idOrVar","v":"plural"},"n"]},{"$i":"selected-messages","$v":{"zero":"none selected","one":[{"t":"idOrVar","v":"n"}," selected"],"two":[{"t":"idOrVar","v":"n"}," selected"],"few":[{"t":"idOrVar","v":"n"}," selected"],"many":[{"t":"idOrVar","v":"n"}," selected"],"other":[{"t":"idOrVar","v":"n"}," selected"]},"$x":[{"t":"idOrVar","v":"plural"},"n"]},{"$i":"selectThreads-label","$v":"Select Threads"},{"$i":"selectMessages-label","$v":"Select Messages"},{"$i":"settings","$v":"Поставки "},{"$i":"add-subject","$v":"Додади наслов"},{"$i":"remove-subject","$v":"Отстрани наслов"},{"$i":"to","$v":"До:"},{"$i":"new","$v":"Нова"},{"$i":"message","$v":"Порака"},{"$i":"messagesInput_placeholder","$v":"Message"},{"$i":"messagesSubjectInput_placeholder","$v":"Subject"},{"$i":"converted-to-mms","$v":"Конвертирам во мултимедијална порака."},{"$i":"converted-to-sms","$v":"Конвертирам во текстуална порака."},{"$i":"messages-max-length-text","$v":"Достигнавте максимална должина."},{"$i":"messages-max-subject-length-text","$v":"Достигната максимална должина на насловот."},{"$i":"multimedia-message-exceeded-max-length","$v":["You’ve exceeded the ",{"t":"idOrVar","v":"mmsSize"}," KB size limit of a single multimedia message. Remove attachments or shorten the message to send it."]},{"$i":"newMessage","$v":"Нова порака"},{"$i":"sendMessage","$v":"Испрати ја пораката"},{"$i":"sendMMSToEmail","$v":"Send multimedia message"},{"$i":"no-recipient","$v":"(Без примател)"},{"$i":"recipient","$v":{"one":[{"t":"idOrVar","v":"n"}," примач"],"two":[{"t":"idOrVar","v":"n"}," примачи"],"few":[{"t":"idOrVar","v":"n"}," примачи"],"many":[{"t":"idOrVar","v":"n"}," примачи"],"other":[{"t":"idOrVar","v":"n"}," примачи"]},"$x":[{"t":"idOrVar","v":"plural"},"n"]},{"$i":"attachmentSizeB","$v":[{"t":"idOrVar","v":"n"}," B"]},{"$i":"attachmentSizeKB","$v":[{"t":"idOrVar","v":"n"}," KB"]},{"$i":"attachmentSizeMB","$v":[{"t":"idOrVar","v":"n"}," MB"]},{"$i":"attachmentOpenError","$v":"Нема достапна апликација што може да го отвори овој тип на датотека."},{"$i":"remove","$v":"Отстрани"},{"$i":"participant","$v":{"one":[{"t":"idOrVar","v":"n"}," учесникк"],"two":[{"t":"idOrVar","v":"n"}," учесници"],"few":[{"t":"idOrVar","v":"n"}," учесници"],"many":[{"t":"idOrVar","v":"n"}," учесници"],"other":[{"t":"idOrVar","v":"n"}," учесници"]},"$x":[{"t":"idOrVar","v":"plural"},"n"]},{"$i":"message-report","$v":"Извештај за пораки"},{"$i":"message-type-sms","$v":"Текст порака (СМС)"},{"$i":"message-type-mms","$v":"Мултимедиска порака (ММС)"},{"$i":"sms-report-description","$v":["Вашата текст порака (СМС), беше пратена на ",{"t":"idOrVar","v":"datetime"}]},{"$i":"mms-report-description","$v":["Вашата мултимедиска порака (ММС), наслов ",{"t":"idOrVar","v":"subject"},", беше пратена на ",{"t":"idOrVar","v":"datetime"}]},{"$i":"mms-no-subject-report-description","$v":["Вашата мултимедиска порака (ММС), беше пратена на ",{"t":"idOrVar","v":"datetime"}]},{"$i":"message-subject","$v":"Subject:"},{"$i":"report-status-error","$v":"Message could not be sent"},{"$i":"report-status-not-downloaded","$v":"not downloaded"},{"$i":"report-status-delivered","$v":"Delivered:"},{"$i":"report-status-read","$v":"Read:"},{"$i":"report-status-pending","$v":"Report requested"},{"$i":"report-status-rejected","$v":"Message rejected"},{"$i":"message-size-was","$v":"Големина на порака:"},{"$i":"report-dateTimeFormat12","$v":["%e %B %Y, ",{"t":"idOrVar","v":"shortTimeFormat12"}]},{"$i":"report-dateTimeFormat24","$v":["%e %B %Y, ",{"t":"idOrVar","v":"shortTimeFormat24"}]},{"$i":"report-to-title","$v":"To"},{"$i":"report-from-title","$v":"From"},{"$i":"message-sent","$v":"Пратена:"},{"$i":"message-sending","$v":[{"t":"idOrVar","v":"message-delivery-status-sending"}]},{"$i":"message-received","$v":"Примена:"},{"$i":"message-via","$v":"Преку:"},{"$i":"message-resend","$v":"Resend"},{"$i":"search","$v":"Барај"},{"$i":"unknown-contact-title","$v":"Unknown Contact"},{"$i":"phone-type-separator","$v":", "},{"$i":"phone-carrier-separator","$v":" "},{"$i":"thread-participant-separator","$v":", "},{"$i":"replace-draft","$v":"Замени ја постоечката мостра"},{"$i":"save-as-draft","$v":"Сними како Мостра"},{"$i":"discard-message","$v":"Отфрли"},{"$i":"discard-sms","$v":"Дали сте сигурни дека сакате да ја поништите оваа порака?"},{"$i":"discard-new-message","$v":"Да ја поништам пораката што ја составувате и да ја отворам новата?"},{"$i":"resend-confirmation","$v":"Оваа порака не може да се испрати. Обидете се повторно?"},{"$i":"resend-message","$v":"Прати ја поракава повторно"},{"$i":"deleteMessage-confirmation","$v":"Delete selected message?"},{"$i":"deleteMessages-confirmation-message","$v":{"zero":"Please select messages to be deleted.","one":"Delete selected message?","two":["Delete ",{"t":"idOrVar","v":"n"}," selected messages?"],"few":["Delete ",{"t":"idOrVar","v":"n"}," selected messages?"],"many":["Delete ",{"t":"idOrVar","v":"n"}," selected messages?"],"other":["Delete ",{"t":"idOrVar","v":"n"}," selected messages?"]},"$x":[{"t":"idOrVar","v":"plural"},"n"]},{"$i":"deleteThreads-confirmation-message","$v":{"zero":"Please select message threads to be deleted.","one":"Delete selected message thread?","two":["Delete ",{"t":"idOrVar","v":"n"}," selected message threads?"],"few":["Delete ",{"t":"idOrVar","v":"n"}," selected message threads?"],"many":["Delete ",{"t":"idOrVar","v":"n"}," selected message threads?"],"other":["Delete ",{"t":"idOrVar","v":"n"}," selected message threads?"]},"$x":[{"t":"idOrVar","v":"plural"},"n"]},{"$i":"new-message-notice-text","$v":"Нова порака од"},{"$i":"new-message-notice-a-text","$v":"Прочитај ја"},{"$i":"noMessages-title","$v":"Нема пораки"},{"$i":"noMessages-text","$v":"Започни со комуникација"},{"$i":"sendDefaultErrorTitle","$v":"Message not sent"},{"$i":"sendDefaultErrorBody","$v":"There was a problem sending the message. Please try again."},{"$i":"sendDefaultErrorBtnOk","$v":"OK"},{"$i":"sendMissingSimCardTitle","$v":"СИМ картичка недостига"},{"$i":"sendMissingSimCardBody","$v":"Внесете валидна СИМ картичка за да продолжите."},{"$i":"sendMissingSimCardBtnOk","$v":"Во ред"},{"$i":"sendFlightModeTitle","$v":"Авионски режим активиран"},{"$i":"sendFlightModeBody","$v":"Исклучете го авионскиот режим за да праќате пораки."},{"$i":"sendFlightModeBtnOk","$v":"Во ред"},{"$i":"radioDisabledToDownloadTitle","$v":[{"t":"idOrVar","v":"sendFlightModeTitle"}]},{"$i":"radioDisabledToDownloadBody","$v":"Turn off airplane mode to download attachments."},{"$i":"radioDisabledToDownloadBtnOk","$v":[{"t":"idOrVar","v":"sendFlightModeBtnOk"}]},{"$i":"fdnBlocked2Title","$v":"FDN active"},{"$i":"sms-counter-notice-label","$v":["Editing SMS ",{"t":"idOrVar","v":"number"}]},{"$i":"fdnBlocked2Body","innerHTML":{"$x":[{"t":"idOrVar","v":"plural"},"n"],"$v":{"one":["FDN (Fixed Dialing Numbers) is activated. Make sure the SMS center and the following recipient are in your FDN list:<br />",{"t":"idOrVar","v":"numbers"}],"two":["FDN (Fixed Dialing Numbers) is activated. Make sure the SMS center and the following recipients are in your FDN list:<br />",{"t":"idOrVar","v":"numbers"}],"few":["FDN (Fixed Dialing Numbers) is activated. Make sure the SMS center and the following recipients are in your FDN list:<br />",{"t":"idOrVar","v":"numbers"}],"many":["FDN (Fixed Dialing Numbers) is activated. Make sure the SMS center and the following recipients are in your FDN list:<br />",{"t":"idOrVar","v":"numbers"}],"other":["FDN (Fixed Dialing Numbers) is activated. Make sure the SMS center and the following recipients are in your FDN list:<br />",{"t":"idOrVar","v":"numbers"}]}}},{"$i":"fdnBlocked2BtnOk","$v":"OK"},{"$i":"switchSimToRetrieveTitle","$v":"Switch data connection"},{"$i":"switchSimToRetrieveBody","$v":["Switch the data connection to SIM ",{"t":"idOrVar","v":"nonActiveSimId"}," to retrieve the MMS. The current data transfer on SIM ",{"t":"idOrVar","v":"activeSimId"}," will be suspended. Continue anyway?"]},{"$i":"switchSimToRetrieveBtnOk","$v":"Later"},{"$i":"switchSimToRetrieveConfirm","$v":"OK"},{"$i":"switchSimToSendTitle","$v":[{"t":"idOrVar","v":"switchSimToRetrieveTitle"}]},{"$i":"switchSimToSendBody","$v":["Switch the data connection to SIM ",{"t":"idOrVar","v":"nonActiveSimId"}," to send the MMS. The current data transfer on SIM ",{"t":"idOrVar","v":"activeSimId"}," will be suspended. Continue anyway?"]},{"$i":"switchSimToSendBtnOk","$v":[{"t":"idOrVar","v":"switchSimToRetrieveBtnOk"}]},{"$i":"switchSimToSendConfirm","$v":[{"t":"idOrVar","v":"switchSimToRetrieveConfirm"}]},{"$i":"sendNoSignalErrorTitle","$v":"Нема мрежно покривање"},{"$i":"sendNoSignalErrorBody","$v":"Осигурајте се дека имате мобилен сигнал и пробајте повторно. "},{"$i":"sendNoSignalErrorBtnOk","$v":"Во ред"},{"$i":"sendNotFoundErrorTitle","$v":"Не е пронајдена порака"},{"$i":"sendNotFoundErrorBody","$v":"Пораката која ја барате не е достапна повеќе."},{"$i":"sendNotFoundErrorBtnOk","$v":"Во ред"},{"$i":"sendInvalidAddressErrorTitle","$v":"Невалиден број"},{"$i":"sendInvalidAddressErrorBody","$v":"Осигурајте се дека мобилниот број кон кој праќате е валиден."},{"$i":"sendInvalidAddressErrorBtnOk","$v":"Во ред"},{"$i":"simNotMatchedErrorTitle","$v":"Unable to download"},{"$i":"simNotMatchedErrorBody","$v":"Please make sure the SIM card inserted is the one used to receive this message."},{"$i":"simNotMatchedErrorBtnOk","$v":"OK"},{"$i":"deleted-sms","$v":"Оваа порака веќе е избришана."},{"$i":"view-attachment-image","$v":"Види"},{"$i":"view-attachment-audio","$v":"Слушни"},{"$i":"view-attachment-video","$v":"Види"},{"$i":"view-attachment-other","$v":"Види"},{"$i":"remove-attachment-image","$v":"Отстрани слика"},{"$i":"remove-attachment-audio","$v":"Отстрани аудио"},{"$i":"remove-attachment-video","$v":"Отстрани видео"},{"$i":"remove-attachment-other","$v":"Отстрани прилог"},{"$i":"replace-attachment-image","$v":"Замени слика"},{"$i":"replace-attachment-audio","$v":"Замени аудио"},{"$i":"replace-attachment-video","$v":"Замени видео"},{"$i":"replace-attachment-other","$v":"Замени прилог"},{"$i":"unsent-message-title","$v":"Непратена порака"},{"$i":"unsent-message-text","$v":"Your previous message was not sent. Do you want to discard the unsent message and continue?"},{"$i":"unsent-message-option-edit","$v":"Уреди"},{"$i":"unsent-message-option-discard","$v":"Поништи"},{"$i":"message-options","$v":"Опции за порака"},{"$i":"thread-options","$v":"Thread options"},{"$i":"forward","$v":"Препрати"},{"$i":"view-message-report","$v":"Прегледајте го извештајот за пораката"},{"$i":"select-text","$v":"Select text"},{"$i":"mobile","$v":"Мобилен"},{"$i":"home","$v":"Домашен"},{"$i":"work","$v":"Службен"},{"$i":"personal","$v":"Личен"},{"$i":"faxHome","$v":"Домашен факс"},{"$i":"faxOffice","$v":"Службен факс"},{"$i":"faxOther","$v":"Друг факс"},{"$i":"another","$v":"Друго"},{"$i":"other","$v":"Other"},{"$i":"today","$v":"денес"},{"$i":"yesterday","$v":"вчера"},{"$i":"incorrectDate","$v":"(неточен датум)"},{"$i":"addToExistingContact","$v":"Додај во постоечки контакт"},{"$i":"createNewContact","$v":"Создај нов контакт"},{"$i":"viewContact","$v":"Види контакт"},{"$i":"call","$v":"Јави се"},{"$i":"sendEmail","$v":"Испрати порака"},{"$i":"mms-message","$v":"MMS порака"},{"$i":"notDownloaded-title","$v":"Порака сѐ уште не е преземена."},{"$i":"tobedownloaded-attachment","$v":["You received a multimedia message. You can use the link below to download its content until ",{"t":"idOrVar","v":"date"},"."]},{"$i":"expired-attachment","$v":["Sorry, the message expired on ",{"t":"idOrVar","v":"date"}," and cannot be downloaded."]},{"$i":"download-attachment","$v":"Download"},{"$i":"downloading-attachment","$v":"Downloading…"},{"$i":"unnamed-attachment","$v":"безимено"},{"$i":"mms-label","$v":"MMS"},{"$i":"attached-files-too-large","$v":{"zero":["The files you have selected exceed the ",{"t":"idOrVar","v":"mmsSize"}," KB size limit of a single multimedia message."],"one":["The file you have selected exceeds the ",{"t":"idOrVar","v":"mmsSize"}," KB size limit of a single multimedia message."],"two":["The files you have selected exceed the ",{"t":"idOrVar","v":"mmsSize"}," KB size limit of a single multimedia message."],"few":["The files you have selected exceed the ",{"t":"idOrVar","v":"mmsSize"}," KB size limit of a single multimedia message."],"many":["The files you have selected exceed the ",{"t":"idOrVar","v":"mmsSize"}," KB size limit of a single multimedia message."],"other":["The files you have selected exceed the ",{"t":"idOrVar","v":"mmsSize"}," KB size limit of a single multimedia message."]},"$x":[{"t":"idOrVar","v":"plural"},"n"]},{"$i":"resize-image","$v":"Променување на големина на прикачената слика"},{"$i":"no-attachment-text","$v":"Има проблем со прикачената датотека и не може да биде преземена."},{"$i":"message-draft-saved","$v":"Порака снимена како мостра"},{"$i":"sim-id-label","$v":["SIM ",{"t":"idOrVar","v":"id"}]},{"$i":"sim-detail","$v":["SIM ",{"t":"idOrVar","v":"id"},", ",{"t":"idOrVar","v":"detailString"}]},{"$i":"dsds-notification-title-with-sim","$v":["(",{"t":"idOrVar","v":"sim"},") ",{"t":"idOrVar","v":"sender"}]},{"$i":"send-button","ariaLabel":"Send"},{"$i":"send-button-sim-indication","$v":[{"t":"idOrVar","v":"n"}],"ariaLabel":["using SIM ",{"t":"idOrVar","v":"n"}]},{"$i":"expiry-date-format","$v":"%A, %b %e"},{"$i":"attach-button","ariaLabel":"Add attachment"},{"$i":"contact-photo","ariaLabel":"Contact photo"},{"$i":"unread-thread","ariaLabel":"Unread"},{"$i":"has-draft","ariaLabel":"Has draft"},{"$i":"is-draft","ariaLabel":"Draft"},{"$i":"message-delivery-status-sending","$v":"Sending…"},{"$i":"message-delivery-status-delivered","ariaLabel":"Delivered"},{"$i":"message-delivery-status-read","ariaLabel":"Read"},{"$i":"message-delivery-status-error","ariaLabel":"Error"},{"$i":"modal-dialog-ok-button","$v":"OK"},{"$i":"modal-dialog-cancel-button","$v":"Cancel"},{"$i":"modal-dialog-default-title","$v":"Messages"},{"$i":"weekday-0-long","$v":"Недела"},{"$i":"weekday-1-long","$v":"Понеделник"},{"$i":"weekday-2-long","$v":"Вторник"},{"$i":"weekday-3-long","$v":"Среда"},{"$i":"weekday-4-long","$v":"Четврток"},{"$i":"weekday-5-long","$v":"Петок"},{"$i":"weekday-6-long","$v":"Сабота"},{"$i":"weekday-0-short","$v":"Нед"},{"$i":"weekday-1-short","$v":"Пон"},{"$i":"weekday-2-short","$v":"Вто"},{"$i":"weekday-3-short","$v":"Сре"},{"$i":"weekday-4-short","$v":"Чет"},{"$i":"weekday-5-short","$v":"Пет"},{"$i":"weekday-6-short","$v":"Саб"},{"$i":"month-0-long","$v":"јануари"},{"$i":"month-1-long","$v":"февруари"},{"$i":"month-2-long","$v":"март"},{"$i":"month-3-long","$v":"април"},{"$i":"month-4-long","$v":"мај"},{"$i":"month-5-long","$v":"јуни"},{"$i":"month-6-long","$v":"јули"},{"$i":"month-7-long","$v":"август"},{"$i":"month-8-long","$v":"септември"},{"$i":"month-9-long","$v":"октомври"},{"$i":"month-10-long","$v":"ноември"},{"$i":"month-11-long","$v":"декември"},{"$i":"month-0-genitive","$v":"јануари"},{"$i":"month-1-genitive","$v":"февруари"},{"$i":"month-2-genitive","$v":"март"},{"$i":"month-3-genitive","$v":"април"},{"$i":"month-4-genitive","$v":"мај"},{"$i":"month-5-genitive","$v":"јуни"},{"$i":"month-6-genitive","$v":"јули"},{"$i":"month-7-genitive","$v":"август"},{"$i":"month-8-genitive","$v":"септември"},{"$i":"month-9-genitive","$v":"октомври"},{"$i":"month-10-genitive","$v":"ноември"},{"$i":"month-11-genitive","$v":"декември"},{"$i":"month-0-short","$v":"јан"},{"$i":"month-1-short","$v":"фев"},{"$i":"month-2-short","$v":"мар"},{"$i":"month-3-short","$v":"апр"},{"$i":"month-4-short","$v":"мај"},{"$i":"month-5-short","$v":"јун"},{"$i":"month-6-short","$v":"јул"},{"$i":"month-7-short","$v":"авг"},{"$i":"month-8-short","$v":"сеп"},{"$i":"month-9-short","$v":"окт"},{"$i":"month-10-short","$v":"ное"},{"$i":"month-11-short","$v":"дек"},{"$i":"minutes-ago-long","$v":{"zero":"сега","one":"пред една минута","two":["пред ",{"t":"idOrVar","v":"value"}," минути"],"few":["пред ",{"t":"idOrVar","v":"value"}," минути"],"many":["пред ",{"t":"idOrVar","v":"value"}," минути"],"other":["пред ",{"t":"idOrVar","v":"value"}," минути"]},"$x":[{"t":"idOrVar","v":"plural"},"value"]},{"$i":"hours-ago-long","$v":{"zero":"сега","one":"пред еден час","two":["пред ",{"t":"idOrVar","v":"value"}," часа"],"few":["пред ",{"t":"idOrVar","v":"value"}," часа"],"many":["пред ",{"t":"idOrVar","v":"value"}," часови"],"other":["пред ",{"t":"idOrVar","v":"value"}," часови"]},"$x":[{"t":"idOrVar","v":"plural"},"value"]},{"$i":"days-ago-long","$v":{"zero":"денес","one":"вчера","two":["пред ",{"t":"idOrVar","v":"value"}," дена"],"few":["пред ",{"t":"idOrVar","v":"value"}," дена"],"many":["пред ",{"t":"idOrVar","v":"value"}," денови"],"other":["пред ",{"t":"idOrVar","v":"value"}," денови"]},"$x":[{"t":"idOrVar","v":"plural"},"value"]},{"$i":"weeks-ago-long","$v":{"zero":"оваа недела","one":"минатата недела","two":["пред ",{"t":"idOrVar","v":"value"}," недели"],"few":["пред ",{"t":"idOrVar","v":"value"}," недели"],"many":["пред ",{"t":"idOrVar","v":"value"}," недели"],"other":["пред ",{"t":"idOrVar","v":"value"}," недели"]},"$x":[{"t":"idOrVar","v":"plural"},"value"]},{"$i":"months-ago-long","$v":{"zero":"овој месец","one":"минатиот месец","two":["пред ",{"t":"idOrVar","v":"value"}," месеци"],"few":["пред ",{"t":"idOrVar","v":"value"}," месеци"],"many":["пред ",{"t":"idOrVar","v":"value"}," месеци"],"other":["пред ",{"t":"idOrVar","v":"value"}," месеци"]},"$x":[{"t":"idOrVar","v":"plural"},"value"]},{"$i":"years-ago-long","$v":{"zero":"оваа година","one":"минатата година","two":["пред ",{"t":"idOrVar","v":"value"}," години"],"few":["пред ",{"t":"idOrVar","v":"value"}," години"],"many":["пред ",{"t":"idOrVar","v":"value"}," години"],"other":["пред ",{"t":"idOrVar","v":"value"}," години"]},"$x":[{"t":"idOrVar","v":"plural"},"value"]},{"$i":"minutes-until-long","$v":{"zero":"сега","one":"за една минута","two":["за ",{"t":"idOrVar","v":"value"}," минути"],"few":["за ",{"t":"idOrVar","v":"value"}," минути"],"many":["за ",{"t":"idOrVar","v":"value"}," минути"],"other":["за ",{"t":"idOrVar","v":"value"}," минути"]},"$x":[{"t":"idOrVar","v":"plural"},"value"]},{"$i":"hours-until-long","$v":{"zero":"сега","one":"за еден час","two":["за ",{"t":"idOrVar","v":"value"}," часа"],"few":["за ",{"t":"idOrVar","v":"value"}," часа"],"many":["за ",{"t":"idOrVar","v":"value"}," часови"],"other":["за ",{"t":"idOrVar","v":"value"}," часови"]},"$x":[{"t":"idOrVar","v":"plural"},"value"]},{"$i":"days-until-long","$v":{"zero":"денес","one":"утре","two":["за ",{"t":"idOrVar","v":"value"}," дена"],"few":["за ",{"t":"idOrVar","v":"value"}," дена"],"many":["за ",{"t":"idOrVar","v":"value"}," денови"],"other":["за ",{"t":"idOrVar","v":"value"}," денови"]},"$x":[{"t":"idOrVar","v":"plural"},"value"]},{"$i":"weeks-until-long","$v":{"zero":"оваа седмица","one":"следната седмица","two":["за ",{"t":"idOrVar","v":"value"}," седмици"],"few":["за ",{"t":"idOrVar","v":"value"}," седмици"],"many":["за ",{"t":"idOrVar","v":"value"}," седмици"],"other":["за ",{"t":"idOrVar","v":"value"}," седмици"]},"$x":[{"t":"idOrVar","v":"plural"},"value"]},{"$i":"months-until-long","$v":{"zero":"овој месец","one":"следниот месец","two":["за ",{"t":"idOrVar","v":"value"}," месеци"],"few":["за ",{"t":"idOrVar","v":"value"}," месеци"],"many":["за ",{"t":"idOrVar","v":"value"}," месеци"],"other":["за ",{"t":"idOrVar","v":"value"}," месеци"]},"$x":[{"t":"idOrVar","v":"plural"},"value"]},{"$i":"years-until-long","$v":{"zero":"оваа година","one":"следната година","two":["за ",{"t":"idOrVar","v":"value"}," години"],"few":["за ",{"t":"idOrVar","v":"value"}," години"],"many":["за ",{"t":"idOrVar","v":"value"}," години"],"other":["за ",{"t":"idOrVar","v":"value"}," години"]},"$x":[{"t":"idOrVar","v":"plural"},"value"]},{"$i":"minutes-ago-short","$v":{"zero":"сега","other":["пред ",{"t":"idOrVar","v":"value"},"m"]},"$x":[{"t":"idOrVar","v":"plural"},"value"]},{"$i":"hours-ago-short","$v":{"zero":"сега","other":["пред ",{"t":"idOrVar","v":"value"},"h"]},"$x":[{"t":"idOrVar","v":"plural"},"value"]},{"$i":"days-ago-short","$v":{"zero":"денес","other":["пред ",{"t":"idOrVar","v":"value"},"d"]},"$x":[{"t":"idOrVar","v":"plural"},"value"]},{"$i":"minutes-until-short","$v":{"zero":"сега","other":["за ",{"t":"idOrVar","v":"value"},"m"]},"$x":[{"t":"idOrVar","v":"plural"},"value"]},{"$i":"hours-until-short","$v":{"zero":"сега","other":["за ",{"t":"idOrVar","v":"value"},"h"]},"$x":[{"t":"idOrVar","v":"plural"},"value"]},{"$i":"days-until-short","$v":{"zero":"денес","other":["за ",{"t":"idOrVar","v":"value"},"d"]},"$x":[{"t":"idOrVar","v":"plural"},"value"]},{"$i":"dateTimeFormat_%c","$v":"%a %b %e %Y %H:%M:%S"},{"$i":"dateTimeFormat_%x","$v":"%d/%m/%Y"},{"$i":"dateTimeFormat_%X","$v":"%H:%M:%S"},{"$i":"shortTimeFormat","$v":"%H:%M"},{"$i":"shortTimeFormat12","$v":"%I:%M %p"},{"$i":"shortTimeFormat24","$v":"%H:%M"},{"$i":"shortDateTimeFormat","$v":"%x %H:%M"},{"$i":"weekStartsOnMonday","$v":"1"},{"$i":"firstDayOfTheWeek","$v":"0"},{"$i":"time_am","$v":"AM"},{"$i":"time_pm","$v":"PM"},{"$i":"gaia-menu-cancel","$v":"Cancel"},{"$i":"gaia-sim-picker-dial-via-with-number","$v":["Dial ",{"t":"idOrVar","v":"phoneNumber"}," via"]},{"$i":"gaia-sim-picker-select-sim","$v":"Select SIM"},{"$i":"gaia-sim-picker-button","$v":["SIM",{"t":"idOrVar","v":"n"}]},{"$i":"gaia-sim-picker-button-default","$v":"(default)"}]