[{"$i":"messages","$v":"Mesej"},{"$i":"deleteMessages-title","$v":"Hapus mesej"},{"$i":"selectThreads-title","$v":"Pilih"},{"$i":"edit","$v":"Sunting"},{"$i":"back","$v":"Undur"},{"$i":"cancel","$v":"Batal"},{"$i":"undo","$v":"Kembali Asal"},{"$i":"done","$v":"Selesai"},{"$i":"delete","$v":"Hapus"},{"$i":"delete-thread","$v":"Delete thread"},{"$i":"mark-as-read","$v":"Mark as read"},{"$i":"mark-as-unread","$v":"Mark as unread"},{"$i":"deleting-messages","$v":"Menghapus…"},{"$i":"select-all","$v":"Pilih semua"},{"$i":"deselect-all","$v":"Nyahpilih semua"},{"$i":"selected-threads","$v":{"zero":"none selected","one":[{"t":"idOrVar","v":"n"}," selected"],"two":[{"t":"idOrVar","v":"n"}," selected"],"few":[{"t":"idOrVar","v":"n"}," selected"],"many":[{"t":"idOrVar","v":"n"}," selected"],"other":[{"t":"idOrVar","v":"n"}," selected"]},"$x":[{"t":"idOrVar","v":"plural"},"n"]},{"$i":"selected-messages","$v":{"zero":"none selected","one":[{"t":"idOrVar","v":"n"}," selected"],"two":[{"t":"idOrVar","v":"n"}," selected"],"few":[{"t":"idOrVar","v":"n"}," selected"],"many":[{"t":"idOrVar","v":"n"}," selected"],"other":[{"t":"idOrVar","v":"n"}," selected"]},"$x":[{"t":"idOrVar","v":"plural"},"n"]},{"$i":"selectThreads-label","$v":"Pilih Bebenang"},{"$i":"selectMessages-label","$v":"Pilih Mesej"},{"$i":"settings","$v":"Tetapan"},{"$i":"add-subject","$v":"Tambah subjek"},{"$i":"remove-subject","$v":"Singkit subjek"},{"$i":"to","$v":"Kepada:"},{"$i":"new","$v":"Baru"},{"$i":"message","$v":"Mesej"},{"$i":"messagesInput_placeholder","$v":"Mesej"},{"$i":"messagesSubjectInput_placeholder","$v":"Subjek"},{"$i":"converted-to-mms","$v":"Mengubah kepada mesej multimedia."},{"$i":"converted-to-sms","$v":"Mengubah kepada mesej teks."},{"$i":"messages-max-length-text","$v":"Anda telah mencapai panjang maksima."},{"$i":"messages-max-subject-length-text","$v":"Panjang maksima subjek telah dicapai."},{"$i":"multimedia-message-exceeded-max-length","$v":["You’ve exceeded the ",{"t":"idOrVar","v":"mmsSize"}," KB size limit of a single multimedia message. Remove attachments or shorten the message to send it."]},{"$i":"newMessage","$v":"Mesej Baru"},{"$i":"sendMessage","$v":"Hantar Mesej"},{"$i":"sendMMSToEmail","$v":"Send multimedia message"},{"$i":"no-recipient","$v":"(Tiada penerima)"},{"$i":"recipient","$v":{"one":[{"t":"idOrVar","v":"n"}," penerima"],"two":[{"t":"idOrVar","v":"n"}," penerima"],"few":[{"t":"idOrVar","v":"n"}," penerima"],"many":[{"t":"idOrVar","v":"n"}," penerima"],"other":[{"t":"idOrVar","v":"n"}," penerima"]},"$x":[{"t":"idOrVar","v":"plural"},"n"]},{"$i":"attachmentSizeB","$v":[{"t":"idOrVar","v":"n"}," B"]},{"$i":"attachmentSizeKB","$v":[{"t":"idOrVar","v":"n"}," KB"]},{"$i":"attachmentSizeMB","$v":[{"t":"idOrVar","v":"n"}," MB"]},{"$i":"attachmentOpenError","$v":"Tidak terdapat apliaksi untuk membuka jenis fail ini."},{"$i":"remove","$v":"Singkir"},{"$i":"participant","$v":{"one":[{"t":"idOrVar","v":"n"}," peserta"],"two":[{"t":"idOrVar","v":"n"}," peserta"],"few":[{"t":"idOrVar","v":"n"}," peserta"],"many":[{"t":"idOrVar","v":"n"}," peserta"],"other":[{"t":"idOrVar","v":"n"}," peserta"]},"$x":[{"t":"idOrVar","v":"plural"},"n"]},{"$i":"message-report","$v":"Laporan mesej"},{"$i":"message-type-sms","$v":"Mesej Teks (SMS)"},{"$i":"message-type-mms","$v":"Mesej Multimedia (MM)"},{"$i":"sms-report-description","$v":["Mesej Teks (SMS) anda, telah dihantar pada ",{"t":"idOrVar","v":"datetime"}]},{"$i":"mms-report-description","$v":["Mesej Multimedia (MMS) anda, bertajuk ",{"t":"idOrVar","v":"subject"},", telah dihantar pada ",{"t":"idOrVar","v":"datetime"}]},{"$i":"mms-no-subject-report-description","$v":["Mesej Multimedia (MMS) anda, telah dihantar pada ",{"t":"idOrVar","v":"datetime"}]},{"$i":"message-subject","$v":"Subject:"},{"$i":"report-status-error","$v":"Message could not be sent"},{"$i":"report-status-not-downloaded","$v":"not downloaded"},{"$i":"report-status-delivered","$v":"Delivered:"},{"$i":"report-status-read","$v":"Read:"},{"$i":"report-status-pending","$v":"Report requested"},{"$i":"report-status-rejected","$v":"Message rejected"},{"$i":"message-size-was","$v":"Saiz mesej:"},{"$i":"report-dateTimeFormat12","$v":["%e %B %Y, ",{"t":"idOrVar","v":"shortTimeFormat12"}]},{"$i":"report-dateTimeFormat24","$v":["%e %B %Y, ",{"t":"idOrVar","v":"shortTimeFormat24"}]},{"$i":"report-to-title","$v":"To"},{"$i":"report-from-title","$v":"From"},{"$i":"message-sent","$v":"Dihantar:"},{"$i":"message-sending","$v":[{"t":"idOrVar","v":"message-delivery-status-sending"}]},{"$i":"message-received","$v":"Diterima:"},{"$i":"message-via","$v":"Melalui:"},{"$i":"message-resend","$v":"Resend"},{"$i":"search","$v":"Carian"},{"$i":"unknown-contact-title","$v":"Unknown Contact"},{"$i":"phone-type-separator","$v":", "},{"$i":"phone-carrier-separator","$v":""},{"$i":"thread-participant-separator","$v":", "},{"$i":"replace-draft","$v":"Ganti Draf sedia ada"},{"$i":"save-as-draft","$v":"Simpan sebagai Draf"},{"$i":"discard-message","$v":"Buang"},{"$i":"discard-sms","$v":"Anda pasti untuk membuang mesej ini?"},{"$i":"discard-new-message","$v":"Membuang mesej yang anda karang dan buka mesej baru?"},{"$i":"resend-confirmation","$v":"Mesej tidak dapat dihantar. Cuba lagi?"},{"$i":"resend-message","$v":"Hantar semula mesej ini"},{"$i":"deleteMessage-confirmation","$v":"Delete selected message?"},{"$i":"deleteMessages-confirmation-message","$v":{"zero":"Please select messages to be deleted.","one":"Delete selected message?","two":["Delete ",{"t":"idOrVar","v":"n"}," selected messages?"],"few":["Delete ",{"t":"idOrVar","v":"n"}," selected messages?"],"many":["Delete ",{"t":"idOrVar","v":"n"}," selected messages?"],"other":["Delete ",{"t":"idOrVar","v":"n"}," selected messages?"]},"$x":[{"t":"idOrVar","v":"plural"},"n"]},{"$i":"deleteThreads-confirmation-message","$v":{"zero":"Please select message threads to be deleted.","one":"Delete selected message thread?","two":["Delete ",{"t":"idOrVar","v":"n"}," selected message threads?"],"few":["Delete ",{"t":"idOrVar","v":"n"}," selected message threads?"],"many":["Delete ",{"t":"idOrVar","v":"n"}," selected message threads?"],"other":["Delete ",{"t":"idOrVar","v":"n"}," selected message threads?"]},"$x":[{"t":"idOrVar","v":"plural"},"n"]},{"$i":"new-message-notice-text","$v":"Mesej baru daripada"},{"$i":"new-message-notice-a-text","$v":"Bacanya"},{"$i":"noMessages-title","$v":"Tiada mesej"},{"$i":"noMessages-text","$v":"Mula berhubung sekarang"},{"$i":"sendDefaultErrorTitle","$v":"Mesej tidak dihantar"},{"$i":"sendDefaultErrorBody","$v":"Terdapat masalah menghantar mesej. Sila cuba lagi."},{"$i":"sendDefaultErrorBtnOk","$v":"OK"},{"$i":"sendMissingSimCardTitle","$v":"Kehilangan kad SIM"},{"$i":"sendMissingSimCardBody","$v":"Masukkan kad SIM yang sah untuk meneruskan."},{"$i":"sendMissingSimCardBtnOk","$v":"OK"},{"$i":"sendFlightModeTitle","$v":"Mod pesawat diaktifkan"},{"$i":"sendFlightModeBody","$v":"Matikan mod pesawat untuk menghantar mesej."},{"$i":"sendFlightModeBtnOk","$v":"OK"},{"$i":"radioDisabledToDownloadTitle","$v":[{"t":"idOrVar","v":"sendFlightModeTitle"}]},{"$i":"radioDisabledToDownloadBody","$v":"Matikan mod pesawat terbang untuk memuat turun kepilan."},{"$i":"radioDisabledToDownloadBtnOk","$v":[{"t":"idOrVar","v":"sendFlightModeBtnOk"}]},{"$i":"fdnBlocked2Title","$v":"FDN aktif"},{"$i":"sms-counter-notice-label","$v":["Editing SMS ",{"t":"idOrVar","v":"number"}]},{"$i":"fdnBlocked2Body","innerHTML":{"$x":[{"t":"idOrVar","v":"plural"},"n"],"$v":{"one":["FDN (Nombor Dialan Tetap) diaktifkan. Pastikan pusat SMS dan penerima berikut di dalam senarai FDN:<br /> ",{"t":"idOrVar","v":"numbers"}],"two":["FDN (Nombor Dialan Tetap) diaktifkan. Pastikan pusat SMS dan penerima berikut di dalam senarai FDN:<br /> ",{"t":"idOrVar","v":"numbers"}],"few":["FDN (Nombor Dialan Tetap) diaktifkan. Pastikan pusat SMS dan penerima berikut di dalam senarai FDN:<br /> ",{"t":"idOrVar","v":"numbers"}],"many":["FDN (Nombor Dialan Tetap) diaktifkan. Pastikan pusat SMS dan penerima berikut di dalam senarai FDN:<br /> ",{"t":"idOrVar","v":"numbers"}],"other":["FDN (Nombor Dialan Tetap) diaktifkan. Pastikan pusat SMS dan penerima berikut di dalam senarai FDN:<br /> ",{"t":"idOrVar","v":"numbers"}]}}},{"$i":"fdnBlocked2BtnOk","$v":"OK"},{"$i":"switchSimToRetrieveTitle","$v":"Tukar sambungan data"},{"$i":"switchSimToRetrieveBody","$v":["Tukar sambungan data kepada SIM ",{"t":"idOrVar","v":"nonActiveSimId"}," untuk menerima MMS. Sambungan data semasa pada SIM ",{"t":"idOrVar","v":"activeSimId"}," akan digantung. Teruskan juga?"]},{"$i":"switchSimToRetrieveBtnOk","$v":"Kemudian"},{"$i":"switchSimToRetrieveConfirm","$v":"OK"},{"$i":"switchSimToSendTitle","$v":[{"t":"idOrVar","v":"switchSimToRetrieveTitle"}]},{"$i":"switchSimToSendBody","$v":["Tukar sambungan data kepada SIM ",{"t":"idOrVar","v":"nonActiveSimId"}," untuk menerima MMS. Sambungan data semasa pada SIM ",{"t":"idOrVar","v":"activeSimId"}," akan digantung. Teruskan juga?"]},{"$i":"switchSimToSendBtnOk","$v":[{"t":"idOrVar","v":"switchSimToRetrieveBtnOk"}]},{"$i":"switchSimToSendConfirm","$v":[{"t":"idOrVar","v":"switchSimToRetrieveConfirm"}]},{"$i":"sendNoSignalErrorTitle","$v":"Tiada liputan rangkaian"},{"$i":"sendNoSignalErrorBody","$v":"Pastikan anda memiliki signal selular dan cuba lagi."},{"$i":"sendNoSignalErrorBtnOk","$v":"OK"},{"$i":"sendNotFoundErrorTitle","$v":"Mesej tidak ditemui"},{"$i":"sendNotFoundErrorBody","$v":"Mesej yang anda cari tidak lagi tersedia."},{"$i":"sendNotFoundErrorBtnOk","$v":"OK"},{"$i":"sendInvalidAddressErrorTitle","$v":"Nombor tidak sah"},{"$i":"sendInvalidAddressErrorBody","$v":"Pastikan nombor telefon yang anda hantar adalah sah."},{"$i":"sendInvalidAddressErrorBtnOk","$v":"OK"},{"$i":"simNotMatchedErrorTitle","$v":"Tidak dapat memuat turun"},{"$i":"simNotMatchedErrorBody","$v":"Sila pastikan kam SIM yang dimasukkan adalah yang digunakan untuk menerima mesej ini."},{"$i":"simNotMatchedErrorBtnOk","$v":"OK"},{"$i":"deleted-sms","$v":"Mesej telah pun dihapus."},{"$i":"view-attachment-image","$v":"Lihat"},{"$i":"view-attachment-audio","$v":"Dengar"},{"$i":"view-attachment-video","$v":"Lihat"},{"$i":"view-attachment-other","$v":"Lihat"},{"$i":"remove-attachment-image","$v":"Singkir imej"},{"$i":"remove-attachment-audio","$v":"Singkir audio"},{"$i":"remove-attachment-video","$v":"Singkir video"},{"$i":"remove-attachment-other","$v":"Singkir kepilan"},{"$i":"replace-attachment-image","$v":"Ganti imej"},{"$i":"replace-attachment-audio","$v":"Ganti audio"},{"$i":"replace-attachment-video","$v":"Ganti video"},{"$i":"replace-attachment-other","$v":"Ganti kepilan"},{"$i":"unsent-message-title","$v":"Mesej belum dihantar"},{"$i":"unsent-message-text","$v":"Your previous message was not sent. Do you want to discard the unsent message and continue?"},{"$i":"unsent-message-option-edit","$v":"Sunting"},{"$i":"unsent-message-option-discard","$v":"Buang"},{"$i":"message-options","$v":"Pilihan mesej"},{"$i":"thread-options","$v":"Thread options"},{"$i":"forward","$v":"Maju"},{"$i":"view-message-report","$v":"Laporan lihat mesej"},{"$i":"select-text","$v":"Select text"},{"$i":"mobile","$v":"Bimbit"},{"$i":"home","$v":"Laman Utama"},{"$i":"work","$v":"Kerja"},{"$i":"personal","$v":"Peribadi"},{"$i":"faxHome","$v":"Fax rumah"},{"$i":"faxOffice","$v":"Fax syarikat"},{"$i":"faxOther","$v":"Fax lain"},{"$i":"another","$v":"Lagi"},{"$i":"other","$v":"Lain-lain"},{"$i":"today","$v":"hari ini"},{"$i":"yesterday","$v":"semalam"},{"$i":"incorrectDate","$v":"(tarikh tidak betul)"},{"$i":"addToExistingContact","$v":"Tambah kepada kenalan sedia ada"},{"$i":"createNewContact","$v":"Cipta kenalan baru"},{"$i":"viewContact","$v":"Lihat kenalan"},{"$i":"call","$v":"Panggil"},{"$i":"sendEmail","$v":"Hantar email"},{"$i":"mms-message","$v":"Mesej MMS"},{"$i":"notDownloaded-title","$v":"Mesej belum lagi dimuat turun."},{"$i":"tobedownloaded-attachment","$v":["You received a multimedia message. You can use the link below to download its content until ",{"t":"idOrVar","v":"date"},"."]},{"$i":"expired-attachment","$v":["Maaf, mesej telah luput pada ",{"t":"idOrVar","v":"date"}," dan tidak dapat dimuat turun."]},{"$i":"download-attachment","$v":"Muat Turun"},{"$i":"downloading-attachment","$v":"Memuat turun…"},{"$i":"unnamed-attachment","$v":"tidak berjudul"},{"$i":"mms-label","$v":"MMS"},{"$i":"attached-files-too-large","$v":{"zero":["The files you have selected exceed the ",{"t":"idOrVar","v":"mmsSize"}," KB size limit of a single multimedia message."],"one":["The file you have selected exceeds the ",{"t":"idOrVar","v":"mmsSize"}," KB size limit of a single multimedia message."],"two":["The files you have selected exceed the ",{"t":"idOrVar","v":"mmsSize"}," KB size limit of a single multimedia message."],"few":["The files you have selected exceed the ",{"t":"idOrVar","v":"mmsSize"}," KB size limit of a single multimedia message."],"many":["The files you have selected exceed the ",{"t":"idOrVar","v":"mmsSize"}," KB size limit of a single multimedia message."],"other":["The files you have selected exceed the ",{"t":"idOrVar","v":"mmsSize"}," KB size limit of a single multimedia message."]},"$x":[{"t":"idOrVar","v":"plural"},"n"]},{"$i":"resize-image","$v":"Pensaizan semula imej kepilan"},{"$i":"no-attachment-text","$v":"Terdapat masalah dengan fail yang dikepilkan dan ianya tidak dapat dimuat turun."},{"$i":"message-draft-saved","$v":"Mesej disimpan sebagai draf"},{"$i":"sim-id-label","$v":["SIM ",{"t":"idOrVar","v":"id"}]},{"$i":"sim-detail","$v":["SIM ",{"t":"idOrVar","v":"id"},", ",{"t":"idOrVar","v":"detailString"}]},{"$i":"dsds-notification-title-with-sim","$v":["(",{"t":"idOrVar","v":"sim"},") ",{"t":"idOrVar","v":"sender"}]},{"$i":"send-button","ariaLabel":"Send"},{"$i":"send-button-sim-indication","$v":[{"t":"idOrVar","v":"n"}],"ariaLabel":["menggunakan SIM ",{"t":"idOrVar","v":"n"}]},{"$i":"expiry-date-format","$v":"%A, %b %e"},{"$i":"attach-button","ariaLabel":"Tambah lampiran"},{"$i":"contact-photo","ariaLabel":"Foto Kenalan"},{"$i":"unread-thread","ariaLabel":"Belum Baca"},{"$i":"has-draft","ariaLabel":"Telah didraf"},{"$i":"is-draft","ariaLabel":"Draf"},{"$i":"message-delivery-status-sending","$v":"Menghantar..."},{"$i":"message-delivery-status-delivered","ariaLabel":"Dihantar"},{"$i":"message-delivery-status-read","ariaLabel":"Baca"},{"$i":"message-delivery-status-error","ariaLabel":"Ralat"},{"$i":"modal-dialog-ok-button","$v":"OK"},{"$i":"modal-dialog-cancel-button","$v":"Cancel"},{"$i":"modal-dialog-default-title","$v":"Messages"},{"$i":"weekday-0-long","$v":"Ahad"},{"$i":"weekday-1-long","$v":"Isnin"},{"$i":"weekday-2-long","$v":"Selasa"},{"$i":"weekday-3-long","$v":"Rabu"},{"$i":"weekday-4-long","$v":"Khamis"},{"$i":"weekday-5-long","$v":"Jumaat"},{"$i":"weekday-6-long","$v":"Sabtu"},{"$i":"weekday-0-short","$v":"Ahad"},{"$i":"weekday-1-short","$v":"Isnin"},{"$i":"weekday-2-short","$v":"Selasa"},{"$i":"weekday-3-short","$v":"Rabu"},{"$i":"weekday-4-short","$v":"Khamis"},{"$i":"weekday-5-short","$v":"Jumaat"},{"$i":"weekday-6-short","$v":"Sabtu"},{"$i":"month-0-long","$v":"Januari"},{"$i":"month-1-long","$v":"Februari"},{"$i":"month-2-long","$v":"Mac"},{"$i":"month-3-long","$v":"April"},{"$i":"month-4-long","$v":"Mei"},{"$i":"month-5-long","$v":"Jun"},{"$i":"month-6-long","$v":"Julai"},{"$i":"month-7-long","$v":"Ogos"},{"$i":"month-8-long","$v":"September"},{"$i":"month-9-long","$v":"Oktober"},{"$i":"month-10-long","$v":"November"},{"$i":"month-11-long","$v":"Disember"},{"$i":"month-0-genitive","$v":"Januari"},{"$i":"month-1-genitive","$v":"Februari"},{"$i":"month-2-genitive","$v":"Mac"},{"$i":"month-3-genitive","$v":"April"},{"$i":"month-4-genitive","$v":"Mei"},{"$i":"month-5-genitive","$v":"Jun"},{"$i":"month-6-genitive","$v":"Julai"},{"$i":"month-7-genitive","$v":"Ogos"},{"$i":"month-8-genitive","$v":"September"},{"$i":"month-9-genitive","$v":"Oktober"},{"$i":"month-10-genitive","$v":"November"},{"$i":"month-11-genitive","$v":"Disember"},{"$i":"month-0-short","$v":"Jan"},{"$i":"month-1-short","$v":"Feb"},{"$i":"month-2-short","$v":"Mac"},{"$i":"month-3-short","$v":"Apr"},{"$i":"month-4-short","$v":"Mei"},{"$i":"month-5-short","$v":"Jun"},{"$i":"month-6-short","$v":"Jul"},{"$i":"month-7-short","$v":"Ogos"},{"$i":"month-8-short","$v":"Sep"},{"$i":"month-9-short","$v":"Okt"},{"$i":"month-10-short","$v":"Nov"},{"$i":"month-11-short","$v":"Dis"},{"$i":"minutes-ago-long","$v":{"zero":"sebentar tadi","one":"satu minit lalu","two":[{"t":"idOrVar","v":"value"}," minit lalu"],"few":[{"t":"idOrVar","v":"value"}," minit lalu"],"many":[{"t":"idOrVar","v":"value"}," minit lalu"],"other":[{"t":"idOrVar","v":"value"}," minit lalu"]},"$x":[{"t":"idOrVar","v":"plural"},"value"]},{"$i":"hours-ago-long","$v":{"zero":"sebentar tadi","one":"sejam yang lalu","two":[{"t":"idOrVar","v":"value"}," jam lalu"],"few":[{"t":"idOrVar","v":"value"}," jam lalu"],"many":[{"t":"idOrVar","v":"value"}," jam lalu"],"other":[{"t":"idOrVar","v":"value"}," jam lalu"]},"$x":[{"t":"idOrVar","v":"plural"},"value"]},{"$i":"days-ago-long","$v":{"zero":"hari ini","one":"semalam","two":[{"t":"idOrVar","v":"value"}," hari lalu"],"few":[{"t":"idOrVar","v":"value"}," hari lalu"],"many":[{"t":"idOrVar","v":"value"}," hari lalu"],"other":[{"t":"idOrVar","v":"value"}," hari lalu"]},"$x":[{"t":"idOrVar","v":"plural"},"value"]},{"$i":"weeks-ago-long","$v":{"zero":"minggu ini","one":"minggu lalu","two":[{"t":"idOrVar","v":"value"}," minggu lalu"],"few":[{"t":"idOrVar","v":"value"}," minggu lalu"],"many":[{"t":"idOrVar","v":"value"}," minggu lalu"],"other":[{"t":"idOrVar","v":"value"}," minggu lalu"]},"$x":[{"t":"idOrVar","v":"plural"},"value"]},{"$i":"months-ago-long","$v":{"zero":"bulan ini","one":"bulan lalu","two":[{"t":"idOrVar","v":"value"}," bulan lalu"],"few":[{"t":"idOrVar","v":"value"}," bulan lalu"],"many":[{"t":"idOrVar","v":"value"}," minit lalu"],"other":[{"t":"idOrVar","v":"value"}," minit lalu"]},"$x":[{"t":"idOrVar","v":"plural"},"value"]},{"$i":"years-ago-long","$v":{"zero":"tahun ini","one":"tahun lalu","two":[{"t":"idOrVar","v":"value"}," tahun lalu"],"few":[{"t":"idOrVar","v":"value"}," tahun lalu"],"many":[{"t":"idOrVar","v":"value"}," tahun lalu"],"other":[{"t":"idOrVar","v":"value"}," tahun lalu"]},"$x":[{"t":"idOrVar","v":"plural"},"value"]},{"$i":"minutes-until-long","$v":{"zero":"sekarang","one":"dalam satu minit","two":["dalam ",{"t":"idOrVar","v":"value"}," minit"],"few":["dalam ",{"t":"idOrVar","v":"value"}," minit"],"many":["dalam ",{"t":"idOrVar","v":"value"}," minit"],"other":["dalam ",{"t":"idOrVar","v":"value"}," minit"]},"$x":[{"t":"idOrVar","v":"plural"},"value"]},{"$i":"hours-until-long","$v":{"zero":"sekarang","one":"dalam satu jam","two":["dalam ",{"t":"idOrVar","v":"value"}," jam"],"few":["dalam ",{"t":"idOrVar","v":"value"}," jam"],"many":["dalam ",{"t":"idOrVar","v":"value"}," jam"],"other":["dalam ",{"t":"idOrVar","v":"value"}," jam"]},"$x":[{"t":"idOrVar","v":"plural"},"value"]},{"$i":"days-until-long","$v":{"zero":"hari ini","one":"esok","two":["dalam ",{"t":"idOrVar","v":"value"}," hari"],"few":["dalam ",{"t":"idOrVar","v":"value"}," hari"],"many":["dalam ",{"t":"idOrVar","v":"value"}," hari"],"other":["dalam ",{"t":"idOrVar","v":"value"}," hari"]},"$x":[{"t":"idOrVar","v":"plural"},"value"]},{"$i":"weeks-until-long","$v":{"zero":"minggu ini","one":"minggu depan","two":["dalam ",{"t":"idOrVar","v":"value"}," minggu"],"few":["dalam ",{"t":"idOrVar","v":"value"}," minggu"],"many":["dalam ",{"t":"idOrVar","v":"value"}," minggu"],"other":["dalam ",{"t":"idOrVar","v":"value"}," minggu"]},"$x":[{"t":"idOrVar","v":"plural"},"value"]},{"$i":"months-until-long","$v":{"zero":"bulan ini","one":"bulan depan","two":["dalam ",{"t":"idOrVar","v":"value"}," bulan"],"few":["dalam ",{"t":"idOrVar","v":"value"}," bulan"],"many":["dalam ",{"t":"idOrVar","v":"value"}," bulan"],"other":["dalam ",{"t":"idOrVar","v":"value"}," bulan"]},"$x":[{"t":"idOrVar","v":"plural"},"value"]},{"$i":"years-until-long","$v":{"zero":"tahun ini","one":"tahun depan","two":["dalam ",{"t":"idOrVar","v":"value"}," tahun"],"few":["dalam ",{"t":"idOrVar","v":"value"}," tahun"],"many":["dalam ",{"t":"idOrVar","v":"value"}," tahun"],"other":["dalam ",{"t":"idOrVar","v":"value"}," tahun"]},"$x":[{"t":"idOrVar","v":"plural"},"value"]},{"$i":"minutes-ago-short","$v":{"zero":"sebentar tadi","other":[{"t":"idOrVar","v":"value"}," minit lalu"]},"$x":[{"t":"idOrVar","v":"plural"},"value"]},{"$i":"hours-ago-short","$v":{"zero":"sebentar tadi","other":[{"t":"idOrVar","v":"value"}," jam lalu"]},"$x":[{"t":"idOrVar","v":"plural"},"value"]},{"$i":"days-ago-short","$v":{"zero":"hari ini","other":[{"t":"idOrVar","v":"value"}," hari lalu"]},"$x":[{"t":"idOrVar","v":"plural"},"value"]},{"$i":"minutes-until-short","$v":{"zero":"sekarang","other":["dalam ",{"t":"idOrVar","v":"value"}," minit"]},"$x":[{"t":"idOrVar","v":"plural"},"value"]},{"$i":"hours-until-short","$v":{"zero":"sekarang","other":["dalam ",{"t":"idOrVar","v":"value"}," jam"]},"$x":[{"t":"idOrVar","v":"plural"},"value"]},{"$i":"days-until-short","$v":{"zero":"hari ini","other":["dalam ",{"t":"idOrVar","v":"value"}," hari"]},"$x":[{"t":"idOrVar","v":"plural"},"value"]},{"$i":"dateTimeFormat_%c","$v":"%a %b %e %Y %I:%M:%S %p"},{"$i":"dateTimeFormat_%x","$v":"%m/%d/%Y"},{"$i":"dateTimeFormat_%X","$v":"%I:%M:%S %p"},{"$i":"shortTimeFormat","$v":"%I:%M %p"},{"$i":"shortTimeFormat12","$v":"%I:%M %p"},{"$i":"shortTimeFormat24","$v":"%H:%M"},{"$i":"shortDateTimeFormat","$v":"%x %I:%M %p"},{"$i":"weekStartsOnMonday","$v":"0"},{"$i":"firstDayOfTheWeek","$v":"0"},{"$i":"time_am","$v":"PG"},{"$i":"time_pm","$v":"PTG"},{"$i":"gaia-menu-cancel","$v":"Batal"},{"$i":"gaia-sim-picker-dial-via-with-number","$v":["Dial ",{"t":"idOrVar","v":"phoneNumber"}," via"]},{"$i":"gaia-sim-picker-select-sim","$v":"Select SIM"},{"$i":"gaia-sim-picker-button","$v":["SIM",{"t":"idOrVar","v":"n"}]},{"$i":"gaia-sim-picker-button-default","$v":"(default)"}]