[{"$i":"messages","$v":"सन्देशहरू"},{"$i":"deleteMessages-title","$v":"सन्देशहरु मेटाउनुहोस्"},{"$i":"selectThreads-title","$v":"चयन गर्नुहोस्"},{"$i":"edit","$v":"सम्पादन गर्नुहोस्"},{"$i":"back","$v":"पछाडि"},{"$i":"cancel","$v":"रद्द गर्नुहोस्"},{"$i":"undo","$v":"पूर्वस्थितिमा फर्काउनुहोस्"},{"$i":"done","$v":"भयो"},{"$i":"delete","$v":"मेट्नुहोस्"},{"$i":"delete-thread","$v":"Delete thread"},{"$i":"mark-as-read","$v":"Mark as read"},{"$i":"mark-as-unread","$v":"Mark as unread"},{"$i":"deleting-messages","$v":"मेट्दैछ..."},{"$i":"select-all","$v":"सबै चयन गर्नुहोस्"},{"$i":"deselect-all","$v":"सबै चयनबाट हटाउनुहोस्"},{"$i":"selected-threads","$v":{"two":[{"t":"idOrVar","v":"n"}," चयन गरिएको"],"few":[{"t":"idOrVar","v":"n"}," चयन गरिएको"],"many":[{"t":"idOrVar","v":"n"}," चयन गरिएको"],"other":[{"t":"idOrVar","v":"n"}," चयन गरिएको"]},"$x":[{"t":"idOrVar","v":"plural"},"n"]},{"$i":"selected-messages","$v":{"zero":"कुनै पनि चयन गरिएको छैन","one":[{"t":"idOrVar","v":"n"}," चयन गरिएको"],"two":[{"t":"idOrVar","v":"n"}," चयन गरिएको"],"few":[{"t":"idOrVar","v":"n"}," चयन गरिएको"]},"$x":[{"t":"idOrVar","v":"plural"},"n"]},{"$i":"selectThreads-label","$v":"Select Threads"},{"$i":"selectMessages-label","$v":"सन्देशहरु छान्नुहोस्"},{"$i":"settings","$v":"व्यवस्थापन"},{"$i":"add-subject","$v":"विषय थप्नुहोस्"},{"$i":"remove-subject","$v":"विषय हटाउनुहोस्"},{"$i":"to","$v":"लागि:"},{"$i":"new","$v":"नयाँ"},{"$i":"message","$v":"सन्देश"},{"$i":"messagesInput_placeholder","$v":"सन्देश"},{"$i":"messagesSubjectInput_placeholder","$v":"विषय"},{"$i":"converted-to-mms","$v":"मल्टिमिडिया सन्देशमा रूपान्तरण गरिदै।"},{"$i":"converted-to-sms","$v":"पाठ सन्देशमा रूपान्तरण गरिदै।"},{"$i":"messages-max-length-text","$v":"तपाईं अधिकतम लम्बाइमा पुग्नुभएको छ।"},{"$i":"messages-max-subject-length-text","$v":"विषयको अधिकतम लम्बाइमा पुगीएको छ ।"},{"$i":"multimedia-message-exceeded-max-length","$v":["You’ve exceeded the ",{"t":"idOrVar","v":"mmsSize"}," KB size limit of a single multimedia message. Remove attachments or shorten the message to send it."]},{"$i":"newMessage","$v":"नयाँ सन्देश"},{"$i":"sendMessage","$v":"सन्देश पठाउनुहोस्"},{"$i":"sendMMSToEmail","$v":"Send multimedia message"},{"$i":"no-recipient","$v":"(No recipient)"},{"$i":"recipient","$v":{"one":[{"t":"idOrVar","v":"n"}," प्रापक"],"two":[{"t":"idOrVar","v":"n"}," प्रापकहरु"],"few":[{"t":"idOrVar","v":"n"}," प्रापकहरु"],"many":[{"t":"idOrVar","v":"n"}," प्रापकहरु"],"other":[{"t":"idOrVar","v":"n"}," प्रापकहरु"]},"$x":[{"t":"idOrVar","v":"plural"},"n"]},{"$i":"attachmentSizeB","$v":[{"t":"idOrVar","v":"n"}," B"]},{"$i":"attachmentSizeKB","$v":[{"t":"idOrVar","v":"n"}," KB"]},{"$i":"attachmentSizeMB","$v":[{"t":"idOrVar","v":"n"}," MB"]},{"$i":"attachmentOpenError","$v":"यो फाइल प्रकार खोल्नका लागि कुनै पनि एप्लिकेसन उपलब्ध छैन।"},{"$i":"remove","$v":"हटाउनुहोस्"},{"$i":"participant","$v":{"one":[{"t":"idOrVar","v":"n"}," सहभागी"],"two":[{"t":"idOrVar","v":"n"}," सहभागीहरु"],"few":[{"t":"idOrVar","v":"n"}," सहभागीहरु"],"many":[{"t":"idOrVar","v":"n"}," सहभागीहरु"],"other":[{"t":"idOrVar","v":"n"}," सहभागीहरु"]},"$x":[{"t":"idOrVar","v":"plural"},"n"]},{"$i":"message-report","$v":"सन्देश प्रतिवेदन"},{"$i":"message-type-sms","$v":"पाठ सन्देश (SMS)"},{"$i":"message-type-mms","$v":"मल्टि मिडिया सन्देश (MMS)"},{"$i":"sms-report-description","$v":["तपाईंको पाठ सन्देश (एस् एम् एस्), ",{"t":"idOrVar","v":"datetime"}," मा पठाइएको थियो"]},{"$i":"mms-report-description","$v":["तपाईंको मल्टिमिडिया सन्देश (एम् एम् एस्), विषय ",{"t":"idOrVar","v":"subject"},", ",{"t":"idOrVar","v":"datetime"}," मा पठाइएको थियो"]},{"$i":"mms-no-subject-report-description","$v":["तपाईंको मल्टिमिडिया सन्देश (एम् एम् एस्), ",{"t":"idOrVar","v":"datetime"}," मा पठाइएको थियो"]},{"$i":"message-subject","$v":"विषय:"},{"$i":"report-status-error","$v":"शन्देश पठाउन सकिएन"},{"$i":"report-status-not-downloaded","$v":"डाउनलोड गरिएको छैन"},{"$i":"report-status-delivered","$v":"हस्तान्तण गरिएको:"},{"$i":"report-status-read","$v":"पढ्नुहोस्:"},{"$i":"report-status-pending","$v":"Report requested"},{"$i":"report-status-rejected","$v":"Message rejected"},{"$i":"message-size-was","$v":"सन्देश साइज:"},{"$i":"report-dateTimeFormat12","$v":["%e %B %Y, ",{"t":"idOrVar","v":"shortTimeFormat12"}]},{"$i":"report-dateTimeFormat24","$v":["%e %B %Y, ",{"t":"idOrVar","v":"shortTimeFormat24"}]},{"$i":"report-to-title","$v":"लाई"},{"$i":"report-from-title","$v":"बाट"},{"$i":"message-sent","$v":"पठाइएको:"},{"$i":"message-sending","$v":[{"t":"idOrVar","v":"message-delivery-status-sending"}]},{"$i":"message-received","$v":"प्राप्त भयो:"},{"$i":"message-via","$v":"बाट:"},{"$i":"message-resend","$v":"Resend"},{"$i":"search","$v":"खोजी"},{"$i":"unknown-contact-title","$v":"अज्ञात सम्पर्क"},{"$i":"phone-type-separator","$v":", "},{"$i":"phone-carrier-separator","$v":" "},{"$i":"thread-participant-separator","$v":", "},{"$i":"replace-draft","$v":"अवस्थित प्रारूप प्रतिस्थापन गर्नुहोस्"},{"$i":"save-as-draft","$v":"प्रारूपको रूपमा बचत गर्नुहोस्"},{"$i":"discard-message","$v":"छोड्नुहोस्"},{"$i":"discard-sms","$v":"के तपाइँ यो सन्देश मेटाउने कुरामा निश्चित हुनुहुन्छ?"},{"$i":"discard-new-message","$v":"तपाईंले रचना गरिराख्नु भएको सन्देश छोडेर नँया सन्देश खोल्न चाहनुहुन्छ ?  "},{"$i":"resend-confirmation","$v":"यो सन्देश पठउन सकिएन। पुन: प्रयास गर्नुहुन्छ?"},{"$i":"resend-message","$v":"यो सन्देश पुन: पठाउनुहोस्"},{"$i":"deleteMessage-confirmation","$v":"Delete selected message?"},{"$i":"deleteMessages-confirmation-message","$v":{"zero":"Please select messages to be deleted.","one":"Delete selected message?","two":["Delete ",{"t":"idOrVar","v":"n"}," selected messages?"],"few":["Delete ",{"t":"idOrVar","v":"n"}," selected messages?"],"many":["Delete ",{"t":"idOrVar","v":"n"}," selected messages?"],"other":["Delete ",{"t":"idOrVar","v":"n"}," selected messages?"]},"$x":[{"t":"idOrVar","v":"plural"},"n"]},{"$i":"deleteThreads-confirmation-message","$v":{"zero":"Please select message threads to be deleted.","one":"Delete selected message thread?","two":["Delete ",{"t":"idOrVar","v":"n"}," selected message threads?"],"few":["Delete ",{"t":"idOrVar","v":"n"}," selected message threads?"],"many":["Delete ",{"t":"idOrVar","v":"n"}," selected message threads?"],"other":["Delete ",{"t":"idOrVar","v":"n"}," selected message threads?"]},"$x":[{"t":"idOrVar","v":"plural"},"n"]},{"$i":"new-message-notice-text","$v":"बाट नयाँ सन्देश"},{"$i":"new-message-notice-a-text","$v":"पढ्नुहोस्"},{"$i":"noMessages-title","$v":"सन्देशहरु छैनन्"},{"$i":"noMessages-text","$v":"अब संवाद सुरु गर्नुहोस्"},{"$i":"sendDefaultErrorTitle","$v":"सन्देश पठाइएन"},{"$i":"sendDefaultErrorBody","$v":"There was a problem sending the message. Please try again."},{"$i":"sendDefaultErrorBtnOk","$v":"ठिक छ"},{"$i":"sendMissingSimCardTitle","$v":"सिम कार्ड हराइरहेको"},{"$i":"sendMissingSimCardBody","$v":"जरी राख्नका लागि बैधनिक सिम कार्ड घुसाउनुहोस्"},{"$i":"sendMissingSimCardBtnOk","$v":"ठिक छ"},{"$i":"sendFlightModeTitle","$v":"उडान शैली सक्रिय पारियो"},{"$i":"sendFlightModeBody","$v":"सन्देश पठाउनको लागि उडान शैली बन्द गर्नुहोस्।"},{"$i":"sendFlightModeBtnOk","$v":"ठिक छ"},{"$i":"radioDisabledToDownloadTitle","$v":[{"t":"idOrVar","v":"sendFlightModeTitle"}]},{"$i":"radioDisabledToDownloadBody","$v":"Turn off airplane mode to download attachments."},{"$i":"radioDisabledToDownloadBtnOk","$v":[{"t":"idOrVar","v":"sendFlightModeBtnOk"}]},{"$i":"fdnBlocked2Title","$v":"एफ् डि एन् सक्रिय भएको छ"},{"$i":"sms-counter-notice-label","$v":["Editing SMS ",{"t":"idOrVar","v":"number"}]},{"$i":"fdnBlocked2Body","innerHTML":"{[ plural(n) ]}"},{"$i":"fdnBlocked2BtnOk","$v":"ठिक छ"},{"$i":"switchSimToRetrieveTitle","$v":"स्विच डाटा जडान गर्नुहोस्"},{"$i":"switchSimToRetrieveBody","$v":["Switch the data connection to SIM ",{"t":"idOrVar","v":"nonActiveSimId"}," to retrieve the MMS. The current data transfer on SIM ",{"t":"idOrVar","v":"activeSimId"}," will be suspended. Continue anyway?"]},{"$i":"switchSimToRetrieveBtnOk","$v":"पछि"},{"$i":"switchSimToRetrieveConfirm","$v":"ठिक छ"},{"$i":"switchSimToSendTitle","$v":[{"t":"idOrVar","v":"switchSimToRetrieveTitle"}]},{"$i":"switchSimToSendBody","$v":["Switch the data connection to SIM ",{"t":"idOrVar","v":"nonActiveSimId"}," to send the MMS. The current data transfer on SIM ",{"t":"idOrVar","v":"activeSimId"}," will be suspended. Continue anyway?"]},{"$i":"switchSimToSendBtnOk","$v":[{"t":"idOrVar","v":"switchSimToRetrieveBtnOk"}]},{"$i":"switchSimToSendConfirm","$v":[{"t":"idOrVar","v":"switchSimToRetrieveConfirm"}]},{"$i":"sendNoSignalErrorTitle","$v":"सञ्जालको कवरेज छैन"},{"$i":"sendNoSignalErrorBody","$v":"तपाईंको मोबाइलमा सिग्नल भएको पक्का गरि पुन प्रयास गर्नुहोला ।"},{"$i":"sendNoSignalErrorBtnOk","$v":"ठिक छ"},{"$i":"sendNotFoundErrorTitle","$v":"सन्देश भेटिएन"},{"$i":"sendNotFoundErrorBody","$v":"तपाईँले खोजिरहनु भएको सन्देश अब उपलब्ध छैन ।"},{"$i":"sendNotFoundErrorBtnOk","$v":"ठिक छ"},{"$i":"sendInvalidAddressErrorTitle","$v":"अवैध सन्ख्या"},{"$i":"sendInvalidAddressErrorBody","$v":"तपाईले पठाउँदै गर्नुभएको मोबाइल नम्बर मान्य छ भन्ने पक्का गर्नुहोस् ।"},{"$i":"sendInvalidAddressErrorBtnOk","$v":"ठिक छ"},{"$i":"simNotMatchedErrorTitle","$v":"Unable to download"},{"$i":"simNotMatchedErrorBody","$v":"Please make sure the SIM card inserted is the one used to receive this message."},{"$i":"simNotMatchedErrorBtnOk","$v":"ठिक छ"},{"$i":"deleted-sms","$v":"यस सन्देश पहिल्यै नै मेटाइएको छ।"},{"$i":"view-attachment-image","$v":"दृश्य"},{"$i":"view-attachment-audio","$v":"सुन्नुहोस"},{"$i":"view-attachment-video","$v":"दृश्य"},{"$i":"view-attachment-other","$v":"दृश्य"},{"$i":"remove-attachment-image","$v":"छवि हटाउनुहोस्"},{"$i":"remove-attachment-audio","$v":"अडियो हटाउनुहोस्"},{"$i":"remove-attachment-video","$v":"भिडियो हटाउनुहोस्"},{"$i":"remove-attachment-other","$v":"संलग्न फाइल हटाउनुहोस्"},{"$i":"replace-attachment-image","$v":"छवि बदल्नुहोस्"},{"$i":"replace-attachment-audio","$v":"अडियो बदल्नुहोस्"},{"$i":"replace-attachment-video","$v":"भिडियो बदल्नुहोस्"},{"$i":"replace-attachment-other","$v":"संलग्न फाइल बदल्नुहोस्"},{"$i":"unsent-message-title","$v":"नपठाइएको सन्देश"},{"$i":"unsent-message-text","$v":"Your previous message was not sent. Do you want to discard the unsent message and continue?"},{"$i":"unsent-message-option-edit","$v":"सम्पादन"},{"$i":"unsent-message-option-discard","$v":"छोड्नुहोस्"},{"$i":"message-options","$v":"खबर विकल्पहरु"},{"$i":"thread-options","$v":"Thread options"},{"$i":"forward","$v":"अगाडि"},{"$i":"view-message-report","$v":"सन्देश दृश्य प्रतिवेदन"},{"$i":"select-text","$v":"Select text"},{"$i":"mobile","$v":"मोबाइल"},{"$i":"home","$v":"गृह"},{"$i":"work","$v":"काम"},{"$i":"personal","$v":"व्यक्तिगत"},{"$i":"faxHome","$v":"गृह फ्याक्स"},{"$i":"faxOffice","$v":"कार्यालय फ्याक्स"},{"$i":"faxOther","$v":"फ्याक्स अन्य"},{"$i":"another","$v":"अरु कुनै"},{"$i":"other","$v":"अन्य"},{"$i":"today","$v":"आज"},{"$i":"yesterday","$v":"हिजो"},{"$i":"incorrectDate","$v":"(गलत मिति)"},{"$i":"addToExistingContact","$v":"अवस्थित सम्पर्कमा थप्नुहोस्"},{"$i":"createNewContact","$v":"नयाँ सम्पर्क सिर्जना गर्नुहोस्"},{"$i":"viewContact","$v":"सम्पर्क हेर्नुहोस्"},{"$i":"call","$v":"कल"},{"$i":"sendEmail","$v":"इमेल पठाउनुहोस्"},{"$i":"mms-message","$v":"MMS सन्देश"},{"$i":"notDownloaded-title","$v":"सन्देश अझै डाउनलोड भएेको छैन।"},{"$i":"tobedownloaded-attachment","$v":["You received a multimedia message. You can use the link below to download its content until ",{"t":"idOrVar","v":"date"},"."]},{"$i":"expired-attachment","$v":["Sorry, the message expired on ",{"t":"idOrVar","v":"date"}," and cannot be downloaded."]},{"$i":"download-attachment","$v":"डाउनलोड"},{"$i":"downloading-attachment","$v":"डाउनलोड हुँदैछ"},{"$i":"unnamed-attachment","$v":"शीर्षक विहिन"},{"$i":"mms-label","$v":"MMS"},{"$i":"attached-files-too-large","$v":{"zero":["The files you have selected exceed the ",{"t":"idOrVar","v":"mmsSize"}," KB size limit of a single multimedia message."],"one":["The file you have selected exceeds the ",{"t":"idOrVar","v":"mmsSize"}," KB size limit of a single multimedia message."],"two":["The files you have selected exceed the ",{"t":"idOrVar","v":"mmsSize"}," KB size limit of a single multimedia message."],"few":["The files you have selected exceed the ",{"t":"idOrVar","v":"mmsSize"}," KB size limit of a single multimedia message."],"many":["The files you have selected exceed the ",{"t":"idOrVar","v":"mmsSize"}," KB size limit of a single multimedia message."],"other":["The files you have selected exceed the ",{"t":"idOrVar","v":"mmsSize"}," KB size limit of a single multimedia message."]},"$x":[{"t":"idOrVar","v":"plural"},"n"]},{"$i":"resize-image","$v":"संलग्न छवि रिसाइज गरिदै"},{"$i":"no-attachment-text","$v":"संलग्न फाइलसँग समस्याहरू भएकाले डाउनलोड गर्न सकिएन।"},{"$i":"message-draft-saved","$v":"सन्देश ड्राफ्टमा जोगाईयो"},{"$i":"sim-id-label","$v":["SIM ",{"t":"idOrVar","v":"id"}]},{"$i":"sim-detail","$v":["SIM ",{"t":"idOrVar","v":"id"},", ",{"t":"idOrVar","v":"detailString"}]},{"$i":"dsds-notification-title-with-sim","$v":["(",{"t":"idOrVar","v":"sim"},") ",{"t":"idOrVar","v":"sender"}]},{"$i":"send-button","ariaLabel":"Send"},{"$i":"send-button-sim-indication","$v":[{"t":"idOrVar","v":"n"}],"ariaLabel":["using SIM ",{"t":"idOrVar","v":"n"}]},{"$i":"expiry-date-format","$v":"%A, %b %e"},{"$i":"attach-button","ariaLabel":"संलग्न फाइल थप्नुहोस्"},{"$i":"contact-photo","ariaLabel":"सम्पर्क फोटो"},{"$i":"unread-thread","ariaLabel":"नपढिएको"},{"$i":"has-draft","ariaLabel":"ड्रफ्ट छ"},{"$i":"is-draft","ariaLabel":"ड्राफ्ट"},{"$i":"message-delivery-status-sending","$v":"पठाउँदै…"},{"$i":"message-delivery-status-delivered","ariaLabel":"हस्तान्तरित"},{"$i":"message-delivery-status-read","ariaLabel":"पढ्नुहोस्:"},{"$i":"message-delivery-status-error","ariaLabel":"त्रुटि"},{"$i":"modal-dialog-ok-button","$v":"OK"},{"$i":"modal-dialog-cancel-button","$v":"Cancel"},{"$i":"modal-dialog-default-title","$v":"Messages"},{"$i":"weekday-0-long","$v":"आइतबार"},{"$i":"weekday-1-long","$v":"सोमबार"},{"$i":"weekday-2-long","$v":"मंगलबार"},{"$i":"weekday-3-long","$v":"बुधबार"},{"$i":"weekday-4-long","$v":"बिहिबार"},{"$i":"weekday-5-long","$v":"शुक्रबार"},{"$i":"weekday-6-long","$v":"शनिबार"},{"$i":"weekday-0-short","$v":"आइत"},{"$i":"weekday-1-short","$v":"सोम"},{"$i":"weekday-2-short","$v":"मङ्गल"},{"$i":"weekday-3-short","$v":"बुध"},{"$i":"weekday-4-short","$v":"बिहि"},{"$i":"weekday-5-short","$v":"शुक्र"},{"$i":"weekday-6-short","$v":"शनि"},{"$i":"month-0-long","$v":"जनवरी"},{"$i":"month-1-long","$v":"फेब्रुअरी"},{"$i":"month-2-long","$v":"ंमार्च"},{"$i":"month-3-long","$v":"अप्रिल"},{"$i":"month-4-long","$v":"मे"},{"$i":"month-5-long","$v":"जुन"},{"$i":"month-6-long","$v":"जुलाई"},{"$i":"month-7-long","$v":"अगस्ट"},{"$i":"month-8-long","$v":"सेप्टेम्बर"},{"$i":"month-9-long","$v":"अक्टोबर"},{"$i":"month-10-long","$v":"नोभेम्बर"},{"$i":"month-11-long","$v":"डिसेम्बर"},{"$i":"month-0-genitive","$v":"जनवरी"},{"$i":"month-1-genitive","$v":"फेब्रुअरी"},{"$i":"month-2-genitive","$v":"ंमार्च"},{"$i":"month-3-genitive","$v":"अप्रिल"},{"$i":"month-4-genitive","$v":"मे"},{"$i":"month-5-genitive","$v":"जुन"},{"$i":"month-6-genitive","$v":"जुलाई"},{"$i":"month-7-genitive","$v":"अगस्ट"},{"$i":"month-8-genitive","$v":"सेप्टेम्बर"},{"$i":"month-9-genitive","$v":"अक्टोबर"},{"$i":"month-10-genitive","$v":"नोभेम्बर"},{"$i":"month-11-genitive","$v":"डिसेम्बर"},{"$i":"month-0-short","$v":"जन"},{"$i":"month-1-short","$v":"फेब"},{"$i":"month-2-short","$v":"मार्च"},{"$i":"month-3-short","$v":"अप्रिल"},{"$i":"month-4-short","$v":"मे"},{"$i":"month-5-short","$v":"जुन"},{"$i":"month-6-short","$v":"जुलाई"},{"$i":"month-7-short","$v":"अगस्ट"},{"$i":"month-8-short","$v":"सेप्टेम्वर"},{"$i":"month-9-short","$v":"अक्टुवर"},{"$i":"month-10-short","$v":"नोभेम्वर"},{"$i":"month-11-short","$v":"डिसेम्वर"},{"$i":"minutes-ago-long","$v":{"zero":"भर्खरै","one":"एक मिनेट अगाडि","two":[{"t":"idOrVar","v":"value"}," मिनेट अगाडि"],"few":[{"t":"idOrVar","v":"value"}," मिनेट अगाडि"],"many":[{"t":"idOrVar","v":"value"}," मिनेट अगाडि"],"other":[{"t":"idOrVar","v":"value"}," मिनेट अगाडि"]},"$x":[{"t":"idOrVar","v":"plural"},"value"]},{"$i":"hours-ago-long","$v":{"zero":"भर्खरै","one":"एक घन्टा अगाडि","two":[{"t":"idOrVar","v":"value"}," घण्टा अगाडि"],"few":[{"t":"idOrVar","v":"value"}," घण्टा अगाडि"],"many":[{"t":"idOrVar","v":"value"}," घण्टा अगाडि"],"other":[{"t":"idOrVar","v":"value"}," घण्टा अगाडि"]},"$x":[{"t":"idOrVar","v":"plural"},"value"]},{"$i":"days-ago-long","$v":{"zero":"आज","one":"हिजो","two":[{"t":"idOrVar","v":"value"}," दिन अगाडि"],"few":[{"t":"idOrVar","v":"value"}," दिन अगाडि"],"many":[{"t":"idOrVar","v":"value"}," दिन अगाडि"],"other":[{"t":"idOrVar","v":"value"}," दिन अगाडि"]},"$x":[{"t":"idOrVar","v":"plural"},"value"]},{"$i":"weeks-ago-long","$v":{"zero":"यो हप्ता","one":"गएको हप्ता","two":[{"t":"idOrVar","v":"value"}," हप्ता अगाडि"],"few":[{"t":"idOrVar","v":"value"}," हप्ता अगाडि"],"many":[{"t":"idOrVar","v":"value"}," हप्ता अगाडि"],"other":[{"t":"idOrVar","v":"value"}," हप्ता अगाडि"]},"$x":[{"t":"idOrVar","v":"plural"},"value"]},{"$i":"months-ago-long","$v":{"zero":"यो महिना","one":"गएको महिना","two":[{"t":"idOrVar","v":"value"}," महिना अगाडि"],"few":[{"t":"idOrVar","v":"value"}," महिना अगाडि"],"many":[{"t":"idOrVar","v":"value"}," महिना अगाडि"],"other":[{"t":"idOrVar","v":"value"}," महिना अगाडि"]},"$x":[{"t":"idOrVar","v":"plural"},"value"]},{"$i":"years-ago-long","$v":{"zero":"यो वर्ष","one":"अघिल्लो वर्ष","two":[{"t":"idOrVar","v":"value"}," वर्ष अगाडि"],"few":[{"t":"idOrVar","v":"value"}," वर्ष अगाडि"],"many":[{"t":"idOrVar","v":"value"}," वर्ष अगाडि"],"other":[{"t":"idOrVar","v":"value"}," वर्ष अगाडि"]},"$x":[{"t":"idOrVar","v":"plural"},"value"]},{"$i":"minutes-until-long","$v":{"zero":"अहिले","one":"एक मिनेटमा","two":[{"t":"idOrVar","v":"value"}," मिनेटमा"],"few":[{"t":"idOrVar","v":"value"}," मिनेटमा"],"many":[{"t":"idOrVar","v":"value"}," मिनेटमा"],"other":[{"t":"idOrVar","v":"value"}," मिनेटमा"]},"$x":[{"t":"idOrVar","v":"plural"},"value"]},{"$i":"hours-until-long","$v":{"zero":"अहिले","one":"एक घण्टामा","two":[{"t":"idOrVar","v":"value"}," घण्टामा"],"few":[{"t":"idOrVar","v":"value"}," घण्टामा"],"many":[{"t":"idOrVar","v":"value"}," घण्टामा"],"other":[{"t":"idOrVar","v":"value"}," घण्टामा"]},"$x":[{"t":"idOrVar","v":"plural"},"value"]},{"$i":"days-until-long","$v":{"zero":"आज","one":"भोलि","two":[{"t":"idOrVar","v":"value"}," दिनमा"],"few":[{"t":"idOrVar","v":"value"}," दिनमा"],"many":[{"t":"idOrVar","v":"value"}," दिनमा"],"other":[{"t":"idOrVar","v":"value"}," दिनमा"]},"$x":[{"t":"idOrVar","v":"plural"},"value"]},{"$i":"weeks-until-long","$v":{"zero":"यो हप्ता","one":"पछिल्लो हप्ता","two":[{"t":"idOrVar","v":"value"}," हप्तामा"],"few":[{"t":"idOrVar","v":"value"}," हप्तामा"],"many":[{"t":"idOrVar","v":"value"}," हप्तामा"],"other":[{"t":"idOrVar","v":"value"}," हप्तामा"]},"$x":[{"t":"idOrVar","v":"plural"},"value"]},{"$i":"months-until-long","$v":{"zero":"यस महिना","one":"पछिल्लो महिना","two":[{"t":"idOrVar","v":"value"}," महिनामा"],"few":[{"t":"idOrVar","v":"value"}," महिनामा"],"many":[{"t":"idOrVar","v":"value"}," महिनामा"],"other":[{"t":"idOrVar","v":"value"}," महिनामा"]},"$x":[{"t":"idOrVar","v":"plural"},"value"]},{"$i":"years-until-long","$v":{"zero":"यस बर्ष","one":"आर्को बर्ष","two":[{"t":"idOrVar","v":"value"}," बर्षमा"],"few":[{"t":"idOrVar","v":"value"}," बर्षमा"],"many":[{"t":"idOrVar","v":"value"}," वर्षमा"],"other":[{"t":"idOrVar","v":"value"}," वर्षमा"]},"$x":[{"t":"idOrVar","v":"plural"},"value"]},{"$i":"minutes-ago-short","$v":{"zero":"भर्खरै","other":[{"t":"idOrVar","v":"value"},"मिनेट अघि"]},"$x":[{"t":"idOrVar","v":"plural"},"value"]},{"$i":"hours-ago-short","$v":{"zero":"भर्खरै","other":[{"t":"idOrVar","v":"value"},"घण्टा अघि"]},"$x":[{"t":"idOrVar","v":"plural"},"value"]},{"$i":"days-ago-short","$v":{"zero":"आज","other":[{"t":"idOrVar","v":"value"},"दिन अघि"]},"$x":[{"t":"idOrVar","v":"plural"},"value"]},{"$i":"minutes-until-short","$v":{"zero":"अहिले","other":[{"t":"idOrVar","v":"value"},"मिनेटमा"]},"$x":[{"t":"idOrVar","v":"plural"},"value"]},{"$i":"hours-until-short","$v":{"zero":"अहिले","other":[{"t":"idOrVar","v":"value"},"घण्टामा"]},"$x":[{"t":"idOrVar","v":"plural"},"value"]},{"$i":"days-until-short","$v":{"zero":"आज","other":[{"t":"idOrVar","v":"value"},"दिनमा"]},"$x":[{"t":"idOrVar","v":"plural"},"value"]},{"$i":"dateTimeFormat_%c","$v":"%a %b %e %Y %I:%M:%S %p"},{"$i":"dateTimeFormat_%x","$v":"%m/%d/%Y"},{"$i":"dateTimeFormat_%X","$v":"%I:%M:%S %p"},{"$i":"shortTimeFormat","$v":"%I:%M %p"},{"$i":"shortTimeFormat12","$v":"%I:%M %p"},{"$i":"shortTimeFormat24","$v":"%H:%M"},{"$i":"shortDateTimeFormat","$v":"%x %I:%M %p"},{"$i":"weekStartsOnMonday","$v":"0"},{"$i":"firstDayOfTheWeek","$v":"0"},{"$i":"time_am","$v":"ए एम"},{"$i":"time_pm","$v":"पी एम"},{"$i":"gaia-menu-cancel","$v":"रद्द गर्नुहोस्"},{"$i":"gaia-sim-picker-dial-via-with-number","$v":["Dial ",{"t":"idOrVar","v":"phoneNumber"}," via"]},{"$i":"gaia-sim-picker-select-sim","$v":"Select SIM"},{"$i":"gaia-sim-picker-button","$v":["SIM",{"t":"idOrVar","v":"n"}]},{"$i":"gaia-sim-picker-button-default","$v":"(default)"}]