[{"$i":"messages","$v":"Berichten"},{"$i":"deleteMessages-title","$v":"Berichten verwijderen"},{"$i":"selectThreads-title","$v":"Selecteren"},{"$i":"edit","$v":"Bewerken"},{"$i":"back","$v":"Terug"},{"$i":"cancel","$v":"Annuleren"},{"$i":"undo","$v":"Ongedaan maken"},{"$i":"done","$v":"Gereed"},{"$i":"delete","$v":"Verwijderen"},{"$i":"delete-thread","$v":"Delete thread"},{"$i":"mark-as-read","$v":"Mark as read"},{"$i":"mark-as-unread","$v":"Mark as unread"},{"$i":"deleting-messages","$v":"Verwijderen…"},{"$i":"select-all","$v":"Alles selecteren"},{"$i":"deselect-all","$v":"Alles deselecteren"},{"$i":"selected-threads","$v":{"zero":"niets geselecteerd","one":[{"t":"idOrVar","v":"n"}," geselecteerd"],"two":[{"t":"idOrVar","v":"n"}," geselecteerd"],"few":[{"t":"idOrVar","v":"n"}," geselecteerd"],"many":[{"t":"idOrVar","v":"n"}," geselecteerd"],"other":[{"t":"idOrVar","v":"n"}," geselecteerd"]},"$x":[{"t":"idOrVar","v":"plural"},"n"]},{"$i":"selected-messages","$v":{"zero":"niets geselecteerd","one":[{"t":"idOrVar","v":"n"}," geselecteerd"],"two":[{"t":"idOrVar","v":"n"}," geselecteerd"],"few":[{"t":"idOrVar","v":"n"}," geselecteerd"],"many":[{"t":"idOrVar","v":"n"}," geselecteerd"],"other":[{"t":"idOrVar","v":"n"}," geselecteerd"]},"$x":[{"t":"idOrVar","v":"plural"},"n"]},{"$i":"selectThreads-label","$v":"Conversaties selecteren"},{"$i":"selectMessages-label","$v":"Berichten selecteren"},{"$i":"settings","$v":"Instellingen"},{"$i":"add-subject","$v":"Onderwerp toevoegen"},{"$i":"remove-subject","$v":"Onderwerp verwijderen"},{"$i":"to","$v":"Aan:"},{"$i":"new","$v":"Nieuw"},{"$i":"message","$v":"Bericht"},{"$i":"messagesInput_placeholder","$v":"Bericht"},{"$i":"messagesSubjectInput_placeholder","$v":"Onderwerp"},{"$i":"converted-to-mms","$v":"Converteren naar multimediabericht."},{"$i":"converted-to-sms","$v":"Converteren naar tekstbericht."},{"$i":"messages-max-length-text","$v":"U hebt de maximumlengte bereikt."},{"$i":"messages-max-subject-length-text","$v":"Maximumlengte van onderwerp bereikt."},{"$i":"multimedia-message-exceeded-max-length","$v":["U hebt de groottelimiet van ",{"t":"idOrVar","v":"mmsSize"}," KB per multimediabericht overschreden. Verwijder bijlagen of kort het bericht in om het te verzenden."]},{"$i":"newMessage","$v":"Nieuw bericht"},{"$i":"sendMessage","$v":"Bericht verzenden"},{"$i":"sendMMSToEmail","$v":"Multimediabericht verzenden"},{"$i":"no-recipient","$v":"(Geen ontvanger)"},{"$i":"recipient","$v":{"one":[{"t":"idOrVar","v":"n"}," ontvanger"],"two":[{"t":"idOrVar","v":"n"}," ontvangers"],"few":[{"t":"idOrVar","v":"n"}," ontvangers"],"many":[{"t":"idOrVar","v":"n"}," ontvangers"],"other":[{"t":"idOrVar","v":"n"}," ontvangers"]},"$x":[{"t":"idOrVar","v":"plural"},"n"]},{"$i":"attachmentSizeB","$v":[{"t":"idOrVar","v":"n"}," B"]},{"$i":"attachmentSizeKB","$v":[{"t":"idOrVar","v":"n"}," KB"]},{"$i":"attachmentSizeMB","$v":[{"t":"idOrVar","v":"n"}," MB"]},{"$i":"attachmentOpenError","$v":"Er is geen applicatie beschikbaar om dit bestandstype te openen."},{"$i":"remove","$v":"Verwijderen"},{"$i":"participant","$v":{"one":[{"t":"idOrVar","v":"n"}," deelnemer"],"two":[{"t":"idOrVar","v":"n"}," deelnemers"],"few":[{"t":"idOrVar","v":"n"}," deelnemers"],"many":[{"t":"idOrVar","v":"n"}," deelnemers"],"other":[{"t":"idOrVar","v":"n"}," deelnemers"]},"$x":[{"t":"idOrVar","v":"plural"},"n"]},{"$i":"message-report","$v":"Berichtrapport"},{"$i":"message-type-sms","$v":"Tekstbericht (sms)"},{"$i":"message-type-mms","$v":"Multimediabericht (mms)"},{"$i":"sms-report-description","$v":["Uw tekstbericht (sms) is op ",{"t":"idOrVar","v":"datetime"}," verzonden"]},{"$i":"mms-report-description","$v":["Uw multimediabericht (mms) met onderwerp ",{"t":"idOrVar","v":"subject"}," is op ",{"t":"idOrVar","v":"datetime"}," verzonden"]},{"$i":"mms-no-subject-report-description","$v":["Uw multimediabericht (mms) is op ",{"t":"idOrVar","v":"datetime"}," verzonden"]},{"$i":"message-subject","$v":"Onderwerp:"},{"$i":"report-status-error","$v":"Bericht kon niet worden verzonden"},{"$i":"report-status-not-downloaded","$v":"niet gedownload"},{"$i":"report-status-delivered","$v":"Afgeleverd:"},{"$i":"report-status-read","$v":"Gelezen:"},{"$i":"report-status-pending","$v":"Rapport aangevraagd"},{"$i":"report-status-rejected","$v":"Bericht geweigerd"},{"$i":"message-size-was","$v":"Berichtgrootte:"},{"$i":"report-dateTimeFormat12","$v":["%e %B %Y, ",{"t":"idOrVar","v":"shortTimeFormat12"}]},{"$i":"report-dateTimeFormat24","$v":["%e %B %Y, ",{"t":"idOrVar","v":"shortTimeFormat24"}]},{"$i":"report-to-title","$v":"Aan"},{"$i":"report-from-title","$v":"Van"},{"$i":"message-sent","$v":"Verzonden:"},{"$i":"message-sending","$v":[{"t":"idOrVar","v":"message-delivery-status-sending"}]},{"$i":"message-received","$v":"Ontvangen:"},{"$i":"message-via","$v":"Via:"},{"$i":"message-resend","$v":"Opnieuw verzenden"},{"$i":"search","$v":"Zoeken"},{"$i":"unknown-contact-title","$v":"Onbekend contact"},{"$i":"phone-type-separator","$v":", "},{"$i":"phone-carrier-separator","$v":" "},{"$i":"thread-participant-separator","$v":", "},{"$i":"replace-draft","$v":"Bestaand concept vervangen"},{"$i":"save-as-draft","$v":"Opslaan als concept"},{"$i":"discard-message","$v":"Verwijderen"},{"$i":"discard-sms","$v":"Weet u zeker dat u dit bericht wilt verwijderen?"},{"$i":"discard-new-message","$v":"Het bericht dat u aan het opstellen bent verwijderen en het nieuwe bericht openen?"},{"$i":"resend-confirmation","$v":"Het bericht kon niet worden verzonden. Opnieuw proberen?"},{"$i":"resend-message","$v":"Dit bericht opnieuw verzenden"},{"$i":"deleteMessage-confirmation","$v":"Geselecteerde bericht verwijderen?"},{"$i":"deleteMessages-confirmation-message","$v":{"zero":"Please select messages to be deleted.","one":"Delete selected message?","two":["Delete ",{"t":"idOrVar","v":"n"}," selected messages?"],"few":["Delete ",{"t":"idOrVar","v":"n"}," selected messages?"],"many":["Delete ",{"t":"idOrVar","v":"n"}," selected messages?"],"other":["Delete ",{"t":"idOrVar","v":"n"}," selected messages?"]},"$x":[{"t":"idOrVar","v":"plural"},"n"]},{"$i":"deleteThreads-confirmation-message","$v":{"zero":"Please select message threads to be deleted.","one":"Delete selected message thread?","two":["Delete ",{"t":"idOrVar","v":"n"}," selected message threads?"],"few":["Delete ",{"t":"idOrVar","v":"n"}," selected message threads?"],"many":["Delete ",{"t":"idOrVar","v":"n"}," selected message threads?"],"other":["Delete ",{"t":"idOrVar","v":"n"}," selected message threads?"]},"$x":[{"t":"idOrVar","v":"plural"},"n"]},{"$i":"new-message-notice-text","$v":"Nieuw bericht van"},{"$i":"new-message-notice-a-text","$v":"Lezen"},{"$i":"noMessages-title","$v":"Geen berichten"},{"$i":"noMessages-text","$v":"Communicatie nu starten"},{"$i":"sendDefaultErrorTitle","$v":"Bericht niet verzonden"},{"$i":"sendDefaultErrorBody","$v":"Er was een probleem bij het verzenden van het bericht. Probeer het opnieuw."},{"$i":"sendDefaultErrorBtnOk","$v":"OK"},{"$i":"sendMissingSimCardTitle","$v":"Simkaart ontbreekt"},{"$i":"sendMissingSimCardBody","$v":"Plaats een geldige simkaart om door te gaan."},{"$i":"sendMissingSimCardBtnOk","$v":"OK"},{"$i":"sendFlightModeTitle","$v":"Vliegtuigmodus geactiveerd"},{"$i":"sendFlightModeBody","$v":"Schakel de vliegtuigmodus uit om berichten te verzenden."},{"$i":"sendFlightModeBtnOk","$v":"OK"},{"$i":"radioDisabledToDownloadTitle","$v":[{"t":"idOrVar","v":"sendFlightModeTitle"}]},{"$i":"radioDisabledToDownloadBody","$v":"Schakel de vliegtuigmodus uit om bijlagen te downloaden."},{"$i":"radioDisabledToDownloadBtnOk","$v":[{"t":"idOrVar","v":"sendFlightModeBtnOk"}]},{"$i":"fdnBlocked2Title","$v":"FDN actief"},{"$i":"sms-counter-notice-label","$v":["Sms ",{"t":"idOrVar","v":"number"}," bewerken"]},{"$i":"fdnBlocked2Body","innerHTML":{"$x":[{"t":"idOrVar","v":"plural"},"n"],"$v":{"one":["FDN (Fixed Dialing Numbers) is geactiveerd. Zorg ervoor dat het sms-centrum en de volgende ontvanger in uw FDN-lijst staan:<br />",{"t":"idOrVar","v":"numbers"}],"two":["FDN (Fixed Dialing Numbers) is geactiveerd. Zorg ervoor dat het sms-centrum en de volgende ontvangers in uw FDN-lijst staan:<br />",{"t":"idOrVar","v":"numbers"}],"few":["FDN (Fixed Dialing Numbers) is geactiveerd. Zorg ervoor dat het sms-centrum en de volgende ontvangers in uw FDN-lijst staan:<br />",{"t":"idOrVar","v":"numbers"}],"many":["FDN (Fixed Dialing Numbers) is geactiveerd. Zorg ervoor dat het sms-centrum en de volgende ontvangers in uw FDN-lijst staan:<br />",{"t":"idOrVar","v":"numbers"}],"other":["FDN (Fixed Dialing Numbers) is geactiveerd. Zorg ervoor dat het sms-centrum en de volgende ontvangers in uw FDN-lijst staan:<br />",{"t":"idOrVar","v":"numbers"}]}}},{"$i":"fdnBlocked2BtnOk","$v":"OK"},{"$i":"switchSimToRetrieveTitle","$v":"Gegevensverbinding omschakelen"},{"$i":"switchSimToRetrieveBody","$v":["Schakel de gegevensverbinding om naar simkaart ",{"t":"idOrVar","v":"nonActiveSimId"}," om het mms-bericht op te halen. De huidige gegevensoverdracht op simkaart ",{"t":"idOrVar","v":"activeSimId"}," wordt onderbroken. Toch doorgaan?"]},{"$i":"switchSimToRetrieveBtnOk","$v":"Later"},{"$i":"switchSimToRetrieveConfirm","$v":"OK"},{"$i":"switchSimToSendTitle","$v":[{"t":"idOrVar","v":"switchSimToRetrieveTitle"}]},{"$i":"switchSimToSendBody","$v":["Schakel de gegevensverbinding om naar simkaart ",{"t":"idOrVar","v":"nonActiveSimId"}," om het mms-bericht te verzenden. De huidige gegevensoverdracht op simkaart ",{"t":"idOrVar","v":"activeSimId"}," wordt onderbroken. Toch doorgaan?"]},{"$i":"switchSimToSendBtnOk","$v":[{"t":"idOrVar","v":"switchSimToRetrieveBtnOk"}]},{"$i":"switchSimToSendConfirm","$v":[{"t":"idOrVar","v":"switchSimToRetrieveConfirm"}]},{"$i":"sendNoSignalErrorTitle","$v":"Geen netwerkdekking"},{"$i":"sendNoSignalErrorBody","$v":"Zorg ervoor dat u een mobiel signaal hebt en probeer het opnieuw."},{"$i":"sendNoSignalErrorBtnOk","$v":"OK"},{"$i":"sendNotFoundErrorTitle","$v":"Bericht niet gevonden"},{"$i":"sendNotFoundErrorBody","$v":"Het bericht dat u zoekt is niet meer beschikbaar."},{"$i":"sendNotFoundErrorBtnOk","$v":"OK"},{"$i":"sendInvalidAddressErrorTitle","$v":"Ongeldig nummer"},{"$i":"sendInvalidAddressErrorBody","$v":"Zorg ervoor dat het mobiele nummer waarnaar u verzendt geldig is."},{"$i":"sendInvalidAddressErrorBtnOk","$v":"OK"},{"$i":"simNotMatchedErrorTitle","$v":"Kan niet downloaden"},{"$i":"simNotMatchedErrorBody","$v":"Controleer of de geplaatste simkaart de gebruikte kaart is om dit bericht te ontvangen."},{"$i":"simNotMatchedErrorBtnOk","$v":"OK"},{"$i":"deleted-sms","$v":"Dit bericht is al verwijderd."},{"$i":"view-attachment-image","$v":"Weergeven"},{"$i":"view-attachment-audio","$v":"Beluisteren"},{"$i":"view-attachment-video","$v":"Weergeven"},{"$i":"view-attachment-other","$v":"Weergeven"},{"$i":"remove-attachment-image","$v":"Afbeelding verwijderen"},{"$i":"remove-attachment-audio","$v":"Audio verwijderen"},{"$i":"remove-attachment-video","$v":"Video verwijderen"},{"$i":"remove-attachment-other","$v":"Bijlage verwijderen"},{"$i":"replace-attachment-image","$v":"Afbeelding vervangen"},{"$i":"replace-attachment-audio","$v":"Audio vervangen"},{"$i":"replace-attachment-video","$v":"Video vervangen"},{"$i":"replace-attachment-other","$v":"Bijlage vervangen"},{"$i":"unsent-message-title","$v":"Niet-verzonden bericht"},{"$i":"unsent-message-text","$v":"Your previous message was not sent. Do you want to discard the unsent message and continue?"},{"$i":"unsent-message-option-edit","$v":"Bewerken"},{"$i":"unsent-message-option-discard","$v":"Verwijderen"},{"$i":"message-options","$v":"Berichtopties"},{"$i":"thread-options","$v":"Thread options"},{"$i":"forward","$v":"Doorsturen"},{"$i":"view-message-report","$v":"Berichtrapport weergeven"},{"$i":"select-text","$v":"Tekst selecteren"},{"$i":"mobile","$v":"Mobiel"},{"$i":"home","$v":"Thuis"},{"$i":"work","$v":"Werk"},{"$i":"personal","$v":"Privé"},{"$i":"faxHome","$v":"Fax thuis"},{"$i":"faxOffice","$v":"Fax kantoor"},{"$i":"faxOther","$v":"Fax overig"},{"$i":"another","$v":"Overig"},{"$i":"other","$v":"Anders"},{"$i":"today","$v":"vandaag"},{"$i":"yesterday","$v":"gisteren"},{"$i":"incorrectDate","$v":"(onjuiste datum)"},{"$i":"addToExistingContact","$v":"Toevoegen aan bestaand contact"},{"$i":"createNewContact","$v":"Nieuw contact aanmaken"},{"$i":"viewContact","$v":"Contact weergeven"},{"$i":"call","$v":"Bellen"},{"$i":"sendEmail","$v":"E-mail verzenden"},{"$i":"mms-message","$v":"MMS-bericht"},{"$i":"notDownloaded-title","$v":"Bericht is nog niet gedownload."},{"$i":"tobedownloaded-attachment","$v":["U hebt een multimediabericht ontvangen. U kunt tot ",{"t":"idOrVar","v":"date"}," de onderstaande koppeling gebruiken om de inhoud ervan te downloaden."]},{"$i":"expired-attachment","$v":["Sorry, het bericht is op ",{"t":"idOrVar","v":"date"}," verlopen en kan niet worden gedownload."]},{"$i":"download-attachment","$v":"Downloaden"},{"$i":"downloading-attachment","$v":"Downloaden…"},{"$i":"unnamed-attachment","$v":"naamloos"},{"$i":"mms-label","$v":"MMS"},{"$i":"attached-files-too-large","$v":{"zero":["De bestanden die u hebt geselecteerd overschrijden de groottelimiet van ",{"t":"idOrVar","v":"mmsSize"}," KB per multimediabericht."],"one":["Het bestand dat u hebt geselecteerd overschrijdt de groottelimiet van ",{"t":"idOrVar","v":"mmsSize"}," KB per multimediabericht."],"two":["De bestanden die u hebt geselecteerd overschrijden de groottelimiet van ",{"t":"idOrVar","v":"mmsSize"}," KB per multimediabericht."],"few":["De bestanden die u hebt geselecteerd overschrijden de groottelimiet van ",{"t":"idOrVar","v":"mmsSize"}," KB per multimediabericht."],"many":["De bestanden die u hebt geselecteerd overschrijden de groottelimiet van ",{"t":"idOrVar","v":"mmsSize"}," KB per multimediabericht."],"other":["De bestanden die u hebt geselecteerd overschrijden de groottelimiet van ",{"t":"idOrVar","v":"mmsSize"}," KB per multimediabericht."]},"$x":[{"t":"idOrVar","v":"plural"},"n"]},{"$i":"resize-image","$v":"Grootte van gekoppelde afbeelding aanpassen"},{"$i":"no-attachment-text","$v":"Er is een probleem met het bijgevoegde bestand, waardoor het niet kan worden gedownload."},{"$i":"message-draft-saved","$v":"Bericht opgeslagen als concept"},{"$i":"sim-id-label","$v":["Simkaart ",{"t":"idOrVar","v":"id"}]},{"$i":"sim-detail","$v":["Simkaart ",{"t":"idOrVar","v":"id"},", ",{"t":"idOrVar","v":"detailString"}]},{"$i":"dsds-notification-title-with-sim","$v":["(",{"t":"idOrVar","v":"sim"},") ",{"t":"idOrVar","v":"sender"}]},{"$i":"send-button","ariaLabel":"Verzenden"},{"$i":"send-button-sim-indication","$v":[{"t":"idOrVar","v":"n"}],"ariaLabel":["gebruikt simkaart ",{"t":"idOrVar","v":"n"}]},{"$i":"expiry-date-format","$v":"%A %e %B"},{"$i":"attach-button","ariaLabel":"Bijlage toevoegen"},{"$i":"contact-photo","ariaLabel":"Contactfoto"},{"$i":"unread-thread","ariaLabel":"Ongelezen"},{"$i":"has-draft","ariaLabel":"Heeft concept"},{"$i":"is-draft","ariaLabel":"Concept"},{"$i":"message-delivery-status-sending","$v":"Verzenden…"},{"$i":"message-delivery-status-delivered","ariaLabel":"Afgeleverd"},{"$i":"message-delivery-status-read","ariaLabel":"Gelezen"},{"$i":"message-delivery-status-error","ariaLabel":"Fout"},{"$i":"modal-dialog-ok-button","$v":"OK"},{"$i":"modal-dialog-cancel-button","$v":"Annuleren"},{"$i":"modal-dialog-default-title","$v":"Berichten"},{"$i":"weekday-0-long","$v":"zondag"},{"$i":"weekday-1-long","$v":"maandag"},{"$i":"weekday-2-long","$v":"dinsdag"},{"$i":"weekday-3-long","$v":"woensdag"},{"$i":"weekday-4-long","$v":"donderdag"},{"$i":"weekday-5-long","$v":"vrijdag"},{"$i":"weekday-6-long","$v":"zaterdag"},{"$i":"weekday-0-short","$v":"zon"},{"$i":"weekday-1-short","$v":"maa"},{"$i":"weekday-2-short","$v":"din"},{"$i":"weekday-3-short","$v":"woe"},{"$i":"weekday-4-short","$v":"don"},{"$i":"weekday-5-short","$v":"vrij"},{"$i":"weekday-6-short","$v":"zat"},{"$i":"month-0-long","$v":"januari"},{"$i":"month-1-long","$v":"februari"},{"$i":"month-2-long","$v":"maart"},{"$i":"month-3-long","$v":"april"},{"$i":"month-4-long","$v":"mei"},{"$i":"month-5-long","$v":"juni"},{"$i":"month-6-long","$v":"juli"},{"$i":"month-7-long","$v":"augustus"},{"$i":"month-8-long","$v":"september"},{"$i":"month-9-long","$v":"oktober"},{"$i":"month-10-long","$v":"november"},{"$i":"month-11-long","$v":"december"},{"$i":"month-0-genitive","$v":"januari"},{"$i":"month-1-genitive","$v":"februari"},{"$i":"month-2-genitive","$v":"maart"},{"$i":"month-3-genitive","$v":"april"},{"$i":"month-4-genitive","$v":"mei"},{"$i":"month-5-genitive","$v":"juni"},{"$i":"month-6-genitive","$v":"juli"},{"$i":"month-7-genitive","$v":"augustus"},{"$i":"month-8-genitive","$v":"september"},{"$i":"month-9-genitive","$v":"oktober"},{"$i":"month-10-genitive","$v":"november"},{"$i":"month-11-genitive","$v":"december"},{"$i":"month-0-short","$v":"jan"},{"$i":"month-1-short","$v":"feb"},{"$i":"month-2-short","$v":"mrt"},{"$i":"month-3-short","$v":"apr"},{"$i":"month-4-short","$v":"mei"},{"$i":"month-5-short","$v":"jun"},{"$i":"month-6-short","$v":"jul"},{"$i":"month-7-short","$v":"aug"},{"$i":"month-8-short","$v":"sep"},{"$i":"month-9-short","$v":"okt"},{"$i":"month-10-short","$v":"nov"},{"$i":"month-11-short","$v":"dec"},{"$i":"minutes-ago-long","$v":{"zero":"zojuist","one":"een minuut geleden","two":[{"t":"idOrVar","v":"value"}," minuten geleden"],"few":[{"t":"idOrVar","v":"value"}," minuten geleden"],"many":[{"t":"idOrVar","v":"value"}," minuten geleden"],"other":[{"t":"idOrVar","v":"value"}," minuten geleden"]},"$x":[{"t":"idOrVar","v":"plural"},"value"]},{"$i":"hours-ago-long","$v":{"zero":"zojuist","one":"een uur geleden","two":[{"t":"idOrVar","v":"value"}," uur geleden"],"few":[{"t":"idOrVar","v":"value"}," uur geleden"],"many":[{"t":"idOrVar","v":"value"}," uur geleden"],"other":[{"t":"idOrVar","v":"value"}," uur geleden"]},"$x":[{"t":"idOrVar","v":"plural"},"value"]},{"$i":"days-ago-long","$v":{"zero":"vandaag","one":"gisteren","two":[{"t":"idOrVar","v":"value"}," dagen geleden"],"few":[{"t":"idOrVar","v":"value"}," dagen geleden"],"many":[{"t":"idOrVar","v":"value"}," dagen geleden"],"other":[{"t":"idOrVar","v":"value"}," dagen geleden"]},"$x":[{"t":"idOrVar","v":"plural"},"value"]},{"$i":"weeks-ago-long","$v":{"zero":"deze week","one":"vorige week","two":[{"t":"idOrVar","v":"value"}," weken geleden"],"few":[{"t":"idOrVar","v":"value"}," weken geleden"],"many":[{"t":"idOrVar","v":"value"}," weken geleden"],"other":[{"t":"idOrVar","v":"value"}," weken geleden"]},"$x":[{"t":"idOrVar","v":"plural"},"value"]},{"$i":"months-ago-long","$v":{"zero":"deze maand","one":"vorige maand","two":[{"t":"idOrVar","v":"value"}," maanden geleden"],"few":[{"t":"idOrVar","v":"value"}," maanden geleden"],"many":[{"t":"idOrVar","v":"value"}," maanden geleden"],"other":[{"t":"idOrVar","v":"value"}," maanden geleden"]},"$x":[{"t":"idOrVar","v":"plural"},"value"]},{"$i":"years-ago-long","$v":{"zero":"dit jaar","one":"vorig jaar","two":[{"t":"idOrVar","v":"value"}," jaar geleden"],"few":[{"t":"idOrVar","v":"value"}," jaar geleden"],"many":[{"t":"idOrVar","v":"value"}," jaar geleden"],"other":[{"t":"idOrVar","v":"value"}," jaar geleden"]},"$x":[{"t":"idOrVar","v":"plural"},"value"]},{"$i":"minutes-until-long","$v":{"zero":"nu","one":"zo meteen","two":["over ",{"t":"idOrVar","v":"value"}," minuten"],"few":["over ",{"t":"idOrVar","v":"value"}," minuten"],"many":["over ",{"t":"idOrVar","v":"value"}," minuten"],"other":["over ",{"t":"idOrVar","v":"value"}," minuten"]},"$x":[{"t":"idOrVar","v":"plural"},"value"]},{"$i":"hours-until-long","$v":{"zero":"nu","one":"over een uur","two":["over ",{"t":"idOrVar","v":"value"}," uur"],"few":["over ",{"t":"idOrVar","v":"value"}," uur"],"many":["over ",{"t":"idOrVar","v":"value"}," uur"],"other":["over ",{"t":"idOrVar","v":"value"}," uur"]},"$x":[{"t":"idOrVar","v":"plural"},"value"]},{"$i":"days-until-long","$v":{"zero":"vandaag","one":"morgen","two":["over ",{"t":"idOrVar","v":"value"}," dagen"],"few":["over ",{"t":"idOrVar","v":"value"}," dagen"],"many":["over ",{"t":"idOrVar","v":"value"}," dagen"],"other":["over ",{"t":"idOrVar","v":"value"}," dagen"]},"$x":[{"t":"idOrVar","v":"plural"},"value"]},{"$i":"weeks-until-long","$v":{"zero":"deze week","one":"volgende week","two":["over ",{"t":"idOrVar","v":"value"}," weken"],"few":["over ",{"t":"idOrVar","v":"value"}," weken"],"many":["over ",{"t":"idOrVar","v":"value"}," weken"],"other":["over ",{"t":"idOrVar","v":"value"}," weken"]},"$x":[{"t":"idOrVar","v":"plural"},"value"]},{"$i":"months-until-long","$v":{"zero":"deze maand","one":"volgende maand","two":["over ",{"t":"idOrVar","v":"value"}," maanden"],"few":["over ",{"t":"idOrVar","v":"value"}," maanden"],"many":["over ",{"t":"idOrVar","v":"value"}," maanden"],"other":["over ",{"t":"idOrVar","v":"value"}," maanden"]},"$x":[{"t":"idOrVar","v":"plural"},"value"]},{"$i":"years-until-long","$v":{"zero":"dit jaar","one":"volgend jaar","two":["over ",{"t":"idOrVar","v":"value"}," jaar"],"few":["over ",{"t":"idOrVar","v":"value"}," jaar"],"many":["over ",{"t":"idOrVar","v":"value"}," jaar"],"other":["over ",{"t":"idOrVar","v":"value"}," jaar"]},"$x":[{"t":"idOrVar","v":"plural"},"value"]},{"$i":"minutes-ago-short","$v":{"zero":"zojuist","other":[{"t":"idOrVar","v":"value"},"m geleden"]},"$x":[{"t":"idOrVar","v":"plural"},"value"]},{"$i":"hours-ago-short","$v":{"zero":"zojuist","other":[{"t":"idOrVar","v":"value"},"u geleden"]},"$x":[{"t":"idOrVar","v":"plural"},"value"]},{"$i":"days-ago-short","$v":{"zero":"vandaag","other":[{"t":"idOrVar","v":"value"},"d geleden"]},"$x":[{"t":"idOrVar","v":"plural"},"value"]},{"$i":"minutes-until-short","$v":{"zero":"nu","other":["over ",{"t":"idOrVar","v":"value"},"m"]},"$x":[{"t":"idOrVar","v":"plural"},"value"]},{"$i":"hours-until-short","$v":{"zero":"nu","other":["over ",{"t":"idOrVar","v":"value"},"h"]},"$x":[{"t":"idOrVar","v":"plural"},"value"]},{"$i":"days-until-short","$v":{"zero":"vandaag","other":["over ",{"t":"idOrVar","v":"value"},"d"]},"$x":[{"t":"idOrVar","v":"plural"},"value"]},{"$i":"dateTimeFormat_%c","$v":"%a %e %b %Y %H:%M:%S"},{"$i":"dateTimeFormat_%x","$v":"%d-%m-%Y"},{"$i":"dateTimeFormat_%X","$v":"%H:%M:%S"},{"$i":"shortTimeFormat","$v":"%H:%M"},{"$i":"shortTimeFormat12","$v":"%I:%M %p"},{"$i":"shortTimeFormat24","$v":"%H:%M"},{"$i":"shortDateTimeFormat","$v":"%x %H:%M"},{"$i":"weekStartsOnMonday","$v":"1"},{"$i":"firstDayOfTheWeek","$v":"1"},{"$i":"time_am","$v":"AM"},{"$i":"time_pm","$v":"PM"},{"$i":"gaia-menu-cancel","$v":"Annuleren"},{"$i":"gaia-sim-picker-dial-via-with-number","$v":[{"t":"idOrVar","v":"phoneNumber"}," kiezen via"]},{"$i":"gaia-sim-picker-select-sim","$v":"Simkaart selecteren"},{"$i":"gaia-sim-picker-button","$v":["Simkaart",{"t":"idOrVar","v":"n"}]},{"$i":"gaia-sim-picker-button-default","$v":"(standaard)"}]