[{"$i":"messages","$v":"ਸੁਨੇਹੇ"},{"$i":"deleteMessages-title","$v":"ਸੁਨੇਹੇ ਹਟਾਓ"},{"$i":"selectThreads-title","$v":"ਚੁਣੋ"},{"$i":"edit","$v":"ਸੋਧ"},{"$i":"back","$v":"ਪਿੱਛੇ"},{"$i":"cancel","$v":"ਰੱਦ ਕਰੋ"},{"$i":"undo","$v":"ਵਾਪਿਸ ਲਵੋ"},{"$i":"done","$v":"ਮੁਕੰਮਲ"},{"$i":"delete","$v":"ਹਟਾਓ"},{"$i":"delete-thread","$v":"Delete thread"},{"$i":"mark-as-read","$v":"Mark as read"},{"$i":"mark-as-unread","$v":"Mark as unread"},{"$i":"deleting-messages","$v":"…ਹਟਾਏ ਜਾ ਰਹੇ ਹਨ"},{"$i":"select-all","$v":"ਸਭ ਚੁਣੋ"},{"$i":"deselect-all","$v":"ਸਭ ਅਣ-ਚੁਣੇ"},{"$i":"selected-threads","$v":{"zero":"none selected","one":[{"t":"idOrVar","v":"n"}," ਚੁਣਿਆ"],"two":[{"t":"idOrVar","v":"n"}," ਚੁਣੇ"],"few":[{"t":"idOrVar","v":"n"}," ਚੁਣੇ"],"many":[{"t":"idOrVar","v":"n"}," ਚੁਣੇ"],"other":[{"t":"idOrVar","v":"n"}," ਚੁਣੇ"]},"$x":[{"t":"idOrVar","v":"plural"},"n"]},{"$i":"selected-messages","$v":{"zero":"none selected","one":[{"t":"idOrVar","v":"n"}," ਚੁਣਿਆ"],"two":[{"t":"idOrVar","v":"n"}," ਚੁਣੇ"],"few":[{"t":"idOrVar","v":"n"}," ਚੁਣੇ"],"many":[{"t":"idOrVar","v":"n"}," ਚੁਣੇ"],"other":[{"t":"idOrVar","v":"n"}," ਚੁਣੇ"]},"$x":[{"t":"idOrVar","v":"plural"},"n"]},{"$i":"selectThreads-label","$v":"Select Threads"},{"$i":"selectMessages-label","$v":"Select Messages"},{"$i":"settings","$v":"ਸੈਟਿੰਗ"},{"$i":"add-subject","$v":"ਵਿਸ਼ਾ ਸ਼ਾਮਿਲ"},{"$i":"remove-subject","$v":"ਵਿਸ਼ਾ ਹਟਾਓ"},{"$i":"to","$v":"ਵੱਲ:"},{"$i":"new","$v":"ਨਵਾਂ"},{"$i":"message","$v":"ਸੁਨੇਹਾ"},{"$i":"messagesInput_placeholder","$v":"ਸੁਨੇਹਾ"},{"$i":"messagesSubjectInput_placeholder","$v":"ਵਿਸ਼ਾ"},{"$i":"converted-to-mms","$v":"ਮਲਟੀਮੀਡਿਆ ਸੁਨੇਹਾ ਵਿੱਚ ਬਦਲਿਆ ਜਾ ਰਿਹਾ ਹੈ।"},{"$i":"converted-to-sms","$v":"ਟੈਕਸਟ ਸੁਨੇਹੇ ਵਿੱਚ ਬਦਲਿਆ ਜਾ ਰਿਹਾ ਹੈ।"},{"$i":"messages-max-length-text","$v":"ਤੁਸੀਂ ਵੱਧ ਤੋਂ ਵੱਧ ਲੰਬਾਈ ਪੂਰੀ ਹੋ ਗਈ ਹੈ।"},{"$i":"messages-max-subject-length-text","$v":"ਵਿਸ਼ੇ ਦੀ ਵੱਧ ਤੋਂ ਵੱਧ ਲੰਬਾਈ ਪੂਰੀ ਹੋ ਗਈ ਹੈ।"},{"$i":"multimedia-message-exceeded-max-length","$v":["You’ve exceeded the ",{"t":"idOrVar","v":"mmsSize"}," KB size limit of a single multimedia message. Remove attachments or shorten the message to send it."]},{"$i":"newMessage","$v":"ਨਵਾਂ ਸੁਨੇਹਾ"},{"$i":"sendMessage","$v":"ਸੁਨੇਹਾ ਭੇਜੋ"},{"$i":"sendMMSToEmail","$v":"Send multimedia message"},{"$i":"no-recipient","$v":"(ਕੋਈ ਪ੍ਰਾਪਤਕਰਤਾ ਨਹੀਂ)"},{"$i":"recipient","$v":{"one":[{"t":"idOrVar","v":"n"}," ਪ੍ਰਾਪਤਕਰਤਾ"],"two":[{"t":"idOrVar","v":"n"}," ਪ੍ਰਾਪਤਕਰਤਾ"],"few":[{"t":"idOrVar","v":"n"}," ਪ੍ਰਾਪਤਕਰਤਾ"],"many":[{"t":"idOrVar","v":"n"}," ਪ੍ਰਾਪਤਕਰਤਾ"],"other":[{"t":"idOrVar","v":"n"}," ਪ੍ਰਾਪਤਕਰਤਾ"]},"$x":[{"t":"idOrVar","v":"plural"},"n"]},{"$i":"attachmentSizeB","$v":[{"t":"idOrVar","v":"n"}," B"]},{"$i":"attachmentSizeKB","$v":[{"t":"idOrVar","v":"n"}," KB"]},{"$i":"attachmentSizeMB","$v":[{"t":"idOrVar","v":"n"}," MB"]},{"$i":"attachmentOpenError","$v":"ਇਹ ਫਾਇਲ ਕਿਸਮ ਨੂੰ ਖੋਲ੍ਹਣ ਲਈ ਕੋਈ ਐਪਲੀਕੇਸ਼ਨ ਉਪਲੱਬਧ ਨਹੀਂ ਹੈ।"},{"$i":"remove","$v":"ਹਟਾਓ"},{"$i":"participant","$v":{"one":[{"t":"idOrVar","v":"n"}," ਭਾਗ ਲੈਣ ਵਾਲਾ"],"two":[{"t":"idOrVar","v":"n"}," ਭਾਗ ਲੈਣ ਵਾਲੇ"],"few":[{"t":"idOrVar","v":"n"}," ਭਾਗ ਲੈਣ ਵਾਲੇ"],"many":[{"t":"idOrVar","v":"n"}," ਭਾਗ ਲੈਣ ਵਾਲੇ"],"other":[{"t":"idOrVar","v":"n"}," ਭਾਗ ਲੈਣ ਵਾਲੇ"]},"$x":[{"t":"idOrVar","v":"plural"},"n"]},{"$i":"message-report","$v":"ਸੁਨੇਹਾ ਰਿਪੋਰਟ"},{"$i":"message-type-sms","$v":"ਟੈਕਸਟ ਸੁਨੇਹਾ (SMS)"},{"$i":"message-type-mms","$v":"ਮਲਟੀਮੀਡਿਆ ਸੁਨੇਹਾ (MMS)"},{"$i":"sms-report-description","$v":["ਤੁਹਾਡਾ ਟੈਕਸਟ ਸੁਨੇਹਾ (SMS), ",{"t":"idOrVar","v":"datetime"}," ਨੂੰ ਭੇਜਿਆ"]},{"$i":"mms-report-description","$v":["ਤੁਹਾਡਾ ਮਲਟੀਮੀਡਿਆ ਸੁਨੇਹਾ (MMS), ਵਿਸ਼ਾ ",{"t":"idOrVar","v":"subject"},", ",{"t":"idOrVar","v":"datetime"}," ਨੂੰ ਭੇਜਿਆ"]},{"$i":"mms-no-subject-report-description","$v":["ਤੁਹਾਡਾ ਮਲਟੀਮੀਡਿਆ ਸੁਨੇਹਾ (MMS), ",{"t":"idOrVar","v":"datetime"}," ਨੂੰ ਭੇਜਿਆ"]},{"$i":"message-subject","$v":"Subject:"},{"$i":"report-status-error","$v":"Message could not be sent"},{"$i":"report-status-not-downloaded","$v":"not downloaded"},{"$i":"report-status-delivered","$v":"Delivered:"},{"$i":"report-status-read","$v":"Read:"},{"$i":"report-status-pending","$v":"Report requested"},{"$i":"report-status-rejected","$v":"Message rejected"},{"$i":"message-size-was","$v":"ਸੁਨੇਹਾ ਆਕਾਰ"},{"$i":"report-dateTimeFormat12","$v":["%e %B %Y, ",{"t":"idOrVar","v":"shortTimeFormat12"}]},{"$i":"report-dateTimeFormat24","$v":["%e %B %Y, ",{"t":"idOrVar","v":"shortTimeFormat24"}]},{"$i":"report-to-title","$v":"To"},{"$i":"report-from-title","$v":"From"},{"$i":"message-sent","$v":"ਭੇਜੇ:"},{"$i":"message-sending","$v":[{"t":"idOrVar","v":"message-delivery-status-sending"}]},{"$i":"message-received","$v":"ਪ੍ਰਾਪਤ ਕੀਤੇ:"},{"$i":"message-via","$v":"ਰਾਹੀਂ:"},{"$i":"message-resend","$v":"Resend"},{"$i":"search","$v":"ਖੋਜ"},{"$i":"unknown-contact-title","$v":"Unknown Contact"},{"$i":"phone-type-separator","$v":", "},{"$i":"phone-carrier-separator","$v":" "},{"$i":"thread-participant-separator","$v":", "},{"$i":"replace-draft","$v":"ਮੌਜੂਦਾ ਖਰੜਾ ਬਦਲੋ"},{"$i":"save-as-draft","$v":"ਖਰੜਾ ਵਜੋਂ ਸੰਭਾਲੋ"},{"$i":"discard-message","$v":"ਰੱਦ ਕਰੋ"},{"$i":"discard-sms","$v":"ਕੀ ਤੁਸੀਂ ਇਹ ਸੁਨੇਹੇ ਨੂੰ ਰੱਦ ਕਰਨਾ ਚਾਹੁੰਦੇ ਹੋ?"},{"$i":"discard-new-message","$v":"ਤੁਹਾਡੇ ਵਲੋਂ ਲਿਖਿਆ ਜਾ ਰਿਹਾ ਸੁਨੇਹਾ ਰੱਦ ਕਰਨਾ ਹੈ ਅਤੇ ਨਵਾਂ ਸੁਨੇਹਾ ਖੋਲ੍ਹਣਾ ਹੈ?"},{"$i":"resend-confirmation","$v":"ਸੁਨੇਹਾ ਭੇਜਿਆ ਨਹੀਂ ਜਾ ਸਕਿਆ। ਫੇਰ ਕੋਸ਼ਿਸ਼ ਕਰਨੀ ਹੈ?"},{"$i":"resend-message","$v":"ਇਹ ਸੁਨੇਹੇ ਫੇਰ ਭੇਜੋ"},{"$i":"deleteMessage-confirmation","$v":"Delete selected message?"},{"$i":"deleteMessages-confirmation-message","$v":{"zero":"Please select messages to be deleted.","one":"Delete selected message?","two":["Delete ",{"t":"idOrVar","v":"n"}," selected messages?"],"few":["Delete ",{"t":"idOrVar","v":"n"}," selected messages?"],"many":["Delete ",{"t":"idOrVar","v":"n"}," selected messages?"],"other":["Delete ",{"t":"idOrVar","v":"n"}," selected messages?"]},"$x":[{"t":"idOrVar","v":"plural"},"n"]},{"$i":"deleteThreads-confirmation-message","$v":{"zero":"Please select message threads to be deleted.","one":"Delete selected message thread?","two":["Delete ",{"t":"idOrVar","v":"n"}," selected message threads?"],"few":["Delete ",{"t":"idOrVar","v":"n"}," selected message threads?"],"many":["Delete ",{"t":"idOrVar","v":"n"}," selected message threads?"],"other":["Delete ",{"t":"idOrVar","v":"n"}," selected message threads?"]},"$x":[{"t":"idOrVar","v":"plural"},"n"]},{"$i":"new-message-notice-text","$v":"ਨਵਾਂ ਸੁਨੇਹਾ ਵਲੋਂ"},{"$i":"new-message-notice-a-text","$v":"ਇਹ ਪੜ੍ਹੋ"},{"$i":"noMessages-title","$v":"ਕੋਈ ਸੁਨੇਹਾ ਨਹੀਂ"},{"$i":"noMessages-text","$v":"ਹੁਣੇ ਗੱਲਬਾਤ ਸ਼ੁਰੂ ਕਰੋ"},{"$i":"sendDefaultErrorTitle","$v":"ਸੁਨੇਹਾ ਭੇਜਿਆ ਨਹੀਂ ਗਿਆ"},{"$i":"sendDefaultErrorBody","$v":"ਸੁਨੇਹਾ ਭੇਜੇਣ ਦੌਰਾਨ ਗਲਤੀ ਆਈ ਸੀ। ਬਾਅਦ ਵਿੱਚ ਕੋਸ਼ਿਸ਼ ਕਰੋ।"},{"$i":"sendDefaultErrorBtnOk","$v":"ਠੀਕ ਹੈ"},{"$i":"sendMissingSimCardTitle","$v":"ਸਿਮ ਕਾਰਡ ਗੁੰਮ ਹੈ"},{"$i":"sendMissingSimCardBody","$v":"ਜਾਰੀ ਰੱਖਣ ਲਈ ਠੀਕ ਸਿਮ ਕਾਰਡ ਦਿਉ"},{"$i":"sendMissingSimCardBtnOk","$v":"ਠੀਕ ਹੈ"},{"$i":"sendFlightModeTitle","$v":"ਏਅਰਪਲੇਨ ਮੋਡ ਚਾਲੂ ਹੈ"},{"$i":"sendFlightModeBody","$v":"ਸੁਨੇਹੇ ਭੇਜਣ ਲਈ ਏਅਰਪਲੇਨ ਮੋਡ ਬੰਦ ਕਰੋ।"},{"$i":"sendFlightModeBtnOk","$v":"ਠੀਕ ਹੈ"},{"$i":"radioDisabledToDownloadTitle","$v":[{"t":"idOrVar","v":"sendFlightModeTitle"}]},{"$i":"radioDisabledToDownloadBody","$v":"Turn off airplane mode to download attachments."},{"$i":"radioDisabledToDownloadBtnOk","$v":[{"t":"idOrVar","v":"sendFlightModeBtnOk"}]},{"$i":"fdnBlocked2Title","$v":"FDN ਸਰਗਰਮ"},{"$i":"sms-counter-notice-label","$v":["Editing SMS ",{"t":"idOrVar","v":"number"}]},{"$i":"fdnBlocked2Body","innerHTML":{"$x":[{"t":"idOrVar","v":"plural"},"n"],"$v":{"one":["FDN (ਸਥਿਰ ਡਾਇਲ ਨੰਬਰ) ਸਰਗਰਮ ਹੈ। ਪੱਕਾ ਕਰੋ ਕਿ ਤੁਹਾਡੀ FDN ਸੂਚੀ ਵਿੱਚ SMS ਸੈਂਟਰ ਤੇ ਹੇਠ ਦਿੱਤੇ ਤੁਹਾਡਾ ਪ੍ਰਾਪਤ ਕਰਤਾ ਹੈ:<br />",{"t":"idOrVar","v":"numbers"}],"two":["FDN (ਸਥਿਰ ਡਾਇਲ ਨੰਬਰ) ਸਰਗਰਮ ਹੈ। ਪੱਕਾ ਕਰੋ ਕਿ ਤੁਹਾਡੀ FDN ਸੂਚੀ ਵਿੱਚ SMS ਸੈਂਟਰ ਤੇ ਹੇਠ ਦਿੱਤੇ ਪ੍ਰਾਪਤ ਕਰਤਾ ਹਨ:<br />",{"t":"idOrVar","v":"numbers"}],"few":["FDN (ਸਥਿਰ ਡਾਇਲ ਨੰਬਰ) ਸਰਗਰਮ ਹੈ। ਪੱਕਾ ਕਰੋ ਕਿ ਤੁਹਾਡੀ FDN ਸੂਚੀ ਵਿੱਚ SMS ਸੈਂਟਰ ਤੇ ਹੇਠ ਦਿੱਤੇ ਪ੍ਰਾਪਤ ਕਰਤਾ ਹਨ:<br />",{"t":"idOrVar","v":"numbers"}],"many":["FDN (ਸਥਿਰ ਡਾਇਲ ਨੰਬਰ) ਸਰਗਰਮ ਹੈ। ਪੱਕਾ ਕਰੋ ਕਿ ਤੁਹਾਡੀ FDN ਸੂਚੀ ਵਿੱਚ SMS ਸੈਂਟਰ ਤੇ ਹੇਠ ਦਿੱਤੇ ਪ੍ਰਾਪਤ ਕਰਤਾ ਹਨ:<br />",{"t":"idOrVar","v":"numbers"}],"other":["FDN (ਸਥਿਰ ਡਾਇਲ ਨੰਬਰ) ਸਰਗਰਮ ਹੈ। ਪੱਕਾ ਕਰੋ ਕਿ ਤੁਹਾਡੀ FDN ਸੂਚੀ ਵਿੱਚ SMS ਸੈਂਟਰ ਤੇ ਹੇਠ ਦਿੱਤੇ ਪ੍ਰਾਪਤ ਕਰਤਾ ਹਨ:<br />",{"t":"idOrVar","v":"numbers"}]}}},{"$i":"fdnBlocked2BtnOk","$v":"ਠੀਕ ਹੈ"},{"$i":"switchSimToRetrieveTitle","$v":"Switch data connection"},{"$i":"switchSimToRetrieveBody","$v":["Switch the data connection to SIM ",{"t":"idOrVar","v":"nonActiveSimId"}," to retrieve the MMS. The current data transfer on SIM ",{"t":"idOrVar","v":"activeSimId"}," will be suspended. Continue anyway?"]},{"$i":"switchSimToRetrieveBtnOk","$v":"Later"},{"$i":"switchSimToRetrieveConfirm","$v":"OK"},{"$i":"switchSimToSendTitle","$v":[{"t":"idOrVar","v":"switchSimToRetrieveTitle"}]},{"$i":"switchSimToSendBody","$v":["Switch the data connection to SIM ",{"t":"idOrVar","v":"nonActiveSimId"}," to send the MMS. The current data transfer on SIM ",{"t":"idOrVar","v":"activeSimId"}," will be suspended. Continue anyway?"]},{"$i":"switchSimToSendBtnOk","$v":[{"t":"idOrVar","v":"switchSimToRetrieveBtnOk"}]},{"$i":"switchSimToSendConfirm","$v":[{"t":"idOrVar","v":"switchSimToRetrieveConfirm"}]},{"$i":"sendNoSignalErrorTitle","$v":"ਨੈੱਟਵਰਕ ਖੇਤਰ ਨਹੀਂ ਹੈ"},{"$i":"sendNoSignalErrorBody","$v":"ਯਕੀਨੀ ਬਣਾਉ ਕਿ ਮੋਬਾਇਲ ਸਿਗਨਲ ਹੈ ਅਤੇ ਫੇਰ ਕੋਸ਼ਿਸ਼ ਕਰੋ।"},{"$i":"sendNoSignalErrorBtnOk","$v":"ਠੀਕ ਹੈ"},{"$i":"sendNotFoundErrorTitle","$v":"ਸੁਨੇਹਾ ਨਹੀਂ ਲੱਭਿਆ"},{"$i":"sendNotFoundErrorBody","$v":"ਸੁਨੇਹਾ, ਜੋ ਤੁਸੀਂ ਲੱਭ ਰਹੇ ਹੋ, ਹੁਣ ਉਪਲੱਬਧ ਨਹੀਂ ਰਿਹਾ ਹੈ"},{"$i":"sendNotFoundErrorBtnOk","$v":"ਠੀਕ ਹੈ"},{"$i":"sendInvalidAddressErrorTitle","$v":"ਗਲਤ ਨੰਬਰ"},{"$i":"sendInvalidAddressErrorBody","$v":"ਪੱਕਾ ਕਰੋ ਕਿ ਤੁਹਾਡੇ ਵਲੋਂ ਸੁਨੇਹੇ ਭੇਜਣ ਲਈ ਵਰਤਿਆ ਮੋਬਾਇਲ ਨੰਬਰ ਠੀਕ ਹੈ।"},{"$i":"sendInvalidAddressErrorBtnOk","$v":"ਠੀਕ ਹੈ"},{"$i":"simNotMatchedErrorTitle","$v":"Unable to download"},{"$i":"simNotMatchedErrorBody","$v":"Please make sure the SIM card inserted is the one used to receive this message."},{"$i":"simNotMatchedErrorBtnOk","$v":"OK"},{"$i":"deleted-sms","$v":"ਇਹ ਸੁਨੇਹੇ ਪਹਿਲਾਂ ਹੀ ਹਟਾਇਆ ਗਿਆ ਹੈ।"},{"$i":"view-attachment-image","$v":"ਵੇਖੋ"},{"$i":"view-attachment-audio","$v":"ਸੁਣੋ"},{"$i":"view-attachment-video","$v":"ਵੇਖੋ"},{"$i":"view-attachment-other","$v":"ਵੇਖੋ"},{"$i":"remove-attachment-image","$v":"ਚਿੱਤਰ ਹਟਾਓ"},{"$i":"remove-attachment-audio","$v":"ਆਡੀਓ ਹਟਾਓ"},{"$i":"remove-attachment-video","$v":"ਵੀਡੀਓ ਹਟਾਓ"},{"$i":"remove-attachment-other","$v":"ਨੱਥੀ ਹਟਾਓ"},{"$i":"replace-attachment-image","$v":"ਚਿੱਤਰ ਬਦਲੋ"},{"$i":"replace-attachment-audio","$v":"ਆਡੀਓ ਬਦਲੋ"},{"$i":"replace-attachment-video","$v":"ਵੀਡੀਓ ਬਦਲੋ"},{"$i":"replace-attachment-other","$v":"ਨੱਥੀ ਬਦਲੋ"},{"$i":"unsent-message-title","$v":"ਨਾ-ਭੇਜਿਆ ਸੁਨੇਹਾ"},{"$i":"unsent-message-text","$v":"Your previous message was not sent. Do you want to discard the unsent message and continue?"},{"$i":"unsent-message-option-edit","$v":"ਸੋਧ"},{"$i":"unsent-message-option-discard","$v":"ਅਣਡਿੱਠਾ ਕਰੋ"},{"$i":"message-options","$v":"ਸੁਨੇਹਾ ਚੋਣਾਂ"},{"$i":"thread-options","$v":"Thread options"},{"$i":"forward","$v":"ਅੱਗੇ ਭੇਜੋ"},{"$i":"view-message-report","$v":"ਸੁਨੇਹਾ ਰਿਪੋਰਟ ਵੇਖੋ"},{"$i":"select-text","$v":"Select text"},{"$i":"mobile","$v":"ਮੋਬਾਇਲ"},{"$i":"home","$v":"ਘਰ"},{"$i":"work","$v":"ਕੰਮ"},{"$i":"personal","$v":"ਨਿੱਜੀ"},{"$i":"faxHome","$v":"ਫੈਕਸ ਘਰ"},{"$i":"faxOffice","$v":"ਫੈਕਸ ਦਫ਼ਤਰ"},{"$i":"faxOther","$v":"ਫੈਕਸ ਹੋਰ"},{"$i":"another","$v":"ਇੱਕ ਹੋਰ"},{"$i":"other","$v":"Other"},{"$i":"today","$v":"ਅੱਜ"},{"$i":"yesterday","$v":"ਕੱਲ੍ਹ"},{"$i":"incorrectDate","$v":"(ਗਲਤ ਮਿਤੀ)"},{"$i":"addToExistingContact","$v":"ਮੌਜੂਦਾ ਸੰਪਰਕ ਵਿੱਚ ਜੋੜੋ"},{"$i":"createNewContact","$v":"ਨਵਾਂ ਸੰਪਰਕ ਬਣਾਓ"},{"$i":"viewContact","$v":"ਸੰਪਰਕ ਵੇਖੋ"},{"$i":"call","$v":"ਕਾਲਾ ਕਰੋ"},{"$i":"sendEmail","$v":"ਈਮੇਲ ਭੇਜੋ"},{"$i":"mms-message","$v":"MMS ਸੁਨੇਹਾ"},{"$i":"notDownloaded-title","$v":"ਸੁਨੇਹਾ ਹਾਲੇ ਡਾਊਨਲੋਡ ਕਰਨ ਯੋਗ ਨਹੀਂ ਹੈ।"},{"$i":"tobedownloaded-attachment","$v":["You received a multimedia message. You can use the link below to download its content until ",{"t":"idOrVar","v":"date"},"."]},{"$i":"expired-attachment","$v":["ਅਫਸੋਸ ਸੁਨੇਹੇ ਦੀ ਮਿਆਦ",{"t":"idOrVar","v":"date"}," ਤੱਕ ਸੀ ਅਤੇ ਡਾਊਨਲੋਡ ਨਹੀਂ ਕੀਤਾ ਜਾ ਸਕਦਾ।"]},{"$i":"download-attachment","$v":"ਡਾਊਨਲੋਡ"},{"$i":"downloading-attachment","$v":"…ਡਾਊਨਲੋਡ ਜਾਰੀ"},{"$i":"unnamed-attachment","$v":"ਬਿਨਾਂ-ਨਾਂ"},{"$i":"mms-label","$v":"MMS"},{"$i":"attached-files-too-large","$v":{"zero":["The files you have selected exceed the ",{"t":"idOrVar","v":"mmsSize"}," KB size limit of a single multimedia message."],"one":["The file you have selected exceeds the ",{"t":"idOrVar","v":"mmsSize"}," KB size limit of a single multimedia message."],"two":["The files you have selected exceed the ",{"t":"idOrVar","v":"mmsSize"}," KB size limit of a single multimedia message."],"few":["The files you have selected exceed the ",{"t":"idOrVar","v":"mmsSize"}," KB size limit of a single multimedia message."],"many":["The files you have selected exceed the ",{"t":"idOrVar","v":"mmsSize"}," KB size limit of a single multimedia message."],"other":["The files you have selected exceed the ",{"t":"idOrVar","v":"mmsSize"}," KB size limit of a single multimedia message."]},"$x":[{"t":"idOrVar","v":"plural"},"n"]},{"$i":"resize-image","$v":"ਨੱਥੀ ਚਿੱਤਰ ਦਾ ਆਕਾਰ ਬਦਲੋ"},{"$i":"no-attachment-text","$v":"ਨੱਥੀ ਕੀਤੀ ਫਾਇਲ ਨਾਲ ਸਮੱਸਿਆ ਆਈ ਹੈ ਅਤੇ ਇਸ ਨੂੰ ਡਾਊਨਲੋਡ ਨਹੀਂ ਕੀਤਾ ਜਾ ਸਕਦਾ।"},{"$i":"message-draft-saved","$v":"ਸੁਨੇਹਾ ਖਰੜੇ ਵਜੋਂ ਸੰਭਾਲਿਆ ਗਿਆ"},{"$i":"sim-id-label","$v":["SIM ",{"t":"idOrVar","v":"id"}]},{"$i":"sim-detail","$v":["SIM ",{"t":"idOrVar","v":"id"},", ",{"t":"idOrVar","v":"detailString"}]},{"$i":"dsds-notification-title-with-sim","$v":["(",{"t":"idOrVar","v":"sim"},") ",{"t":"idOrVar","v":"sender"}]},{"$i":"send-button","ariaLabel":"Send"},{"$i":"send-button-sim-indication","$v":[{"t":"idOrVar","v":"n"}],"ariaLabel":["using SIM ",{"t":"idOrVar","v":"n"}]},{"$i":"expiry-date-format","$v":"%A, %e %b "},{"$i":"attach-button","ariaLabel":"Add attachment"},{"$i":"contact-photo","ariaLabel":"Contact photo"},{"$i":"unread-thread","ariaLabel":"Unread"},{"$i":"has-draft","ariaLabel":"Has draft"},{"$i":"is-draft","ariaLabel":"Draft"},{"$i":"message-delivery-status-sending","$v":"Sending…"},{"$i":"message-delivery-status-delivered","ariaLabel":"Delivered"},{"$i":"message-delivery-status-read","ariaLabel":"Read"},{"$i":"message-delivery-status-error","ariaLabel":"Error"},{"$i":"modal-dialog-ok-button","$v":"OK"},{"$i":"modal-dialog-cancel-button","$v":"Cancel"},{"$i":"modal-dialog-default-title","$v":"Messages"},{"$i":"weekday-0-long","$v":"ਐਤਵਾਰ"},{"$i":"weekday-1-long","$v":"ਸੋਮਵਾਰ"},{"$i":"weekday-2-long","$v":"ਮੰਗਲਵਾਰ"},{"$i":"weekday-3-long","$v":"ਬੁੱਧਵਾਰ"},{"$i":"weekday-4-long","$v":"ਵੀਰਵਾਰ"},{"$i":"weekday-5-long","$v":"ਸ਼ੁੱਕਰਵਾਰ"},{"$i":"weekday-6-long","$v":"ਸ਼ਨਿੱਚਰਵਾਰ"},{"$i":"weekday-0-short","$v":"ਐਤ"},{"$i":"weekday-1-short","$v":"ਸੋਮ"},{"$i":"weekday-2-short","$v":"ਮੰਗਲ"},{"$i":"weekday-3-short","$v":"ਬੁੱਧ"},{"$i":"weekday-4-short","$v":"ਵੀਰ"},{"$i":"weekday-5-short","$v":"ਸ਼ੁੱਕਰ"},{"$i":"weekday-6-short","$v":"ਸ਼ਨਿੱ"},{"$i":"month-0-long","$v":"ਜਨਵਰੀ"},{"$i":"month-1-long","$v":"ਫਰਵਰੀ"},{"$i":"month-2-long","$v":"ਮਾਰਚ"},{"$i":"month-3-long","$v":"ਅਪਰੈਲ"},{"$i":"month-4-long","$v":"ਮਈ"},{"$i":"month-5-long","$v":"ਜੂਨ"},{"$i":"month-6-long","$v":"ਜੁਲਾਈ"},{"$i":"month-7-long","$v":"ਅਗਸਤ"},{"$i":"month-8-long","$v":"ਸਤੰਬਰ"},{"$i":"month-9-long","$v":"ਅਕਤੂਬਰ"},{"$i":"month-10-long","$v":"ਨਵੰਬਰ"},{"$i":"month-11-long","$v":"ਦਸੰਬਰ"},{"$i":"month-0-genitive","$v":"ਜਨਵਰੀ"},{"$i":"month-1-genitive","$v":"ਫਰਵਰੀ"},{"$i":"month-2-genitive","$v":"ਮਾਰਚ"},{"$i":"month-3-genitive","$v":"ਅਪਰੈਲ"},{"$i":"month-4-genitive","$v":"ਮਈ"},{"$i":"month-5-genitive","$v":"ਜੂਨ"},{"$i":"month-6-genitive","$v":"ਜੁਲਾਈ"},{"$i":"month-7-genitive","$v":"ਅਗਸਤ"},{"$i":"month-8-genitive","$v":"ਸਤੰਬਰ"},{"$i":"month-9-genitive","$v":"ਅਕਤੂਬਰ"},{"$i":"month-10-genitive","$v":"ਨਵੰਬਰ"},{"$i":"month-11-genitive","$v":"ਦਸੰਬਰ"},{"$i":"month-0-short","$v":"ਜਨ"},{"$i":"month-1-short","$v":"ਫਰ"},{"$i":"month-2-short","$v":"ਮਾਰ"},{"$i":"month-3-short","$v":"ਅਪ"},{"$i":"month-4-short","$v":"ਮਈ"},{"$i":"month-5-short","$v":"ਜੂਨ"},{"$i":"month-6-short","$v":"ਜੁਲਾ"},{"$i":"month-7-short","$v":"ਅਗ"},{"$i":"month-8-short","$v":"ਸਤੰ"},{"$i":"month-9-short","$v":"ਅਕਤੂ"},{"$i":"month-10-short","$v":"ਨਵੰ"},{"$i":"month-11-short","$v":"ਦਸੰ"},{"$i":"minutes-ago-long","$v":{"zero":"ਹੁਣੇ ਹੀਂ","one":"ਮਿੰਟ ਕੁ ਪਹਿਲਾਂ","two":[{"t":"idOrVar","v":"value"}," ਮਿੰਟ ਪਹਿਲਾਂ"],"few":[{"t":"idOrVar","v":"value"}," ਮਿੰਟ ਪਹਿਲਾਂ"],"many":[{"t":"idOrVar","v":"value"}," ਮਿੰਟ ਪਹਿਲਾਂ"],"other":[{"t":"idOrVar","v":"value"},"  ਮਿੰਟ ਪਹਿਲਾਂ"]},"$x":[{"t":"idOrVar","v":"plural"},"value"]},{"$i":"hours-ago-long","$v":{"zero":"ਹੁਣੇ ਹੀ","one":"ਘੰਟਾ ਪਹਿਲਾਂ","two":[{"t":"idOrVar","v":"value"}," ਘੰਟੇ ਪਹਿਲਾਂ"],"few":[{"t":"idOrVar","v":"value"}," ਘੰਟੇ ਪਹਿਲਾਂ"],"many":[{"t":"idOrVar","v":"value"}," ਘੰਟੇ ਪਹਿਲਾਂ"],"other":[{"t":"idOrVar","v":"value"}," ਘੰਟੇ ਪਹਿਲਾਂ"]},"$x":[{"t":"idOrVar","v":"plural"},"value"]},{"$i":"days-ago-long","$v":{"zero":"ਅੱਜ","one":"ਕੱਲ੍ਹ","two":[{"t":"idOrVar","v":"value"}," ਦਿਨ ਪਹਿਲਾਂ"],"few":[{"t":"idOrVar","v":"value"}," ਦਿਨ ਪਹਿਲਾਂ"],"many":[{"t":"idOrVar","v":"value"}," ਦਿਨ ਪਹਿਲਾਂ"],"other":[{"t":"idOrVar","v":"value"}," ਦਿਨ ਪਹਿਲਾਂ"]},"$x":[{"t":"idOrVar","v":"plural"},"value"]},{"$i":"weeks-ago-long","$v":{"zero":"ਇਹ ਹਫ਼ਤੇ","one":"ਪਿਛਲੇ ਹਫ਼ਤੇ","two":[{"t":"idOrVar","v":"value"}," ਹਫ਼ਤੇ ਪਹਿਲਾਂ"],"few":[{"t":"idOrVar","v":"value"}," ਹਫ਼ਤੇ ਪਹਿਲਾਂ"],"many":[{"t":"idOrVar","v":"value"}," ਹਫ਼ਤੇ ਪਹਿਲਾਂ"],"other":[{"t":"idOrVar","v":"value"}," ਹਫ਼ਤੇ ਪਹਿਲਾਂ"]},"$x":[{"t":"idOrVar","v":"plural"},"value"]},{"$i":"months-ago-long","$v":{"zero":"ਇਹ ਮਹੀਨੇ","one":"ਪਿਛਲੇ ਮਹੀਨੇ","two":[{"t":"idOrVar","v":"value"}," ਮਹੀਨੇ ਪਹਿਲਾਂ"],"few":[{"t":"idOrVar","v":"value"}," ਮਹੀਨੇ ਪਹਿਲਾਂ"],"many":[{"t":"idOrVar","v":"value"}," ਮਹੀਨੇ ਪਹਿਲਾਂ"],"other":[{"t":"idOrVar","v":"value"}," ਮਹੀਨੇ ਪਹਿਲਾਂ"]},"$x":[{"t":"idOrVar","v":"plural"},"value"]},{"$i":"years-ago-long","$v":{"zero":"ਇਹ ਸਾਲ","one":"ਪਿਛਲੇ ਸਾਲ","two":[{"t":"idOrVar","v":"value"}," ਸਾਲ ਪਹਿਲਾਂ"],"few":[{"t":"idOrVar","v":"value"}," ਸਾਲ ਪਹਿਲਾਂ"],"many":[{"t":"idOrVar","v":"value"}," ਸਾਲ ਪਹਿਲਾਂ"],"other":[{"t":"idOrVar","v":"value"}," ਸਾਲ ਪਹਿਲਾਂ"]},"$x":[{"t":"idOrVar","v":"plural"},"value"]},{"$i":"minutes-until-long","$v":{"zero":"ਹੁਣ","one":"ਮਿੰਟ ਵਿੱਚ","two":[{"t":"idOrVar","v":"value"}," ਮਿੰਟਾਂ ਵਿੱਚ"],"few":[{"t":"idOrVar","v":"value"}," ਮਿੰਟਾਂ ਵਿੱਚ"],"many":[{"t":"idOrVar","v":"value"}," ਮਿੰਟਾਂ ਵਿੱਚ"],"other":[{"t":"idOrVar","v":"value"}," ਮਿੰਟਾਂ ਵਿੱਚ"]},"$x":[{"t":"idOrVar","v":"plural"},"value"]},{"$i":"hours-until-long","$v":{"zero":"ਹੁਣ","one":"ਇੱਕ ਘੰਟੇ ਵਿੱਚ","two":[{"t":"idOrVar","v":"value"}," ਘੰਟਿਆਂ ਵਿੱਚ"],"few":[{"t":"idOrVar","v":"value"}," ਘੰਟਿਆਂ ਵਿੱਚ"],"many":[{"t":"idOrVar","v":"value"}," ਘੰਟਿਆਂ ਵਿੱਚ"],"other":[{"t":"idOrVar","v":"value"}," ਘੰਟਿਆਂ ਵਿੱਚ"]},"$x":[{"t":"idOrVar","v":"plural"},"value"]},{"$i":"days-until-long","$v":{"zero":"ਅੱਜ","one":"ਭਲਕੇ","two":[{"t":"idOrVar","v":"value"}," ਦਿਨਾਂ ਵਿੱਚ"],"few":[{"t":"idOrVar","v":"value"}," ਦਿਨਾਂ ਵਿੱਚ"],"many":[{"t":"idOrVar","v":"value"}," ਦਿਨਾਂ ਵਿੱਚ"],"other":[{"t":"idOrVar","v":"value"}," ਦਿਨਾਂ ਵਿੱਚ"]},"$x":[{"t":"idOrVar","v":"plural"},"value"]},{"$i":"weeks-until-long","$v":{"zero":"ਇਸ ਹਫ਼ਤੇ","one":"ਅਗਲੇ ਹਫ਼ਤੇ","two":[{"t":"idOrVar","v":"value"}," ਹਫ਼ਤਿਆਂ ਵਿੱਚ"],"few":[{"t":"idOrVar","v":"value"}," ਹਫ਼ਤਿਆਂ ਵਿੱਚ"],"many":[{"t":"idOrVar","v":"value"}," ਹਫ਼ਤਿਆਂ ਵਿੱਚ"],"other":[{"t":"idOrVar","v":"value"}," ਹਫ਼ਤਿਆਂ ਵਿੱਚ"]},"$x":[{"t":"idOrVar","v":"plural"},"value"]},{"$i":"months-until-long","$v":{"zero":"ਇਸ ਮਹੀਨੇ","one":"ਅਗਲੇ ਮਹੀਨੇ","two":[{"t":"idOrVar","v":"value"}," ਮਹੀਨਿਆਂ ਵਿੱਚ"],"few":[{"t":"idOrVar","v":"value"}," ਮਹੀਨਿਆਂ ਵਿੱਚ"],"many":[{"t":"idOrVar","v":"value"}," ਮਹੀਨਿਆਂ ਵਿੱਚ"],"other":[{"t":"idOrVar","v":"value"}," ਮਹੀਨਿਆਂ ਵਿੱਚ"]},"$x":[{"t":"idOrVar","v":"plural"},"value"]},{"$i":"years-until-long","$v":{"zero":"ਇਸ ਸਾਲ","one":"ਅਗਲੇ ਸਾਲ","two":[{"t":"idOrVar","v":"value"}," ਸਾਲਾਂ ਵਿੱਚ"],"few":[{"t":"idOrVar","v":"value"}," ਸਾਲਾਂ ਵਿੱਚ"],"many":[{"t":"idOrVar","v":"value"}," ਸਾਲਾਂ ਵਿੱਚ"],"other":[{"t":"idOrVar","v":"value"}," ਸਾਲਾਂ ਵਿੱਚ"]},"$x":[{"t":"idOrVar","v":"plural"},"value"]},{"$i":"minutes-ago-short","$v":{"zero":"ਹੁਣੇ ਹੀ","other":[{"t":"idOrVar","v":"value"},"ਮਿੰ ਪਹਿਲਾਂ"]},"$x":[{"t":"idOrVar","v":"plural"},"value"]},{"$i":"hours-ago-short","$v":{"zero":"ਹੁਣੇ ਹੀਂ","other":[{"t":"idOrVar","v":"value"},"ਘੰ ਪਹਿਲਾਂ"]},"$x":[{"t":"idOrVar","v":"plural"},"value"]},{"$i":"days-ago-short","$v":{"zero":"ਅੱਜ","other":[{"t":"idOrVar","v":"value"},"ਦਿ ਪਹਿਲਾਂ"]},"$x":[{"t":"idOrVar","v":"plural"},"value"]},{"$i":"minutes-until-short","$v":{"zero":"ਹੁਣ","other":[{"t":"idOrVar","v":"value"},"ਮਿੰ ਵਿੱਚ"]},"$x":[{"t":"idOrVar","v":"plural"},"value"]},{"$i":"hours-until-short","$v":{"zero":"ਹੁਣ","other":[{"t":"idOrVar","v":"value"},"ਘੰ ਵਿੱਚ"]},"$x":[{"t":"idOrVar","v":"plural"},"value"]},{"$i":"days-until-short","$v":{"zero":"ਅੱਜ","other":[{"t":"idOrVar","v":"value"},"ਦਿ ਵਿੱਚ"]},"$x":[{"t":"idOrVar","v":"plural"},"value"]},{"$i":"dateTimeFormat_%c","$v":"%a %e %b  %Y %I:%M:%S %p"},{"$i":"dateTimeFormat_%x","$v":"%d/%m/%Y"},{"$i":"dateTimeFormat_%X","$v":"%I:%M:%S %p"},{"$i":"shortTimeFormat","$v":"%I:%M %p"},{"$i":"shortTimeFormat12","$v":"%I:%M %p"},{"$i":"shortTimeFormat24","$v":"%H:%M"},{"$i":"shortDateTimeFormat","$v":"%x %I:%M %p"},{"$i":"weekStartsOnMonday","$v":"1"},{"$i":"firstDayOfTheWeek","$v":"0"},{"$i":"time_am","$v":"ਸਵੇਰੇ"},{"$i":"time_pm","$v":"ਸ਼ਾਮ"},{"$i":"gaia-menu-cancel","$v":"ਰੱਦ ਕਰੋ"},{"$i":"gaia-sim-picker-dial-via-with-number","$v":["Dial ",{"t":"idOrVar","v":"phoneNumber"}," via"]},{"$i":"gaia-sim-picker-select-sim","$v":"Select SIM"},{"$i":"gaia-sim-picker-button","$v":["SIM",{"t":"idOrVar","v":"n"}]},{"$i":"gaia-sim-picker-button-default","$v":"(default)"}]