[{"$i":"messages","$v":"Wiadomości"},{"$i":"deleteMessages-title","$v":"Usuwanie"},{"$i":"selectThreads-title","$v":"Wybieranie"},{"$i":"edit","$v":"Edytuj"},{"$i":"back","$v":"Wstecz"},{"$i":"cancel","$v":"Anuluj"},{"$i":"undo","$v":"Cofnij"},{"$i":"done","$v":"Gotowe"},{"$i":"delete","$v":"Usuń"},{"$i":"delete-thread","$v":"Delete thread"},{"$i":"mark-as-read","$v":"Mark as read"},{"$i":"mark-as-unread","$v":"Mark as unread"},{"$i":"deleting-messages","$v":"Usuwanie…"},{"$i":"select-all","$v":"Zaznacz wszystkie"},{"$i":"deselect-all","$v":"Odznacz wszystkie"},{"$i":"selected-threads","$v":{"zero":"brak zaznaczonych","one":[{"t":"idOrVar","v":"n"}," zaznaczony"],"two":[{"t":"idOrVar","v":"n"}," zaznaczone"],"few":[{"t":"idOrVar","v":"n"}," zaznaczone"],"many":[{"t":"idOrVar","v":"n"}," zaznaczonych"],"other":""},"$x":[{"t":"idOrVar","v":"plural"},"n"]},{"$i":"selected-messages","$v":{"zero":"brak zaznaczonych","one":[{"t":"idOrVar","v":"n"}," zaznaczona"],"two":[{"t":"idOrVar","v":"n"}," zaznaczone"],"few":[{"t":"idOrVar","v":"n"}," zaznaczone"],"many":[{"t":"idOrVar","v":"n"}," zaznaczonych"],"other":""},"$x":[{"t":"idOrVar","v":"plural"},"n"]},{"$i":"selectThreads-label","$v":"Wybierz wątki"},{"$i":"selectMessages-label","$v":"Wybierz wiadomości"},{"$i":"settings","$v":"Ustawienia"},{"$i":"add-subject","$v":"Dodaj temat"},{"$i":"remove-subject","$v":"Usuń temat"},{"$i":"to","$v":"Do:"},{"$i":"new","$v":"Nowa"},{"$i":"message","$v":"Wiadomość"},{"$i":"messagesInput_placeholder","$v":"Treść wiadomości"},{"$i":"messagesSubjectInput_placeholder","$v":"Temat"},{"$i":"converted-to-mms","$v":"Przekształcanie w wiadomość multimedialną."},{"$i":"converted-to-sms","$v":"Przekształcanie w wiadomość tekstową."},{"$i":"messages-max-length-text","$v":"Osiągnięto maksymalną długość."},{"$i":"messages-max-subject-length-text","$v":"Osiągnięto maksymalną długość tematu."},{"$i":"multimedia-message-exceeded-max-length","$v":["Przekroczono maksymalny rozmiar (",{"t":"idOrVar","v":"mmsSize"}," KB) dla pojedynczej wiadmości MMS. Usuń załączniki lub skróć wiadmość, aby ją wysłać."]},{"$i":"newMessage","$v":"Nowa"},{"$i":"sendMessage","$v":"Wyślij wiadomość"},{"$i":"sendMMSToEmail","$v":"Wyślij MMS"},{"$i":"no-recipient","$v":"(brak odbiorcy)"},{"$i":"recipient","$v":{"one":"Jeden odbiorca","two":"Dwóch odbiorców","few":[{"t":"idOrVar","v":"n"}," odbiorców"],"many":[{"t":"idOrVar","v":"n"}," odbiorców"],"other":""},"$x":[{"t":"idOrVar","v":"plural"},"n"]},{"$i":"attachmentSizeB","$v":[{"t":"idOrVar","v":"n"}," B"]},{"$i":"attachmentSizeKB","$v":[{"t":"idOrVar","v":"n"}," KB"]},{"$i":"attachmentSizeMB","$v":[{"t":"idOrVar","v":"n"}," MB"]},{"$i":"attachmentOpenError","$v":"Nie można odnaleźć aplikacji, aby otworzyć ten typ załącznika."},{"$i":"remove","$v":"Usuń"},{"$i":"participant","$v":{"one":"Jeden odbiorca","two":"Dwóch odbiorców","few":[{"t":"idOrVar","v":"n"}," odbiorców"],"many":[{"t":"idOrVar","v":"n"}," odbiorców"],"other":""},"$x":[{"t":"idOrVar","v":"plural"},"n"]},{"$i":"message-report","$v":"Raport wiadomości"},{"$i":"message-type-sms","$v":"Wiadomość SMS"},{"$i":"message-type-mms","$v":"Wiadomość MMS"},{"$i":"sms-report-description","$v":["Wiadomość SMS wysłana ",{"t":"idOrVar","v":"datetime"}]},{"$i":"mms-report-description","$v":["Wiadomość MMS o temacie „",{"t":"idOrVar","v":"subject"},"”, wysłana ",{"t":"idOrVar","v":"datetime"}]},{"$i":"mms-no-subject-report-description","$v":["Wiadomość MMS wysłana ",{"t":"idOrVar","v":"datetime"}]},{"$i":"message-subject","$v":"Temat:"},{"$i":"report-status-error","$v":"Nie można było wysłać wiadomości"},{"$i":"report-status-not-downloaded","$v":"Nie pobrana"},{"$i":"report-status-delivered","$v":"Dostarczona:"},{"$i":"report-status-read","$v":"Odczytana:"},{"$i":"report-status-pending","$v":"Zażądano potwierdzenia"},{"$i":"report-status-rejected","$v":"Wiadomość odrzucona"},{"$i":"message-size-was","$v":"Rozmiar:"},{"$i":"report-dateTimeFormat12","$v":["%e %EB %Y, ",{"t":"idOrVar","v":"shortTimeFormat12"}]},{"$i":"report-dateTimeFormat24","$v":["%e %EB %Y, ",{"t":"idOrVar","v":"shortTimeFormat24"}]},{"$i":"report-to-title","$v":"Do"},{"$i":"report-from-title","$v":"Od"},{"$i":"message-sent","$v":"Wysłana:"},{"$i":"message-sending","$v":"Wysyłanie…"},{"$i":"message-received","$v":"Odebrana:"},{"$i":"message-via","$v":"Poprzez:"},{"$i":"message-resend","$v":"Wyślij ponownie"},{"$i":"search","$v":"Wyszukaj"},{"$i":"unknown-contact-title","$v":"Nieznany kontakt"},{"$i":"phone-type-separator","$v":", "},{"$i":"phone-carrier-separator","$v":" "},{"$i":"thread-participant-separator","$v":", "},{"$i":"replace-draft","$v":"Zastąp istniejący szkic"},{"$i":"save-as-draft","$v":"Zapisz jako szkic"},{"$i":"discard-message","$v":"Usuń"},{"$i":"discard-sms","$v":"Usunąć tę wiadomość?"},{"$i":"discard-new-message","$v":"Usunąć tworzoną właśnie wiadomość i otworzyć nową?"},{"$i":"resend-confirmation","$v":"Wiadomość nie mogła zostać wysłana. Spróbować ponownie?"},{"$i":"resend-message","$v":"Wyślij ponownie"},{"$i":"deleteMessage-confirmation","$v":"Usunąć zaznaczoną wiadomość?"},{"$i":"deleteMessages-confirmation-message","$v":{"zero":"Wybierz wiadomości do usunięcia.","one":"Usunąć zaznaczoną wiadomość?","two":"Usunąć obie zaznaczone wiadomości?","few":["Usunąć ",{"t":"idOrVar","v":"n"}," zaznaczone wiadomości?"],"many":["Usunąć ",{"t":"idOrVar","v":"n"}," zaznaczonych wiadomości?"],"other":""},"$x":[{"t":"idOrVar","v":"plural"},"n"]},{"$i":"deleteThreads-confirmation-message","$v":{"zero":"Wybierz wątki do usunięcia.","one":"Usunąć zaznaczony wątek?","two":"Usunąć oba zaznaczone wątki?","few":["Usunąć ",{"t":"idOrVar","v":"n"}," zaznaczone wątki?"],"many":["Usunąć ",{"t":"idOrVar","v":"n"}," zaznaczonych wąteków?"],"other":""},"$x":[{"t":"idOrVar","v":"plural"},"n"]},{"$i":"new-message-notice-text","$v":"Nowa wiadomość od"},{"$i":"new-message-notice-a-text","$v":"Odczytaj"},{"$i":"noMessages-title","$v":"Brak wiadomości"},{"$i":"noMessages-text","$v":"Pojawią się, gdy zaczniesz je pisać"},{"$i":"sendDefaultErrorTitle","$v":"Wiadomość nie wysłana"},{"$i":"sendDefaultErrorBody","$v":"Wystąpił problem podczas wysyłania wiadomości. Proszę spróbować ponownie."},{"$i":"sendDefaultErrorBtnOk","$v":"OK"},{"$i":"sendMissingSimCardTitle","$v":"Brak karty SIM"},{"$i":"sendMissingSimCardBody","$v":"Włóż kartę SIM, aby kontynuować."},{"$i":"sendMissingSimCardBtnOk","$v":"OK"},{"$i":"sendFlightModeTitle","$v":"Aktywny tryb lotu"},{"$i":"sendFlightModeBody","$v":"Wyłącz tryb lotu, aby wysyłać wiadomości."},{"$i":"sendFlightModeBtnOk","$v":"OK"},{"$i":"radioDisabledToDownloadTitle","$v":"Aktywny tryb lotu"},{"$i":"radioDisabledToDownloadBody","$v":"Wyłącz tryb lotu, aby pobierać załączniki."},{"$i":"radioDisabledToDownloadBtnOk","$v":"OK"},{"$i":"fdnBlocked2Title","$v":"Wybieranie ustalone aktywne"},{"$i":"sms-counter-notice-label","$v":["Rozpoczynanie kolejnej wiadomości SMS (",{"t":"idOrVar","v":"number"},")"]},{"$i":"fdnBlocked2Body","innerHTML":{"$x":[{"t":"idOrVar","v":"plural"},"n"],"$v":{"one":["Wybieranie ustalone jest włączone. Upewnij się, że następujący numer oraz numer centrum SMS znajdują się na liście dozwolonych:<br />",{"t":"idOrVar","v":"numbers"}],"two":["Wybieranie ustalone jest włączone. Upewnij się, że oba następujące numery oraz numer centrum SMS znajdują się na liście dozwolonych:<br />",{"t":"idOrVar","v":"numbers"}],"few":["Wybieranie ustalone jest włączone. Upewnij się, że ",{"t":"idOrVar","v":"n"}," następujące numery oraz numer centrum SMS znajdują się na liście dozwolonych:<br />",{"t":"idOrVar","v":"numbers"}],"many":["Wybieranie ustalone jest włączone. Upewnij się, że ",{"t":"idOrVar","v":"n"}," następujących numerów oraz numer centrum SMS znajdują się na liście dozwolonych:<br />",{"t":"idOrVar","v":"numbers"}],"other":""}}},{"$i":"fdnBlocked2BtnOk","$v":"OK"},{"$i":"switchSimToRetrieveTitle","$v":"Przełącz przesyłanie danych"},{"$i":"switchSimToRetrieveBody","$v":["Przełącz przesyłanie danych na karcie SIM ",{"t":"idOrVar","v":"nonActiveSimId"},", aby odebrać MMS. Bieżący transfer danych na karcie SIM ",{"t":"idOrVar","v":"activeSimId"}," zostanie wstrzymany. Kontynuować mimo to?"]},{"$i":"switchSimToRetrieveBtnOk","$v":"Później"},{"$i":"switchSimToRetrieveConfirm","$v":"OK"},{"$i":"switchSimToSendTitle","$v":"Przełącz przesyłanie danych"},{"$i":"switchSimToSendBody","$v":["Przełącz przesyłanie danych na karcie SIM ",{"t":"idOrVar","v":"nonActiveSimId"},", aby wysłać MMS. Bieżący transfer danych na karcie SIM ",{"t":"idOrVar","v":"activeSimId"}," zostanie wstrzymany. Kontynuować mimo to?"]},{"$i":"switchSimToSendBtnOk","$v":"Później"},{"$i":"switchSimToSendConfirm","$v":"OK"},{"$i":"sendNoSignalErrorTitle","$v":"Brak zasięgu sieci"},{"$i":"sendNoSignalErrorBody","$v":"Upewnij się, że urządzenie jest w zasięgu sieci i spróbuj ponownie."},{"$i":"sendNoSignalErrorBtnOk","$v":"OK"},{"$i":"sendNotFoundErrorTitle","$v":"Nie odnaleziono wiadomości"},{"$i":"sendNotFoundErrorBody","$v":"Wiadomość której szukasz nie jest już dostępna"},{"$i":"sendNotFoundErrorBtnOk","$v":"OK"},{"$i":"sendInvalidAddressErrorTitle","$v":"Nieprawidłowy numer"},{"$i":"sendInvalidAddressErrorBody","$v":"Upewnij się, że numer komórki na którą wysyłasz jest prawidłowy."},{"$i":"sendInvalidAddressErrorBtnOk","$v":"OK"},{"$i":"simNotMatchedErrorTitle","$v":"Błąd pobierania"},{"$i":"simNotMatchedErrorBody","$v":"Upewnij się, że włożona karta SIM jest tą samą, co użyta do odeberania tej wiadomości."},{"$i":"simNotMatchedErrorBtnOk","$v":"OK"},{"$i":"deleted-sms","$v":"Wiadomość została już usunięta"},{"$i":"view-attachment-image","$v":"Wyświetl"},{"$i":"view-attachment-audio","$v":"Odtwórz"},{"$i":"view-attachment-video","$v":"Odtwórz"},{"$i":"view-attachment-other","$v":"Wyświetl"},{"$i":"remove-attachment-image","$v":"Usuń obrazek"},{"$i":"remove-attachment-audio","$v":"Usuń plik audio"},{"$i":"remove-attachment-video","$v":"Usuń plik wideo"},{"$i":"remove-attachment-other","$v":"Usuń załącznik"},{"$i":"replace-attachment-image","$v":"Zmień obrazek"},{"$i":"replace-attachment-audio","$v":"Zmień plik audio"},{"$i":"replace-attachment-video","$v":"Zmień plik wideo"},{"$i":"replace-attachment-other","$v":"Zmień załącznik"},{"$i":"unsent-message-title","$v":"Niewysłana wiadomość"},{"$i":"unsent-message-text","$v":"Poprzednia wiadomość nie została wysłana. Wyrzucić ją i zacząć od nowa?"},{"$i":"unsent-message-option-edit","$v":"Edytuj"},{"$i":"unsent-message-option-discard","$v":"Wyrzuć"},{"$i":"message-options","$v":"Opcje wiadomości"},{"$i":"thread-options","$v":"Thread options"},{"$i":"forward","$v":"Przekaż"},{"$i":"view-message-report","$v":"Wyświetl raport"},{"$i":"select-text","$v":"Zaznacz tekst"},{"$i":"mobile","$v":"Komórka"},{"$i":"home","$v":"Dom"},{"$i":"work","$v":"Praca"},{"$i":"personal","$v":"Prywatny"},{"$i":"faxHome","$v":"Domowy faks"},{"$i":"faxOffice","$v":"Służbowy faks"},{"$i":"faxOther","$v":"Inny faks"},{"$i":"another","$v":"Kolejny"},{"$i":"other","$v":"Inny"},{"$i":"today","$v":"dzisiaj"},{"$i":"yesterday","$v":"wczoraj"},{"$i":"incorrectDate","$v":"(nieprawidłowa data)"},{"$i":"addToExistingContact","$v":"Dodaj do istniejącego kontaktu"},{"$i":"createNewContact","$v":"Utwórz nowy kontakt"},{"$i":"viewContact","$v":"Wyświetl kontakt"},{"$i":"call","$v":"Połącz"},{"$i":"sendEmail","$v":"Wyślij e-mail"},{"$i":"mms-message","$v":"Wiadomość MMS"},{"$i":"notDownloaded-title","$v":"Wiadomość MMS nie została jeszcze pobrana."},{"$i":"tobedownloaded-attachment","$v":["Wiadomość multimedialna. Jej zawartość można pobrać do ",{"t":"idOrVar","v":"date"}," za pomocą poniższego odnośnika."]},{"$i":"expired-attachment","$v":["Upłynął termin ważności wiadomości (",{"t":"idOrVar","v":"date"},") i nie można już jej pobrać."]},{"$i":"download-attachment","$v":"Pobierz"},{"$i":"downloading-attachment","$v":"Pobieranie…"},{"$i":"unnamed-attachment","$v":"Nienazwany załącznik"},{"$i":"mms-label","$v":"MMS"},{"$i":"attached-files-too-large","$v":{"zero":"","one":["Wybrany plik przekracza maksymalny rozmiar (",{"t":"idOrVar","v":"mmsSize"}," KB) pojedynczej wiadomości MMS."],"two":[{"t":"idOrVar","v":"n"}," wybrane pliki przekraczają maksymalny rozmiar (",{"t":"idOrVar","v":"mmsSize"}," KB) pojedynczej wiadomości MMS."],"few":[{"t":"idOrVar","v":"n"}," wybrane pliki przekraczają maksymalny rozmiar (",{"t":"idOrVar","v":"mmsSize"}," KB) pojedynczej wiadomości MMS."],"many":[{"t":"idOrVar","v":"n"}," wybranych plików przekracza maksymalny rozmiar (",{"t":"idOrVar","v":"mmsSize"}," KB) pojedynczej wiadomości MMS."],"other":""},"$x":[{"t":"idOrVar","v":"plural"},"n"]},{"$i":"resize-image","$v":"Zmienianie rozmiaru załączonego zdjęcia"},{"$i":"no-attachment-text","$v":"Wystąpił problem z załączonym plikiem i nie można go pobrać."},{"$i":"message-draft-saved","$v":"Wiadomość zapisana jako szkic"},{"$i":"sim-id-label","$v":["SIM ",{"t":"idOrVar","v":"id"}]},{"$i":"sim-detail","$v":["SIM ",{"t":"idOrVar","v":"id"},", ",{"t":"idOrVar","v":"detailString"}]},{"$i":"dsds-notification-title-with-sim","$v":[{"t":"idOrVar","v":"sender"}," (",{"t":"idOrVar","v":"sim"},")"]},{"$i":"send-button","ariaLabel":"Wyślij"},{"$i":"send-button-sim-indication","$v":[{"t":"idOrVar","v":"n"}],"ariaLabel":["używając karty SIM ",{"t":"idOrVar","v":"n"}]},{"$i":"expiry-date-format","$v":"%d.%m.%Y"},{"$i":"attach-button","ariaLabel":"Dodaj załącznik"},{"$i":"contact-photo","ariaLabel":"Zdjęcie kontaktu"},{"$i":"unread-thread","ariaLabel":"Nieprzeczytane"},{"$i":"has-draft","ariaLabel":"Posiada szkic"},{"$i":"is-draft","ariaLabel":"Szkic"},{"$i":"message-delivery-status-sending","$v":"Wysyłanie…"},{"$i":"message-delivery-status-delivered","ariaLabel":"Dostarczona"},{"$i":"message-delivery-status-read","ariaLabel":"Odczytana"},{"$i":"message-delivery-status-error","ariaLabel":"Błąd"},{"$i":"modal-dialog-ok-button","$v":"OK"},{"$i":"modal-dialog-cancel-button","$v":"Anuluj"},{"$i":"modal-dialog-default-title","$v":"Wiadomości"},{"$i":"weekday-0-long","$v":"Niedziela"},{"$i":"weekday-1-long","$v":"Poniedziałek"},{"$i":"weekday-2-long","$v":"Wtorek"},{"$i":"weekday-3-long","$v":"Środa"},{"$i":"weekday-4-long","$v":"Czwartek"},{"$i":"weekday-5-long","$v":"Piątek"},{"$i":"weekday-6-long","$v":"Sobota"},{"$i":"weekday-0-short","$v":"Nd"},{"$i":"weekday-1-short","$v":"Pn"},{"$i":"weekday-2-short","$v":"Wt"},{"$i":"weekday-3-short","$v":"Śr"},{"$i":"weekday-4-short","$v":"Cz"},{"$i":"weekday-5-short","$v":"Pt"},{"$i":"weekday-6-short","$v":"Sb"},{"$i":"month-0-long","$v":"Styczeń"},{"$i":"month-1-long","$v":"Luty"},{"$i":"month-2-long","$v":"Marzec"},{"$i":"month-3-long","$v":"Kwiecień"},{"$i":"month-4-long","$v":"Maj"},{"$i":"month-5-long","$v":"Czerwiec"},{"$i":"month-6-long","$v":"Lipiec"},{"$i":"month-7-long","$v":"Sierpień"},{"$i":"month-8-long","$v":"Wrzesień"},{"$i":"month-9-long","$v":"Październik"},{"$i":"month-10-long","$v":"Listopad"},{"$i":"month-11-long","$v":"Grudzień"},{"$i":"month-0-genitive","$v":"stycznia"},{"$i":"month-1-genitive","$v":"lutego"},{"$i":"month-2-genitive","$v":"marca"},{"$i":"month-3-genitive","$v":"kwietnia"},{"$i":"month-4-genitive","$v":"maja"},{"$i":"month-5-genitive","$v":"czerwca"},{"$i":"month-6-genitive","$v":"lipca"},{"$i":"month-7-genitive","$v":"sierpnia"},{"$i":"month-8-genitive","$v":"września"},{"$i":"month-9-genitive","$v":"października"},{"$i":"month-10-genitive","$v":"listopada"},{"$i":"month-11-genitive","$v":"grudnia"},{"$i":"month-0-short","$v":"sty"},{"$i":"month-1-short","$v":"lut"},{"$i":"month-2-short","$v":"mar"},{"$i":"month-3-short","$v":"kwi"},{"$i":"month-4-short","$v":"maj"},{"$i":"month-5-short","$v":"cze"},{"$i":"month-6-short","$v":"lip"},{"$i":"month-7-short","$v":"sie"},{"$i":"month-8-short","$v":"wrz"},{"$i":"month-9-short","$v":"paź"},{"$i":"month-10-short","$v":"lis"},{"$i":"month-11-short","$v":"gru"},{"$i":"minutes-ago-long","$v":{"zero":"w tym momencie","one":"przed minutą","two":"dwie minuty temu","few":[{"t":"idOrVar","v":"value"}," minuty temu"],"many":[{"t":"idOrVar","v":"value"}," minut temu"],"other":""},"$x":[{"t":"idOrVar","v":"plural"},"value"]},{"$i":"hours-ago-long","$v":{"zero":"w tej godzinie","one":"godzinę temu","two":"dwie godziny temu","few":[{"t":"idOrVar","v":"value"}," godziny temu"],"many":[{"t":"idOrVar","v":"value"}," godzin temu"],"other":""},"$x":[{"t":"idOrVar","v":"plural"},"value"]},{"$i":"days-ago-long","$v":{"zero":"dzisiaj","one":"wczoraj","two":"przedwczoraj","few":[{"t":"idOrVar","v":"value"}," dni temu"],"many":[{"t":"idOrVar","v":"value"}," dni temu"],"other":""},"$x":[{"t":"idOrVar","v":"plural"},"value"]},{"$i":"weeks-ago-long","$v":{"zero":"w tym tygodniu","one":"w zeszłym tygodniu","two":"dwa tygodnie temu","few":[{"t":"idOrVar","v":"value"}," tygodnie temu"],"many":[{"t":"idOrVar","v":"value"}," tygodni temu"],"other":""},"$x":[{"t":"idOrVar","v":"plural"},"value"]},{"$i":"months-ago-long","$v":{"zero":"w tym miesiącu","one":"w zeszłym miesiącu","two":"dwa miesiące temu","few":[{"t":"idOrVar","v":"value"}," miesiące temu"],"many":[{"t":"idOrVar","v":"value"}," miesięcy temu"],"other":""},"$x":[{"t":"idOrVar","v":"plural"},"value"]},{"$i":"years-ago-long","$v":{"zero":"w tym roku","one":"w zeszłym roku","two":"dwa lata temu","few":[{"t":"idOrVar","v":"value"}," lata temu"],"many":[{"t":"idOrVar","v":"value"}," lat temu"],"other":""},"$x":[{"t":"idOrVar","v":"plural"},"value"]},{"$i":"minutes-until-long","$v":{"zero":"teraz","one":"za minutę","two":"za dwie minuty","few":["za ",{"t":"idOrVar","v":"value"}," minuty"],"many":["za ",{"t":"idOrVar","v":"value"}," minut"],"other":""},"$x":[{"t":"idOrVar","v":"plural"},"value"]},{"$i":"hours-until-long","$v":{"zero":"teraz","one":"za godzinę","two":"za dwie godziny","few":["za ",{"t":"idOrVar","v":"value"}," godziny"],"many":["za ",{"t":"idOrVar","v":"value"}," godzin"],"other":""},"$x":[{"t":"idOrVar","v":"plural"},"value"]},{"$i":"days-until-long","$v":{"zero":"dzisiaj","one":"jutro","two":"za dwa dni","few":["za ",{"t":"idOrVar","v":"value"}," dni"],"many":["za ",{"t":"idOrVar","v":"value"}," dni"],"other":""},"$x":[{"t":"idOrVar","v":"plural"},"value"]},{"$i":"weeks-until-long","$v":{"zero":"w tym tygodniu","one":"w przyszłym tygodniu","two":"za dwa tygodnie","few":["za ",{"t":"idOrVar","v":"value"}," tygodnie"],"many":["za ",{"t":"idOrVar","v":"value"}," tygodni"],"other":""},"$x":[{"t":"idOrVar","v":"plural"},"value"]},{"$i":"months-until-long","$v":{"zero":"w tym miesiącu","one":"w przyszłym miesiącu","two":"za dwa miesiące","few":["za ",{"t":"idOrVar","v":"value"}," miesiące"],"many":["za ",{"t":"idOrVar","v":"value"}," miesięcy"],"other":""},"$x":[{"t":"idOrVar","v":"plural"},"value"]},{"$i":"years-until-long","$v":{"zero":"w tym roku","one":"w przyszłym roku","two":"za dwa lata","few":["za ",{"t":"idOrVar","v":"value"}," lata"],"many":["za ",{"t":"idOrVar","v":"value"}," lat"],"other":""},"$x":[{"t":"idOrVar","v":"plural"},"value"]},{"$i":"minutes-ago-short","$v":{"zero":"teraz","other":[{"t":"idOrVar","v":"value"}," min temu"]},"$x":[{"t":"idOrVar","v":"plural"},"value"]},{"$i":"hours-ago-short","$v":{"zero":"teraz","other":[{"t":"idOrVar","v":"value"}," godz. temu"]},"$x":[{"t":"idOrVar","v":"plural"},"value"]},{"$i":"days-ago-short","$v":{"zero":"dzisiaj","other":[{"t":"idOrVar","v":"value"}," dni temu"]},"$x":[{"t":"idOrVar","v":"plural"},"value"]},{"$i":"minutes-until-short","$v":{"zero":"teraz","other":["za ",{"t":"idOrVar","v":"value"}," min"]},"$x":[{"t":"idOrVar","v":"plural"},"value"]},{"$i":"hours-until-short","$v":{"zero":"teraz","other":["za ",{"t":"idOrVar","v":"value"}," godz."]},"$x":[{"t":"idOrVar","v":"plural"},"value"]},{"$i":"days-until-short","$v":{"zero":"dzisiaj","other":["za ",{"t":"idOrVar","v":"value"}," dni"]},"$x":[{"t":"idOrVar","v":"plural"},"value"]},{"$i":"dateTimeFormat_%c","$v":"%a, %e %b %Y, %H:%M:%S"},{"$i":"dateTimeFormat_%x","$v":"%e.%m.%Y"},{"$i":"dateTimeFormat_%X","$v":"%H:%M:%S"},{"$i":"shortTimeFormat","$v":"%H:%M"},{"$i":"shortTimeFormat12","$v":"%I:%M a.m."},{"$i":"shortTimeFormat24","$v":"%H:%M"},{"$i":"shortDateTimeFormat","$v":"%x %H:%M"},{"$i":"weekStartsOnMonday","$v":"1"},{"$i":"firstDayOfTheWeek","$v":"1"},{"$i":"time_am","$v":"a.m."},{"$i":"time_pm","$v":"p.m."},{"$i":"gaia-menu-cancel","$v":"Anuluj"},{"$i":"gaia-sim-picker-dial-via-with-number","$v":["Zadzwoń na numer ",{"t":"idOrVar","v":"phoneNumber"}," używając karty"]},{"$i":"gaia-sim-picker-select-sim","$v":"Wybierz kartę SIM"},{"$i":"gaia-sim-picker-button","$v":["SIM ",{"t":"idOrVar","v":"n"}]},{"$i":"gaia-sim-picker-button-default","$v":"(domyślna)"}]