[{"$i":"messages","$v":"Mensagens"},{"$i":"deleteMessages-title","$v":"Apagar mensagens"},{"$i":"selectThreads-title","$v":"Selecionar"},{"$i":"edit","$v":"Editar"},{"$i":"back","$v":"Voltar"},{"$i":"cancel","$v":"Cancelar"},{"$i":"undo","$v":"Desfazer"},{"$i":"done","$v":"Concluído"},{"$i":"delete","$v":"Apagar"},{"$i":"delete-thread","$v":"Delete thread"},{"$i":"mark-as-read","$v":"Mark as read"},{"$i":"mark-as-unread","$v":"Mark as unread"},{"$i":"deleting-messages","$v":"Apagando…"},{"$i":"select-all","$v":"Sel. todas"},{"$i":"deselect-all","$v":"Des. todas"},{"$i":"selected-threads","$v":{"zero":"nenhum selecionado","one":[{"t":"idOrVar","v":"n"}," selecionado"],"two":[{"t":"idOrVar","v":"n"}," selecionados"],"few":[{"t":"idOrVar","v":"n"}," selecionados"],"many":[{"t":"idOrVar","v":"n"}," selecionados"],"other":[{"t":"idOrVar","v":"n"}," selecionados"]},"$x":[{"t":"idOrVar","v":"plural"},"n"]},{"$i":"selected-messages","$v":{"zero":"Nenhum selecionado","one":[{"t":"idOrVar","v":"n"}," selecionado"],"two":[{"t":"idOrVar","v":"n"}," selecionados"],"few":[{"t":"idOrVar","v":"n"}," selecionados"],"many":[{"t":"idOrVar","v":"n"}," selecionados"],"other":[{"t":"idOrVar","v":"n"}," selecionados"]},"$x":[{"t":"idOrVar","v":"plural"},"n"]},{"$i":"selectThreads-label","$v":"Selecionar Threads"},{"$i":"selectMessages-label","$v":"Selecionar Mensagens"},{"$i":"settings","$v":"Configurações"},{"$i":"add-subject","$v":"Adicionar assunto"},{"$i":"remove-subject","$v":"Remover assunto"},{"$i":"to","$v":"Para:"},{"$i":"new","$v":"Nova"},{"$i":"message","$v":"Mensagem"},{"$i":"messagesInput_placeholder","$v":"Mensagem"},{"$i":"messagesSubjectInput_placeholder","$v":"Assunto"},{"$i":"converted-to-mms","$v":"Convertendo para mensagem multimídia."},{"$i":"converted-to-sms","$v":"Convertendo para mensagem de texto."},{"$i":"messages-max-length-text","$v":"Você atingiu o tamanho máximo da mensagem."},{"$i":"messages-max-subject-length-text","$v":"Você atingiu o tamanho máximo do assunto."},{"$i":"multimedia-message-exceeded-max-length","$v":["You’ve exceeded the ",{"t":"idOrVar","v":"mmsSize"}," KB size limit of a single multimedia message. Remove attachments or shorten the message to send it."]},{"$i":"newMessage","$v":"Nova mensagem"},{"$i":"sendMessage","$v":"Enviar mensagem"},{"$i":"sendMMSToEmail","$v":"Enviar mensagem multimídia"},{"$i":"no-recipient","$v":"(Sem destinatários)"},{"$i":"recipient","$v":{"one":[{"t":"idOrVar","v":"n"}," destinatário"],"two":[{"t":"idOrVar","v":"n"}," destinatários"],"few":[{"t":"idOrVar","v":"n"}," destinatários"],"many":[{"t":"idOrVar","v":"n"}," destinatários"],"other":[{"t":"idOrVar","v":"n"}," destinatários"]},"$x":[{"t":"idOrVar","v":"plural"},"n"]},{"$i":"attachmentSizeB","$v":[{"t":"idOrVar","v":"n"}," B"]},{"$i":"attachmentSizeKB","$v":[{"t":"idOrVar","v":"n"}," KB"]},{"$i":"attachmentSizeMB","$v":[{"t":"idOrVar","v":"n"}," MB"]},{"$i":"attachmentOpenError","$v":"Não há aplicativos disponíveis para abrir esse tipo de arquivo."},{"$i":"remove","$v":"Remover"},{"$i":"participant","$v":{"one":[{"t":"idOrVar","v":"n"}," participante"],"two":[{"t":"idOrVar","v":"n"}," participantes"],"few":[{"t":"idOrVar","v":"n"}," participantes"],"many":[{"t":"idOrVar","v":"n"}," participantes"],"other":[{"t":"idOrVar","v":"n"}," participantes"]},"$x":[{"t":"idOrVar","v":"plural"},"n"]},{"$i":"message-report","$v":"Relatório de mensagem"},{"$i":"message-type-sms","$v":"Mensagem de Texto (SMS)"},{"$i":"message-type-mms","$v":"Mensagem Multimídia (MMS)"},{"$i":"sms-report-description","$v":["Sua Mensagem de Texto (SMS) foi enviada em ",{"t":"idOrVar","v":"datetime"}]},{"$i":"mms-report-description","$v":["Sua Mensagem Multimídia (MMS) com assunto ",{"t":"idOrVar","v":"subject"}," foi enviada em ",{"t":"idOrVar","v":"datetime"}]},{"$i":"mms-no-subject-report-description","$v":["Sua Mensagem Multimídia (MMS) foi enviada em ",{"t":"idOrVar","v":"datetime"}," "]},{"$i":"message-subject","$v":"Assunto:"},{"$i":"report-status-error","$v":"A mensagem não pôde ser enviada"},{"$i":"report-status-not-downloaded","$v":"não baixado"},{"$i":"report-status-delivered","$v":"Entregue"},{"$i":"report-status-read","$v":"Ler:"},{"$i":"report-status-pending","$v":"Relatório solicitado"},{"$i":"report-status-rejected","$v":"Mensagem rejeitada"},{"$i":"message-size-was","$v":"Tamanho da mensagem"},{"$i":"report-dateTimeFormat12","$v":["%e %B %Y, ",{"t":"idOrVar","v":"shortTimeFormat12"}]},{"$i":"report-dateTimeFormat24","$v":["%e %B %Y, ",{"t":"idOrVar","v":"shortTimeFormat24"}]},{"$i":"report-to-title","$v":"Para"},{"$i":"report-from-title","$v":"De"},{"$i":"message-sent","$v":"Enviado:"},{"$i":"message-sending","$v":[{"t":"idOrVar","v":"message-delivery-status-sending"}]},{"$i":"message-received","$v":"Recebido:"},{"$i":"message-via","$v":"Via:"},{"$i":"message-resend","$v":"Reenviar"},{"$i":"search","$v":"Procurar"},{"$i":"unknown-contact-title","$v":"Contato desconhecido"},{"$i":"phone-type-separator","$v":", "},{"$i":"phone-carrier-separator","$v":""},{"$i":"thread-participant-separator","$v":", "},{"$i":"replace-draft","$v":"Substituir rascunho existente"},{"$i":"save-as-draft","$v":"Salvar como Rascunho"},{"$i":"discard-message","$v":"Descartar"},{"$i":"discard-sms","$v":"Tem certeza de que deseja descartar esta mensagem?"},{"$i":"discard-new-message","$v":"Descartar a mensagem que você está escrevendo e abrir a nova mensagem?"},{"$i":"resend-confirmation","$v":"A mensagem não pôde ser enviada. Tentar novamente?"},{"$i":"resend-message","$v":"Reenviar esta mensagem"},{"$i":"deleteMessage-confirmation","$v":"Apagar mensagens selecionadas?"},{"$i":"deleteMessages-confirmation-message","$v":{"zero":"Please select messages to be deleted.","one":"Delete selected message?","two":["Delete ",{"t":"idOrVar","v":"n"}," selected messages?"],"few":["Delete ",{"t":"idOrVar","v":"n"}," selected messages?"],"many":["Delete ",{"t":"idOrVar","v":"n"}," selected messages?"],"other":["Delete ",{"t":"idOrVar","v":"n"}," selected messages?"]},"$x":[{"t":"idOrVar","v":"plural"},"n"]},{"$i":"deleteThreads-confirmation-message","$v":{"zero":"Please select message threads to be deleted.","one":"Delete selected message thread?","two":["Delete ",{"t":"idOrVar","v":"n"}," selected message threads?"],"few":["Delete ",{"t":"idOrVar","v":"n"}," selected message threads?"],"many":["Delete ",{"t":"idOrVar","v":"n"}," selected message threads?"],"other":["Delete ",{"t":"idOrVar","v":"n"}," selected message threads?"]},"$x":[{"t":"idOrVar","v":"plural"},"n"]},{"$i":"new-message-notice-text","$v":"Nova mensagem de"},{"$i":"new-message-notice-a-text","$v":"Ler"},{"$i":"noMessages-title","$v":"Nenhuma mensagem"},{"$i":"noMessages-text","$v":"Comece a se comunicar agora"},{"$i":"sendDefaultErrorTitle","$v":"Mensagem não enviada"},{"$i":"sendDefaultErrorBody","$v":"Houve um problema ao enviar a mensagem. Por favor, tente novamente."},{"$i":"sendDefaultErrorBtnOk","$v":"OK"},{"$i":"sendMissingSimCardTitle","$v":"Nenhum cartão SIM detectado"},{"$i":"sendMissingSimCardBody","$v":"Insira um cartão SIM válido para continuar."},{"$i":"sendMissingSimCardBtnOk","$v":"OK"},{"$i":"sendFlightModeTitle","$v":"Modo avião ativado"},{"$i":"sendFlightModeBody","$v":"Desative o modo avião para enviar mensages."},{"$i":"sendFlightModeBtnOk","$v":"OK"},{"$i":"radioDisabledToDownloadTitle","$v":[{"t":"idOrVar","v":"sendFlightModeTitle"}]},{"$i":"radioDisabledToDownloadBody","$v":"Desligue o modo avião para baixar anexos."},{"$i":"radioDisabledToDownloadBtnOk","$v":[{"t":"idOrVar","v":"sendFlightModeBtnOk"}]},{"$i":"fdnBlocked2Title","$v":"FDN ativo"},{"$i":"sms-counter-notice-label","$v":["Editando SMS ",{"t":"idOrVar","v":"number"}]},{"$i":"fdnBlocked2Body","innerHTML":{"$x":[{"t":"idOrVar","v":"plural"},"n"],"$v":{"one":["NDF (Números de Discagem Fixa) está ativado. Tenha certeza que o centro SMS e os destinatário a seguir esteja na sua lista NDF:<br /> ",{"t":"idOrVar","v":"numbers"}],"two":["NDF (Números de Discagem Fixa) está ativado. Tenha certeza que o centro SMS e os destinatários a seguir estejam na sua lista NDF:<br /> ",{"t":"idOrVar","v":"numbers"}],"few":["NDF (Números de Discagem Fixa) está ativado. Tenha certeza que o centro SMS e os destinatários a seguir estejam na sua lista NDF:<br /> ",{"t":"idOrVar","v":"numbers"}],"many":["NDF (Números de Discagem Fixa) está ativado. Tenha certeza que o centro SMS e os destinatários a seguir estejam na sua lista NDF: <br /> ",{"t":"idOrVar","v":"numbers"}],"other":["NDF (Números de Discagem Fixa) está ativado. Tenha certeza que o centro SMS e os destinatários a seguir estejam na sua lista NDF: <br /> ",{"t":"idOrVar","v":"numbers"}]}}},{"$i":"fdnBlocked2BtnOk","$v":"OK"},{"$i":"switchSimToRetrieveTitle","$v":"Alternar conexão de dados"},{"$i":"switchSimToRetrieveBody","$v":["Alterne a conexão de dados para o chip SIM ",{"t":"idOrVar","v":"nonActiveSimId"}," para reenviar o MMS. O estado atual da transferência no chip SIM ",{"t":"idOrVar","v":"activeSimId"}," será abandonado. Continuar?"]},{"$i":"switchSimToRetrieveBtnOk","$v":"Mais tarde"},{"$i":"switchSimToRetrieveConfirm","$v":"OK"},{"$i":"switchSimToSendTitle","$v":[{"t":"idOrVar","v":"switchSimToRetrieveTitle"}]},{"$i":"switchSimToSendBody","$v":["Alterne a conexão de dados para o chip SIM ",{"t":"idOrVar","v":"nonActiveSimId"}," para reenviar o MMS. O estado atual da transferência no chip SIM ",{"t":"idOrVar","v":"activeSimId"}," será abandonado. Continuar?"]},{"$i":"switchSimToSendBtnOk","$v":[{"t":"idOrVar","v":"switchSimToRetrieveBtnOk"}]},{"$i":"switchSimToSendConfirm","$v":[{"t":"idOrVar","v":"switchSimToRetrieveConfirm"}]},{"$i":"sendNoSignalErrorTitle","$v":"Sem acesso à rede"},{"$i":"sendNoSignalErrorBody","$v":"Certifique-se que você tem sinal de rede e tente novamente."},{"$i":"sendNoSignalErrorBtnOk","$v":"OK"},{"$i":"sendNotFoundErrorTitle","$v":"Mensagem não encontrada"},{"$i":"sendNotFoundErrorBody","$v":"A mensagem não está mais disponível."},{"$i":"sendNotFoundErrorBtnOk","$v":"OK"},{"$i":"sendInvalidAddressErrorTitle","$v":"Número inválido"},{"$i":"sendInvalidAddressErrorBody","$v":"Confira se o número que você digitou está correto."},{"$i":"sendInvalidAddressErrorBtnOk","$v":"OK"},{"$i":"simNotMatchedErrorTitle","$v":"Impossível transferir"},{"$i":"simNotMatchedErrorBody","$v":"Por favor garanta que o chip SIM inserido é o que usado para receber essa mensagem."},{"$i":"simNotMatchedErrorBtnOk","$v":"OK"},{"$i":"deleted-sms","$v":"Essa mensagem já foi apagada."},{"$i":"view-attachment-image","$v":"Visualizar"},{"$i":"view-attachment-audio","$v":"Ouvir"},{"$i":"view-attachment-video","$v":"Visualizar"},{"$i":"view-attachment-other","$v":"Visualizar"},{"$i":"remove-attachment-image","$v":"Remover imagem"},{"$i":"remove-attachment-audio","$v":"Remover áudio"},{"$i":"remove-attachment-video","$v":"Remover vídeo"},{"$i":"remove-attachment-other","$v":"Remover anexo"},{"$i":"replace-attachment-image","$v":"Substituir imagem"},{"$i":"replace-attachment-audio","$v":"Substituir áudio"},{"$i":"replace-attachment-video","$v":"Substituir vídeo"},{"$i":"replace-attachment-other","$v":"Substituir anexo"},{"$i":"unsent-message-title","$v":"Mensagem não enviada"},{"$i":"unsent-message-text","$v":"Your previous message was not sent. Do you want to discard the unsent message and continue?"},{"$i":"unsent-message-option-edit","$v":"Editar"},{"$i":"unsent-message-option-discard","$v":"Descartar"},{"$i":"message-options","$v":"Opções da mensagem"},{"$i":"thread-options","$v":"Thread options"},{"$i":"forward","$v":"Encaminhar"},{"$i":"view-message-report","$v":"Ver relatório de mensagens"},{"$i":"select-text","$v":"Select text"},{"$i":"mobile","$v":"Celular"},{"$i":"home","$v":"Residencial"},{"$i":"work","$v":"Profissional"},{"$i":"personal","$v":"Pessoal"},{"$i":"faxHome","$v":"Fax residencial"},{"$i":"faxOffice","$v":"Fax profissional"},{"$i":"faxOther","$v":"Fax (outro)"},{"$i":"another","$v":"Outro"},{"$i":"other","$v":"Outro"},{"$i":"today","$v":"hoje"},{"$i":"yesterday","$v":"ontem"},{"$i":"incorrectDate","$v":"(data incorreta)"},{"$i":"addToExistingContact","$v":"Adicionar a um contato"},{"$i":"createNewContact","$v":"Criar novo contato"},{"$i":"viewContact","$v":"Ver contato"},{"$i":"call","$v":"Chamar"},{"$i":"sendEmail","$v":"Enviar e-mail"},{"$i":"mms-message","$v":"Mensagem MMS"},{"$i":"notDownloaded-title","$v":"A mensagem ainda não foi baixada."},{"$i":"tobedownloaded-attachment","$v":["Você recebeu uma mensagem multimídia. Use o link abaixo para baixar seu conteúdo até ",{"t":"idOrVar","v":"date"},"."]},{"$i":"expired-attachment","$v":["Desculpe, a mensagem expirou em ",{"t":"idOrVar","v":"date"}," e não pode ser baixada."]},{"$i":"download-attachment","$v":"Baixar"},{"$i":"downloading-attachment","$v":"Baixando..."},{"$i":"unnamed-attachment","$v":"sem título"},{"$i":"mms-label","$v":"MMS"},{"$i":"attached-files-too-large","$v":{"zero":["The files you have selected exceed the ",{"t":"idOrVar","v":"mmsSize"}," KB size limit of a single multimedia message."],"one":["The file you have selected exceeds the ",{"t":"idOrVar","v":"mmsSize"}," KB size limit of a single multimedia message."],"two":["The files you have selected exceed the ",{"t":"idOrVar","v":"mmsSize"}," KB size limit of a single multimedia message."],"few":["The files you have selected exceed the ",{"t":"idOrVar","v":"mmsSize"}," KB size limit of a single multimedia message."],"many":["The files you have selected exceed the ",{"t":"idOrVar","v":"mmsSize"}," KB size limit of a single multimedia message."],"other":["The files you have selected exceed the ",{"t":"idOrVar","v":"mmsSize"}," KB size limit of a single multimedia message."]},"$x":[{"t":"idOrVar","v":"plural"},"n"]},{"$i":"resize-image","$v":"Redimensionando a imagem anexada"},{"$i":"no-attachment-text","$v":"Há um problema com o arquivo anexado e ele não pode ser baixado."},{"$i":"message-draft-saved","$v":"Mensagem salva como rascunho"},{"$i":"sim-id-label","$v":["SIM ",{"t":"idOrVar","v":"id"}]},{"$i":"sim-detail","$v":["SIM ",{"t":"idOrVar","v":"id"},", ",{"t":"idOrVar","v":"detailString"}]},{"$i":"dsds-notification-title-with-sim","$v":["(",{"t":"idOrVar","v":"sim"},") ",{"t":"idOrVar","v":"sender"}]},{"$i":"send-button","ariaLabel":"Enviar"},{"$i":"send-button-sim-indication","$v":[{"t":"idOrVar","v":"n"}],"ariaLabel":["Utilizando SIM ",{"t":"idOrVar","v":"n"}]},{"$i":"expiry-date-format","$v":"%A, %b %e"},{"$i":"attach-button","ariaLabel":"Adicionar anexo"},{"$i":"contact-photo","ariaLabel":"Foto de contato"},{"$i":"unread-thread","ariaLabel":"Não lido"},{"$i":"has-draft","ariaLabel":"Tem Rascunho"},{"$i":"is-draft","ariaLabel":"Rascunho"},{"$i":"message-delivery-status-sending","$v":"Enviando..."},{"$i":"message-delivery-status-delivered","ariaLabel":"Entregue"},{"$i":"message-delivery-status-read","ariaLabel":"Ler"},{"$i":"message-delivery-status-error","ariaLabel":"Erro"},{"$i":"modal-dialog-ok-button","$v":"OK"},{"$i":"modal-dialog-cancel-button","$v":"Cancel"},{"$i":"modal-dialog-default-title","$v":"Messages"},{"$i":"weekday-0-long","$v":"Domingo"},{"$i":"weekday-1-long","$v":"Segunda-feira"},{"$i":"weekday-2-long","$v":"Terça-feira"},{"$i":"weekday-3-long","$v":"Quarta-feira"},{"$i":"weekday-4-long","$v":"Quinta-feira"},{"$i":"weekday-5-long","$v":"Sexta-feira"},{"$i":"weekday-6-long","$v":"Sábado"},{"$i":"weekday-0-short","$v":"Dom"},{"$i":"weekday-1-short","$v":"Seg"},{"$i":"weekday-2-short","$v":"Ter"},{"$i":"weekday-3-short","$v":"Qua"},{"$i":"weekday-4-short","$v":"Qui"},{"$i":"weekday-5-short","$v":"Sex"},{"$i":"weekday-6-short","$v":"Sáb"},{"$i":"month-0-long","$v":"Janeiro"},{"$i":"month-1-long","$v":"Fevereiro"},{"$i":"month-2-long","$v":"Março"},{"$i":"month-3-long","$v":"Abril"},{"$i":"month-4-long","$v":"Maio"},{"$i":"month-5-long","$v":"Junho"},{"$i":"month-6-long","$v":"Julho"},{"$i":"month-7-long","$v":"Agosto"},{"$i":"month-8-long","$v":"Setembro"},{"$i":"month-9-long","$v":"Outubro"},{"$i":"month-10-long","$v":"Novembro"},{"$i":"month-11-long","$v":"Dezembro"},{"$i":"month-0-genitive","$v":"Janeiro"},{"$i":"month-1-genitive","$v":"Fevereiro"},{"$i":"month-2-genitive","$v":"Março"},{"$i":"month-3-genitive","$v":"Abril"},{"$i":"month-4-genitive","$v":"Maio"},{"$i":"month-5-genitive","$v":"Junho"},{"$i":"month-6-genitive","$v":"Julho"},{"$i":"month-7-genitive","$v":"Agosto"},{"$i":"month-8-genitive","$v":"Setembro"},{"$i":"month-9-genitive","$v":"Outubro"},{"$i":"month-10-genitive","$v":"Novembro"},{"$i":"month-11-genitive","$v":"Dezembro"},{"$i":"month-0-short","$v":"Jan"},{"$i":"month-1-short","$v":"Fev"},{"$i":"month-2-short","$v":"Mar"},{"$i":"month-3-short","$v":"Abr"},{"$i":"month-4-short","$v":"Mai"},{"$i":"month-5-short","$v":"Jun"},{"$i":"month-6-short","$v":"Jul"},{"$i":"month-7-short","$v":"Ago"},{"$i":"month-8-short","$v":"Set"},{"$i":"month-9-short","$v":"Out"},{"$i":"month-10-short","$v":"Nov"},{"$i":"month-11-short","$v":"Dez"},{"$i":"minutes-ago-long","$v":{"zero":"há pouco","one":"um minuto atrás","two":[{"t":"idOrVar","v":"value"}," minutos atrás"],"few":[{"t":"idOrVar","v":"value"}," minutos atrás"],"many":[{"t":"idOrVar","v":"value"}," minutos atrás"],"other":[{"t":"idOrVar","v":"value"}," minutos atrás"]},"$x":[{"t":"idOrVar","v":"plural"},"value"]},{"$i":"hours-ago-long","$v":{"zero":"há pouco","one":"uma hora atrás","two":[{"t":"idOrVar","v":"value"}," horas atrás"],"few":[{"t":"idOrVar","v":"value"}," horas atrás"],"many":[{"t":"idOrVar","v":"value"}," horas atrás"],"other":[{"t":"idOrVar","v":"value"}," horas atrás"]},"$x":[{"t":"idOrVar","v":"plural"},"value"]},{"$i":"days-ago-long","$v":{"zero":"hoje","one":"ontem","two":[{"t":"idOrVar","v":"value"}," dias atrás"],"few":[{"t":"idOrVar","v":"value"}," dias atrás"],"many":[{"t":"idOrVar","v":"value"}," dias atrás"],"other":[{"t":"idOrVar","v":"value"}," dias atrás"]},"$x":[{"t":"idOrVar","v":"plural"},"value"]},{"$i":"weeks-ago-long","$v":{"zero":"esta semana","one":"semana passada","two":[{"t":"idOrVar","v":"value"}," semanas atrás"],"few":[{"t":"idOrVar","v":"value"}," semanas atrás"],"many":[{"t":"idOrVar","v":"value"}," semanas atrás"],"other":[{"t":"idOrVar","v":"value"}," semanas atrás"]},"$x":[{"t":"idOrVar","v":"plural"},"value"]},{"$i":"months-ago-long","$v":{"zero":"este mês","one":"mês passado","two":[{"t":"idOrVar","v":"value"}," meses atrás"],"few":[{"t":"idOrVar","v":"value"}," meses atrás"],"many":[{"t":"idOrVar","v":"value"}," meses atrás"],"other":[{"t":"idOrVar","v":"value"}," meses atrás"]},"$x":[{"t":"idOrVar","v":"plural"},"value"]},{"$i":"years-ago-long","$v":{"zero":"este ano","one":"ano passado","two":[{"t":"idOrVar","v":"value"}," anos atrás"],"few":[{"t":"idOrVar","v":"value"}," anos atrás"],"many":[{"t":"idOrVar","v":"value"}," anos atrás"],"other":[{"t":"idOrVar","v":"value"}," anos atrás"]},"$x":[{"t":"idOrVar","v":"plural"},"value"]},{"$i":"minutes-until-long","$v":{"zero":"agora","one":"em um minuto","two":["em ",{"t":"idOrVar","v":"value"}," minutos"],"few":["em ",{"t":"idOrVar","v":"value"}," minutos"],"many":["em ",{"t":"idOrVar","v":"value"}," minutos"],"other":["em ",{"t":"idOrVar","v":"value"}," minutos"]},"$x":[{"t":"idOrVar","v":"plural"},"value"]},{"$i":"hours-until-long","$v":{"zero":"agora","one":"em uma hora","two":["em ",{"t":"idOrVar","v":"value"}," horas"],"few":["em ",{"t":"idOrVar","v":"value"}," horas"],"many":["em ",{"t":"idOrVar","v":"value"}," horas"],"other":["em ",{"t":"idOrVar","v":"value"}," horas"]},"$x":[{"t":"idOrVar","v":"plural"},"value"]},{"$i":"days-until-long","$v":{"zero":"hoje","one":"amanhã","two":["em ",{"t":"idOrVar","v":"value"}," dias"],"few":["em ",{"t":"idOrVar","v":"value"}," dias"],"many":["em ",{"t":"idOrVar","v":"value"}," dias"],"other":["em ",{"t":"idOrVar","v":"value"}," dias"]},"$x":[{"t":"idOrVar","v":"plural"},"value"]},{"$i":"weeks-until-long","$v":{"zero":"esta semana","one":"semana que vem","two":["em ",{"t":"idOrVar","v":"value"}," semanas"],"few":["em ",{"t":"idOrVar","v":"value"}," semanas"],"many":["em ",{"t":"idOrVar","v":"value"}," semanas"],"other":["em ",{"t":"idOrVar","v":"value"}," semanas"]},"$x":[{"t":"idOrVar","v":"plural"},"value"]},{"$i":"months-until-long","$v":{"zero":"este mês","one":"mês que vem","two":["em ",{"t":"idOrVar","v":"value"}," meses"],"few":["em ",{"t":"idOrVar","v":"value"}," meses"],"many":["em ",{"t":"idOrVar","v":"value"}," meses"],"other":["em ",{"t":"idOrVar","v":"value"}," meses"]},"$x":[{"t":"idOrVar","v":"plural"},"value"]},{"$i":"years-until-long","$v":{"zero":"este ano","one":"ano que vem","two":["em ",{"t":"idOrVar","v":"value"}," anos"],"few":["em ",{"t":"idOrVar","v":"value"}," anos"],"many":["em ",{"t":"idOrVar","v":"value"}," anos"],"other":["em ",{"t":"idOrVar","v":"value"}," anos"]},"$x":[{"t":"idOrVar","v":"plural"},"value"]},{"$i":"minutes-ago-short","$v":{"zero":"há pouco","other":[{"t":"idOrVar","v":"value"},"min atrás"]},"$x":[{"t":"idOrVar","v":"plural"},"value"]},{"$i":"hours-ago-short","$v":{"zero":"há pouco","other":[{"t":"idOrVar","v":"value"},"h atrás"]},"$x":[{"t":"idOrVar","v":"plural"},"value"]},{"$i":"days-ago-short","$v":{"zero":"hoje","other":[{"t":"idOrVar","v":"value"},"d atrás"]},"$x":[{"t":"idOrVar","v":"plural"},"value"]},{"$i":"minutes-until-short","$v":{"zero":"agora","other":["em ",{"t":"idOrVar","v":"value"},"min"]},"$x":[{"t":"idOrVar","v":"plural"},"value"]},{"$i":"hours-until-short","$v":{"zero":"agora","other":["em ",{"t":"idOrVar","v":"value"},"h"]},"$x":[{"t":"idOrVar","v":"plural"},"value"]},{"$i":"days-until-short","$v":{"zero":"hoje","other":["em ",{"t":"idOrVar","v":"value"},"d"]},"$x":[{"t":"idOrVar","v":"plural"},"value"]},{"$i":"dateTimeFormat_%c","$v":"%A, %e de %B de %Y %H h %M min %S s"},{"$i":"dateTimeFormat_%x","$v":"%d/%m/%Y"},{"$i":"dateTimeFormat_%X","$v":"%H h %M min %S s"},{"$i":"shortTimeFormat","$v":"%H:%M"},{"$i":"shortTimeFormat12","$v":"%I:%M %p"},{"$i":"shortTimeFormat24","$v":"%H:%M"},{"$i":"shortDateTimeFormat","$v":"%x %H:%M"},{"$i":"weekStartsOnMonday","$v":"0"},{"$i":"firstDayOfTheWeek","$v":"0"},{"$i":"time_am","$v":"AM"},{"$i":"time_pm","$v":"PM"},{"$i":"gaia-menu-cancel","$v":"Cancelar"},{"$i":"gaia-sim-picker-dial-via-with-number","$v":["Discar ",{"t":"idOrVar","v":"phoneNumber"}," via"]},{"$i":"gaia-sim-picker-select-sim","$v":"Selecionar SIM"},{"$i":"gaia-sim-picker-button","$v":["SIM",{"t":"idOrVar","v":"n"}]},{"$i":"gaia-sim-picker-button-default","$v":"(padrão)"}]