[{"$i":"messages","$v":"Messages"},{"$i":"deleteMessages-title","$v":"Șterge mesaje"},{"$i":"selectThreads-title","$v":"Select"},{"$i":"edit","$v":"Editează"},{"$i":"back","$v":"Înapoi"},{"$i":"cancel","$v":"Cancel"},{"$i":"undo","$v":"Revocă acțiunea"},{"$i":"done","$v":"Gata"},{"$i":"delete","$v":"Șterge"},{"$i":"delete-thread","$v":"Delete thread"},{"$i":"mark-as-read","$v":"Mark as read"},{"$i":"mark-as-unread","$v":"Mark as unread"},{"$i":"deleting-messages","$v":"Se șterge…"},{"$i":"select-all","$v":"Selectează tot"},{"$i":"deselect-all","$v":"Deselectează tot"},{"$i":"selected-threads","$v":{"one":[{"t":"idOrVar","v":"n"}," selectat"],"two":[{"t":"idOrVar","v":"n"}," selectate"],"few":[{"t":"idOrVar","v":"n"}," selectate"],"many":[{"t":"idOrVar","v":"n"}," selectate"],"other":[{"t":"idOrVar","v":"n"}," selectate"]},"$x":[{"t":"idOrVar","v":"plural"},"n"]},{"$i":"selected-messages","$v":{"one":[{"t":"idOrVar","v":"n"}," selectat"],"two":[{"t":"idOrVar","v":"n"}," selectate"],"few":[{"t":"idOrVar","v":"n"}," selectate"],"many":[{"t":"idOrVar","v":"n"}," selectate"],"other":[{"t":"idOrVar","v":"n"}," selectate"]},"$x":[{"t":"idOrVar","v":"plural"},"n"]},{"$i":"selectThreads-label","$v":"Select Threads"},{"$i":"selectMessages-label","$v":"Select Messages"},{"$i":"settings","$v":"Setări"},{"$i":"add-subject","$v":"Adaugă subiect"},{"$i":"remove-subject","$v":"Elimină subiectul"},{"$i":"to","$v":"Către:"},{"$i":"new","$v":"Nou"},{"$i":"message","$v":"Mesaj"},{"$i":"messagesInput_placeholder","$v":"Message"},{"$i":"messagesSubjectInput_placeholder","$v":"Subiect:"},{"$i":"converted-to-mms","$v":"Convertire la mesaj multimedia."},{"$i":"converted-to-sms","$v":"Convertire la mesaj text."},{"$i":"messages-max-length-text","$v":"Ai atins lungimea maximă."},{"$i":"messages-max-subject-length-text","$v":"Lungimea maximă a subiectului atinsă."},{"$i":"multimedia-message-exceeded-max-length","$v":["You’ve exceeded the ",{"t":"idOrVar","v":"mmsSize"}," KB size limit of a single multimedia message. Remove attachments or shorten the message to send it."]},{"$i":"newMessage","$v":"Mesaj nou"},{"$i":"sendMessage","$v":"Trimite mesaj"},{"$i":"sendMMSToEmail","$v":"Send multimedia message"},{"$i":"no-recipient","$v":"(Niciun destinatar)"},{"$i":"recipient","$v":{"one":[{"t":"idOrVar","v":"n"}," destinatar"],"two":[{"t":"idOrVar","v":"n"}," destinatari"],"few":[{"t":"idOrVar","v":"n"}," destinatari"],"many":[{"t":"idOrVar","v":"n"}," destinatari"],"other":[{"t":"idOrVar","v":"n"}," destinatari"]},"$x":[{"t":"idOrVar","v":"plural"},"n"]},{"$i":"attachmentSizeB","$v":[{"t":"idOrVar","v":"n"}," B"]},{"$i":"attachmentSizeKB","$v":[{"t":"idOrVar","v":"n"}," KB"]},{"$i":"attachmentSizeMB","$v":[{"t":"idOrVar","v":"n"}," MB"]},{"$i":"attachmentOpenError","$v":"Nu există aplicație disponibilă pentru a deschide acest tip de fișier."},{"$i":"remove","$v":"Elimină"},{"$i":"participant","$v":{"one":[{"t":"idOrVar","v":"n"}," participant"],"two":[{"t":"idOrVar","v":"n"}," participanți"],"few":[{"t":"idOrVar","v":"n"}," participanți"],"many":[{"t":"idOrVar","v":"n"}," participanți"],"other":[{"t":"idOrVar","v":"n"}," participanți"]},"$x":[{"t":"idOrVar","v":"plural"},"n"]},{"$i":"message-report","$v":"Raport de mesaj"},{"$i":"message-type-sms","$v":"Mesaj text (SMS)"},{"$i":"message-type-mms","$v":"Mesaj multimedia (MMS)"},{"$i":"sms-report-description","$v":["Mesajul tău text (SMS) a fost trimis în ",{"t":"idOrVar","v":"datetime"}]},{"$i":"mms-report-description","$v":["Mesajul tău multimedia (MMS) cu subiectul ",{"t":"idOrVar","v":"subject"}," a fost trimis în ",{"t":"idOrVar","v":"datetime"}]},{"$i":"mms-no-subject-report-description","$v":["Mesajul tău multimedia (MMS) a fost trimis în ",{"t":"idOrVar","v":"datetime"}]},{"$i":"message-subject","$v":"Subject:"},{"$i":"report-status-error","$v":"Message could not be sent"},{"$i":"report-status-not-downloaded","$v":"nedescărcat"},{"$i":"report-status-delivered","$v":"Livrat:"},{"$i":"report-status-read","$v":"Citit:"},{"$i":"report-status-pending","$v":"Report requested"},{"$i":"report-status-rejected","$v":"Message rejected"},{"$i":"message-size-was","$v":"Mărimea mesajului:"},{"$i":"report-dateTimeFormat12","$v":["%e %B %Y, ",{"t":"idOrVar","v":"shortTimeFormat12"}]},{"$i":"report-dateTimeFormat24","$v":["%e %B %Y, ",{"t":"idOrVar","v":"shortTimeFormat24"}]},{"$i":"report-to-title","$v":"To"},{"$i":"report-from-title","$v":"From"},{"$i":"message-sent","$v":"Trimis:"},{"$i":"message-sending","$v":[{"t":"idOrVar","v":"message-delivery-status-sending"}]},{"$i":"message-received","$v":"Primit:"},{"$i":"message-via","$v":"Via:"},{"$i":"message-resend","$v":"Resend"},{"$i":"search","$v":"Caută"},{"$i":"unknown-contact-title","$v":"Unknown Contact"},{"$i":"phone-type-separator","$v":", "},{"$i":"phone-carrier-separator","$v":" "},{"$i":"thread-participant-separator","$v":", "},{"$i":"replace-draft","$v":"Înlocuiește mesajul nefinalizat existent"},{"$i":"save-as-draft","$v":"Salvează ca mesaj nefinalizat"},{"$i":"discard-message","$v":"Înlătură"},{"$i":"discard-sms","$v":"Sigur dorești să înlături acest mesaj?"},{"$i":"discard-new-message","$v":"Înlături mesajul pe care îl compui și deschizi un mesaj nou?"},{"$i":"resend-confirmation","$v":"Mesajul nu a putut fi trimis. Reîncerci?"},{"$i":"resend-message","$v":"Retrimite acest mesaj"},{"$i":"deleteMessage-confirmation","$v":"Ștergi mesajul selectat?"},{"$i":"deleteMessages-confirmation-message","$v":{"zero":"Please select messages to be deleted.","one":"Delete selected message?","two":["Delete ",{"t":"idOrVar","v":"n"}," selected messages?"],"few":["Delete ",{"t":"idOrVar","v":"n"}," selected messages?"],"many":["Delete ",{"t":"idOrVar","v":"n"}," selected messages?"],"other":["Delete ",{"t":"idOrVar","v":"n"}," selected messages?"]},"$x":[{"t":"idOrVar","v":"plural"},"n"]},{"$i":"deleteThreads-confirmation-message","$v":{"zero":"Please select message threads to be deleted.","one":"Delete selected message thread?","two":["Delete ",{"t":"idOrVar","v":"n"}," selected message threads?"],"few":["Delete ",{"t":"idOrVar","v":"n"}," selected message threads?"],"many":["Delete ",{"t":"idOrVar","v":"n"}," selected message threads?"],"other":["Delete ",{"t":"idOrVar","v":"n"}," selected message threads?"]},"$x":[{"t":"idOrVar","v":"plural"},"n"]},{"$i":"new-message-notice-text","$v":"Mesaj nou de la"},{"$i":"new-message-notice-a-text","$v":"Citește-l"},{"$i":"noMessages-title","$v":"Niciun mesaj"},{"$i":"noMessages-text","$v":"Începe comunicarea acum"},{"$i":"sendDefaultErrorTitle","$v":"Message not sent"},{"$i":"sendDefaultErrorBody","$v":"There was a problem sending the message. Please try again."},{"$i":"sendDefaultErrorBtnOk","$v":"Ok"},{"$i":"sendMissingSimCardTitle","$v":"Cartelă SIM lipsă"},{"$i":"sendMissingSimCardBody","$v":"Inserează o cartelă SIM validă pentru a continua."},{"$i":"sendMissingSimCardBtnOk","$v":"Ok"},{"$i":"sendFlightModeTitle","$v":"Mod avion activat"},{"$i":"sendFlightModeBody","$v":"Oprește modul avion pentru a trimite mesaje."},{"$i":"sendFlightModeBtnOk","$v":"Ok"},{"$i":"radioDisabledToDownloadTitle","$v":[{"t":"idOrVar","v":"sendFlightModeTitle"}]},{"$i":"radioDisabledToDownloadBody","$v":"Turn off airplane mode to download attachments."},{"$i":"radioDisabledToDownloadBtnOk","$v":[{"t":"idOrVar","v":"sendFlightModeBtnOk"}]},{"$i":"fdnBlocked2Title","$v":"FDN activ"},{"$i":"sms-counter-notice-label","$v":["Editing SMS ",{"t":"idOrVar","v":"number"}]},{"$i":"fdnBlocked2Body","innerHTML":{"$x":[{"t":"idOrVar","v":"plural"},"n"],"$v":{"one":["FDN (Numere de apelare fixă) este activat. Asigură-te că centrul de SMS-uri și următorii destinatari sunt în lista FDN:<br />",{"t":"idOrVar","v":"numbers"}],"two":["FDN (Numere de apelare fixă) este activat. Asigură-te că centrul de SMS-uri și următorii destinatari sunt în lista FDN:<br />",{"t":"idOrVar","v":"numbers"}],"few":["FDN (Numere de apelare fixă) este activat. Asigură-te că centrul de SMS-uri și următorii destinatari sunt în lista FDN:<br />",{"t":"idOrVar","v":"numbers"}],"many":["FDN (Numere de apelare fixă) este activat. Asigură-te că centrul de SMS-uri și următorii destinatari sunt în lista FDN:<br />",{"t":"idOrVar","v":"numbers"}],"other":["FDN (Numere de apelare fixă) este activat. Asigură-te că centrul de SMS-uri și următorii destinatari sunt în lista FDN:<br />",{"t":"idOrVar","v":"numbers"}]}}},{"$i":"fdnBlocked2BtnOk","$v":"Ok"},{"$i":"switchSimToRetrieveTitle","$v":"Comută conexiunea de date"},{"$i":"switchSimToRetrieveBody","$v":["Comută conexiunea de date la SIM ",{"t":"idOrVar","v":"nonActiveSimId"}," pentru a prelua MMS. Transferul de date actual pe SIM ",{"t":"idOrVar","v":"activeSimId"}," va fi suspendat. Continui oricum?"]},{"$i":"switchSimToRetrieveBtnOk","$v":"Mai târziu"},{"$i":"switchSimToRetrieveConfirm","$v":"Ok"},{"$i":"switchSimToSendTitle","$v":[{"t":"idOrVar","v":"switchSimToRetrieveTitle"}]},{"$i":"switchSimToSendBody","$v":["Comută conexiunea de date la SIM ",{"t":"idOrVar","v":"nnonActiveSimId"}," pentru a trimite MMS. Transferul de date actual pe SIM ",{"t":"idOrVar","v":"activeSimId"}," va fi suspendat. Continui oricum?"]},{"$i":"switchSimToSendBtnOk","$v":[{"t":"idOrVar","v":"switchSimToRetrieveBtnOk"}]},{"$i":"switchSimToSendConfirm","$v":[{"t":"idOrVar","v":"switchSimToRetrieveConfirm"}]},{"$i":"sendNoSignalErrorTitle","$v":"Fără acoperire de rețea"},{"$i":"sendNoSignalErrorBody","$v":"Asigură-te că ai semnal la telefon și încearcă din nou."},{"$i":"sendNoSignalErrorBtnOk","$v":"Ok"},{"$i":"sendNotFoundErrorTitle","$v":"Mesaj negăsit"},{"$i":"sendNotFoundErrorBody","$v":"Mesajul pe care îl cauți nu mai este disponibil."},{"$i":"sendNotFoundErrorBtnOk","$v":"Ok"},{"$i":"sendInvalidAddressErrorTitle","$v":"Număr invalid"},{"$i":"sendInvalidAddressErrorBody","$v":"Asigură-te că numărul de telefon la care trimiți este valid."},{"$i":"sendInvalidAddressErrorBtnOk","$v":"Ok"},{"$i":"simNotMatchedErrorTitle","$v":"Unable to download"},{"$i":"simNotMatchedErrorBody","$v":"Please make sure the SIM card inserted is the one used to receive this message."},{"$i":"simNotMatchedErrorBtnOk","$v":"Ok"},{"$i":"deleted-sms","$v":"Acest mesaj a fost șters deja."},{"$i":"view-attachment-image","$v":"Vezi"},{"$i":"view-attachment-audio","$v":"Ascultă"},{"$i":"view-attachment-video","$v":"Vezi"},{"$i":"view-attachment-other","$v":"Vezi"},{"$i":"remove-attachment-image","$v":"Elimină imaginea"},{"$i":"remove-attachment-audio","$v":"Elimină audio"},{"$i":"remove-attachment-video","$v":"Elimină video"},{"$i":"remove-attachment-other","$v":"Elimină atașamentul"},{"$i":"replace-attachment-image","$v":"Înlocuiește imaginea"},{"$i":"replace-attachment-audio","$v":"Înlocuiește audio"},{"$i":"replace-attachment-video","$v":"Înlocuiește video"},{"$i":"replace-attachment-other","$v":"Înlocuiește atașamentul"},{"$i":"unsent-message-title","$v":"Mesaj netrimis"},{"$i":"unsent-message-text","$v":"Your previous message was not sent. Do you want to discard the unsent message and continue?"},{"$i":"unsent-message-option-edit","$v":"Editează"},{"$i":"unsent-message-option-discard","$v":"Înlătură"},{"$i":"message-options","$v":"Opțiuni pt. mesaje"},{"$i":"thread-options","$v":"Thread options"},{"$i":"forward","$v":"Redirecționează"},{"$i":"view-message-report","$v":"Vezi raportul de mesaj"},{"$i":"select-text","$v":"Select text"},{"$i":"mobile","$v":"Mobil"},{"$i":"home","$v":"Acasă"},{"$i":"work","$v":"Serviciu"},{"$i":"personal","$v":"Personal"},{"$i":"faxHome","$v":"Acasă fax"},{"$i":"faxOffice","$v":"Birou fax"},{"$i":"faxOther","$v":"Alt fax"},{"$i":"another","$v":"Altul"},{"$i":"other","$v":"Altele"},{"$i":"today","$v":"astăzi"},{"$i":"yesterday","$v":"ieri"},{"$i":"incorrectDate","$v":"(dată incorectă)"},{"$i":"addToExistingContact","$v":"Adaugă la un cont existent"},{"$i":"createNewContact","$v":"Crează contact nou"},{"$i":"viewContact","$v":"Vezi contactul"},{"$i":"call","$v":"Apelează"},{"$i":"sendEmail","$v":"Trimite e-mailul"},{"$i":"mms-message","$v":"Mesaj MMS"},{"$i":"notDownloaded-title","$v":"Mesajul nu este descărcat încă."},{"$i":"tobedownloaded-attachment","$v":["You received a multimedia message. You can use the link below to download its content until ",{"t":"idOrVar","v":"date"},"."]},{"$i":"expired-attachment","$v":["Sorry, the message expired on ",{"t":"idOrVar","v":"date"}," and cannot be downloaded."]},{"$i":"download-attachment","$v":"Download"},{"$i":"downloading-attachment","$v":"Downloading…"},{"$i":"unnamed-attachment","$v":"fără titlu"},{"$i":"mms-label","$v":"MMS"},{"$i":"attached-files-too-large","$v":{"zero":["The files you have selected exceed the ",{"t":"idOrVar","v":"mmsSize"}," KB size limit of a single multimedia message."],"one":["The file you have selected exceeds the ",{"t":"idOrVar","v":"mmsSize"}," KB size limit of a single multimedia message."],"two":["The files you have selected exceed the ",{"t":"idOrVar","v":"mmsSize"}," KB size limit of a single multimedia message."],"few":["The files you have selected exceed the ",{"t":"idOrVar","v":"mmsSize"}," KB size limit of a single multimedia message."],"many":["The files you have selected exceed the ",{"t":"idOrVar","v":"mmsSize"}," KB size limit of a single multimedia message."],"other":["The files you have selected exceed the ",{"t":"idOrVar","v":"mmsSize"}," KB size limit of a single multimedia message."]},"$x":[{"t":"idOrVar","v":"plural"},"n"]},{"$i":"resize-image","$v":"Se redimensionează imaginea atașată"},{"$i":"no-attachment-text","$v":"Există o problemă cu fișierul atașat și nu poate fi descărcat."},{"$i":"message-draft-saved","$v":"Mesaj salvat ca mesaj nefinalizat"},{"$i":"sim-id-label","$v":["SIM ",{"t":"idOrVar","v":"id"}]},{"$i":"sim-detail","$v":["SIM ",{"t":"idOrVar","v":"id"},", ",{"t":"idOrVar","v":"detailString"}]},{"$i":"dsds-notification-title-with-sim","$v":["(",{"t":"idOrVar","v":"sim"},") ",{"t":"idOrVar","v":"sender"}]},{"$i":"send-button","ariaLabel":"Send"},{"$i":"send-button-sim-indication","$v":[{"t":"idOrVar","v":"n"}],"ariaLabel":["using SIM ",{"t":"idOrVar","v":"n"}]},{"$i":"expiry-date-format","$v":"%A, %e %b"},{"$i":"attach-button","ariaLabel":"Add attachment"},{"$i":"contact-photo","ariaLabel":"Contact photo"},{"$i":"unread-thread","ariaLabel":"Unread"},{"$i":"has-draft","ariaLabel":"Has draft"},{"$i":"is-draft","ariaLabel":"Draft"},{"$i":"message-delivery-status-sending","$v":"Sending…"},{"$i":"message-delivery-status-delivered","ariaLabel":"Delivered"},{"$i":"message-delivery-status-read","ariaLabel":"Read"},{"$i":"message-delivery-status-error","ariaLabel":"Error"},{"$i":"modal-dialog-ok-button","$v":"Ok"},{"$i":"modal-dialog-cancel-button","$v":"Cancel"},{"$i":"modal-dialog-default-title","$v":"Messages"},{"$i":"weekday-0-long","$v":"duminică"},{"$i":"weekday-1-long","$v":"luni"},{"$i":"weekday-2-long","$v":"marți"},{"$i":"weekday-3-long","$v":"miercuri"},{"$i":"weekday-4-long","$v":"joi"},{"$i":"weekday-5-long","$v":"vineri"},{"$i":"weekday-6-long","$v":"sâmbătă"},{"$i":"weekday-0-short","$v":"dum"},{"$i":"weekday-1-short","$v":"lun"},{"$i":"weekday-2-short","$v":"mar"},{"$i":"weekday-3-short","$v":"mie"},{"$i":"weekday-4-short","$v":"joi"},{"$i":"weekday-5-short","$v":"vin"},{"$i":"weekday-6-short","$v":"sâm"},{"$i":"month-0-long","$v":"ianuarie"},{"$i":"month-1-long","$v":"februarie"},{"$i":"month-2-long","$v":"martie"},{"$i":"month-3-long","$v":"aprilie"},{"$i":"month-4-long","$v":"mai"},{"$i":"month-5-long","$v":"iunie"},{"$i":"month-6-long","$v":"iulie"},{"$i":"month-7-long","$v":"august"},{"$i":"month-8-long","$v":"septembrie"},{"$i":"month-9-long","$v":"octombrie"},{"$i":"month-10-long","$v":"noiembrie"},{"$i":"month-11-long","$v":"decembrie"},{"$i":"month-0-genitive","$v":"ianuarie"},{"$i":"month-1-genitive","$v":"februarie"},{"$i":"month-2-genitive","$v":"martie"},{"$i":"month-3-genitive","$v":"aprilie"},{"$i":"month-4-genitive","$v":"mai"},{"$i":"month-5-genitive","$v":"iunie"},{"$i":"month-6-genitive","$v":"iulie"},{"$i":"month-7-genitive","$v":"august"},{"$i":"month-8-genitive","$v":"septembrie"},{"$i":"month-9-genitive","$v":"octombrie"},{"$i":"month-10-genitive","$v":"noiembrie"},{"$i":"month-11-genitive","$v":"decembrie"},{"$i":"month-0-short","$v":"ian"},{"$i":"month-1-short","$v":"feb"},{"$i":"month-2-short","$v":"mar"},{"$i":"month-3-short","$v":"apr"},{"$i":"month-4-short","$v":"mai"},{"$i":"month-5-short","$v":"iun"},{"$i":"month-6-short","$v":"iul"},{"$i":"month-7-short","$v":"aug"},{"$i":"month-8-short","$v":"sep"},{"$i":"month-9-short","$v":"oct"},{"$i":"month-10-short","$v":"noi"},{"$i":"month-11-short","$v":"dec"},{"$i":"minutes-ago-long","$v":{"zero":"chiar acum","one":"acum un minut","two":["acum ",{"t":"idOrVar","v":"value"}," minute"],"few":["acum ",{"t":"idOrVar","v":"value"}," minute"],"many":["acum ",{"t":"idOrVar","v":"value"}," minute"],"other":["acum ",{"t":"idOrVar","v":"value"}," minute"]},"$x":[{"t":"idOrVar","v":"plural"},"value"]},{"$i":"hours-ago-long","$v":{"zero":"chiar acum","one":"acum cu o oră","two":["acum ",{"t":"idOrVar","v":"value"}," ore"],"few":["acum ",{"t":"idOrVar","v":"value"}," ore"],"many":["acum ",{"t":"idOrVar","v":"value"}," ore"],"other":["acum ",{"t":"idOrVar","v":"value"}," ore"]},"$x":[{"t":"idOrVar","v":"plural"},"value"]},{"$i":"days-ago-long","$v":{"zero":"astăzi","one":"ieri","two":["acum ",{"t":"idOrVar","v":"value"}," zile"],"few":["acum ",{"t":"idOrVar","v":"value"}," zile"],"many":["acum ",{"t":"idOrVar","v":"value"}," zile"],"other":["acum ",{"t":"idOrVar","v":"value"}," zile"]},"$x":[{"t":"idOrVar","v":"plural"},"value"]},{"$i":"weeks-ago-long","$v":{"zero":"săptămâna aceasta","one":"săptămâna trecută","two":["acum ",{"t":"idOrVar","v":"value"}," săptămâni"],"few":["acum ",{"t":"idOrVar","v":"value"}," săptămâni"],"many":["acum ",{"t":"idOrVar","v":"value"}," săptămâni"],"other":["acum ",{"t":"idOrVar","v":"value"}," săptămâni"]},"$x":[{"t":"idOrVar","v":"plural"},"value"]},{"$i":"months-ago-long","$v":{"zero":"luna aceasta","one":"luna trecută","two":["acum ",{"t":"idOrVar","v":"value"}," luni"],"few":["acum ",{"t":"idOrVar","v":"value"}," luni"],"many":["acum ",{"t":"idOrVar","v":"value"}," luni"],"other":["acum ",{"t":"idOrVar","v":"value"}," luni"]},"$x":[{"t":"idOrVar","v":"plural"},"value"]},{"$i":"years-ago-long","$v":{"zero":"anul acesta","one":"anul trecut","two":["acum ",{"t":"idOrVar","v":"value"}," ani"],"few":["acum ",{"t":"idOrVar","v":"value"}," ani"],"many":["acum ",{"t":"idOrVar","v":"value"}," ani"],"other":["acum ",{"t":"idOrVar","v":"value"}," ani"]},"$x":[{"t":"idOrVar","v":"plural"},"value"]},{"$i":"minutes-until-long","$v":{"zero":"acum","one":"într-un minut","two":["în ",{"t":"idOrVar","v":"value"}," minute"],"few":["în ",{"t":"idOrVar","v":"value"}," minute"],"many":["în ",{"t":"idOrVar","v":"value"}," minute"],"other":["în ",{"t":"idOrVar","v":"value"}," minute"]},"$x":[{"t":"idOrVar","v":"plural"},"value"]},{"$i":"hours-until-long","$v":{"zero":"acum","one":"într-o oră","two":["în ",{"t":"idOrVar","v":"value"}," ore"],"few":["în ",{"t":"idOrVar","v":"value"}," ore"],"many":["în ",{"t":"idOrVar","v":"value"}," ore"],"other":["în ",{"t":"idOrVar","v":"value"}," ore"]},"$x":[{"t":"idOrVar","v":"plural"},"value"]},{"$i":"days-until-long","$v":{"zero":"astăzi","one":"mâine","two":["în ",{"t":"idOrVar","v":"value"}," zile"],"few":["în ",{"t":"idOrVar","v":"value"}," zile"],"many":["în ",{"t":"idOrVar","v":"value"}," zile"],"other":["în ",{"t":"idOrVar","v":"value"}," zile"]},"$x":[{"t":"idOrVar","v":"plural"},"value"]},{"$i":"weeks-until-long","$v":{"zero":"săptămâna aceasta","one":"săptămâna următoare","two":["în ",{"t":"idOrVar","v":"value"}," săptămâni"],"few":["în ",{"t":"idOrVar","v":"value"}," săptămâni"],"many":["în ",{"t":"idOrVar","v":"value"}," săptămâni"],"other":["în ",{"t":"idOrVar","v":"value"}," săptămâni"]},"$x":[{"t":"idOrVar","v":"plural"},"value"]},{"$i":"months-until-long","$v":{"zero":"luna aceasta","one":"luna următoare","two":["în ",{"t":"idOrVar","v":"value"}," luni"],"few":["în ",{"t":"idOrVar","v":"value"}," luni"],"many":["în ",{"t":"idOrVar","v":"value"}," luni"],"other":["în ",{"t":"idOrVar","v":"value"}," luni"]},"$x":[{"t":"idOrVar","v":"plural"},"value"]},{"$i":"years-until-long","$v":{"zero":"anul acesta","one":"anul următor","two":["în ",{"t":"idOrVar","v":"value"}," ani"],"few":["în ",{"t":"idOrVar","v":"value"}," ani"],"many":["în ",{"t":"idOrVar","v":"value"}," ani"],"other":["în ",{"t":"idOrVar","v":"value"}," ani"]},"$x":[{"t":"idOrVar","v":"plural"},"value"]},{"$i":"minutes-ago-short","$v":{"zero":"chiar acum","other":["acum ",{"t":"idOrVar","v":"value"}," min."]},"$x":[{"t":"idOrVar","v":"plural"},"value"]},{"$i":"hours-ago-short","$v":{"zero":"chiar acum","other":["acum ",{"t":"idOrVar","v":"value"},"h"]},"$x":[{"t":"idOrVar","v":"plural"},"value"]},{"$i":"days-ago-short","$v":{"zero":"astăzi","other":["acum ",{"t":"idOrVar","v":"value"},"z"]},"$x":[{"t":"idOrVar","v":"plural"},"value"]},{"$i":"minutes-until-short","$v":{"zero":"acum","other":["în ",{"t":"idOrVar","v":"value"},"m"]},"$x":[{"t":"idOrVar","v":"plural"},"value"]},{"$i":"hours-until-short","$v":{"zero":"acum","other":["în ",{"t":"idOrVar","v":"value"},"h"]},"$x":[{"t":"idOrVar","v":"plural"},"value"]},{"$i":"days-until-short","$v":{"zero":"astăzi","other":["în ",{"t":"idOrVar","v":"value"},"z"]},"$x":[{"t":"idOrVar","v":"plural"},"value"]},{"$i":"dateTimeFormat_%c","$v":"%a, %e %b %Y %H:%M:%S"},{"$i":"dateTimeFormat_%x","$v":"%d/%m/%Y"},{"$i":"dateTimeFormat_%X","$v":"%H:%M:%S"},{"$i":"shortTimeFormat","$v":"%H:%M"},{"$i":"shortTimeFormat12","$v":"%H:%M"},{"$i":"shortTimeFormat24","$v":"%H:%M"},{"$i":"shortDateTimeFormat","$v":"%x %H:%M"},{"$i":"weekStartsOnMonday","$v":"0"},{"$i":"firstDayOfTheWeek","$v":"0"},{"$i":"time_am","$v":"AM"},{"$i":"time_pm","$v":"PM"},{"$i":"gaia-menu-cancel","$v":"Renunță"},{"$i":"gaia-sim-picker-dial-via-with-number","$v":["Apelează ",{"t":"idOrVar","v":"phoneNumber"}," via"]},{"$i":"gaia-sim-picker-select-sim","$v":"Selectează SIM-ul"},{"$i":"gaia-sim-picker-button","$v":["SIM",{"t":"idOrVar","v":"n"}]},{"$i":"gaia-sim-picker-button-default","$v":"(implicit)"}]