[{"$i":"messages","$v":"Сообщения"},{"$i":"deleteMessages-title","$v":"Удаление сообщений"},{"$i":"selectThreads-title","$v":"Выбрать"},{"$i":"edit","$v":"Правка"},{"$i":"back","$v":"Назад"},{"$i":"cancel","$v":"Отмена"},{"$i":"undo","$v":"Отменить"},{"$i":"done","$v":"Готово"},{"$i":"delete","$v":"Удалить"},{"$i":"delete-thread","$v":"Delete thread"},{"$i":"mark-as-read","$v":"Mark as read"},{"$i":"mark-as-unread","$v":"Mark as unread"},{"$i":"deleting-messages","$v":"Удаление…"},{"$i":"select-all","$v":"Выделить все"},{"$i":"deselect-all","$v":"Снять со всех"},{"$i":"selected-threads","$v":{"zero":"ничего не выбрано","one":["выбрано ",{"t":"idOrVar","v":"n"}],"two":["выбрано ",{"t":"idOrVar","v":"n"}],"few":["выбрано ",{"t":"idOrVar","v":"n"}],"many":["выбрано ",{"t":"idOrVar","v":"n"}],"other":["выбрано ",{"t":"idOrVar","v":"n"}]},"$x":[{"t":"idOrVar","v":"plural"},"n"]},{"$i":"selected-messages","$v":{"zero":"ничего не выбрано","one":["выбрано ",{"t":"idOrVar","v":"n"}],"two":["выбрано ",{"t":"idOrVar","v":"n"}],"few":["выбрано ",{"t":"idOrVar","v":"n"}],"many":["выбрано ",{"t":"idOrVar","v":"n"}],"other":["выбрано ",{"t":"idOrVar","v":"n"}]},"$x":[{"t":"idOrVar","v":"plural"},"n"]},{"$i":"selectThreads-label","$v":"Выбрать обсуждения"},{"$i":"selectMessages-label","$v":"Выбрать сообщения"},{"$i":"settings","$v":"Параметры"},{"$i":"add-subject","$v":"Добавить тему"},{"$i":"remove-subject","$v":"Удалить тему"},{"$i":"to","$v":"Кому:"},{"$i":"new","$v":"Создать"},{"$i":"message","$v":"Сообщение"},{"$i":"messagesInput_placeholder","$v":"Сообщение"},{"$i":"messagesSubjectInput_placeholder","$v":"Тема"},{"$i":"converted-to-mms","$v":"Конвертация в мультимедиа сообщение."},{"$i":"converted-to-sms","$v":"Конвертация в текстовое сообщение."},{"$i":"messages-max-length-text","$v":"Вы достигли максимальной длины."},{"$i":"messages-max-subject-length-text","$v":"Достигнута максимальная длина темы."},{"$i":"multimedia-message-exceeded-max-length","$v":["Вы превысили лимит размера в ",{"t":"idOrVar","v":"mmsSize"}," КБ для одного мультимедийного сообщения. Удалите вложения или укоротите сообщение, чтобы его отправить."]},{"$i":"newMessage","$v":"Новое сообщение"},{"$i":"sendMessage","$v":"Послать сообщение"},{"$i":"sendMMSToEmail","$v":"Послать мультимедийное сообщение"},{"$i":"no-recipient","$v":"(Нет получателя)"},{"$i":"recipient","$v":{"one":[{"t":"idOrVar","v":"n"}," получатель"],"two":[{"t":"idOrVar","v":"n"}," получателя"],"few":[{"t":"idOrVar","v":"n"}," получателя"],"many":[{"t":"idOrVar","v":"n"}," получателей"],"other":[{"t":"idOrVar","v":"n"}," получателей"]},"$x":[{"t":"idOrVar","v":"plural"},"n"]},{"$i":"attachmentSizeB","$v":[{"t":"idOrVar","v":"n"}," байт"]},{"$i":"attachmentSizeKB","$v":[{"t":"idOrVar","v":"n"}," КБ"]},{"$i":"attachmentSizeMB","$v":[{"t":"idOrVar","v":"n"}," МБ"]},{"$i":"attachmentOpenError","$v":"Для открытия файла этого типа нет доступного приложения."},{"$i":"remove","$v":"Удалить"},{"$i":"participant","$v":{"one":[{"t":"idOrVar","v":"n"}," участник"],"two":[{"t":"idOrVar","v":"n"}," участника"],"few":[{"t":"idOrVar","v":"n"}," участника"],"many":[{"t":"idOrVar","v":"n"}," участников"],"other":[{"t":"idOrVar","v":"n"}," участников"]},"$x":[{"t":"idOrVar","v":"plural"},"n"]},{"$i":"message-report","$v":"Отчёт о сообщении"},{"$i":"message-type-sms","$v":"Текстовое сообщение (SMS)"},{"$i":"message-type-mms","$v":"Мультимедиа сообщение (MMS)"},{"$i":"sms-report-description","$v":["Ваше текстовое сообщение (SMS) было отправлено ",{"t":"idOrVar","v":"datetime"}]},{"$i":"mms-report-description","$v":["Ваше мультимедиа сообщение (MMS) с темой ",{"t":"idOrVar","v":"subject"}," было отправлено ",{"t":"idOrVar","v":"datetime"}]},{"$i":"mms-no-subject-report-description","$v":["Ваше мультимедиа сообщение (MMS) было отправлено ",{"t":"idOrVar","v":"datetime"}]},{"$i":"message-subject","$v":"Тема:"},{"$i":"report-status-error","$v":"Не удалось отправить сообщение"},{"$i":"report-status-not-downloaded","$v":"не загружено"},{"$i":"report-status-delivered","$v":"Доставлено:"},{"$i":"report-status-read","$v":"Прочтено:"},{"$i":"report-status-pending","$v":"Запрошен отчёт"},{"$i":"report-status-rejected","$v":"Сообщение отклонено"},{"$i":"message-size-was","$v":"Размер сообщения:"},{"$i":"report-dateTimeFormat12","$v":["%e %B %Y, ",{"t":"idOrVar","v":"shortTimeFormat12"}]},{"$i":"report-dateTimeFormat24","$v":["%e %B %Y, ",{"t":"idOrVar","v":"shortTimeFormat24"}]},{"$i":"report-to-title","$v":"Кому"},{"$i":"report-from-title","$v":"От"},{"$i":"message-sent","$v":"Отправлено:"},{"$i":"message-sending","$v":[{"t":"idOrVar","v":"message-delivery-status-sending"}]},{"$i":"message-received","$v":"Получено:"},{"$i":"message-via","$v":"Через:"},{"$i":"message-resend","$v":"Отправить заново"},{"$i":"search","$v":"Поиск"},{"$i":"unknown-contact-title","$v":"Неизвестный контакт"},{"$i":"phone-type-separator","$v":", "},{"$i":"phone-carrier-separator","$v":" "},{"$i":"thread-participant-separator","$v":", "},{"$i":"replace-draft","$v":"Заменить существующий черновик"},{"$i":"save-as-draft","$v":"Сохранить как черновик"},{"$i":"discard-message","$v":"Выбросить"},{"$i":"discard-sms","$v":"Вы действительно хотите удалить это сообщение?"},{"$i":"discard-new-message","$v":"Удалить составляемое вами сообщение и открыть новое сообщение?"},{"$i":"resend-confirmation","$v":"Не удалось послать сообщение. Повторить попытку?"},{"$i":"resend-message","$v":"Повторить отправку этого сообщения"},{"$i":"deleteMessage-confirmation","$v":"Удалить выбранное сообщение?"},{"$i":"deleteMessages-confirmation-message","$v":{"zero":"Please select messages to be deleted.","one":"Delete selected message?","two":["Delete ",{"t":"idOrVar","v":"n"}," selected messages?"],"few":["Delete ",{"t":"idOrVar","v":"n"}," selected messages?"],"many":["Delete ",{"t":"idOrVar","v":"n"}," selected messages?"],"other":["Delete ",{"t":"idOrVar","v":"n"}," selected messages?"]},"$x":[{"t":"idOrVar","v":"plural"},"n"]},{"$i":"deleteThreads-confirmation-message","$v":{"zero":"Please select message threads to be deleted.","one":"Delete selected message thread?","two":["Delete ",{"t":"idOrVar","v":"n"}," selected message threads?"],"few":["Delete ",{"t":"idOrVar","v":"n"}," selected message threads?"],"many":["Delete ",{"t":"idOrVar","v":"n"}," selected message threads?"],"other":["Delete ",{"t":"idOrVar","v":"n"}," selected message threads?"]},"$x":[{"t":"idOrVar","v":"plural"},"n"]},{"$i":"new-message-notice-text","$v":"Новое сообщение от"},{"$i":"new-message-notice-a-text","$v":"Прочесть его"},{"$i":"noMessages-title","$v":"Нет сообщений"},{"$i":"noMessages-text","$v":"Начните общаться прямо сейчас"},{"$i":"sendDefaultErrorTitle","$v":"Сообщение не отправлено"},{"$i":"sendDefaultErrorBody","$v":"При отправке сообщения возникла проблема. Пожалуйста, попробуйте снова."},{"$i":"sendDefaultErrorBtnOk","$v":"OK"},{"$i":"sendMissingSimCardTitle","$v":"Отсутствует SIM-карта"},{"$i":"sendMissingSimCardBody","$v":"Для продолжения вставьте действительную SIM-карту."},{"$i":"sendMissingSimCardBtnOk","$v":"OK"},{"$i":"sendFlightModeTitle","$v":"Включён Режим Полёта"},{"$i":"sendFlightModeBody","$v":"Отключите Режим Полёта для отправки сообщений."},{"$i":"sendFlightModeBtnOk","$v":"OK"},{"$i":"radioDisabledToDownloadTitle","$v":[{"t":"idOrVar","v":"sendFlightModeTitle"}]},{"$i":"radioDisabledToDownloadBody","$v":"Отключите Режим Полёта для загрузки вложений."},{"$i":"radioDisabledToDownloadBtnOk","$v":[{"t":"idOrVar","v":"sendFlightModeBtnOk"}]},{"$i":"fdnBlocked2Title","$v":"FDN активирован"},{"$i":"sms-counter-notice-label","$v":["Правка SMS ",{"t":"idOrVar","v":"number"}]},{"$i":"fdnBlocked2Body","innerHTML":{"$x":[{"t":"idOrVar","v":"plural"},"n"],"$v":{"one":["FDN (Список номеров) активирован. Убедитесь, что Центр СМС и следующий абонент находятся в вашем FDN-списке:<br />",{"t":"idOrVar","v":"numbers"}],"two":["FDN (Список номеров) активирован. Убедитесь, что Центр СМС и следующие абоненты находятся в вашем FDN-списке:<br />",{"t":"idOrVar","v":"numbers"}],"few":["FDN (Список номеров) активирован. Убедитесь, что Центр СМС и следующие абоненты находятся в вашем FDN-списке:<br />",{"t":"idOrVar","v":"numbers"}],"many":["FDN (Список номеров) активирован. Убедитесь, что Центр СМС и следующие абоненты находятся в вашем FDN-списке:<br />",{"t":"idOrVar","v":"numbers"}],"other":["FDN (Список номеров) активирован. Убедитесь, что Центр СМС и следующие абоненты находятся в вашем FDN-списке:<br />",{"t":"idOrVar","v":"numbers"}]}}},{"$i":"fdnBlocked2BtnOk","$v":"OK"},{"$i":"switchSimToRetrieveTitle","$v":"Переключить соединение данных"},{"$i":"switchSimToRetrieveBody","$v":["Переключение соединения данных на SIM ",{"t":"idOrVar","v":"nonActiveSimId"}," для получения MMS. Текущая передача данных на SIM ",{"t":"idOrVar","v":"activeSimId"}," будет приостановлена. Всё равно продолжить?"]},{"$i":"switchSimToRetrieveBtnOk","$v":"Позже"},{"$i":"switchSimToRetrieveConfirm","$v":"OK"},{"$i":"switchSimToSendTitle","$v":[{"t":"idOrVar","v":"switchSimToRetrieveTitle"}]},{"$i":"switchSimToSendBody","$v":["Переключение соединения данных на SIM ",{"t":"idOrVar","v":"nonActiveSimId"}," для отправки MMS. Текущая передача данных на SIM ",{"t":"idOrVar","v":"activeSimId"}," будет приостановлена. Всё равно продолжить?"]},{"$i":"switchSimToSendBtnOk","$v":[{"t":"idOrVar","v":"switchSimToRetrieveBtnOk"}]},{"$i":"switchSimToSendConfirm","$v":[{"t":"idOrVar","v":"switchSimToRetrieveConfirm"}]},{"$i":"sendNoSignalErrorTitle","$v":"Нет покрытия сети"},{"$i":"sendNoSignalErrorBody","$v":"Убедитесь, что у вас есть сигнал мобильной сети, и попробуйте снова."},{"$i":"sendNoSignalErrorBtnOk","$v":"OK"},{"$i":"sendNotFoundErrorTitle","$v":"Сообщение не найдено"},{"$i":"sendNotFoundErrorBody","$v":"Искомое вами сообщение более не доступно."},{"$i":"sendNotFoundErrorBtnOk","$v":"OK"},{"$i":"sendInvalidAddressErrorTitle","$v":"Некорректный номер"},{"$i":"sendInvalidAddressErrorBody","$v":"Убедитесь, что мобильный номер адресата является корректным."},{"$i":"sendInvalidAddressErrorBtnOk","$v":"OK"},{"$i":"simNotMatchedErrorTitle","$v":"Загрузка не удалась"},{"$i":"simNotMatchedErrorBody","$v":"Убедитесь, что вставлена именно та SIM-карта, которая была использована для получения этого сообщения."},{"$i":"simNotMatchedErrorBtnOk","$v":"OK"},{"$i":"deleted-sms","$v":"Это сообщение уже было удалено."},{"$i":"view-attachment-image","$v":"Просмотреть"},{"$i":"view-attachment-audio","$v":"Прослушать"},{"$i":"view-attachment-video","$v":"Просмотреть"},{"$i":"view-attachment-other","$v":"Просмотреть"},{"$i":"remove-attachment-image","$v":"Удалить изображение"},{"$i":"remove-attachment-audio","$v":"Удалить аудио"},{"$i":"remove-attachment-video","$v":"Удалить видео"},{"$i":"remove-attachment-other","$v":"Удалить вложение"},{"$i":"replace-attachment-image","$v":"Заменить изображение"},{"$i":"replace-attachment-audio","$v":"Заменить аудио"},{"$i":"replace-attachment-video","$v":"Заменить видео"},{"$i":"replace-attachment-other","$v":"Заменить вложение"},{"$i":"unsent-message-title","$v":"Неотправленное сообщение"},{"$i":"unsent-message-text","$v":"Your previous message was not sent. Do you want to discard the unsent message and continue?"},{"$i":"unsent-message-option-edit","$v":"Изменить"},{"$i":"unsent-message-option-discard","$v":"Выбросить"},{"$i":"message-options","$v":"Параметры сообщения"},{"$i":"thread-options","$v":"Thread options"},{"$i":"forward","$v":"Переслать"},{"$i":"view-message-report","$v":"Просмотр отчёта о сообщении"},{"$i":"select-text","$v":"Выберите текст"},{"$i":"mobile","$v":"Мобильный"},{"$i":"home","$v":"Домашний"},{"$i":"work","$v":"Рабочий"},{"$i":"personal","$v":"Личный"},{"$i":"faxHome","$v":"Домашний факс"},{"$i":"faxOffice","$v":"Офисный факс"},{"$i":"faxOther","$v":"Другой факс"},{"$i":"another","$v":"Другой"},{"$i":"other","$v":"Другой"},{"$i":"today","$v":"сегодня"},{"$i":"yesterday","$v":"вчера"},{"$i":"incorrectDate","$v":"(некорректная дата)"},{"$i":"addToExistingContact","$v":"Добавить в имеющийся контакт"},{"$i":"createNewContact","$v":"Создать новый контакт"},{"$i":"viewContact","$v":"Просмотр контакта"},{"$i":"call","$v":"Позвонить"},{"$i":"sendEmail","$v":"Послать письмо"},{"$i":"mms-message","$v":"MMS-сообщение"},{"$i":"notDownloaded-title","$v":"Сообщение ещё не загружено."},{"$i":"tobedownloaded-attachment","$v":["Вы получили мультимедийное сообщение. Вы можете использовать показанную ниже ссылку, чтобы загрузить его содержимое не позднее ",{"t":"idOrVar","v":"date"},"."]},{"$i":"expired-attachment","$v":["Извините, срок хранения сообщения истёк в ",{"t":"idOrVar","v":"date"}," и оно не может быть загружено."]},{"$i":"download-attachment","$v":"Загрузить"},{"$i":"downloading-attachment","$v":"Загрузка…"},{"$i":"unnamed-attachment","$v":"безымянное"},{"$i":"mms-label","$v":"MMS"},{"$i":"attached-files-too-large","$v":{"zero":["Размер выбранных вами файлов превышает лимит в ",{"t":"idOrVar","v":"mmsSize"}," КБ для одного мультимедийного сообщения."],"one":["Размер выбранного вами файла превышает лимит в ",{"t":"idOrVar","v":"mmsSize"}," КБ для одного мультимедийного сообщения."],"two":["Размер выбранных вами файлов превышает лимит в ",{"t":"idOrVar","v":"mmsSize"}," КБ для одного мультимедийного сообщения."],"few":["Размер выбранных вами файлов превышает лимит в ",{"t":"idOrVar","v":"mmsSize"}," КБ для одного мультимедийного сообщения."],"many":["Размер выбранных вами файлов превышает лимит в ",{"t":"idOrVar","v":"mmsSize"}," КБ для одного мультимедийного сообщения."],"other":["Размер выбранных вами файлов превышает лимит в ",{"t":"idOrVar","v":"mmsSize"}," КБ для одного мультимедийного сообщения."]},"$x":[{"t":"idOrVar","v":"plural"},"n"]},{"$i":"resize-image","$v":"Изменение размера вложенного изображения"},{"$i":"no-attachment-text","$v":"Проблема с вложенным файлом. Он не может быть загружен."},{"$i":"message-draft-saved","$v":"Сообщение сохранено как черновик"},{"$i":"sim-id-label","$v":["SIM ",{"t":"idOrVar","v":"id"}]},{"$i":"sim-detail","$v":["SIM ",{"t":"idOrVar","v":"id"},", ",{"t":"idOrVar","v":"detailString"}]},{"$i":"dsds-notification-title-with-sim","$v":["(",{"t":"idOrVar","v":"sim"},") ",{"t":"idOrVar","v":"sender"}]},{"$i":"send-button","ariaLabel":"Отправить"},{"$i":"send-button-sim-indication","$v":[{"t":"idOrVar","v":"n"}],"ariaLabel":["используя SIM ",{"t":"idOrVar","v":"n"}]},{"$i":"expiry-date-format","$v":"%A, %e %Eb"},{"$i":"attach-button","ariaLabel":"Добавить вложение"},{"$i":"contact-photo","ariaLabel":"Фото контакта"},{"$i":"unread-thread","ariaLabel":"Непрочитано"},{"$i":"has-draft","ariaLabel":"Имеет черновик"},{"$i":"is-draft","ariaLabel":"Черновик"},{"$i":"message-delivery-status-sending","$v":"Отправка…"},{"$i":"message-delivery-status-delivered","ariaLabel":"Доставлено"},{"$i":"message-delivery-status-read","ariaLabel":"Прочитано"},{"$i":"message-delivery-status-error","ariaLabel":"Ошибка"},{"$i":"modal-dialog-ok-button","$v":"OK"},{"$i":"modal-dialog-cancel-button","$v":"Отмена"},{"$i":"modal-dialog-default-title","$v":"Сообщения"},{"$i":"weekday-0-long","$v":"Воскресенье"},{"$i":"weekday-1-long","$v":"Понедельник"},{"$i":"weekday-2-long","$v":"Вторник"},{"$i":"weekday-3-long","$v":"Среда"},{"$i":"weekday-4-long","$v":"Четверг"},{"$i":"weekday-5-long","$v":"Пятница"},{"$i":"weekday-6-long","$v":"Суббота"},{"$i":"weekday-0-short","$v":"Вс"},{"$i":"weekday-1-short","$v":"Пн"},{"$i":"weekday-2-short","$v":"Вт"},{"$i":"weekday-3-short","$v":"Ср"},{"$i":"weekday-4-short","$v":"Чт"},{"$i":"weekday-5-short","$v":"Пт"},{"$i":"weekday-6-short","$v":"Сб"},{"$i":"month-0-long","$v":"Январь"},{"$i":"month-1-long","$v":"Февраль"},{"$i":"month-2-long","$v":"Март"},{"$i":"month-3-long","$v":"Апрель"},{"$i":"month-4-long","$v":"Май"},{"$i":"month-5-long","$v":"Июнь"},{"$i":"month-6-long","$v":"Июль"},{"$i":"month-7-long","$v":"Август"},{"$i":"month-8-long","$v":"Сентябрь"},{"$i":"month-9-long","$v":"Октябрь"},{"$i":"month-10-long","$v":"Ноябрь"},{"$i":"month-11-long","$v":"Декабрь"},{"$i":"month-0-genitive","$v":"января"},{"$i":"month-1-genitive","$v":"февраля"},{"$i":"month-2-genitive","$v":"марта"},{"$i":"month-3-genitive","$v":"апреля"},{"$i":"month-4-genitive","$v":"мая"},{"$i":"month-5-genitive","$v":"июня"},{"$i":"month-6-genitive","$v":"июля"},{"$i":"month-7-genitive","$v":"августа"},{"$i":"month-8-genitive","$v":"сентября"},{"$i":"month-9-genitive","$v":"октября"},{"$i":"month-10-genitive","$v":"ноября"},{"$i":"month-11-genitive","$v":"декабря"},{"$i":"month-0-short","$v":"Январь"},{"$i":"month-1-short","$v":"Февраль"},{"$i":"month-2-short","$v":"Март"},{"$i":"month-3-short","$v":"Апрель"},{"$i":"month-4-short","$v":"Май"},{"$i":"month-5-short","$v":"Июнь"},{"$i":"month-6-short","$v":"Июль"},{"$i":"month-7-short","$v":"Август"},{"$i":"month-8-short","$v":"Сентябрь"},{"$i":"month-9-short","$v":"Октябрь"},{"$i":"month-10-short","$v":"Ноябрь"},{"$i":"month-11-short","$v":"Декабрь"},{"$i":"minutes-ago-long","$v":{"zero":"прямо сейчас","one":[{"t":"idOrVar","v":"value"}," минуту назад"],"two":[{"t":"idOrVar","v":"value"}," минуты назад"],"few":[{"t":"idOrVar","v":"value"}," минуты назад"],"many":[{"t":"idOrVar","v":"value"}," минут назад"],"other":[{"t":"idOrVar","v":"value"}," минут назад"]},"$x":[{"t":"idOrVar","v":"plural"},"value"]},{"$i":"hours-ago-long","$v":{"zero":"прямо сейчас","one":[{"t":"idOrVar","v":"value"}," час назад"],"two":[{"t":"idOrVar","v":"value"}," часа назад"],"few":[{"t":"idOrVar","v":"value"}," часа назад"],"many":[{"t":"idOrVar","v":"value"}," часов назад"],"other":[{"t":"idOrVar","v":"value"}," часов назад"]},"$x":[{"t":"idOrVar","v":"plural"},"value"]},{"$i":"days-ago-long","$v":{"zero":"сегодня","one":[{"t":"idOrVar","v":"value"}," день назад"],"two":[{"t":"idOrVar","v":"value"}," дня назад"],"few":[{"t":"idOrVar","v":"value"}," дня назад"],"many":[{"t":"idOrVar","v":"value"}," дней назад"],"other":[{"t":"idOrVar","v":"value"}," дней назад"]},"$x":[{"t":"idOrVar","v":"plural"},"value"]},{"$i":"weeks-ago-long","$v":{"zero":"эта неделя","one":[{"t":"idOrVar","v":"value"}," неделя назад"],"two":[{"t":"idOrVar","v":"value"}," недели назад"],"few":[{"t":"idOrVar","v":"value"}," недели назад"],"many":[{"t":"idOrVar","v":"value"}," недель назад"],"other":[{"t":"idOrVar","v":"value"}," недель назад"]},"$x":[{"t":"idOrVar","v":"plural"},"value"]},{"$i":"months-ago-long","$v":{"zero":"этот месяц","one":[{"t":"idOrVar","v":"value"}," месяц назад"],"two":[{"t":"idOrVar","v":"value"}," месяца назад"],"few":[{"t":"idOrVar","v":"value"}," месяца назад"],"many":[{"t":"idOrVar","v":"value"}," месяцев назад"],"other":[{"t":"idOrVar","v":"value"}," месяцев назад"]},"$x":[{"t":"idOrVar","v":"plural"},"value"]},{"$i":"years-ago-long","$v":{"zero":"этот год","one":[{"t":"idOrVar","v":"value"}," год назад"],"two":[{"t":"idOrVar","v":"value"}," года назад"],"few":[{"t":"idOrVar","v":"value"}," года назад"],"many":[{"t":"idOrVar","v":"value"}," лет назад"],"other":[{"t":"idOrVar","v":"value"}," лет назад"]},"$x":[{"t":"idOrVar","v":"plural"},"value"]},{"$i":"minutes-until-long","$v":{"zero":"сейчас","one":["через ",{"t":"idOrVar","v":"value"}," минуту"],"two":["через ",{"t":"idOrVar","v":"value"}," минуты"],"few":["через ",{"t":"idOrVar","v":"value"}," минуты"],"many":["через ",{"t":"idOrVar","v":"value"}," минут"],"other":["через ",{"t":"idOrVar","v":"value"}," минут"]},"$x":[{"t":"idOrVar","v":"plural"},"value"]},{"$i":"hours-until-long","$v":{"zero":"сейчас","one":["через ",{"t":"idOrVar","v":"value"}," час"],"two":["через ",{"t":"idOrVar","v":"value"}," часа"],"few":["через ",{"t":"idOrVar","v":"value"}," часа"],"many":["через ",{"t":"idOrVar","v":"value"}," часов"],"other":["через ",{"t":"idOrVar","v":"value"}," часов"]},"$x":[{"t":"idOrVar","v":"plural"},"value"]},{"$i":"days-until-long","$v":{"zero":"сегодня","one":["через ",{"t":"idOrVar","v":"value"}," день"],"two":["через ",{"t":"idOrVar","v":"value"}," дня"],"few":["через ",{"t":"idOrVar","v":"value"}," дня"],"many":["через ",{"t":"idOrVar","v":"value"}," дней"],"other":["через ",{"t":"idOrVar","v":"value"}," дней"]},"$x":[{"t":"idOrVar","v":"plural"},"value"]},{"$i":"weeks-until-long","$v":{"zero":"эта неделя","one":["через ",{"t":"idOrVar","v":"value"}," неделю"],"two":["через ",{"t":"idOrVar","v":"value"}," недели"],"few":["через ",{"t":"idOrVar","v":"value"}," недели"],"many":["через ",{"t":"idOrVar","v":"value"}," недель"],"other":["через ",{"t":"idOrVar","v":"value"}," недель"]},"$x":[{"t":"idOrVar","v":"plural"},"value"]},{"$i":"months-until-long","$v":{"zero":"этот месяц","one":["через ",{"t":"idOrVar","v":"value"}," месяц"],"two":["через ",{"t":"idOrVar","v":"value"}," месяца"],"few":["через ",{"t":"idOrVar","v":"value"}," месяца"],"many":["через ",{"t":"idOrVar","v":"value"}," месяцев"],"other":["через ",{"t":"idOrVar","v":"value"}," месяцев"]},"$x":[{"t":"idOrVar","v":"plural"},"value"]},{"$i":"years-until-long","$v":{"zero":"этот год","one":["через ",{"t":"idOrVar","v":"value"}," год"],"two":["через ",{"t":"idOrVar","v":"value"}," года"],"few":["через ",{"t":"idOrVar","v":"value"}," года"],"many":["через ",{"t":"idOrVar","v":"value"}," лет"],"other":["через ",{"t":"idOrVar","v":"value"}," лет"]},"$x":[{"t":"idOrVar","v":"plural"},"value"]},{"$i":"minutes-ago-short","$v":{"zero":"сейчас","other":[{"t":"idOrVar","v":"value"},"м назад"]},"$x":[{"t":"idOrVar","v":"plural"},"value"]},{"$i":"hours-ago-short","$v":{"zero":"сейчас","other":[{"t":"idOrVar","v":"value"},"ч назад"]},"$x":[{"t":"idOrVar","v":"plural"},"value"]},{"$i":"days-ago-short","$v":{"zero":"сегодня","other":[{"t":"idOrVar","v":"value"},"д назад"]},"$x":[{"t":"idOrVar","v":"plural"},"value"]},{"$i":"minutes-until-short","$v":{"zero":"сейчас","other":["через ",{"t":"idOrVar","v":"value"},"м"]},"$x":[{"t":"idOrVar","v":"plural"},"value"]},{"$i":"hours-until-short","$v":{"zero":"сейчас","other":["через ",{"t":"idOrVar","v":"value"},"ч"]},"$x":[{"t":"idOrVar","v":"plural"},"value"]},{"$i":"days-until-short","$v":{"zero":"сегодня","other":["через ",{"t":"idOrVar","v":"value"},"д"]},"$x":[{"t":"idOrVar","v":"plural"},"value"]},{"$i":"dateTimeFormat_%c","$v":"%a, %e %Eb %Y, %H:%M:%S"},{"$i":"dateTimeFormat_%x","$v":"%d.%m.%Y"},{"$i":"dateTimeFormat_%X","$v":"%H:%M:%S"},{"$i":"shortTimeFormat","$v":"%H:%M"},{"$i":"shortTimeFormat12","$v":"%I:%M %p"},{"$i":"shortTimeFormat24","$v":"%H:%M"},{"$i":"shortDateTimeFormat","$v":"%x %H:%M"},{"$i":"weekStartsOnMonday","$v":"1"},{"$i":"firstDayOfTheWeek","$v":"1"},{"$i":"time_am","$v":"AM"},{"$i":"time_pm","$v":"PM"},{"$i":"gaia-menu-cancel","$v":"Отмена"},{"$i":"gaia-sim-picker-dial-via-with-number","$v":["Набрать ",{"t":"idOrVar","v":"phoneNumber"}," через"]},{"$i":"gaia-sim-picker-select-sim","$v":"Выбрать SIM"},{"$i":"gaia-sim-picker-button","$v":["SIM",{"t":"idOrVar","v":"n"}]},{"$i":"gaia-sim-picker-button-default","$v":"(по умолчанию)"}]