[{"$i":"messages","$v":"Správy"},{"$i":"deleteMessages-title","$v":"Odstrániť správy"},{"$i":"selectThreads-title","$v":"Zvoľte"},{"$i":"edit","$v":"Upraviť"},{"$i":"back","$v":"Naspäť"},{"$i":"cancel","$v":"Zrušiť"},{"$i":"undo","$v":"Ďalej"},{"$i":"done","$v":"Hotovo"},{"$i":"delete","$v":"Odstrániť"},{"$i":"delete-thread","$v":"Delete thread"},{"$i":"mark-as-read","$v":"Mark as read"},{"$i":"mark-as-unread","$v":"Mark as unread"},{"$i":"deleting-messages","$v":"Odstraňuje sa…"},{"$i":"select-all","$v":"Označiť všetky"},{"$i":"deselect-all","$v":"Zrušiť výber"},{"$i":"selected-threads","$v":{"zero":"žiadne zvolené","one":[{"t":"idOrVar","v":"n"}," zvolené"],"two":[{"t":"idOrVar","v":"n"}," zvolené"],"few":[{"t":"idOrVar","v":"n"}," zvolené"],"many":[{"t":"idOrVar","v":"n"}," zvolených"],"other":[{"t":"idOrVar","v":"n"}," zvolených"]},"$x":[{"t":"idOrVar","v":"plural"},"n"]},{"$i":"selected-messages","$v":{"zero":"žiadna zvolená","one":[{"t":"idOrVar","v":"n"}," zvolená"],"two":[{"t":"idOrVar","v":"n"}," zvolené"],"few":[{"t":"idOrVar","v":"n"}," zvolené"],"many":[{"t":"idOrVar","v":"n"}," zvolených"],"other":[{"t":"idOrVar","v":"n"}," zvolených"]},"$x":[{"t":"idOrVar","v":"plural"},"n"]},{"$i":"selectThreads-label","$v":"Zvoľte vlákna"},{"$i":"selectMessages-label","$v":"Zvoľte správy"},{"$i":"settings","$v":"Nastavenia"},{"$i":"add-subject","$v":"Pridať predmet"},{"$i":"remove-subject","$v":"Odstrániť predmet"},{"$i":"to","$v":"Komu:"},{"$i":"new","$v":"Nová"},{"$i":"message","$v":"Správa"},{"$i":"messagesInput_placeholder","$v":"Správa"},{"$i":"messagesSubjectInput_placeholder","$v":"Predmet"},{"$i":"converted-to-mms","$v":"Konvertuje sa na multimediálnu správu"},{"$i":"converted-to-sms","$v":"Konvertuje sa na textovú správu"},{"$i":"messages-max-length-text","$v":"Dosiahli ste maximálnu dĺžku"},{"$i":"messages-max-subject-length-text","$v":"Dosiahli ste maximálnu dĺžku predmetu."},{"$i":"multimedia-message-exceeded-max-length","$v":["Prekročili ste limit maximálnej veľkosti jednej multimediálnej správy (",{"t":"idOrVar","v":"mmsSize"},"). Odstráňte prílohy alebo skráťte text správy."]},{"$i":"newMessage","$v":"Nová správa"},{"$i":"sendMessage","$v":"Odoslať správu"},{"$i":"sendMMSToEmail","$v":"Odoslať multimediálnu správu"},{"$i":"no-recipient","$v":"(Žiadny príjemca)"},{"$i":"recipient","$v":{"one":[{"t":"idOrVar","v":"n"}," príjemca"],"two":[{"t":"idOrVar","v":"n"}," príjemcovia"],"few":[{"t":"idOrVar","v":"n"}," príjemcovia"],"many":[{"t":"idOrVar","v":"n"}," príjemcov"],"other":[{"t":"idOrVar","v":"n"}," príjemcov"]},"$x":[{"t":"idOrVar","v":"plural"},"n"]},{"$i":"attachmentSizeB","$v":[{"t":"idOrVar","v":"n"}," B"]},{"$i":"attachmentSizeKB","$v":[{"t":"idOrVar","v":"n"}," kB"]},{"$i":"attachmentSizeMB","$v":[{"t":"idOrVar","v":"n"}," MB"]},{"$i":"attachmentOpenError","$v":"Na otvorenie tohto typu súboru nie je dostupná žiadna aplikácia."},{"$i":"remove","$v":"Odstrániť"},{"$i":"participant","$v":{"one":[{"t":"idOrVar","v":"n"}," účastník"],"two":[{"t":"idOrVar","v":"n"}," účastníci"],"few":[{"t":"idOrVar","v":"n"}," účastníci"],"many":[{"t":"idOrVar","v":"n"}," účastníkov"],"other":[{"t":"idOrVar","v":"n"}," účastníkov"]},"$x":[{"t":"idOrVar","v":"plural"},"n"]},{"$i":"message-report","$v":"Stav správy"},{"$i":"message-type-sms","$v":"Textová správa (SMS)"},{"$i":"message-type-mms","$v":"Multimediálna správa (MMS)"},{"$i":"sms-report-description","$v":["Vaša textová správa (SMS), odoslaná dňa ",{"t":"idOrVar","v":"datetime"}]},{"$i":"mms-report-description","$v":["Vaša multimediálna správa (MMS), predmet ",{"t":"idOrVar","v":"subject"},", odoslaná dňa ",{"t":"idOrVar","v":"datetime"}]},{"$i":"mms-no-subject-report-description","$v":["Vaša multimediálna správa (MMS), odoslaná dňa ",{"t":"idOrVar","v":"datetime"}]},{"$i":"message-subject","$v":"Predmet:"},{"$i":"report-status-error","$v":"Správa nemohla byť odoslaná"},{"$i":"report-status-not-downloaded","$v":"neprevzatá"},{"$i":"report-status-delivered","$v":"Doručená:"},{"$i":"report-status-read","$v":"Prečítaná:"},{"$i":"report-status-pending","$v":"Správa vyžiadaná"},{"$i":"report-status-rejected","$v":"Správa bola odmietnutá"},{"$i":"message-size-was","$v":"Veľkosť správy:"},{"$i":"report-dateTimeFormat12","$v":["%e. %Eb %Y, ",{"t":"idOrVar","v":"shortTimeFormat12"}]},{"$i":"report-dateTimeFormat24","$v":["%e. %Eb %Y, ",{"t":"idOrVar","v":"shortTimeFormat24"}]},{"$i":"report-to-title","$v":"Príjemca"},{"$i":"report-from-title","$v":"Od"},{"$i":"message-sent","$v":"Odoslaná:"},{"$i":"message-sending","$v":[{"t":"idOrVar","v":"message-delivery-status-sending"}]},{"$i":"message-received","$v":"Prijatá:"},{"$i":"message-via","$v":"Cez:"},{"$i":"message-resend","$v":"Znova odoslať"},{"$i":"search","$v":"Hľadať"},{"$i":"unknown-contact-title","$v":"Neznámy kontakt"},{"$i":"phone-type-separator","$v":", "},{"$i":"phone-carrier-separator","$v":" "},{"$i":"thread-participant-separator","$v":", "},{"$i":"replace-draft","$v":"Prepísať existujúci návrh"},{"$i":"save-as-draft","$v":"Uložiť medzi Návrhy"},{"$i":"discard-message","$v":"Zahodiť"},{"$i":"discard-sms","$v":"Naozaj chcete zrušiť túto správu?"},{"$i":"discard-new-message","$v":"Zrušiť túto správu a otvoriť novú správu?"},{"$i":"resend-confirmation","$v":"Správa nemohla byť odoslaná. Vyskúšať znova?"},{"$i":"resend-message","$v":"Znova odoslať túto správu"},{"$i":"deleteMessage-confirmation","$v":"Odstrániť zvolenú správu?"},{"$i":"deleteMessages-confirmation-message","$v":{"zero":"Please select messages to be deleted.","one":"Delete selected message?","two":["Delete ",{"t":"idOrVar","v":"n"}," selected messages?"],"few":["Delete ",{"t":"idOrVar","v":"n"}," selected messages?"],"many":["Delete ",{"t":"idOrVar","v":"n"}," selected messages?"],"other":["Delete ",{"t":"idOrVar","v":"n"}," selected messages?"]},"$x":[{"t":"idOrVar","v":"plural"},"n"]},{"$i":"deleteThreads-confirmation-message","$v":{"zero":"Please select message threads to be deleted.","one":"Delete selected message thread?","two":["Delete ",{"t":"idOrVar","v":"n"}," selected message threads?"],"few":["Delete ",{"t":"idOrVar","v":"n"}," selected message threads?"],"many":["Delete ",{"t":"idOrVar","v":"n"}," selected message threads?"],"other":["Delete ",{"t":"idOrVar","v":"n"}," selected message threads?"]},"$x":[{"t":"idOrVar","v":"plural"},"n"]},{"$i":"new-message-notice-text","$v":"Nová správa od"},{"$i":"new-message-notice-a-text","$v":"Prečítať"},{"$i":"noMessages-title","$v":"Zatiaľ žiadne správy"},{"$i":"noMessages-text","$v":"Začnite komunikovať"},{"$i":"sendDefaultErrorTitle","$v":"Správa nebola odoslaná"},{"$i":"sendDefaultErrorBody","$v":"Pri odosielaní správy sa vyskytol problém. Skúste to znova."},{"$i":"sendDefaultErrorBtnOk","$v":"OK"},{"$i":"sendMissingSimCardTitle","$v":"Nie je vložená karta SIM"},{"$i":"sendMissingSimCardBody","$v":"Vložte platnú kartu SIM."},{"$i":"sendMissingSimCardBtnOk","$v":"OK"},{"$i":"sendFlightModeTitle","$v":"Aktivovaný režim V lietadle"},{"$i":"sendFlightModeBody","$v":"Ak chcete odoslať správu, musíte deaktivovať režim V lietadle."},{"$i":"sendFlightModeBtnOk","$v":"OK"},{"$i":"radioDisabledToDownloadTitle","$v":[{"t":"idOrVar","v":"sendFlightModeTitle"}]},{"$i":"radioDisabledToDownloadBody","$v":"Prílohy môžete prevziať po vypnutí režimu V lietadle."},{"$i":"radioDisabledToDownloadBtnOk","$v":[{"t":"idOrVar","v":"sendFlightModeBtnOk"}]},{"$i":"fdnBlocked2Title","$v":"FDN je aktívne"},{"$i":"sms-counter-notice-label","$v":["Pokračuje sa správou SMS ",{"t":"idOrVar","v":"number"}]},{"$i":"fdnBlocked2Body","innerHTML":{"$x":[{"t":"idOrVar","v":"plural"},"n"],"$v":{"one":["Pevný zoznam príjemcov (FDN) je aktivovaný. Uistite sa, že vo vašom zozname sa nachádza číslo SMS centra a nasledovného príjemcu:<br />",{"t":"idOrVar","v":"numbers"}],"two":["Pevný zoznam príjemcov (FDN) je aktivovaný. Uistite sa, že vo vašom zozname sa nachádza číslo SMS centra a nasledovných príjemcov:<br />",{"t":"idOrVar","v":"numbers"}],"few":["Pevný zoznam príjemcov (FDN) je aktivovaný. Uistite sa, že vo vašom zozname sa nachádza číslo SMS centra a nasledovných príjemcov:<br />",{"t":"idOrVar","v":"numbers"}],"many":["Pevný zoznam príjemcov (FDN) je aktivovaný. Uistite sa, že vo vašom zozname sa nachádza číslo SMS centra a nasledovných príjemcov:<br />",{"t":"idOrVar","v":"numbers"}],"other":["Pevný zoznam príjemcov (FDN) je aktivovaný. Uistite sa, že vo vašom zozname sa nachádza číslo SMS centra a nasledovných príjemcov:<br />",{"t":"idOrVar","v":"numbers"}]}}},{"$i":"fdnBlocked2BtnOk","$v":"OK"},{"$i":"switchSimToRetrieveTitle","$v":"Prepnúť dátové pripojenie"},{"$i":"switchSimToRetrieveBody","$v":["Ak chcete prijať správu MMS, je potrebné prepnúť dátové pripojenie na kartu ",{"t":"idOrVar","v":"nonActiveSimId"},". Prebiehajúce prenosy dát pomocou pripojenia na karte SIM",{"t":"idOrVar","v":"activeSimId"}," budú pozastavené. Chcete pokračovať?"]},{"$i":"switchSimToRetrieveBtnOk","$v":"Neskôr"},{"$i":"switchSimToRetrieveConfirm","$v":"OK"},{"$i":"switchSimToSendTitle","$v":[{"t":"idOrVar","v":"switchSimToRetrieveTitle"}]},{"$i":"switchSimToSendBody","$v":["Ak chcete odoslať správu MMS, je potrebné prepnúť dátové pripojenie na kartu SIM",{"t":"idOrVar","v":"nonActiveSimId"},". Prebiehajúce prenosy dát pomocou pripojenia na karte SIM",{"t":"idOrVar","v":"activeSimId"}," budú pozastavené. Chcete pokračovať?"]},{"$i":"switchSimToSendBtnOk","$v":[{"t":"idOrVar","v":"switchSimToRetrieveBtnOk"}]},{"$i":"switchSimToSendConfirm","$v":[{"t":"idOrVar","v":"switchSimToRetrieveConfirm"}]},{"$i":"sendNoSignalErrorTitle","$v":"Žiadna sieť"},{"$i":"sendNoSignalErrorBody","$v":"Uistite sa, že máte signál a skúste to znova."},{"$i":"sendNoSignalErrorBtnOk","$v":"OK"},{"$i":"sendNotFoundErrorTitle","$v":"Správa nebola nájdená"},{"$i":"sendNotFoundErrorBody","$v":"Hľadaná správa už nie je dostupná."},{"$i":"sendNotFoundErrorBtnOk","$v":"OK"},{"$i":"sendInvalidAddressErrorTitle","$v":"Neplatné číslo"},{"$i":"sendInvalidAddressErrorBody","$v":"Uistite sa, že zadané číslo je platné."},{"$i":"sendInvalidAddressErrorBtnOk","$v":"OK"},{"$i":"simNotMatchedErrorTitle","$v":"Nie je možné prevziať"},{"$i":"simNotMatchedErrorBody","$v":"Uistite sa, že vložená karta SIM je tá, ktorá bola použitá na prijatie tejto správy."},{"$i":"simNotMatchedErrorBtnOk","$v":"OK"},{"$i":"deleted-sms","$v":"Táto správa už bola odstránená."},{"$i":"view-attachment-image","$v":"Zobraziť"},{"$i":"view-attachment-audio","$v":"Vypočuť"},{"$i":"view-attachment-video","$v":"Zobraziť"},{"$i":"view-attachment-other","$v":"Zobraziť"},{"$i":"remove-attachment-image","$v":"Odstrániť obrázok"},{"$i":"remove-attachment-audio","$v":"Odstrániť zvuk"},{"$i":"remove-attachment-video","$v":"Odstrániť video"},{"$i":"remove-attachment-other","$v":"Odstrániť prílohu"},{"$i":"replace-attachment-image","$v":"Nahradiť obrázok"},{"$i":"replace-attachment-audio","$v":"Nahradiť zvuk"},{"$i":"replace-attachment-video","$v":"Nahradiť video"},{"$i":"replace-attachment-other","$v":"Nahradiť prílohu"},{"$i":"unsent-message-title","$v":"Neodoslaná správa"},{"$i":"unsent-message-text","$v":"Your previous message was not sent. Do you want to discard the unsent message and continue?"},{"$i":"unsent-message-option-edit","$v":"Upraviť"},{"$i":"unsent-message-option-discard","$v":"Zahodiť"},{"$i":"message-options","$v":"Nastavenie správy"},{"$i":"thread-options","$v":"Thread options"},{"$i":"forward","$v":"Odoslať ďalej"},{"$i":"view-message-report","$v":"Zobraziť stav správy"},{"$i":"select-text","$v":"Zvoľte text"},{"$i":"mobile","$v":"Mobil"},{"$i":"home","$v":"Domov"},{"$i":"work","$v":"Práca"},{"$i":"personal","$v":"Osobné"},{"$i":"faxHome","$v":"Fax domov"},{"$i":"faxOffice","$v":"Fax do práce"},{"$i":"faxOther","$v":"Fax iný"},{"$i":"another","$v":"Ďalšie"},{"$i":"other","$v":"Iné"},{"$i":"today","$v":"dnes"},{"$i":"yesterday","$v":"včera"},{"$i":"incorrectDate","$v":"(neplatný dátum)"},{"$i":"addToExistingContact","$v":"Pridať k existujúcemu kontaktu"},{"$i":"createNewContact","$v":"Vytvoriť nový kontakt"},{"$i":"viewContact","$v":"Zobraziť kontakt"},{"$i":"call","$v":"Zavolať"},{"$i":"sendEmail","$v":"Odoslať email"},{"$i":"mms-message","$v":"Správa MMS"},{"$i":"notDownloaded-title","$v":"Správa ešte nebola prevzatá."},{"$i":"tobedownloaded-attachment","$v":["Prijali ste multimediálnu správu. Použitím tohto odkazu si môžete prevziať jej obsah. Platí do ",{"t":"idOrVar","v":"date"},"."]},{"$i":"expired-attachment","$v":["Ospravedlňujeme sa, správa nemohla byť prevzatá, pretože jej platnosť vypršala ",{"t":"idOrVar","v":"date"},"."]},{"$i":"download-attachment","$v":"Prevziať"},{"$i":"downloading-attachment","$v":"Preberá sa"},{"$i":"unnamed-attachment","$v":"bez názvu"},{"$i":"mms-label","$v":"MMS"},{"$i":"attached-files-too-large","$v":{"zero":["Zvolené súbory prekračujú maximálnu povolenú veľkosť jednej multimediálnej správy (",{"t":"idOrVar","v":"mmsSize"}," kB)."],"one":["Zvolený súbor prekračuje maximálnu povolenú veľkosť jednej multimediálnej správy (",{"t":"idOrVar","v":"mmsSize"}," kB)."],"two":["Zvolené súbory prekračujú maximálnu povolenú veľkosť jednej multimediálnej správy (",{"t":"idOrVar","v":"mmsSize"}," kB)."],"few":["Zvolené súbory prekračujú maximálnu povolenú veľkosť jednej multimediálnej správy (",{"t":"idOrVar","v":"mmsSize"}," kB)."],"many":["Zvolené súbory prekračujú maximálnu povolenú veľkosť jednej multimediálnej správy (",{"t":"idOrVar","v":"mmsSize"}," kB)."],"other":["Zvolené súbory prekračujú maximálnu povolenú veľkosť jednej multimediálnej správy (",{"t":"idOrVar","v":"mmsSize"}," kB)."]},"$x":[{"t":"idOrVar","v":"plural"},"n"]},{"$i":"resize-image","$v":"Mení sa veľkosť priloženého obrázka"},{"$i":"no-attachment-text","$v":"Vyskytol sa problém s priloženým súborom. Nie je možné ho prevziať."},{"$i":"message-draft-saved","$v":"Rozpísaná správa uložená"},{"$i":"sim-id-label","$v":["SIM ",{"t":"idOrVar","v":"id"}]},{"$i":"sim-detail","$v":["SIM ",{"t":"idOrVar","v":"id"},", ",{"t":"idOrVar","v":"detailString"}]},{"$i":"dsds-notification-title-with-sim","$v":["(",{"t":"idOrVar","v":"sim"},") ",{"t":"idOrVar","v":"sender"}]},{"$i":"send-button","ariaLabel":"Odoslať"},{"$i":"send-button-sim-indication","$v":[{"t":"idOrVar","v":"n"}],"ariaLabel":["používa SIM ",{"t":"idOrVar","v":"n"}]},{"$i":"expiry-date-format","$v":"%e. %Eb %Y"},{"$i":"attach-button","ariaLabel":"Pripojiť prílohu"},{"$i":"contact-photo","ariaLabel":"Fotografia kontaktu"},{"$i":"unread-thread","ariaLabel":"Neprečítané"},{"$i":"has-draft","ariaLabel":"Má návrh"},{"$i":"is-draft","ariaLabel":"Návrh"},{"$i":"message-delivery-status-sending","$v":"Odosiela sa…"},{"$i":"message-delivery-status-delivered","ariaLabel":"Doručená"},{"$i":"message-delivery-status-read","ariaLabel":"Prečítaná"},{"$i":"message-delivery-status-error","ariaLabel":"Chyba"},{"$i":"modal-dialog-ok-button","$v":"OK"},{"$i":"modal-dialog-cancel-button","$v":"Zrušiť"},{"$i":"modal-dialog-default-title","$v":"Správy"},{"$i":"weekday-0-long","$v":"Nedeľa"},{"$i":"weekday-1-long","$v":"Pondelok"},{"$i":"weekday-2-long","$v":"Utorok"},{"$i":"weekday-3-long","$v":"Streda"},{"$i":"weekday-4-long","$v":"Štvrtok"},{"$i":"weekday-5-long","$v":"Piatok"},{"$i":"weekday-6-long","$v":"Sobota"},{"$i":"weekday-0-short","$v":"Ne"},{"$i":"weekday-1-short","$v":"Po"},{"$i":"weekday-2-short","$v":"Ut"},{"$i":"weekday-3-short","$v":"St"},{"$i":"weekday-4-short","$v":"Št"},{"$i":"weekday-5-short","$v":"Pi"},{"$i":"weekday-6-short","$v":"So"},{"$i":"month-0-long","$v":"Január"},{"$i":"month-1-long","$v":"Február"},{"$i":"month-2-long","$v":"Marec"},{"$i":"month-3-long","$v":"Apríl"},{"$i":"month-4-long","$v":"Máj"},{"$i":"month-5-long","$v":"Jún"},{"$i":"month-6-long","$v":"Júl"},{"$i":"month-7-long","$v":"August"},{"$i":"month-8-long","$v":"September"},{"$i":"month-9-long","$v":"Október"},{"$i":"month-10-long","$v":"November"},{"$i":"month-11-long","$v":"December"},{"$i":"month-0-genitive","$v":"januára"},{"$i":"month-1-genitive","$v":"februára"},{"$i":"month-2-genitive","$v":"marca"},{"$i":"month-3-genitive","$v":"apríla"},{"$i":"month-4-genitive","$v":"mája"},{"$i":"month-5-genitive","$v":"júna"},{"$i":"month-6-genitive","$v":"júla"},{"$i":"month-7-genitive","$v":"augusta"},{"$i":"month-8-genitive","$v":"septembra"},{"$i":"month-9-genitive","$v":"októbra"},{"$i":"month-10-genitive","$v":"novembra"},{"$i":"month-11-genitive","$v":"decembra"},{"$i":"month-0-short","$v":"jan"},{"$i":"month-1-short","$v":"feb"},{"$i":"month-2-short","$v":"mar"},{"$i":"month-3-short","$v":"apr"},{"$i":"month-4-short","$v":"máj"},{"$i":"month-5-short","$v":"jún"},{"$i":"month-6-short","$v":"júl"},{"$i":"month-7-short","$v":"aug"},{"$i":"month-8-short","$v":"sep"},{"$i":"month-9-short","$v":"okt"},{"$i":"month-10-short","$v":"nov"},{"$i":"month-11-short","$v":"dec"},{"$i":"minutes-ago-long","$v":{"zero":"teraz","one":"pred minútou","two":["pred ",{"t":"idOrVar","v":"value"}," minútami"],"few":["pred ",{"t":"idOrVar","v":"value"}," minútami"],"many":["pred ",{"t":"idOrVar","v":"value"}," minútami"],"other":["pred ",{"t":"idOrVar","v":"value"}," minútami"]},"$x":[{"t":"idOrVar","v":"plural"},"value"]},{"$i":"hours-ago-long","$v":{"zero":"teraz","one":"pred hodinou","two":["pred ",{"t":"idOrVar","v":"value"}," hodinami"],"few":["pred ",{"t":"idOrVar","v":"value"}," hodinami"],"many":["pred ",{"t":"idOrVar","v":"value"}," hodinami"],"other":["pred ",{"t":"idOrVar","v":"value"}," hodinami"]},"$x":[{"t":"idOrVar","v":"plural"},"value"]},{"$i":"days-ago-long","$v":{"zero":"dnes","one":"včera","two":["pred ",{"t":"idOrVar","v":"value"}," dňami"],"few":["pred ",{"t":"idOrVar","v":"value"}," dňami"],"many":["pred ",{"t":"idOrVar","v":"value"}," dňami"],"other":["pred ",{"t":"idOrVar","v":"value"}," dňami"]},"$x":[{"t":"idOrVar","v":"plural"},"value"]},{"$i":"weeks-ago-long","$v":{"zero":"tento týždeň","one":"minulý týždeň","two":["pred ",{"t":"idOrVar","v":"value"}," týždňami"],"few":["pred ",{"t":"idOrVar","v":"value"}," týždňami"],"many":["pred ",{"t":"idOrVar","v":"value"}," týždňami"],"other":["pred ",{"t":"idOrVar","v":"value"}," týždňami"]},"$x":[{"t":"idOrVar","v":"plural"},"value"]},{"$i":"months-ago-long","$v":{"zero":"tento mesiac","one":"minulý mesiac","two":["pred ",{"t":"idOrVar","v":"value"}," mesiacmi"],"few":["pred ",{"t":"idOrVar","v":"value"}," mesiacmi"],"many":["pred ",{"t":"idOrVar","v":"value"}," mesiacmi"],"other":["pred ",{"t":"idOrVar","v":"value"}," mesiacmi"]},"$x":[{"t":"idOrVar","v":"plural"},"value"]},{"$i":"years-ago-long","$v":{"zero":"tento rok","one":"minulý rok","two":["pred ",{"t":"idOrVar","v":"value"}," rokmi"],"few":["pred ",{"t":"idOrVar","v":"value"}," rokmi"],"many":["pred ",{"t":"idOrVar","v":"value"}," rokmi"],"other":["pred ",{"t":"idOrVar","v":"value"}," rokmi"]},"$x":[{"t":"idOrVar","v":"plural"},"value"]},{"$i":"minutes-until-long","$v":{"zero":"teraz","one":"o minútu","two":["o ",{"t":"idOrVar","v":"value"}," minúty"],"few":["o ",{"t":"idOrVar","v":"value"}," minúty"],"many":["o ",{"t":"idOrVar","v":"value"}," minút"],"other":["o ",{"t":"idOrVar","v":"value"}," minút"]},"$x":[{"t":"idOrVar","v":"plural"},"value"]},{"$i":"hours-until-long","$v":{"zero":"teraz","one":"o hodinu","two":["o ",{"t":"idOrVar","v":"value"}," hodiny"],"few":["o ",{"t":"idOrVar","v":"value"}," hodiny"],"many":["o ",{"t":"idOrVar","v":"value"}," hodín"],"other":["o ",{"t":"idOrVar","v":"value"}," hodín"]},"$x":[{"t":"idOrVar","v":"plural"},"value"]},{"$i":"days-until-long","$v":{"zero":"dnes","one":"zajtra","two":["o ",{"t":"idOrVar","v":"value"}," dni"],"few":["o ",{"t":"idOrVar","v":"value"}," dni"],"many":["o ",{"t":"idOrVar","v":"value"}," dní"],"other":["o ",{"t":"idOrVar","v":"value"}," dní"]},"$x":[{"t":"idOrVar","v":"plural"},"value"]},{"$i":"weeks-until-long","$v":{"zero":"tento týždeň","one":"budúci týždeň","two":["o ",{"t":"idOrVar","v":"value"}," týždne"],"few":["o ",{"t":"idOrVar","v":"value"}," týždne"],"many":["o ",{"t":"idOrVar","v":"value"}," týždňov"],"other":["o ",{"t":"idOrVar","v":"value"}," týždňov"]},"$x":[{"t":"idOrVar","v":"plural"},"value"]},{"$i":"months-until-long","$v":{"zero":"tento mesiac","one":"budúci mesiac","two":["o ",{"t":"idOrVar","v":"value"}," mesiace"],"few":["o ",{"t":"idOrVar","v":"value"}," mesiace"],"many":["o ",{"t":"idOrVar","v":"value"}," mesiacov"],"other":["o ",{"t":"idOrVar","v":"value"}," mesiacov"]},"$x":[{"t":"idOrVar","v":"plural"},"value"]},{"$i":"years-until-long","$v":{"zero":"tento rok","one":"budúci rok","two":["o ",{"t":"idOrVar","v":"value"}," roky"],"few":["o ",{"t":"idOrVar","v":"value"}," roky"],"many":["o ",{"t":"idOrVar","v":"value"}," rokov"],"other":["o ",{"t":"idOrVar","v":"value"}," rokov"]},"$x":[{"t":"idOrVar","v":"plural"},"value"]},{"$i":"minutes-ago-short","$v":{"zero":"teraz","other":["pred ",{"t":"idOrVar","v":"value"},"m"]},"$x":[{"t":"idOrVar","v":"plural"},"value"]},{"$i":"hours-ago-short","$v":{"zero":"teraz","other":["pred ",{"t":"idOrVar","v":"value"},"h"]},"$x":[{"t":"idOrVar","v":"plural"},"value"]},{"$i":"days-ago-short","$v":{"zero":"dnes","other":["pred ",{"t":"idOrVar","v":"value"},"d"]},"$x":[{"t":"idOrVar","v":"plural"},"value"]},{"$i":"minutes-until-short","$v":{"zero":"teraz","other":["o ",{"t":"idOrVar","v":"value"},"m"]},"$x":[{"t":"idOrVar","v":"plural"},"value"]},{"$i":"hours-until-short","$v":{"zero":"teraz","other":["o ",{"t":"idOrVar","v":"value"},"h"]},"$x":[{"t":"idOrVar","v":"plural"},"value"]},{"$i":"days-until-short","$v":{"zero":"dnes","other":["o ",{"t":"idOrVar","v":"value"},"d"]},"$x":[{"t":"idOrVar","v":"plural"},"value"]},{"$i":"dateTimeFormat_%c","$v":"%a, %e. %b %Y %H:%M:%S"},{"$i":"dateTimeFormat_%x","$v":"%d.%m.%Y"},{"$i":"dateTimeFormat_%X","$v":"%H:%M:%S"},{"$i":"shortTimeFormat","$v":"%H:%M"},{"$i":"shortTimeFormat12","$v":"%I:%M %p"},{"$i":"shortTimeFormat24","$v":"%H:%M"},{"$i":"shortDateTimeFormat","$v":"%x %H:%M"},{"$i":"weekStartsOnMonday","$v":"1"},{"$i":"firstDayOfTheWeek","$v":"1"},{"$i":"time_am","$v":"AM"},{"$i":"time_pm","$v":"PM"},{"$i":"gaia-menu-cancel","$v":"Zrušiť"},{"$i":"gaia-sim-picker-dial-via-with-number","$v":["Volať ",{"t":"idOrVar","v":"phoneNumber"}," cez"]},{"$i":"gaia-sim-picker-select-sim","$v":"Zvoľte kartu SIM"},{"$i":"gaia-sim-picker-button","$v":["SIM",{"t":"idOrVar","v":"n"}]},{"$i":"gaia-sim-picker-button-default","$v":"(predvolená)"}]