[{"$i":"messages","$v":"Mesazhe"},{"$i":"deleteMessages-title","$v":"Fshini mesazhe"},{"$i":"selectThreads-title","$v":"Përzgjidhni"},{"$i":"edit","$v":"Përpunojeni"},{"$i":"back","$v":"Mbrapsht"},{"$i":"cancel","$v":"Anuloje"},{"$i":"undo","$v":"Zhbëje"},{"$i":"done","$v":"U bë"},{"$i":"delete","$v":"Fshije"},{"$i":"delete-thread","$v":"Delete thread"},{"$i":"mark-as-read","$v":"Mark as read"},{"$i":"mark-as-unread","$v":"Mark as unread"},{"$i":"deleting-messages","$v":"Po fshihet…"},{"$i":"select-all","$v":"Përzgjidhe krejt"},{"$i":"deselect-all","$v":"Shpërzgjidhe krejt"},{"$i":"selected-threads","$v":{"zero":"pa të përzgjedhura","one":[{"t":"idOrVar","v":"n"}," e përzgjedhur"],"two":[{"t":"idOrVar","v":"n"}," të përzgjedhura"],"few":[{"t":"idOrVar","v":"n"}," të përzgjedhura"],"many":[{"t":"idOrVar","v":"n"}," të përzgjedhura"],"other":[{"t":"idOrVar","v":"n"}," stë përzgjedhura"]},"$x":[{"t":"idOrVar","v":"plural"},"n"]},{"$i":"selected-messages","$v":{"zero":"pa të përzgjedhur","one":[{"t":"idOrVar","v":"n"}," i përzgjedhur"],"two":[{"t":"idOrVar","v":"n"}," të përzgjedhur"],"few":[{"t":"idOrVar","v":"n"}," të përzgjedhur"],"many":[{"t":"idOrVar","v":"n"}," të përzgjedhur"],"other":[{"t":"idOrVar","v":"n"}," të përzgjedhur"]},"$x":[{"t":"idOrVar","v":"plural"},"n"]},{"$i":"selectThreads-label","$v":"Përzgjidhni Rrjedha"},{"$i":"selectMessages-label","$v":"Përzgjidhni Mesazhe"},{"$i":"settings","$v":"Rregullime"},{"$i":"add-subject","$v":"Shtoni subjekt"},{"$i":"remove-subject","$v":"Hiqeni subjektin"},{"$i":"to","$v":"Për:"},{"$i":"new","$v":"I ri"},{"$i":"message","$v":"Mesazh"},{"$i":"messagesInput_placeholder","$v":"Mesazh"},{"$i":"messagesSubjectInput_placeholder","$v":"Subjekt"},{"$i":"converted-to-mms","$v":"Po shndërrohet në mesazh multimedia."},{"$i":"converted-to-sms","$v":"Po shndërrohet në mesazh tekst."},{"$i":"messages-max-length-text","$v":"Mbërritët në gjatësinë maksimum."},{"$i":"messages-max-subject-length-text","$v":"U mbërrit në gjatësinë maksimum për subjekte."},{"$i":"multimedia-message-exceeded-max-length","$v":["Keni tejkaluar cakun prej ",{"t":"idOrVar","v":"mmsSize"}," KB për mesazh multimedia. Që mesazhi të dërgohet, hiqni bashkëngjitje ose shkurtojeni."]},{"$i":"newMessage","$v":"Mesazh i ri"},{"$i":"sendMessage","$v":"Dërgoje mesazhin"},{"$i":"sendMMSToEmail","$v":"Dërgoni mesazh multimedia"},{"$i":"no-recipient","$v":"(Pa marrës)"},{"$i":"recipient","$v":{"one":[{"t":"idOrVar","v":"n"}," marrës"],"two":[{"t":"idOrVar","v":"n"}," marrës"],"few":[{"t":"idOrVar","v":"n"}," marrës"],"many":[{"t":"idOrVar","v":"n"}," marrës"],"other":[{"t":"idOrVar","v":"n"}," marrës"]},"$x":[{"t":"idOrVar","v":"plural"},"n"]},{"$i":"attachmentSizeB","$v":[{"t":"idOrVar","v":"n"}," B"]},{"$i":"attachmentSizeKB","$v":[{"t":"idOrVar","v":"n"}," KB"]},{"$i":"attachmentSizeMB","$v":[{"t":"idOrVar","v":"n"}," MB"]},{"$i":"attachmentOpenError","$v":"Nuk keni në përdorim aplikacion për të hapur këtë lloj kartelash."},{"$i":"remove","$v":"Hiqe"},{"$i":"participant","$v":{"one":[{"t":"idOrVar","v":"n"}," pjesëmarrës"],"two":[{"t":"idOrVar","v":"n"}," pjesëmarrës"],"few":[{"t":"idOrVar","v":"n"}," pjesëmarrës"],"many":[{"t":"idOrVar","v":"n"}," pjesëmarrës"],"other":[{"t":"idOrVar","v":"n"}," pjesëmarrës"]},"$x":[{"t":"idOrVar","v":"plural"},"n"]},{"$i":"message-report","$v":"Raport mesazhesh"},{"$i":"message-type-sms","$v":"Mesazh Tekst (SMS)"},{"$i":"message-type-mms","$v":"Mesazh Multimedia (MMS)"},{"$i":"sms-report-description","$v":["Mesazhi Juaj Tekst (SMS), u dërgua më ",{"t":"idOrVar","v":"datetime"}]},{"$i":"mms-report-description","$v":["Mesazhi Juaj Multimedia (MMS), me subjekt ",{"t":"idOrVar","v":"subject"},", u dërgua më ",{"t":"idOrVar","v":"datetime"}]},{"$i":"mms-no-subject-report-description","$v":["Mesazhi Juaj Multimedia (MMS), u dërgua më ",{"t":"idOrVar","v":"datetime"}]},{"$i":"message-subject","$v":"Subjekt:"},{"$i":"report-status-error","$v":"Mesazhi nuk u dërgua dot"},{"$i":"report-status-not-downloaded","$v":"nuk u shkarkua"},{"$i":"report-status-delivered","$v":"Dërguar më:"},{"$i":"report-status-read","$v":"Lexuar më:"},{"$i":"report-status-pending","$v":"Raporti u kërkua"},{"$i":"report-status-rejected","$v":"Mesazh i hedhur tej"},{"$i":"message-size-was","$v":"Madhësi mesazhi:"},{"$i":"report-dateTimeFormat12","$v":["%e %B %Y, ",{"t":"idOrVar","v":"shortTimeFormat12"}]},{"$i":"report-dateTimeFormat24","$v":["%e %B %Y, ",{"t":"idOrVar","v":"shortTimeFormat24"}]},{"$i":"report-to-title","$v":"Për"},{"$i":"report-from-title","$v":"Nga"},{"$i":"message-sent","$v":"Dërguar më:"},{"$i":"message-sending","$v":[{"t":"idOrVar","v":"message-delivery-status-sending"}]},{"$i":"message-received","$v":"Marrë më:"},{"$i":"message-via","$v":"Përmes:"},{"$i":"message-resend","$v":"Ridërgoje"},{"$i":"search","$v":"Kërkoni"},{"$i":"unknown-contact-title","$v":"Kontakt i Panjohur"},{"$i":"phone-type-separator","$v":", "},{"$i":"phone-carrier-separator","$v":" "},{"$i":"thread-participant-separator","$v":", "},{"$i":"replace-draft","$v":"Zëvendëso Skicën ekzistuese"},{"$i":"save-as-draft","$v":"Ruaje si Skicë"},{"$i":"discard-message","$v":"Hidhe tej"},{"$i":"discard-sms","$v":"Jeni i sigurt se doni të hidhet tej ky mesazh?"},{"$i":"discard-new-message","$v":"Të hidhet tej mesazhi që po hartonit dhe të hapet një mesazh i ri?"},{"$i":"resend-confirmation","$v":"Mesazhi nuk u dërgua dot. Të riprovohet?"},{"$i":"resend-message","$v":"Ridërgoje këtë mesazh"},{"$i":"deleteMessage-confirmation","$v":"Të fshihen mesazhi i përzgjedhur?"},{"$i":"deleteMessages-confirmation-message","$v":{"zero":"Please select messages to be deleted.","one":"Delete selected message?","two":["Delete ",{"t":"idOrVar","v":"n"}," selected messages?"],"few":["Delete ",{"t":"idOrVar","v":"n"}," selected messages?"],"many":["Delete ",{"t":"idOrVar","v":"n"}," selected messages?"],"other":["Delete ",{"t":"idOrVar","v":"n"}," selected messages?"]},"$x":[{"t":"idOrVar","v":"plural"},"n"]},{"$i":"deleteThreads-confirmation-message","$v":{"zero":"Please select message threads to be deleted.","one":"Delete selected message thread?","two":["Delete ",{"t":"idOrVar","v":"n"}," selected message threads?"],"few":["Delete ",{"t":"idOrVar","v":"n"}," selected message threads?"],"many":["Delete ",{"t":"idOrVar","v":"n"}," selected message threads?"],"other":["Delete ",{"t":"idOrVar","v":"n"}," selected message threads?"]},"$x":[{"t":"idOrVar","v":"plural"},"n"]},{"$i":"new-message-notice-text","$v":"Mesazh i ri nga"},{"$i":"new-message-notice-a-text","$v":"Lexojeni"},{"$i":"noMessages-title","$v":"Nuk ka mesazhe"},{"$i":"noMessages-text","$v":"Filloni të komunikoni tani"},{"$i":"sendDefaultErrorTitle","$v":"Mesazhi nuk u dërgua"},{"$i":"sendDefaultErrorBody","$v":"Pati një problem në dërgimin e mesazhit. Ju lutemi, riprovoni."},{"$i":"sendDefaultErrorBtnOk","$v":"OK"},{"$i":"sendMissingSimCardTitle","$v":"Mungon karta SIM"},{"$i":"sendMissingSimCardBody","$v":"Futni një kartë SIM të vlefshme që të vazhdohet."},{"$i":"sendMissingSimCardBtnOk","$v":"OK"},{"$i":"sendFlightModeTitle","$v":"Mënyra Aeroplan është aktive"},{"$i":"sendFlightModeBody","$v":"Që të dërgoni një mesazh, së pari çaktivizoni Mënyrën Aeroplan."},{"$i":"sendFlightModeBtnOk","$v":"OK"},{"$i":"radioDisabledToDownloadTitle","$v":[{"t":"idOrVar","v":"sendFlightModeTitle"}]},{"$i":"radioDisabledToDownloadBody","$v":"Që të shkarkoni bashkëngjitjet, çaktivizoni Mënyrën Aeroplan."},{"$i":"radioDisabledToDownloadBtnOk","$v":[{"t":"idOrVar","v":"sendFlightModeBtnOk"}]},{"$i":"fdnBlocked2Title","$v":"NFTh aktive"},{"$i":"sms-counter-notice-label","$v":["Po përpunohet SMS-ja ",{"t":"idOrVar","v":"number"}]},{"$i":"fdnBlocked2Body","innerHTML":{"$x":[{"t":"idOrVar","v":"plural"},"n"],"$v":{"one":["NFTh-ja (Numra Fiks Thirrjesh) është e aktivizuar. Sigurohuni që qendra e SMS-ve dhe marrësi vijues gjenden te lista juaj NFTh:<br />",{"t":"idOrVar","v":"numbers"}],"two":["NFTh-ja (Numra Fiks Thirrjesh) është e aktivizuar. Sigurohuni që qendra e SMS-ve dhe marrësit vijues gjenden te lista juaj NFTh:<br />",{"t":"idOrVar","v":"numbers"}],"few":["NFTh-ja (Numra Fiks Thirrjesh) është e aktivizuar. Sigurohuni që qendra e SMS-ve dhe marrësit vijues gjenden te lista juaj NFTh:<br />",{"t":"idOrVar","v":"numbers"}],"many":["NFTh-ja (Numra Fiks Thirrjesh) është e aktivizuar. Sigurohuni që qendra e SMS-ve dhe marrësit vijues gjenden te lista juaj NFTh:<br />",{"t":"idOrVar","v":"numbers"}],"other":["NFTh-ja (Numra Fiks Thirrjesh) është e aktivizuar. Sigurohuni që qendra e SMS-ve dhe marrësit vijues gjenden te lista juaj NFTh:<br />",{"t":"idOrVar","v":"numbers"}]}}},{"$i":"fdnBlocked2BtnOk","$v":"OK"},{"$i":"switchSimToRetrieveTitle","$v":"Në tjetër lidhje të dhënash"},{"$i":"switchSimToRetrieveBody","$v":["Kaloni në lidhjen e të dhënave të SIM-it ",{"t":"idOrVar","v":"nonActiveSimId"}," që të merrni MMS-në. Shpërngulja e tanishme e të dhënave te SIM-i ",{"t":"idOrVar","v":"activeSimId"}," do të pezullohet. Të vazhdohet, sido qoftë?"]},{"$i":"switchSimToRetrieveBtnOk","$v":"Më vonë"},{"$i":"switchSimToRetrieveConfirm","$v":"OK"},{"$i":"switchSimToSendTitle","$v":[{"t":"idOrVar","v":"switchSimToRetrieveTitle"}]},{"$i":"switchSimToSendBody","$v":["Kaloni në lidhjen e të dhënave të SIM-it ",{"t":"idOrVar","v":"nonActiveSimId"}," që të dërgoni MMS-në. Shpërngulja e tanishme e të dhënave te SIM-i ",{"t":"idOrVar","v":"activeSimId"}," do të pezullohet. Të vazhdohet, sido qoftë?"]},{"$i":"switchSimToSendBtnOk","$v":[{"t":"idOrVar","v":"switchSimToRetrieveBtnOk"}]},{"$i":"switchSimToSendConfirm","$v":[{"t":"idOrVar","v":"switchSimToRetrieveConfirm"}]},{"$i":"sendNoSignalErrorTitle","$v":"Pa mbulim rrjeti"},{"$i":"sendNoSignalErrorBody","$v":"Sigurohuni që kapni sinjal celulari dhe riprovoni."},{"$i":"sendNoSignalErrorBtnOk","$v":"OK"},{"$i":"sendNotFoundErrorTitle","$v":"Nuk u gjet mesazh"},{"$i":"sendNotFoundErrorBody","$v":"Mesazhi që po kërkoni nuk gjendet më."},{"$i":"sendNotFoundErrorBtnOk","$v":"OK"},{"$i":"sendInvalidAddressErrorTitle","$v":"Numër i pavlefshëm"},{"$i":"sendInvalidAddressErrorBody","$v":"Sigurohuni që numri i celularit, tek i cili po dërgoni, është i vlefshëm."},{"$i":"sendInvalidAddressErrorBtnOk","$v":"OK"},{"$i":"simNotMatchedErrorTitle","$v":"I pazoti të shkarkojë"},{"$i":"simNotMatchedErrorBody","$v":"Ju lutemi, sigurohuni që karta SIM e futur është ajo e përdorur për të marrë këtë mesazh."},{"$i":"simNotMatchedErrorBtnOk","$v":"OK"},{"$i":"deleted-sms","$v":"Ky mesazh është fshirë tashmë."},{"$i":"view-attachment-image","$v":"Shiheni"},{"$i":"view-attachment-audio","$v":"Dëgjojeni"},{"$i":"view-attachment-video","$v":"Shiheni"},{"$i":"view-attachment-other","$v":"Shiheni"},{"$i":"remove-attachment-image","$v":"Hiqe figurën"},{"$i":"remove-attachment-audio","$v":"Hiqe audion"},{"$i":"remove-attachment-video","$v":"Hiqe videon"},{"$i":"remove-attachment-other","$v":"Hiqe bashkëngjitjen"},{"$i":"replace-attachment-image","$v":"Zëvendësoni figurën"},{"$i":"replace-attachment-audio","$v":"Zëvendësoni audion"},{"$i":"replace-attachment-video","$v":"Zëvendësoni videon"},{"$i":"replace-attachment-other","$v":"Zëvendësoni bashkëngjitjen"},{"$i":"unsent-message-title","$v":"Mesazh i Padërguar"},{"$i":"unsent-message-text","$v":"Your previous message was not sent. Do you want to discard the unsent message and continue?"},{"$i":"unsent-message-option-edit","$v":"Përpunojeni"},{"$i":"unsent-message-option-discard","$v":"Hidhe tej"},{"$i":"message-options","$v":"Mundësi mesazhesh"},{"$i":"thread-options","$v":"Thread options"},{"$i":"forward","$v":"Përcille"},{"$i":"view-message-report","$v":"Shihni raport mesazhi"},{"$i":"select-text","$v":"Përzgjidhni tekst"},{"$i":"mobile","$v":"Celular"},{"$i":"home","$v":"Shtëpie"},{"$i":"work","$v":"Pune"},{"$i":"personal","$v":"Personal"},{"$i":"faxHome","$v":"Faks shtëpie"},{"$i":"faxOffice","$v":"Faks zyre"},{"$i":"faxOther","$v":"Faks tjetër"},{"$i":"another","$v":"Një tjetër"},{"$i":"other","$v":"Tjetër"},{"$i":"today","$v":"sot"},{"$i":"yesterday","$v":"dje"},{"$i":"incorrectDate","$v":"(datë e pasaktë)"},{"$i":"addToExistingContact","$v":"Shtojeni te një kontakt ekzistues"},{"$i":"createNewContact","$v":"Krijoni kontakt të ri"},{"$i":"viewContact","$v":"Shihni kontaktin"},{"$i":"call","$v":"Thirre"},{"$i":"sendEmail","$v":"Dërgojini email"},{"$i":"mms-message","$v":"Mesazh MMS"},{"$i":"notDownloaded-title","$v":"Mesazhi nuk është shkarkuar ende."},{"$i":"tobedownloaded-attachment","$v":["Morët një mesazh multimedia. Deri më ",{"t":"idOrVar","v":"date"}," mund të përdorni lidhjen më poshtë për të shkarkuar lëndën e tij."]},{"$i":"expired-attachment","$v":["Na ndjeni, mesazhi skadoi më ",{"t":"idOrVar","v":"date"}," dhe nuk mund të shkarkohet."]},{"$i":"download-attachment","$v":"Shkarkojeni"},{"$i":"downloading-attachment","$v":"Po shkarkohet…"},{"$i":"unnamed-attachment","$v":"pa titull"},{"$i":"mms-label","$v":"MMS"},{"$i":"attached-files-too-large","$v":{"zero":["Kartelat që keni përzgjedhur e tejkalojnë cakun prej ",{"t":"idOrVar","v":"mmsSize"}," KB të një mesazhi të vetëm multimedia."],"one":["Kartela që keni përzgjedhur e tejkalon cakun prej ",{"t":"idOrVar","v":"mmsSize"}," KB të një mesazhi të vetëm multimedia."],"two":["Kartelat që keni përzgjedhur e tejkalojnë cakun prej ",{"t":"idOrVar","v":"mmsSize"}," KB të një mesazhi të vetëm multimedia."],"few":["Kartelat që keni përzgjedhur e tejkalojnë cakun prej ",{"t":"idOrVar","v":"mmsSize"}," KB të një mesazhi të vetëm multimedia."],"many":["Kartelat që keni përzgjedhur e tejkalojnë cakun prej ",{"t":"idOrVar","v":"mmsSize"}," KB të një mesazhi të vetëm multimedia."],"other":["Kartelat që keni përzgjedhur e tejkalojnë cakun prej ",{"t":"idOrVar","v":"mmsSize"}," KB të një mesazhi të vetëm multimedia."]},"$x":[{"t":"idOrVar","v":"plural"},"n"]},{"$i":"resize-image","$v":"Po ripërmasohet figura e bashkëngjitur"},{"$i":"no-attachment-text","$v":"Pati një problem me kartelën e bashkëngjitur dhe nuk mund të shkarkohet."},{"$i":"message-draft-saved","$v":"Mesazhi u ruajt si skicë"},{"$i":"sim-id-label","$v":["SIM ",{"t":"idOrVar","v":"id"}]},{"$i":"sim-detail","$v":["SIM ",{"t":"idOrVar","v":"id"},", ",{"t":"idOrVar","v":"detailString"}]},{"$i":"dsds-notification-title-with-sim","$v":["(",{"t":"idOrVar","v":"sim"},") ",{"t":"idOrVar","v":"sender"}]},{"$i":"send-button","ariaLabel":"Dërgoje"},{"$i":"send-button-sim-indication","$v":[{"t":"idOrVar","v":"n"}],"ariaLabel":["po përdoret SIM-i ",{"t":"idOrVar","v":"n"}]},{"$i":"expiry-date-format","$v":"%A, %e %b"},{"$i":"attach-button","ariaLabel":"Shtoni bashkëngjitje"},{"$i":"contact-photo","ariaLabel":"Foto kontakti"},{"$i":"unread-thread","ariaLabel":"E palexuar"},{"$i":"has-draft","ariaLabel":"Ka skicë"},{"$i":"is-draft","ariaLabel":"Skicë"},{"$i":"message-delivery-status-sending","$v":"Po dërgohet…"},{"$i":"message-delivery-status-delivered","ariaLabel":"U dërgua"},{"$i":"message-delivery-status-read","ariaLabel":"I lexuar"},{"$i":"message-delivery-status-error","ariaLabel":"Gabim"},{"$i":"modal-dialog-ok-button","$v":"OK"},{"$i":"modal-dialog-cancel-button","$v":"Anuloje"},{"$i":"modal-dialog-default-title","$v":"Mesazhe"},{"$i":"weekday-0-long","$v":"E diel"},{"$i":"weekday-1-long","$v":"E hënë"},{"$i":"weekday-2-long","$v":"E martë"},{"$i":"weekday-3-long","$v":"E mërkurë"},{"$i":"weekday-4-long","$v":"E enjte"},{"$i":"weekday-5-long","$v":"E premte"},{"$i":"weekday-6-long","$v":"E shtunë"},{"$i":"weekday-0-short","$v":"Die"},{"$i":"weekday-1-short","$v":"Hën"},{"$i":"weekday-2-short","$v":"Mar"},{"$i":"weekday-3-short","$v":"Mër"},{"$i":"weekday-4-short","$v":"Enj"},{"$i":"weekday-5-short","$v":"Pre"},{"$i":"weekday-6-short","$v":"Sht"},{"$i":"month-0-long","$v":"Janar"},{"$i":"month-1-long","$v":"Shkurt"},{"$i":"month-2-long","$v":"Mars"},{"$i":"month-3-long","$v":"Prill"},{"$i":"month-4-long","$v":"Maj"},{"$i":"month-5-long","$v":"Qershor"},{"$i":"month-6-long","$v":"Korrik"},{"$i":"month-7-long","$v":"Gusht"},{"$i":"month-8-long","$v":"Shtator"},{"$i":"month-9-long","$v":"Tetor"},{"$i":"month-10-long","$v":"Nëntor"},{"$i":"month-11-long","$v":"Dhjetor"},{"$i":"month-0-genitive","$v":"të Janarit"},{"$i":"month-1-genitive","$v":"të Shkurtit"},{"$i":"month-2-genitive","$v":"të Marsit"},{"$i":"month-3-genitive","$v":"të Prillit"},{"$i":"month-4-genitive","$v":"të Majit"},{"$i":"month-5-genitive","$v":"të Qershorit"},{"$i":"month-6-genitive","$v":"të Korrikut"},{"$i":"month-7-genitive","$v":"të Gushtit"},{"$i":"month-8-genitive","$v":"të Shtatorit"},{"$i":"month-9-genitive","$v":"të Tetorit"},{"$i":"month-10-genitive","$v":"të Nëntorit"},{"$i":"month-11-genitive","$v":"të Dhjetorit"},{"$i":"month-0-short","$v":"Jan"},{"$i":"month-1-short","$v":"Shk"},{"$i":"month-2-short","$v":"Mar"},{"$i":"month-3-short","$v":"Pri"},{"$i":"month-4-short","$v":"Maj"},{"$i":"month-5-short","$v":"Qer"},{"$i":"month-6-short","$v":"Kor"},{"$i":"month-7-short","$v":"Gus"},{"$i":"month-8-short","$v":"Sht"},{"$i":"month-9-short","$v":"Tet"},{"$i":"month-10-short","$v":"Nën"},{"$i":"month-11-short","$v":"Dhj"},{"$i":"minutes-ago-long","$v":{"zero":"mu tani","one":"një minutë më parë","two":[{"t":"idOrVar","v":"value"}," minuta më parë"],"few":[{"t":"idOrVar","v":"value"}," minuta më parë"],"many":[{"t":"idOrVar","v":"value"}," minuta më parë"],"other":[{"t":"idOrVar","v":"value"}," minuta më parë"]},"$x":[{"t":"idOrVar","v":"plural"},"value"]},{"$i":"hours-ago-long","$v":{"zero":"mu tani","one":"një orë më parë","two":[{"t":"idOrVar","v":"value"}," orë më parë"],"few":[{"t":"idOrVar","v":"value"}," orë më parë"],"many":[{"t":"idOrVar","v":"value"}," orë më parë"],"other":[{"t":"idOrVar","v":"value"}," orë më parë"]},"$x":[{"t":"idOrVar","v":"plural"},"value"]},{"$i":"days-ago-long","$v":{"zero":"sot","one":"dje","two":[{"t":"idOrVar","v":"value"}," ditë më parë"],"few":[{"t":"idOrVar","v":"value"}," ditë më parë"],"many":[{"t":"idOrVar","v":"value"}," ditë më parë"],"other":[{"t":"idOrVar","v":"value"}," ditë më parë"]},"$x":[{"t":"idOrVar","v":"plural"},"value"]},{"$i":"weeks-ago-long","$v":{"zero":"këtë javë","one":"javën e kaluar","two":[{"t":"idOrVar","v":"value"}," javë më parë"],"few":[{"t":"idOrVar","v":"value"}," javë më parë"],"many":[{"t":"idOrVar","v":"value"}," javë më parë"],"other":[{"t":"idOrVar","v":"value"}," javë më parë"]},"$x":[{"t":"idOrVar","v":"plural"},"value"]},{"$i":"months-ago-long","$v":{"zero":"këtë muaj","one":"muajin e kaluar","two":[{"t":"idOrVar","v":"value"}," muaj më parë"],"few":[{"t":"idOrVar","v":"value"}," muaj më parë"],"many":[{"t":"idOrVar","v":"value"}," muaj më parë"],"other":[{"t":"idOrVar","v":"value"}," muaj më parë"]},"$x":[{"t":"idOrVar","v":"plural"},"value"]},{"$i":"years-ago-long","$v":{"zero":"këtë vit","one":"vitin e kaluar","two":[{"t":"idOrVar","v":"value"}," vite më parë"],"few":[{"t":"idOrVar","v":"value"}," vite më parë"],"many":[{"t":"idOrVar","v":"value"}," vite më parë"],"other":[{"t":"idOrVar","v":"value"}," vite më parë"]},"$x":[{"t":"idOrVar","v":"plural"},"value"]},{"$i":"minutes-until-long","$v":{"zero":"tani","one":"për një minutë","two":["për ",{"t":"idOrVar","v":"value"}," minuta"],"few":["për ",{"t":"idOrVar","v":"value"}," minuta"],"many":["për ",{"t":"idOrVar","v":"value"}," minuta"],"other":["për ",{"t":"idOrVar","v":"value"}," minuta"]},"$x":[{"t":"idOrVar","v":"plural"},"value"]},{"$i":"hours-until-long","$v":{"zero":"tani","one":"për një orë","two":["për ",{"t":"idOrVar","v":"value"}," orë"],"few":["për ",{"t":"idOrVar","v":"value"}," orë"],"many":["për ",{"t":"idOrVar","v":"value"}," orë"],"other":["për ",{"t":"idOrVar","v":"value"}," orë"]},"$x":[{"t":"idOrVar","v":"plural"},"value"]},{"$i":"days-until-long","$v":{"zero":"sot","one":"nesër","two":["për ",{"t":"idOrVar","v":"value"}," ditë"],"few":["për ",{"t":"idOrVar","v":"value"}," ditë"],"many":["për ",{"t":"idOrVar","v":"value"}," ditë"],"other":["për ",{"t":"idOrVar","v":"value"}," ditë"]},"$x":[{"t":"idOrVar","v":"plural"},"value"]},{"$i":"weeks-until-long","$v":{"zero":"këtë javë","one":"javën pasuese","two":["për ",{"t":"idOrVar","v":"value"}," javë"],"few":["për ",{"t":"idOrVar","v":"value"}," javë"],"many":["për ",{"t":"idOrVar","v":"value"}," javë"],"other":["për ",{"t":"idOrVar","v":"value"}," javë"]},"$x":[{"t":"idOrVar","v":"plural"},"value"]},{"$i":"months-until-long","$v":{"zero":"këtë muaj","one":"muajin pasues","two":["për ",{"t":"idOrVar","v":"value"}," muaj"],"few":["për ",{"t":"idOrVar","v":"value"}," muaj"],"many":["për ",{"t":"idOrVar","v":"value"}," muaj"],"other":["për ",{"t":"idOrVar","v":"value"}," muaj"]},"$x":[{"t":"idOrVar","v":"plural"},"value"]},{"$i":"years-until-long","$v":{"zero":"këtë vit","one":"vitin pasues","two":["për ",{"t":"idOrVar","v":"value"}," vjet"],"few":["për ",{"t":"idOrVar","v":"value"}," vjet"],"many":["për ",{"t":"idOrVar","v":"value"}," vjet"],"other":["për ",{"t":"idOrVar","v":"value"}," vjet"]},"$x":[{"t":"idOrVar","v":"plural"},"value"]},{"$i":"minutes-ago-short","$v":{"zero":"mu tani","other":[{"t":"idOrVar","v":"value"},"m më parë"]},"$x":[{"t":"idOrVar","v":"plural"},"value"]},{"$i":"hours-ago-short","$v":{"zero":"mu tani","other":[{"t":"idOrVar","v":"value"},"h më parë"]},"$x":[{"t":"idOrVar","v":"plural"},"value"]},{"$i":"days-ago-short","$v":{"zero":"sot","other":[{"t":"idOrVar","v":"value"},"d më parë"]},"$x":[{"t":"idOrVar","v":"plural"},"value"]},{"$i":"minutes-until-short","$v":{"zero":"tani","other":["për ",{"t":"idOrVar","v":"value"},"m"]},"$x":[{"t":"idOrVar","v":"plural"},"value"]},{"$i":"hours-until-short","$v":{"zero":"tani","other":["për ",{"t":"idOrVar","v":"value"},"h"]},"$x":[{"t":"idOrVar","v":"plural"},"value"]},{"$i":"days-until-short","$v":{"zero":"sot","other":["për ",{"t":"idOrVar","v":"value"},"d"]},"$x":[{"t":"idOrVar","v":"plural"},"value"]},{"$i":"dateTimeFormat_%c","$v":"%a %e %b %Y %I:%M:%S %p"},{"$i":"dateTimeFormat_%x","$v":"%m/%d/%Y"},{"$i":"dateTimeFormat_%X","$v":"%I:%M:%S %p"},{"$i":"shortTimeFormat","$v":"%I:%M %p"},{"$i":"shortTimeFormat12","$v":"%I:%M %p"},{"$i":"shortTimeFormat24","$v":"%H:%M"},{"$i":"shortDateTimeFormat","$v":"%x %I:%M %p"},{"$i":"weekStartsOnMonday","$v":"0"},{"$i":"firstDayOfTheWeek","$v":"0"},{"$i":"time_am","$v":"AM"},{"$i":"time_pm","$v":"PM"},{"$i":"gaia-menu-cancel","$v":"Anuloje"},{"$i":"gaia-sim-picker-dial-via-with-number","$v":["Bjeri ",{"t":"idOrVar","v":"phoneNumber"}," përmes"]},{"$i":"gaia-sim-picker-select-sim","$v":"Përzgjidhni SIM"},{"$i":"gaia-sim-picker-button","$v":["SIM",{"t":"idOrVar","v":"n"}]},{"$i":"gaia-sim-picker-button-default","$v":"(parazgjedhje)"}]