[{"$i":"messages","$v":"Поруке"},{"$i":"deleteMessages-title","$v":"Брисање"},{"$i":"selectThreads-title","$v":"Одабир"},{"$i":"edit","$v":"Уреди"},{"$i":"back","$v":"Назад"},{"$i":"cancel","$v":"Одустани"},{"$i":"undo","$v":"Поништи"},{"$i":"done","$v":"Готово"},{"$i":"delete","$v":"Избриши"},{"$i":"delete-thread","$v":"Delete thread"},{"$i":"mark-as-read","$v":"Mark as read"},{"$i":"mark-as-unread","$v":"Mark as unread"},{"$i":"deleting-messages","$v":"Брисање…"},{"$i":"select-all","$v":"Означи све"},{"$i":"deselect-all","$v":"Одзначи све"},{"$i":"selected-threads","$v":{"zero":"ништа није означено","one":[{"t":"idOrVar","v":"n"}," означен"],"two":[{"t":"idOrVar","v":"n"}," означена"],"few":[{"t":"idOrVar","v":"n"}," означених"],"many":[{"t":"idOrVar","v":"n"}," означених"],"other":[{"t":"idOrVar","v":"n"}," означених"]},"$x":[{"t":"idOrVar","v":"plural"},"n"]},{"$i":"selected-messages","$v":{"zero":"ништа није означено","one":[{"t":"idOrVar","v":"n"}," означен"],"two":[{"t":"idOrVar","v":"n"}," означена"],"few":[{"t":"idOrVar","v":"n"}," означених"],"many":[{"t":"idOrVar","v":"n"}," означених"],"other":[{"t":"idOrVar","v":"n"}," означених"]},"$x":[{"t":"idOrVar","v":"plural"},"n"]},{"$i":"selectThreads-label","$v":"Изабери теме"},{"$i":"selectMessages-label","$v":"Изабери поруке"},{"$i":"settings","$v":"Поставке"},{"$i":"add-subject","$v":"Додај тему"},{"$i":"remove-subject","$v":"Уклони тему"},{"$i":"to","$v":"За:"},{"$i":"new","$v":"Нова"},{"$i":"message","$v":"Порука"},{"$i":"messagesInput_placeholder","$v":"Порука"},{"$i":"messagesSubjectInput_placeholder","$v":"Тема"},{"$i":"converted-to-mms","$v":"Претварам у MMS поруку."},{"$i":"converted-to-sms","$v":"Претварам у SMS поруку."},{"$i":"messages-max-length-text","$v":"Прекорачили сте дозвољену дужину."},{"$i":"messages-max-subject-length-text","$v":"Достигли сте максималну дужину теме"},{"$i":"multimedia-message-exceeded-max-length","$v":"Прекорачили сте дозвољену дужину мултимедијалне поруке од {mmsSize}} KB. Уклоните прилоге или скратите поруку да бисте је послали."},{"$i":"newMessage","$v":"Нова порука"},{"$i":"sendMessage","$v":"Пошаљи поруку"},{"$i":"sendMMSToEmail","$v":"Пошаљи мултимедијалну поруку"},{"$i":"no-recipient","$v":"(Нема примаоца)"},{"$i":"recipient","$v":{"one":[{"t":"idOrVar","v":"n"}," прималац"],"two":[{"t":"idOrVar","v":"n"}," примаоца"],"few":[{"t":"idOrVar","v":"n"}," примаоца"],"many":[{"t":"idOrVar","v":"n"}," примаоца"],"other":[{"t":"idOrVar","v":"n"}," примаоца"]},"$x":[{"t":"idOrVar","v":"plural"},"n"]},{"$i":"attachmentSizeB","$v":[{"t":"idOrVar","v":"n"}," B"]},{"$i":"attachmentSizeKB","$v":[{"t":"idOrVar","v":"n"}," KB"]},{"$i":"attachmentSizeMB","$v":[{"t":"idOrVar","v":"n"}," MB"]},{"$i":"attachmentOpenError","$v":"Немате апликацију која може отворити овај тип датотеке."},{"$i":"remove","$v":"Уклони"},{"$i":"participant","$v":{"one":[{"t":"idOrVar","v":"n"}," учесник"],"two":[{"t":"idOrVar","v":"n"}," учесника"],"few":[{"t":"idOrVar","v":"n"}," учесника"],"many":[{"t":"idOrVar","v":"n"}," учесника"],"other":[{"t":"idOrVar","v":"n"}," учесника"]},"$x":[{"t":"idOrVar","v":"plural"},"n"]},{"$i":"message-report","$v":"Извештај поруке"},{"$i":"message-type-sms","$v":"Текстуална порука (SMS)"},{"$i":"message-type-mms","$v":"Мултимедијална порука (MMS)"},{"$i":"sms-report-description","$v":["Ваша текстуална порука (SMS), је послата ",{"t":"idOrVar","v":"datetime"}]},{"$i":"mms-report-description","$v":["Ваша мултимедијална порука (MMS), тема ",{"t":"idOrVar","v":"subject"},", је послата ",{"t":"idOrVar","v":"datetime"}]},{"$i":"mms-no-subject-report-description","$v":["Ваша мултимедијална порука (MMS), је послата ",{"t":"idOrVar","v":"datetime"}]},{"$i":"message-subject","$v":"Тема:"},{"$i":"report-status-error","$v":"Порука није могла бити послата"},{"$i":"report-status-not-downloaded","$v":"није преузета"},{"$i":"report-status-delivered","$v":"Испоручена:"},{"$i":"report-status-read","$v":"Прочитај:"},{"$i":"report-status-pending","$v":"Захтеван извештај"},{"$i":"report-status-rejected","$v":"Порука је одбијена"},{"$i":"message-size-was","$v":"Величина поруке:"},{"$i":"report-dateTimeFormat12","$v":["%e %B %Y - ",{"t":"idOrVar","v":"shortTimeFormat12"}]},{"$i":"report-dateTimeFormat24","$v":["%e %B %Y - ",{"t":"idOrVar","v":"shortTimeFormat24"}]},{"$i":"report-to-title","$v":"За"},{"$i":"report-from-title","$v":"Од"},{"$i":"message-sent","$v":"Послато:"},{"$i":"message-sending","$v":[{"t":"idOrVar","v":"message-delivery-status-sending"}]},{"$i":"message-received","$v":"Примљено:"},{"$i":"message-via","$v":"Преко:"},{"$i":"message-resend","$v":"Поново пошаљи"},{"$i":"search","$v":"Тражи"},{"$i":"unknown-contact-title","$v":"Непознат контакт"},{"$i":"phone-type-separator","$v":", "},{"$i":"phone-carrier-separator","$v":" "},{"$i":"thread-participant-separator","$v":", "},{"$i":"replace-draft","$v":"Замени постојећу недовршену поруку"},{"$i":"save-as-draft","$v":"Сними као недовршену"},{"$i":"discard-message","$v":"Одбаци"},{"$i":"discard-sms","$v":"Да ли сте сигурни да желите одбацити ову поруку?"},{"$i":"discard-new-message","$v":"Одбацити поруку коју пишете и отворити нову?"},{"$i":"resend-confirmation","$v":"Слање поруке није успело. Покушати поново?"},{"$i":"resend-message","$v":"Поново пошаљи ову поруку"},{"$i":"deleteMessage-confirmation","$v":"Избрисати означену поруку?"},{"$i":"deleteMessages-confirmation-message","$v":{"zero":"Please select messages to be deleted.","one":"Delete selected message?","two":["Delete ",{"t":"idOrVar","v":"n"}," selected messages?"],"few":["Delete ",{"t":"idOrVar","v":"n"}," selected messages?"],"many":["Delete ",{"t":"idOrVar","v":"n"}," selected messages?"],"other":["Delete ",{"t":"idOrVar","v":"n"}," selected messages?"]},"$x":[{"t":"idOrVar","v":"plural"},"n"]},{"$i":"deleteThreads-confirmation-message","$v":{"zero":"Please select message threads to be deleted.","one":"Delete selected message thread?","two":["Delete ",{"t":"idOrVar","v":"n"}," selected message threads?"],"few":["Delete ",{"t":"idOrVar","v":"n"}," selected message threads?"],"many":["Delete ",{"t":"idOrVar","v":"n"}," selected message threads?"],"other":["Delete ",{"t":"idOrVar","v":"n"}," selected message threads?"]},"$x":[{"t":"idOrVar","v":"plural"},"n"]},{"$i":"new-message-notice-text","$v":"Нова порука од"},{"$i":"new-message-notice-a-text","$v":"Прочитај"},{"$i":"noMessages-title","$v":"Нема порука"},{"$i":"noMessages-text","$v":"Започни комуницирати сада"},{"$i":"sendDefaultErrorTitle","$v":"Порука није послата"},{"$i":"sendDefaultErrorBody","$v":"Десио се проблем приликом слања поруке. Покушајте поново."},{"$i":"sendDefaultErrorBtnOk","$v":"У реду"},{"$i":"sendMissingSimCardTitle","$v":"Нема SIM картице"},{"$i":"sendMissingSimCardBody","$v":"Уметните исправну SIM картицу."},{"$i":"sendMissingSimCardBtnOk","$v":"У реду"},{"$i":"sendFlightModeTitle","$v":"Режим у авиону активан"},{"$i":"sendFlightModeBody","$v":"Искључите режим у авиону ради слања порука."},{"$i":"sendFlightModeBtnOk","$v":"У реду"},{"$i":"radioDisabledToDownloadTitle","$v":[{"t":"idOrVar","v":"sendFlightModeTitle"}]},{"$i":"radioDisabledToDownloadBody","$v":"Искључите режим у авиону ради преузимања прилога."},{"$i":"radioDisabledToDownloadBtnOk","$v":[{"t":"idOrVar","v":"sendFlightModeBtnOk"}]},{"$i":"fdnBlocked2Title","$v":"FDN је активан"},{"$i":"sms-counter-notice-label","$v":["Уређујем SMS ",{"t":"idOrVar","v":"number"}]},{"$i":"fdnBlocked2Body","innerHTML":{"$x":[{"t":"idOrVar","v":"plural"},"n"],"$v":{"one":["FDN је активиран. Уверите се да се SMS центар и следећи прималац налази у Вашој FDN листи:<br />",{"t":"idOrVar","v":"numbers"}],"two":["FDN је активиран. Уверите се да се SMS центар и следећи примаоци налазе у Вашој FDN листи:<br />",{"t":"idOrVar","v":"numbers"}],"few":["FDN је активиран. Уверите се да се SMS центар и следећи примаоци налазе у Вашој FDN листи:<br />",{"t":"idOrVar","v":"numbers"}],"many":["FDN је активиран. Уверите се да се SMS центар и следећи примаоци налазе у Вашој FDN листи:<br />",{"t":"idOrVar","v":"numbers"}],"other":["FDN је активиран. Уверите се да се SMS центар и следећи примаоци налазе у Вашој FDN листи:<br />",{"t":"idOrVar","v":"numbers"}]}}},{"$i":"fdnBlocked2BtnOk","$v":"У реду"},{"$i":"switchSimToRetrieveTitle","$v":"Промена везе"},{"$i":"switchSimToRetrieveBody","$v":["Промените везу за пренос података на SIM ",{"t":"idOrVar","v":"nonActiveSimId"}," да бисте добили MMS. Тренутни пренос података на SIM ",{"t":"idOrVar","v":"activeSimId"}," ће бити суспендован. Ипак наставити?"]},{"$i":"switchSimToRetrieveBtnOk","$v":"Касније"},{"$i":"switchSimToRetrieveConfirm","$v":"У реду"},{"$i":"switchSimToSendTitle","$v":[{"t":"idOrVar","v":"switchSimToRetrieveTitle"}]},{"$i":"switchSimToSendBody","$v":["Промените везу за пренос података на ",{"t":"idOrVar","v":"nonActiveSimId"}," да бисте послали MMS. Тренутни пренос података на SIM ",{"t":"idOrVar","v":"activeSimId"}," ће бити суспендован. Ипак наставити?"]},{"$i":"switchSimToSendBtnOk","$v":[{"t":"idOrVar","v":"switchSimToRetrieveBtnOk"}]},{"$i":"switchSimToSendConfirm","$v":[{"t":"idOrVar","v":"switchSimToRetrieveConfirm"}]},{"$i":"sendNoSignalErrorTitle","$v":"Нема мрежне покривености"},{"$i":"sendNoSignalErrorBody","$v":"Проверите да ли имате мобилни сигнал и покушајте поново."},{"$i":"sendNoSignalErrorBtnOk","$v":"У реду"},{"$i":"sendNotFoundErrorTitle","$v":"Порука није пронађена"},{"$i":"sendNotFoundErrorBody","$v":"Порука коју тражите више није доступна."},{"$i":"sendNotFoundErrorBtnOk","$v":"У реду"},{"$i":"sendInvalidAddressErrorTitle","$v":"Неважећи број"},{"$i":"sendInvalidAddressErrorBody","$v":"Проверите да ли је број који шаљете исправан."},{"$i":"sendInvalidAddressErrorBtnOk","$v":"У реду"},{"$i":"simNotMatchedErrorTitle","$v":"Не могу преузети"},{"$i":"simNotMatchedErrorBody","$v":"Молимо проверите да ли се убачена SIM картица користи за примање ове поруке."},{"$i":"simNotMatchedErrorBtnOk","$v":"У реду"},{"$i":"deleted-sms","$v":"Ова порука је већ обрисана."},{"$i":"view-attachment-image","$v":"Прикажи"},{"$i":"view-attachment-audio","$v":"Преслушај"},{"$i":"view-attachment-video","$v":"Прикажи"},{"$i":"view-attachment-other","$v":"Прикажи"},{"$i":"remove-attachment-image","$v":"Уклони слику"},{"$i":"remove-attachment-audio","$v":"Уклони аудио"},{"$i":"remove-attachment-video","$v":"Уклони видеo"},{"$i":"remove-attachment-other","$v":"Уклони прилог"},{"$i":"replace-attachment-image","$v":"Замени слику"},{"$i":"replace-attachment-audio","$v":"Замени аудио"},{"$i":"replace-attachment-video","$v":"Замени видео"},{"$i":"replace-attachment-other","$v":"Замени прилог"},{"$i":"unsent-message-title","$v":"Непослата порука"},{"$i":"unsent-message-text","$v":"Your previous message was not sent. Do you want to discard the unsent message and continue?"},{"$i":"unsent-message-option-edit","$v":"Измени"},{"$i":"unsent-message-option-discard","$v":"Одбаци"},{"$i":"message-options","$v":"Опције порука"},{"$i":"thread-options","$v":"Thread options"},{"$i":"forward","$v":"Проследи"},{"$i":"view-message-report","$v":"Прикажи извештај поруке"},{"$i":"select-text","$v":"Изабери текст"},{"$i":"mobile","$v":"Мобилни"},{"$i":"home","$v":"Кућни"},{"$i":"work","$v":"Пословни"},{"$i":"personal","$v":"Лични"},{"$i":"faxHome","$v":"Кућни факс"},{"$i":"faxOffice","$v":"Факс у канцеларији"},{"$i":"faxOther","$v":"Други факсови"},{"$i":"another","$v":"Друго"},{"$i":"other","$v":"Остало"},{"$i":"today","$v":"данас"},{"$i":"yesterday","$v":"јуче"},{"$i":"incorrectDate","$v":"(нетачан датум)"},{"$i":"addToExistingContact","$v":"Додај у постојећи контакт"},{"$i":"createNewContact","$v":"Направи нов контакт"},{"$i":"viewContact","$v":"Прикажи контакт"},{"$i":"call","$v":"Позови"},{"$i":"sendEmail","$v":"Пошаљи е-пошту"},{"$i":"mms-message","$v":"MMS порука"},{"$i":"notDownloaded-title","$v":"Порука још увек није преузета."},{"$i":"tobedownloaded-attachment","$v":["Примили сте мултимедијалну поруку. Можете да користите везу испод да бисте преузели њен садржај до ",{"t":"idOrVar","v":"date"},"."]},{"$i":"expired-attachment","$v":["Жао нам је, порука је истекла ",{"t":"idOrVar","v":"date"}," и не може бити преузета."]},{"$i":"download-attachment","$v":"Преузми"},{"$i":"downloading-attachment","$v":"Преузимање…"},{"$i":"unnamed-attachment","$v":"без наслова"},{"$i":"mms-label","$v":"MMS"},{"$i":"attached-files-too-large","$v":{"zero":["Датотека коју сте одабрали прекорачује дозвољену дужину мултимедијалне поруке од ",{"t":"idOrVar","v":"mmsSize"}," KB."],"one":["Датотека коју сте одабрали прекорачује дозвољену дужину мултимедијалне поруке од ",{"t":"idOrVar","v":"mmsSize"}," KB."],"two":["Датотеке које сте одабрали прекорачују дозвољену дужину мултимедијалне поруке од ",{"t":"idOrVar","v":"mmsSize"}," KB."],"few":["Датотеке које сте одабрали прекорачују дозвољену дужину мултимедијалне поруке од ",{"t":"idOrVar","v":"mmsSize"}," KB."],"many":["Датотеке које сте одабрали прекорачују дозвољену дужину мултимедијалне поруке од ",{"t":"idOrVar","v":"mmsSize"}," KB."],"other":["Датотеке које сте одабрали прекорачују дозвољену дужину мултимедијалне поруке од ",{"t":"idOrVar","v":"mmsSize"}," KB."]},"$x":[{"t":"idOrVar","v":"plural"},"n"]},{"$i":"resize-image","$v":"Мењам величину приложене слике"},{"$i":"no-attachment-text","$v":"Постоји проблем са приложеном датотеком и она не може бити преузета."},{"$i":"message-draft-saved","$v":"Порука је снимљена као недовршена"},{"$i":"sim-id-label","$v":["SIM ",{"t":"idOrVar","v":"id"}]},{"$i":"sim-detail","$v":["SIM ",{"t":"idOrVar","v":"id"},", ",{"t":"idOrVar","v":"detailString"}]},{"$i":"dsds-notification-title-with-sim","$v":["(",{"t":"idOrVar","v":"sim"},") ",{"t":"idOrVar","v":"sender"}]},{"$i":"send-button","ariaLabel":"Пошаљи"},{"$i":"send-button-sim-indication","$v":[{"t":"idOrVar","v":"n"}],"ariaLabel":["користим SIM ",{"t":"idOrVar","v":"n"}]},{"$i":"expiry-date-format","$v":"%A, %e %b"},{"$i":"attach-button","ariaLabel":"Додај прилог"},{"$i":"contact-photo","ariaLabel":"Слика контакта"},{"$i":"unread-thread","ariaLabel":"Непрочитан"},{"$i":"has-draft","ariaLabel":"Има недовршене"},{"$i":"is-draft","ariaLabel":"Недовршена"},{"$i":"message-delivery-status-sending","$v":"Шаљем…"},{"$i":"message-delivery-status-delivered","ariaLabel":"Послато"},{"$i":"message-delivery-status-read","ariaLabel":"Прочитај"},{"$i":"message-delivery-status-error","ariaLabel":"Грешка"},{"$i":"modal-dialog-ok-button","$v":"У реду"},{"$i":"modal-dialog-cancel-button","$v":"Откажи"},{"$i":"modal-dialog-default-title","$v":"Поруке"},{"$i":"weekday-0-long","$v":"Недеља"},{"$i":"weekday-1-long","$v":"Понедељак"},{"$i":"weekday-2-long","$v":"Уторак"},{"$i":"weekday-3-long","$v":"Среда"},{"$i":"weekday-4-long","$v":"Четвртак"},{"$i":"weekday-5-long","$v":"Петак"},{"$i":"weekday-6-long","$v":"Субота"},{"$i":"weekday-0-short","$v":"Нед"},{"$i":"weekday-1-short","$v":"Пон"},{"$i":"weekday-2-short","$v":"Уто"},{"$i":"weekday-3-short","$v":"Сре"},{"$i":"weekday-4-short","$v":"Чет"},{"$i":"weekday-5-short","$v":"Пет"},{"$i":"weekday-6-short","$v":"Суб"},{"$i":"month-0-long","$v":"јануар"},{"$i":"month-1-long","$v":"фебруар"},{"$i":"month-2-long","$v":"март"},{"$i":"month-3-long","$v":"април"},{"$i":"month-4-long","$v":"мај"},{"$i":"month-5-long","$v":"јун"},{"$i":"month-6-long","$v":"јул"},{"$i":"month-7-long","$v":"август"},{"$i":"month-8-long","$v":"септембар"},{"$i":"month-9-long","$v":"октобар"},{"$i":"month-10-long","$v":"новембар"},{"$i":"month-11-long","$v":"децембар"},{"$i":"month-0-genitive","$v":"јануара"},{"$i":"month-1-genitive","$v":"фебруара"},{"$i":"month-2-genitive","$v":"марта"},{"$i":"month-3-genitive","$v":"априла"},{"$i":"month-4-genitive","$v":"маја"},{"$i":"month-5-genitive","$v":"јуна"},{"$i":"month-6-genitive","$v":"јула"},{"$i":"month-7-genitive","$v":"августа"},{"$i":"month-8-genitive","$v":"септембра"},{"$i":"month-9-genitive","$v":"октобра"},{"$i":"month-10-genitive","$v":"новембра"},{"$i":"month-11-genitive","$v":"децембра"},{"$i":"month-0-short","$v":"јан"},{"$i":"month-1-short","$v":"феб"},{"$i":"month-2-short","$v":"мар"},{"$i":"month-3-short","$v":"апр"},{"$i":"month-4-short","$v":"мај"},{"$i":"month-5-short","$v":"јун"},{"$i":"month-6-short","$v":"јул"},{"$i":"month-7-short","$v":"авг"},{"$i":"month-8-short","$v":"сеп"},{"$i":"month-9-short","$v":"окт"},{"$i":"month-10-short","$v":"нов"},{"$i":"month-11-short","$v":"дец"},{"$i":"minutes-ago-long","$v":{"zero":"управо","one":"пре минут","two":["пре ",{"t":"idOrVar","v":"value"}," минута"],"few":["пре ",{"t":"idOrVar","v":"value"}," минута"],"many":["пре ",{"t":"idOrVar","v":"value"}," минута"],"other":["пре ",{"t":"idOrVar","v":"value"}," минута"]},"$x":[{"t":"idOrVar","v":"plural"},"value"]},{"$i":"hours-ago-long","$v":{"zero":"управо","one":"пре сат времена","two":["пре ",{"t":"idOrVar","v":"value"}," сата"],"few":["пре ",{"t":"idOrVar","v":"value"}," сати"],"many":["пре ",{"t":"idOrVar","v":"value"}," сати"],"other":["пре ",{"t":"idOrVar","v":"value"}," сати"]},"$x":[{"t":"idOrVar","v":"plural"},"value"]},{"$i":"days-ago-long","$v":{"zero":"данас","one":"јуче","two":["пре ",{"t":"idOrVar","v":"value"}," дана"],"few":["пре ",{"t":"idOrVar","v":"value"}," дана"],"many":["пре ",{"t":"idOrVar","v":"value"}," дана"],"other":["пре ",{"t":"idOrVar","v":"value"}," дана"]},"$x":[{"t":"idOrVar","v":"plural"},"value"]},{"$i":"weeks-ago-long","$v":{"zero":"ове недеље","one":"прошле недеље","two":["пре ",{"t":"idOrVar","v":"value"}," недеље"],"few":["пре ",{"t":"idOrVar","v":"value"}," недеља"],"many":["пре ",{"t":"idOrVar","v":"value"}," недеља"],"other":["пре ",{"t":"idOrVar","v":"value"}," недеља"]},"$x":[{"t":"idOrVar","v":"plural"},"value"]},{"$i":"months-ago-long","$v":{"zero":"овог месеца","one":"прошлог месеца","two":["пре ",{"t":"idOrVar","v":"value"}," месеца"],"few":["пре ",{"t":"idOrVar","v":"value"}," месеци"],"many":["пре ",{"t":"idOrVar","v":"value"}," месеци"],"other":["пре ",{"t":"idOrVar","v":"value"}," месеци"]},"$x":[{"t":"idOrVar","v":"plural"},"value"]},{"$i":"years-ago-long","$v":{"zero":"ове године","one":"прошле године","two":["пре ",{"t":"idOrVar","v":"value"}," године"],"few":["пре ",{"t":"idOrVar","v":"value"}," година"],"many":["пре ",{"t":"idOrVar","v":"value"}," година"],"other":["пре ",{"t":"idOrVar","v":"value"}," година"]},"$x":[{"t":"idOrVar","v":"plural"},"value"]},{"$i":"minutes-until-long","$v":{"zero":"управо","one":"за један минут","two":["за ",{"t":"idOrVar","v":"value"}," минута"],"few":["за ",{"t":"idOrVar","v":"value"}," минута"],"many":["за ",{"t":"idOrVar","v":"value"}," минута"],"other":["за ",{"t":"idOrVar","v":"value"}," минута"]},"$x":[{"t":"idOrVar","v":"plural"},"value"]},{"$i":"hours-until-long","$v":{"zero":"управо","one":"за сат времена","two":["за ",{"t":"idOrVar","v":"value"}," сата"],"few":["за ",{"t":"idOrVar","v":"value"}," сати"],"many":["за ",{"t":"idOrVar","v":"value"}," сати"],"other":["за ",{"t":"idOrVar","v":"value"}," сати"]},"$x":[{"t":"idOrVar","v":"plural"},"value"]},{"$i":"days-until-long","$v":{"zero":"данас","one":"сутра","two":["за ",{"t":"idOrVar","v":"value"}," дана"],"few":["за ",{"t":"idOrVar","v":"value"}," дана"],"many":["за ",{"t":"idOrVar","v":"value"}," дана"],"other":["за ",{"t":"idOrVar","v":"value"}," дана"]},"$x":[{"t":"idOrVar","v":"plural"},"value"]},{"$i":"weeks-until-long","$v":{"zero":"ове недеље","one":"следеће недеље","two":["за ",{"t":"idOrVar","v":"value"}," недеље"],"few":["за ",{"t":"idOrVar","v":"value"}," недеља"],"many":["за ",{"t":"idOrVar","v":"value"}," недеља"],"other":["за ",{"t":"idOrVar","v":"value"}," недеља"]},"$x":[{"t":"idOrVar","v":"plural"},"value"]},{"$i":"months-until-long","$v":{"zero":"овог месеца","one":"следећег месеца","two":["за ",{"t":"idOrVar","v":"value"}," месеца"],"few":["за ",{"t":"idOrVar","v":"value"}," месеци"],"many":["за ",{"t":"idOrVar","v":"value"}," месеци"],"other":["за ",{"t":"idOrVar","v":"value"}," месеци"]},"$x":[{"t":"idOrVar","v":"plural"},"value"]},{"$i":"years-until-long","$v":{"zero":"ове године","one":"следеће године","two":["за ",{"t":"idOrVar","v":"value"}," године"],"few":["за ",{"t":"idOrVar","v":"value"}," година"],"many":["за ",{"t":"idOrVar","v":"value"}," година"],"other":["за ",{"t":"idOrVar","v":"value"}," година"]},"$x":[{"t":"idOrVar","v":"plural"},"value"]},{"$i":"minutes-ago-short","$v":{"zero":"управо","other":["пре ",{"t":"idOrVar","v":"value"},"м"]},"$x":[{"t":"idOrVar","v":"plural"},"value"]},{"$i":"hours-ago-short","$v":{"zero":"управо","other":["пре ",{"t":"idOrVar","v":"value"},"с"]},"$x":[{"t":"idOrVar","v":"plural"},"value"]},{"$i":"days-ago-short","$v":{"zero":"данас","other":["пре ",{"t":"idOrVar","v":"value"},"д"]},"$x":[{"t":"idOrVar","v":"plural"},"value"]},{"$i":"minutes-until-short","$v":{"zero":"управо","other":["за ",{"t":"idOrVar","v":"value"},"м"]},"$x":[{"t":"idOrVar","v":"plural"},"value"]},{"$i":"hours-until-short","$v":{"zero":"управо","other":["за ",{"t":"idOrVar","v":"value"},"с"]},"$x":[{"t":"idOrVar","v":"plural"},"value"]},{"$i":"days-until-short","$v":{"zero":"данас","other":["за ",{"t":"idOrVar","v":"value"},"д"]},"$x":[{"t":"idOrVar","v":"plural"},"value"]},{"$i":"dateTimeFormat_%c","$v":"%a %e %b %Y %H:%M:%S"},{"$i":"dateTimeFormat_%x","$v":"%d.%m.%Y"},{"$i":"dateTimeFormat_%X","$v":"%H:%M:%S"},{"$i":"shortTimeFormat","$v":"%H:%M"},{"$i":"shortTimeFormat12","$v":"%I:%M %p"},{"$i":"shortTimeFormat24","$v":"%H:%M"},{"$i":"shortDateTimeFormat","$v":"%x %H:%M"},{"$i":"weekStartsOnMonday","$v":"1"},{"$i":"firstDayOfTheWeek","$v":"1"},{"$i":"time_am","$v":"AM"},{"$i":"time_pm","$v":"PM"},{"$i":"gaia-menu-cancel","$v":"Откажи"},{"$i":"gaia-sim-picker-dial-via-with-number","$v":["Позови ",{"t":"idOrVar","v":"phoneNumber"}," преко"]},{"$i":"gaia-sim-picker-select-sim","$v":"Изабери SIM"},{"$i":"gaia-sim-picker-button","$v":["SIM",{"t":"idOrVar","v":"n"}]},{"$i":"gaia-sim-picker-button-default","$v":"(подразумеван)"}]