[{"$i":"messages","$v":"Poruke"},{"$i":"deleteMessages-title","$v":"Brisanje"},{"$i":"selectThreads-title","$v":"Odabir"},{"$i":"edit","$v":"Uredi"},{"$i":"back","$v":"Nazad"},{"$i":"cancel","$v":"Odustani"},{"$i":"undo","$v":"Poništi"},{"$i":"done","$v":"Gotovo"},{"$i":"delete","$v":"Izbriši"},{"$i":"delete-thread","$v":"Delete thread"},{"$i":"mark-as-read","$v":"Mark as read"},{"$i":"mark-as-unread","$v":"Mark as unread"},{"$i":"deleting-messages","$v":"Brisanje…"},{"$i":"select-all","$v":"Označi sve"},{"$i":"deselect-all","$v":"Odznači sve"},{"$i":"selected-threads","$v":{"zero":"ništa nije označeno","one":[{"t":"idOrVar","v":"n"}," označen"],"two":[{"t":"idOrVar","v":"n"}," označena"],"few":[{"t":"idOrVar","v":"n"}," označenih"],"many":[{"t":"idOrVar","v":"n"}," označenih"],"other":[{"t":"idOrVar","v":"n"}," označenih"]},"$x":[{"t":"idOrVar","v":"plural"},"n"]},{"$i":"selected-messages","$v":{"zero":"ništa nije označeno","one":[{"t":"idOrVar","v":"n"}," označen"],"two":[{"t":"idOrVar","v":"n"}," označena"],"few":[{"t":"idOrVar","v":"n"}," označenih"],"many":[{"t":"idOrVar","v":"n"}," označenih"],"other":[{"t":"idOrVar","v":"n"}," označenih"]},"$x":[{"t":"idOrVar","v":"plural"},"n"]},{"$i":"selectThreads-label","$v":"Izaberi teme"},{"$i":"selectMessages-label","$v":"Izaberi poruke"},{"$i":"settings","$v":"Postavke"},{"$i":"add-subject","$v":"Dodaj temu"},{"$i":"remove-subject","$v":"Ukloni temu"},{"$i":"to","$v":"Za:"},{"$i":"new","$v":"Nova"},{"$i":"message","$v":"Poruka"},{"$i":"messagesInput_placeholder","$v":"Poruka"},{"$i":"messagesSubjectInput_placeholder","$v":"Tema"},{"$i":"converted-to-mms","$v":"Pretvaram u MMS poruku."},{"$i":"converted-to-sms","$v":"Pretvaram u SMS poruku."},{"$i":"messages-max-length-text","$v":"Prekoračili ste dozvoljenu dužinu."},{"$i":"messages-max-subject-length-text","$v":"Dostigli ste maksimalnu dužinu teme"},{"$i":"multimedia-message-exceeded-max-length","$v":"Prekoračili ste dozvoljenu dužinu multimedijalne poruke od {mmsSize}} KB. Uklonite priloge ili skratite poruku da biste je poslali."},{"$i":"newMessage","$v":"Nova poruka"},{"$i":"sendMessage","$v":"Pošalji poruku"},{"$i":"sendMMSToEmail","$v":"Pošalji multimedijalnu poruku"},{"$i":"no-recipient","$v":"(Nema primaoca)"},{"$i":"recipient","$v":{"one":[{"t":"idOrVar","v":"n"}," primalac"],"two":[{"t":"idOrVar","v":"n"}," primaoca"],"few":[{"t":"idOrVar","v":"n"}," primaoca"],"many":[{"t":"idOrVar","v":"n"}," primaoca"],"other":[{"t":"idOrVar","v":"n"}," primaoca"]},"$x":[{"t":"idOrVar","v":"plural"},"n"]},{"$i":"attachmentSizeB","$v":[{"t":"idOrVar","v":"n"}," B"]},{"$i":"attachmentSizeKB","$v":[{"t":"idOrVar","v":"n"}," KB"]},{"$i":"attachmentSizeMB","$v":[{"t":"idOrVar","v":"n"}," MB"]},{"$i":"attachmentOpenError","$v":"Nemate aplikaciju koja može otvoriti ovaj tip datoteke."},{"$i":"remove","$v":"Ukloni"},{"$i":"participant","$v":{"one":[{"t":"idOrVar","v":"n"}," učesnik"],"two":[{"t":"idOrVar","v":"n"}," učesnika"],"few":[{"t":"idOrVar","v":"n"}," učesnika"],"many":[{"t":"idOrVar","v":"n"}," učesnika"],"other":[{"t":"idOrVar","v":"n"}," učesnika"]},"$x":[{"t":"idOrVar","v":"plural"},"n"]},{"$i":"message-report","$v":"Izveštaj poruke"},{"$i":"message-type-sms","$v":"Tekstualna poruka (SMS)"},{"$i":"message-type-mms","$v":"Multimedijalna poruka (MMS)"},{"$i":"sms-report-description","$v":["Vaša tekstualna poruka (SMS), je poslata ",{"t":"idOrVar","v":"datetime"}]},{"$i":"mms-report-description","$v":["Vaša multimedijalna poruka (MMS), tema ",{"t":"idOrVar","v":"subject"},", je poslata ",{"t":"idOrVar","v":"datetime"}]},{"$i":"mms-no-subject-report-description","$v":["Vaša multimedijalna poruka (MMS), je poslata ",{"t":"idOrVar","v":"datetime"}]},{"$i":"message-subject","$v":"Tema:"},{"$i":"report-status-error","$v":"Poruka nije mogla biti poslata"},{"$i":"report-status-not-downloaded","$v":"nije preuzeta"},{"$i":"report-status-delivered","$v":"Isporučena:"},{"$i":"report-status-read","$v":"Pročitaj:"},{"$i":"report-status-pending","$v":"Zahtevan izveštaj"},{"$i":"report-status-rejected","$v":"Poruka je odbijena"},{"$i":"message-size-was","$v":"Veličina poruke:"},{"$i":"report-dateTimeFormat12","$v":["%e %B %Y - ",{"t":"idOrVar","v":"shortTimeFormat12"}]},{"$i":"report-dateTimeFormat24","$v":["%e %B %Y - ",{"t":"idOrVar","v":"shortTimeFormat24"}]},{"$i":"report-to-title","$v":"Za"},{"$i":"report-from-title","$v":"Od"},{"$i":"message-sent","$v":"Poslato:"},{"$i":"message-sending","$v":[{"t":"idOrVar","v":"message-delivery-status-sending"}]},{"$i":"message-received","$v":"Primljeno:"},{"$i":"message-via","$v":"Preko:"},{"$i":"message-resend","$v":"Ponovo pošalji"},{"$i":"search","$v":"Traži"},{"$i":"unknown-contact-title","$v":"Nepoznat kontakt"},{"$i":"phone-type-separator","$v":", "},{"$i":"phone-carrier-separator","$v":" "},{"$i":"thread-participant-separator","$v":", "},{"$i":"replace-draft","$v":"Zameni postojeću nedovršenu poruku"},{"$i":"save-as-draft","$v":"Snimi kao nedovršenu"},{"$i":"discard-message","$v":"Odbaci"},{"$i":"discard-sms","$v":"Da li ste sigurni da želite odbaciti ovu poruku?"},{"$i":"discard-new-message","$v":"Odbaciti poruku koju pišete i otvoriti novu?"},{"$i":"resend-confirmation","$v":"Slanje poruke nije uspelo. Pokušati ponovo?"},{"$i":"resend-message","$v":"Ponovo pošalji ovu poruku"},{"$i":"deleteMessage-confirmation","$v":"Izbrisati označenu poruku?"},{"$i":"deleteMessages-confirmation-message","$v":{"zero":"Please select messages to be deleted.","one":"Delete selected message?","two":["Delete ",{"t":"idOrVar","v":"n"}," selected messages?"],"few":["Delete ",{"t":"idOrVar","v":"n"}," selected messages?"],"many":["Delete ",{"t":"idOrVar","v":"n"}," selected messages?"],"other":["Delete ",{"t":"idOrVar","v":"n"}," selected messages?"]},"$x":[{"t":"idOrVar","v":"plural"},"n"]},{"$i":"deleteThreads-confirmation-message","$v":{"zero":"Please select message threads to be deleted.","one":"Delete selected message thread?","two":["Delete ",{"t":"idOrVar","v":"n"}," selected message threads?"],"few":["Delete ",{"t":"idOrVar","v":"n"}," selected message threads?"],"many":["Delete ",{"t":"idOrVar","v":"n"}," selected message threads?"],"other":["Delete ",{"t":"idOrVar","v":"n"}," selected message threads?"]},"$x":[{"t":"idOrVar","v":"plural"},"n"]},{"$i":"new-message-notice-text","$v":"Nova poruka od"},{"$i":"new-message-notice-a-text","$v":"Pročitaj"},{"$i":"noMessages-title","$v":"Nema poruka"},{"$i":"noMessages-text","$v":"Započni komunicirati sada"},{"$i":"sendDefaultErrorTitle","$v":"Poruka nije poslata"},{"$i":"sendDefaultErrorBody","$v":"Desio se problem prilikom slanja poruke. Pokušajte ponovo."},{"$i":"sendDefaultErrorBtnOk","$v":"U redu"},{"$i":"sendMissingSimCardTitle","$v":"Nema SIM kartice"},{"$i":"sendMissingSimCardBody","$v":"Umetnite ispravnu SIM karticu."},{"$i":"sendMissingSimCardBtnOk","$v":"U redu"},{"$i":"sendFlightModeTitle","$v":"Režim u avionu aktivan"},{"$i":"sendFlightModeBody","$v":"Isključite režim u avionu radi slanja poruka."},{"$i":"sendFlightModeBtnOk","$v":"U redu"},{"$i":"radioDisabledToDownloadTitle","$v":[{"t":"idOrVar","v":"sendFlightModeTitle"}]},{"$i":"radioDisabledToDownloadBody","$v":"Isključite režim u avionu radi preuzimanja priloga."},{"$i":"radioDisabledToDownloadBtnOk","$v":[{"t":"idOrVar","v":"sendFlightModeBtnOk"}]},{"$i":"fdnBlocked2Title","$v":"FDN je aktivan"},{"$i":"sms-counter-notice-label","$v":["Uređujem SMS ",{"t":"idOrVar","v":"number"}]},{"$i":"fdnBlocked2Body","innerHTML":{"$x":[{"t":"idOrVar","v":"plural"},"n"],"$v":{"one":["FDN je aktiviran. Uverite se da se SMS centar i sledeći primalac nalazi u Vašoj FDN listi:<br />",{"t":"idOrVar","v":"numbers"}],"two":["FDN je aktiviran. Uverite se da se SMS centar i sledeći primaoci nalaze u Vašoj FDN listi:<br />",{"t":"idOrVar","v":"numbers"}],"few":["FDN je aktiviran. Uverite se da se SMS centar i sledeći primaoci nalaze u Vašoj FDN listi:<br />",{"t":"idOrVar","v":"numbers"}],"many":["FDN je aktiviran. Uverite se da se SMS centar i sledeći primaoci nalaze u Vašoj FDN listi:<br />",{"t":"idOrVar","v":"numbers"}],"other":["FDN je aktiviran. Uverite se da se SMS centar i sledeći primaoci nalaze u Vašoj FDN listi:<br />",{"t":"idOrVar","v":"numbers"}]}}},{"$i":"fdnBlocked2BtnOk","$v":"U redu"},{"$i":"switchSimToRetrieveTitle","$v":"Promena veze"},{"$i":"switchSimToRetrieveBody","$v":["Promenite vezu za prenos podataka na SIM ",{"t":"idOrVar","v":"nonActiveSimId"}," da biste dobili MMS. Trenutni prenos podataka na SIM ",{"t":"idOrVar","v":"activeSimId"}," će biti suspendovan. Ipak nastaviti?"]},{"$i":"switchSimToRetrieveBtnOk","$v":"Kasnije"},{"$i":"switchSimToRetrieveConfirm","$v":"U redu"},{"$i":"switchSimToSendTitle","$v":[{"t":"idOrVar","v":"switchSimToRetrieveTitle"}]},{"$i":"switchSimToSendBody","$v":["Promenite vezu za prenos podataka na ",{"t":"idOrVar","v":"nonActiveSimId"}," da biste poslali MMS. Trenutni prenos podataka na SIM ",{"t":"idOrVar","v":"activeSimId"}," će biti suspendovan. Ipak nastaviti?"]},{"$i":"switchSimToSendBtnOk","$v":[{"t":"idOrVar","v":"switchSimToRetrieveBtnOk"}]},{"$i":"switchSimToSendConfirm","$v":[{"t":"idOrVar","v":"switchSimToRetrieveConfirm"}]},{"$i":"sendNoSignalErrorTitle","$v":"Nema mrežne pokrivenosti"},{"$i":"sendNoSignalErrorBody","$v":"Proverite da li imate mobilni signal i pokušajte ponovo."},{"$i":"sendNoSignalErrorBtnOk","$v":"U redu"},{"$i":"sendNotFoundErrorTitle","$v":"Poruka nije pronađena"},{"$i":"sendNotFoundErrorBody","$v":"Poruka koju tražite više nije dostupna."},{"$i":"sendNotFoundErrorBtnOk","$v":"U redu"},{"$i":"sendInvalidAddressErrorTitle","$v":"Nevažeći broj"},{"$i":"sendInvalidAddressErrorBody","$v":"Proverite da li je broj koji šaljete ispravan."},{"$i":"sendInvalidAddressErrorBtnOk","$v":"U redu"},{"$i":"simNotMatchedErrorTitle","$v":"Ne mogu preuzeti"},{"$i":"simNotMatchedErrorBody","$v":"Molimo proverite da li se ubačena SIM kartica koristi za primanje ove poruke."},{"$i":"simNotMatchedErrorBtnOk","$v":"U redu"},{"$i":"deleted-sms","$v":"Ova poruka je već obrisana."},{"$i":"view-attachment-image","$v":"Prikaži"},{"$i":"view-attachment-audio","$v":"Preslušaj"},{"$i":"view-attachment-video","$v":"Prikaži"},{"$i":"view-attachment-other","$v":"Prikaži"},{"$i":"remove-attachment-image","$v":"Ukloni sliku"},{"$i":"remove-attachment-audio","$v":"Ukloni audio"},{"$i":"remove-attachment-video","$v":"Ukloni video"},{"$i":"remove-attachment-other","$v":"Ukloni prilog"},{"$i":"replace-attachment-image","$v":"Zameni sliku"},{"$i":"replace-attachment-audio","$v":"Zameni audio"},{"$i":"replace-attachment-video","$v":"Zameni video"},{"$i":"replace-attachment-other","$v":"Zameni prilog"},{"$i":"unsent-message-title","$v":"Neposlata poruka"},{"$i":"unsent-message-text","$v":"Your previous message was not sent. Do you want to discard the unsent message and continue?"},{"$i":"unsent-message-option-edit","$v":"Izmeni"},{"$i":"unsent-message-option-discard","$v":"Odbaci"},{"$i":"message-options","$v":"Opcije poruka"},{"$i":"thread-options","$v":"Thread options"},{"$i":"forward","$v":"Prosledi"},{"$i":"view-message-report","$v":"Prikaži izveštaj poruke"},{"$i":"select-text","$v":"Izaberi tekst"},{"$i":"mobile","$v":"Mobilni"},{"$i":"home","$v":"Kućni"},{"$i":"work","$v":"Poslovni"},{"$i":"personal","$v":"Lični"},{"$i":"faxHome","$v":"Kućni faks"},{"$i":"faxOffice","$v":"Faks u kancelariji"},{"$i":"faxOther","$v":"Drugi faksovi"},{"$i":"another","$v":"Drugo"},{"$i":"other","$v":"Ostalo"},{"$i":"today","$v":"danas"},{"$i":"yesterday","$v":"juče"},{"$i":"incorrectDate","$v":"(netačan datum)"},{"$i":"addToExistingContact","$v":"Dodaj u postojeći kontakt"},{"$i":"createNewContact","$v":"Napravi nov kontakt"},{"$i":"viewContact","$v":"Prikaži kontakt"},{"$i":"call","$v":"Pozovi"},{"$i":"sendEmail","$v":"Pošalji e-poštu"},{"$i":"mms-message","$v":"MMS poruka"},{"$i":"notDownloaded-title","$v":"Poruka još uvek nije preuzeta."},{"$i":"tobedownloaded-attachment","$v":["Primili ste multimedijalnu poruku. Možete da koristite vezu ispod da biste preuzeli njen sadržaj do ",{"t":"idOrVar","v":"date"},"."]},{"$i":"expired-attachment","$v":["Žao nam je, poruka je istekla ",{"t":"idOrVar","v":"date"}," i ne može biti preuzeta."]},{"$i":"download-attachment","$v":"Preuzmi"},{"$i":"downloading-attachment","$v":"Preuzimanje…"},{"$i":"unnamed-attachment","$v":"bez naslova"},{"$i":"mms-label","$v":"MMS"},{"$i":"attached-files-too-large","$v":{"zero":["Datoteka koju ste odabrali prekoračuje dozvoljenu dužinu multimedijalne poruke od ",{"t":"idOrVar","v":"mmsSize"}," KB."],"one":["Datoteka koju ste odabrali prekoračuje dozvoljenu dužinu multimedijalne poruke od ",{"t":"idOrVar","v":"mmsSize"}," KB."],"two":["Datoteke koje ste odabrali prekoračuju dozvoljenu dužinu multimedijalne poruke od ",{"t":"idOrVar","v":"mmsSize"}," KB."],"few":["Datoteke koje ste odabrali prekoračuju dozvoljenu dužinu multimedijalne poruke od ",{"t":"idOrVar","v":"mmsSize"}," KB."],"many":["Datoteke koje ste odabrali prekoračuju dozvoljenu dužinu multimedijalne poruke od ",{"t":"idOrVar","v":"mmsSize"}," KB."],"other":["Datoteke koje ste odabrali prekoračuju dozvoljenu dužinu multimedijalne poruke od ",{"t":"idOrVar","v":"mmsSize"}," KB."]},"$x":[{"t":"idOrVar","v":"plural"},"n"]},{"$i":"resize-image","$v":"Menjam veličinu priložene slike"},{"$i":"no-attachment-text","$v":"Postoji problem sa priloženom datotekom i ona ne može biti preuzeta."},{"$i":"message-draft-saved","$v":"Poruka je snimljena kao nedovršena"},{"$i":"sim-id-label","$v":["SIM ",{"t":"idOrVar","v":"id"}]},{"$i":"sim-detail","$v":["SIM ",{"t":"idOrVar","v":"id"},", ",{"t":"idOrVar","v":"detailString"}]},{"$i":"dsds-notification-title-with-sim","$v":["(",{"t":"idOrVar","v":"sim"},") ",{"t":"idOrVar","v":"sender"}]},{"$i":"send-button","ariaLabel":"Pošalji"},{"$i":"send-button-sim-indication","$v":[{"t":"idOrVar","v":"n"}],"ariaLabel":["koristim SIM ",{"t":"idOrVar","v":"n"}]},{"$i":"expiry-date-format","$v":"%A, %e %b"},{"$i":"attach-button","ariaLabel":"Dodaj prilog"},{"$i":"contact-photo","ariaLabel":"Slika kontakta"},{"$i":"unread-thread","ariaLabel":"Nepročitan"},{"$i":"has-draft","ariaLabel":"Ima nedovršene"},{"$i":"is-draft","ariaLabel":"Nedovršena"},{"$i":"message-delivery-status-sending","$v":"Šaljem…"},{"$i":"message-delivery-status-delivered","ariaLabel":"Poslato"},{"$i":"message-delivery-status-read","ariaLabel":"Pročitaj"},{"$i":"message-delivery-status-error","ariaLabel":"Greška"},{"$i":"modal-dialog-ok-button","$v":"U redu"},{"$i":"modal-dialog-cancel-button","$v":"Otkaži"},{"$i":"modal-dialog-default-title","$v":"Poruke"},{"$i":"weekday-0-long","$v":"Nedelja"},{"$i":"weekday-1-long","$v":"Ponedeljak"},{"$i":"weekday-2-long","$v":"Utorak"},{"$i":"weekday-3-long","$v":"Sreda"},{"$i":"weekday-4-long","$v":"Četvrtak"},{"$i":"weekday-5-long","$v":"Petak"},{"$i":"weekday-6-long","$v":"Subota"},{"$i":"weekday-0-short","$v":"Ned"},{"$i":"weekday-1-short","$v":"Pon"},{"$i":"weekday-2-short","$v":"Uto"},{"$i":"weekday-3-short","$v":"Sre"},{"$i":"weekday-4-short","$v":"Čet"},{"$i":"weekday-5-short","$v":"Pet"},{"$i":"weekday-6-short","$v":"Sub"},{"$i":"month-0-long","$v":"januar"},{"$i":"month-1-long","$v":"februar"},{"$i":"month-2-long","$v":"mart"},{"$i":"month-3-long","$v":"april"},{"$i":"month-4-long","$v":"maj"},{"$i":"month-5-long","$v":"jun"},{"$i":"month-6-long","$v":"jul"},{"$i":"month-7-long","$v":"avgust"},{"$i":"month-8-long","$v":"septembar"},{"$i":"month-9-long","$v":"oktobar"},{"$i":"month-10-long","$v":"novembar"},{"$i":"month-11-long","$v":"decembar"},{"$i":"month-0-genitive","$v":"januara"},{"$i":"month-1-genitive","$v":"februara"},{"$i":"month-2-genitive","$v":"marta"},{"$i":"month-3-genitive","$v":"aprila"},{"$i":"month-4-genitive","$v":"maja"},{"$i":"month-5-genitive","$v":"juna"},{"$i":"month-6-genitive","$v":"jula"},{"$i":"month-7-genitive","$v":"avgusta"},{"$i":"month-8-genitive","$v":"septembra"},{"$i":"month-9-genitive","$v":"oktobra"},{"$i":"month-10-genitive","$v":"novembra"},{"$i":"month-11-genitive","$v":"decembra"},{"$i":"month-0-short","$v":"jan"},{"$i":"month-1-short","$v":"feb"},{"$i":"month-2-short","$v":"mar"},{"$i":"month-3-short","$v":"apr"},{"$i":"month-4-short","$v":"maj"},{"$i":"month-5-short","$v":"jun"},{"$i":"month-6-short","$v":"jul"},{"$i":"month-7-short","$v":"avg"},{"$i":"month-8-short","$v":"sep"},{"$i":"month-9-short","$v":"okt"},{"$i":"month-10-short","$v":"nov"},{"$i":"month-11-short","$v":"dec"},{"$i":"minutes-ago-long","$v":{"zero":"upravo","one":"pre minut","two":["pre ",{"t":"idOrVar","v":"value"}," minuta"],"few":["pre ",{"t":"idOrVar","v":"value"}," minuta"],"many":["pre ",{"t":"idOrVar","v":"value"}," minuta"],"other":["pre ",{"t":"idOrVar","v":"value"}," minuta"]},"$x":[{"t":"idOrVar","v":"plural"},"value"]},{"$i":"hours-ago-long","$v":{"zero":"upravo","one":"pre sat vremena","two":["pre ",{"t":"idOrVar","v":"value"}," sata"],"few":["pre ",{"t":"idOrVar","v":"value"}," sati"],"many":["pre ",{"t":"idOrVar","v":"value"}," sati"],"other":["pre ",{"t":"idOrVar","v":"value"}," sati"]},"$x":[{"t":"idOrVar","v":"plural"},"value"]},{"$i":"days-ago-long","$v":{"zero":"danas","one":"juče","two":["pre ",{"t":"idOrVar","v":"value"}," dana"],"few":["pre ",{"t":"idOrVar","v":"value"}," dana"],"many":["pre ",{"t":"idOrVar","v":"value"}," dana"],"other":["pre ",{"t":"idOrVar","v":"value"}," dana"]},"$x":[{"t":"idOrVar","v":"plural"},"value"]},{"$i":"weeks-ago-long","$v":{"zero":"ove nedelje","one":"prošle nedelje","two":["pre ",{"t":"idOrVar","v":"value"}," nedelje"],"few":["pre ",{"t":"idOrVar","v":"value"}," nedelja"],"many":["pre ",{"t":"idOrVar","v":"value"}," nedelja"],"other":["pre ",{"t":"idOrVar","v":"value"}," nedelja"]},"$x":[{"t":"idOrVar","v":"plural"},"value"]},{"$i":"months-ago-long","$v":{"zero":"ovog meseca","one":"prošlog meseca","two":["pre ",{"t":"idOrVar","v":"value"}," meseca"],"few":["pre ",{"t":"idOrVar","v":"value"}," meseci"],"many":["pre ",{"t":"idOrVar","v":"value"}," meseci"],"other":["pre ",{"t":"idOrVar","v":"value"}," meseci"]},"$x":[{"t":"idOrVar","v":"plural"},"value"]},{"$i":"years-ago-long","$v":{"zero":"ove godine","one":"prošle godine","two":["pre ",{"t":"idOrVar","v":"value"}," godine"],"few":["pre ",{"t":"idOrVar","v":"value"}," godina"],"many":["pre ",{"t":"idOrVar","v":"value"}," godina"],"other":["pre ",{"t":"idOrVar","v":"value"}," godina"]},"$x":[{"t":"idOrVar","v":"plural"},"value"]},{"$i":"minutes-until-long","$v":{"zero":"upravo","one":"za jedan minut","two":["za ",{"t":"idOrVar","v":"value"}," minuta"],"few":["za ",{"t":"idOrVar","v":"value"}," minuta"],"many":["za ",{"t":"idOrVar","v":"value"}," minuta"],"other":["za ",{"t":"idOrVar","v":"value"}," minuta"]},"$x":[{"t":"idOrVar","v":"plural"},"value"]},{"$i":"hours-until-long","$v":{"zero":"upravo","one":"za sat vremena","two":["za ",{"t":"idOrVar","v":"value"}," sata"],"few":["za ",{"t":"idOrVar","v":"value"}," sati"],"many":["za ",{"t":"idOrVar","v":"value"}," sati"],"other":["za ",{"t":"idOrVar","v":"value"}," sati"]},"$x":[{"t":"idOrVar","v":"plural"},"value"]},{"$i":"days-until-long","$v":{"zero":"danas","one":"sutra","two":["za ",{"t":"idOrVar","v":"value"}," dana"],"few":["za ",{"t":"idOrVar","v":"value"}," dana"],"many":["za ",{"t":"idOrVar","v":"value"}," dana"],"other":["za ",{"t":"idOrVar","v":"value"}," dana"]},"$x":[{"t":"idOrVar","v":"plural"},"value"]},{"$i":"weeks-until-long","$v":{"zero":"ove nedelje","one":"sledeće nedelje","two":["za ",{"t":"idOrVar","v":"value"}," nedelje"],"few":["za ",{"t":"idOrVar","v":"value"}," nedelja"],"many":["za ",{"t":"idOrVar","v":"value"}," nedelja"],"other":["za ",{"t":"idOrVar","v":"value"}," nedelja"]},"$x":[{"t":"idOrVar","v":"plural"},"value"]},{"$i":"months-until-long","$v":{"zero":"ovog meseca","one":"sledećeg meseca","two":["za ",{"t":"idOrVar","v":"value"}," meseca"],"few":["za ",{"t":"idOrVar","v":"value"}," meseci"],"many":["za ",{"t":"idOrVar","v":"value"}," meseci"],"other":["za ",{"t":"idOrVar","v":"value"}," meseci"]},"$x":[{"t":"idOrVar","v":"plural"},"value"]},{"$i":"years-until-long","$v":{"zero":"ove godine","one":"sledeće godine","two":["za ",{"t":"idOrVar","v":"value"}," godine"],"few":["za ",{"t":"idOrVar","v":"value"}," godina"],"many":["za ",{"t":"idOrVar","v":"value"}," godina"],"other":["za ",{"t":"idOrVar","v":"value"}," godina"]},"$x":[{"t":"idOrVar","v":"plural"},"value"]},{"$i":"minutes-ago-short","$v":{"zero":"upravo","other":["pre ",{"t":"idOrVar","v":"value"},"m"]},"$x":[{"t":"idOrVar","v":"plural"},"value"]},{"$i":"hours-ago-short","$v":{"zero":"upravo","other":["pre ",{"t":"idOrVar","v":"value"},"s"]},"$x":[{"t":"idOrVar","v":"plural"},"value"]},{"$i":"days-ago-short","$v":{"zero":"danas","other":["pre ",{"t":"idOrVar","v":"value"},"d"]},"$x":[{"t":"idOrVar","v":"plural"},"value"]},{"$i":"minutes-until-short","$v":{"zero":"upravo","other":["za ",{"t":"idOrVar","v":"value"},"m"]},"$x":[{"t":"idOrVar","v":"plural"},"value"]},{"$i":"hours-until-short","$v":{"zero":"upravo","other":["za ",{"t":"idOrVar","v":"value"},"s"]},"$x":[{"t":"idOrVar","v":"plural"},"value"]},{"$i":"days-until-short","$v":{"zero":"danas","other":["za ",{"t":"idOrVar","v":"value"},"d"]},"$x":[{"t":"idOrVar","v":"plural"},"value"]},{"$i":"dateTimeFormat_%c","$v":"%a %e %b %Y %H:%M:%S"},{"$i":"dateTimeFormat_%x","$v":"%d.%m.%Y"},{"$i":"dateTimeFormat_%X","$v":"%H:%M:%S"},{"$i":"shortTimeFormat","$v":"%H:%M"},{"$i":"shortTimeFormat12","$v":"%I:%M %p"},{"$i":"shortTimeFormat24","$v":"%H:%M"},{"$i":"shortDateTimeFormat","$v":"%x %H:%M"},{"$i":"weekStartsOnMonday","$v":"1"},{"$i":"firstDayOfTheWeek","$v":"1"},{"$i":"time_am","$v":"AM"},{"$i":"time_pm","$v":"PM"},{"$i":"gaia-menu-cancel","$v":"Otkaži"},{"$i":"gaia-sim-picker-dial-via-with-number","$v":["Pozovi ",{"t":"idOrVar","v":"phoneNumber"}," preko"]},{"$i":"gaia-sim-picker-select-sim","$v":"Izaberi SIM"},{"$i":"gaia-sim-picker-button","$v":["SIM",{"t":"idOrVar","v":"n"}]},{"$i":"gaia-sim-picker-button-default","$v":"(podrazumevan)"}]