[{"$i":"messages","$v":"Meddelanden"},{"$i":"deleteMessages-title","$v":"Ta bort meddelanden"},{"$i":"selectThreads-title","$v":"Markera"},{"$i":"edit","$v":"Redigera"},{"$i":"back","$v":"Tillbaka"},{"$i":"cancel","$v":"Avbryt"},{"$i":"undo","$v":"Ångra"},{"$i":"done","$v":"Klar"},{"$i":"delete","$v":"Ta bort"},{"$i":"delete-thread","$v":"Delete thread"},{"$i":"mark-as-read","$v":"Mark as read"},{"$i":"mark-as-unread","$v":"Mark as unread"},{"$i":"deleting-messages","$v":"Tar bort…"},{"$i":"select-all","$v":"Markera alla"},{"$i":"deselect-all","$v":"Avmarkera alla"},{"$i":"selected-threads","$v":{"zero":"ingen markerad","one":[{"t":"idOrVar","v":"n"}," markerad"],"two":[{"t":"idOrVar","v":"n"}," markerade"],"few":[{"t":"idOrVar","v":"n"}," markerade"],"many":[{"t":"idOrVar","v":"n"}," markerade"],"other":[{"t":"idOrVar","v":"n"}," markerade"]},"$x":[{"t":"idOrVar","v":"plural"},"n"]},{"$i":"selected-messages","$v":{"zero":"ingen markerad","one":[{"t":"idOrVar","v":"n"}," markerad"],"two":[{"t":"idOrVar","v":"n"}," markerade"],"few":[{"t":"idOrVar","v":"n"}," markerade"],"many":[{"t":"idOrVar","v":"n"}," markerade"],"other":[{"t":"idOrVar","v":"n"}," markerade"]},"$x":[{"t":"idOrVar","v":"plural"},"n"]},{"$i":"selectThreads-label","$v":"Markera trådar"},{"$i":"selectMessages-label","$v":"Markera meddelanden"},{"$i":"settings","$v":"Inställningar"},{"$i":"add-subject","$v":"Lägg till ämne"},{"$i":"remove-subject","$v":"Ta bort ämne"},{"$i":"to","$v":"Till:"},{"$i":"new","$v":"Nytt"},{"$i":"message","$v":"Meddelande"},{"$i":"messagesInput_placeholder","$v":"Meddelande"},{"$i":"messagesSubjectInput_placeholder","$v":"Ämne"},{"$i":"converted-to-mms","$v":"Konvertera till mms."},{"$i":"converted-to-sms","$v":"Konvertera till textmeddelande."},{"$i":"messages-max-length-text","$v":"Du har nått den maximala längden."},{"$i":"messages-max-subject-length-text","$v":"Maximal längd på ämnet har nåtts."},{"$i":"multimedia-message-exceeded-max-length","$v":["You’ve exceeded the ",{"t":"idOrVar","v":"mmsSize"}," KB size limit of a single multimedia message. Remove attachments or shorten the message to send it."]},{"$i":"newMessage","$v":"Nytt meddelande"},{"$i":"sendMessage","$v":"Skicka meddelande"},{"$i":"sendMMSToEmail","$v":"Skicka mms"},{"$i":"no-recipient","$v":"(Ingen mottagare)"},{"$i":"recipient","$v":{"one":[{"t":"idOrVar","v":"n"}," mottagare"],"two":[{"t":"idOrVar","v":"n"}," mottagare"],"few":[{"t":"idOrVar","v":"n"}," mottagare"],"many":[{"t":"idOrVar","v":"n"}," mottagare"],"other":[{"t":"idOrVar","v":"n"}," mottagare"]},"$x":[{"t":"idOrVar","v":"plural"},"n"]},{"$i":"attachmentSizeB","$v":[{"t":"idOrVar","v":"n"}," B"]},{"$i":"attachmentSizeKB","$v":[{"t":"idOrVar","v":"n"}," KB"]},{"$i":"attachmentSizeMB","$v":[{"t":"idOrVar","v":"n"}," MB"]},{"$i":"attachmentOpenError","$v":"Det finna ingen app tillgänglig för att öppna filtypen."},{"$i":"remove","$v":"Ta bort"},{"$i":"participant","$v":{"one":[{"t":"idOrVar","v":"n"}," deltagare"],"two":[{"t":"idOrVar","v":"n"}," deltagare"],"few":[{"t":"idOrVar","v":"n"}," deltagare"],"many":[{"t":"idOrVar","v":"n"}," deltagare"],"other":[{"t":"idOrVar","v":"n"}," deltagare"]},"$x":[{"t":"idOrVar","v":"plural"},"n"]},{"$i":"message-report","$v":"Meddelanderapport"},{"$i":"message-type-sms","$v":"Textmeddelande (SMS)"},{"$i":"message-type-mms","$v":"Multimediameddelande (MMS)"},{"$i":"sms-report-description","$v":["Ditt textmeddelande (SMS), skickades den ",{"t":"idOrVar","v":"datetime"}]},{"$i":"mms-report-description","$v":["Ditt multimediameddelande (MMS), ämne ",{"t":"idOrVar","v":"subject"},", skickades den ",{"t":"idOrVar","v":"datetime"}]},{"$i":"mms-no-subject-report-description","$v":["Ditt multimediameddelande (MMS), skickades den ",{"t":"idOrVar","v":"datetime"}]},{"$i":"message-subject","$v":"Ämne:"},{"$i":"report-status-error","$v":"Meddelandet skickades inte"},{"$i":"report-status-not-downloaded","$v":"inte hämtat"},{"$i":"report-status-delivered","$v":"Levererat:"},{"$i":"report-status-read","$v":"Läst:"},{"$i":"report-status-pending","$v":"Rapport begärd"},{"$i":"report-status-rejected","$v":"Meddelande avvisat"},{"$i":"message-size-was","$v":"Meddelandestorlek:"},{"$i":"report-dateTimeFormat12","$v":["%e %B %Y, ",{"t":"idOrVar","v":"shortTimeFormat12"}]},{"$i":"report-dateTimeFormat24","$v":["%e %B %Y, ",{"t":"idOrVar","v":"shortTimeFormat24"}]},{"$i":"report-to-title","$v":"Till"},{"$i":"report-from-title","$v":"Från"},{"$i":"message-sent","$v":"Skickat:"},{"$i":"message-sending","$v":[{"t":"idOrVar","v":"message-delivery-status-sending"}]},{"$i":"message-received","$v":"Mottaget:"},{"$i":"message-via","$v":"Via:"},{"$i":"message-resend","$v":"Skicka igen"},{"$i":"search","$v":"Sök"},{"$i":"unknown-contact-title","$v":"Okänd kontakt"},{"$i":"phone-type-separator","$v":", "},{"$i":"phone-carrier-separator","$v":" "},{"$i":"thread-participant-separator","$v":", "},{"$i":"replace-draft","$v":"Ersätt befintlig utkast"},{"$i":"save-as-draft","$v":"Spara som utkast"},{"$i":"discard-message","$v":"Ignorera"},{"$i":"discard-sms","$v":"Är du säker på att du vill slänga meddelandet?"},{"$i":"discard-new-message","$v":"Släng meddelandet du skriver och öppna det nya meddelandet?"},{"$i":"resend-confirmation","$v":"Meddelandet kunde inte skickas. Försök igen?"},{"$i":"resend-message","$v":"Skicka meddelandet igen"},{"$i":"deleteMessage-confirmation","$v":"Ta bort markerat meddelande?"},{"$i":"deleteMessages-confirmation-message","$v":{"zero":"Please select messages to be deleted.","one":"Delete selected message?","two":["Delete ",{"t":"idOrVar","v":"n"}," selected messages?"],"few":["Delete ",{"t":"idOrVar","v":"n"}," selected messages?"],"many":["Delete ",{"t":"idOrVar","v":"n"}," selected messages?"],"other":["Delete ",{"t":"idOrVar","v":"n"}," selected messages?"]},"$x":[{"t":"idOrVar","v":"plural"},"n"]},{"$i":"deleteThreads-confirmation-message","$v":{"zero":"Please select message threads to be deleted.","one":"Delete selected message thread?","two":["Delete ",{"t":"idOrVar","v":"n"}," selected message threads?"],"few":["Delete ",{"t":"idOrVar","v":"n"}," selected message threads?"],"many":["Delete ",{"t":"idOrVar","v":"n"}," selected message threads?"],"other":["Delete ",{"t":"idOrVar","v":"n"}," selected message threads?"]},"$x":[{"t":"idOrVar","v":"plural"},"n"]},{"$i":"new-message-notice-text","$v":"Nytt meddelande från"},{"$i":"new-message-notice-a-text","$v":"Läs det"},{"$i":"noMessages-title","$v":"Inga meddelanden"},{"$i":"noMessages-text","$v":"Börja kommunicera nu"},{"$i":"sendDefaultErrorTitle","$v":"Meddelandet skickades inte"},{"$i":"sendDefaultErrorBody","$v":"Det gick inte att skicka meddelandet. Försök igen."},{"$i":"sendDefaultErrorBtnOk","$v":"OK"},{"$i":"sendMissingSimCardTitle","$v":"SIM-kort saknas"},{"$i":"sendMissingSimCardBody","$v":"Sätt i ett giltigt SIM-kort för att fortsätta."},{"$i":"sendMissingSimCardBtnOk","$v":"OK"},{"$i":"sendFlightModeTitle","$v":"Flygplansläge aktiverad"},{"$i":"sendFlightModeBody","$v":"Stäng av flygplansläge för att skicka meddelanden."},{"$i":"sendFlightModeBtnOk","$v":"OK"},{"$i":"radioDisabledToDownloadTitle","$v":[{"t":"idOrVar","v":"sendFlightModeTitle"}]},{"$i":"radioDisabledToDownloadBody","$v":"Stäng av flygplansläge för att hämta bilagor."},{"$i":"radioDisabledToDownloadBtnOk","$v":[{"t":"idOrVar","v":"sendFlightModeBtnOk"}]},{"$i":"fdnBlocked2Title","$v":"FDN aktiv"},{"$i":"sms-counter-notice-label","$v":["Redigerar SMS ",{"t":"idOrVar","v":"number"}]},{"$i":"fdnBlocked2Body","innerHTML":{"$x":[{"t":"idOrVar","v":"plural"},"n"],"$v":{"one":["FDN (Fasta nummer) är aktiverad. Se till att SMS-center och följande mottagare finns i din FDN-lista:<br />",{"t":"idOrVar","v":"numbers"}],"two":["FDN (Fasta nummer) är aktiverad. Se till att SMS-center och följande mottagare finns i din FDN-lista:<br />",{"t":"idOrVar","v":"numbers"}],"few":["FDN (Fasta nummer) är aktiverad. Se till att SMS-center och följande mottagare finns i din FDN-lista:<br />",{"t":"idOrVar","v":"numbers"}],"many":["FDN (Fasta nummer) är aktiverad. Se till att SMS-center och följande mottagare finns i din FDN-lista:<br />",{"t":"idOrVar","v":"numbers"}],"other":["FDN (Fasta nummer) är aktiverad. Se till att SMS-center och följande mottagare finns i din FDN-lista:<br />",{"t":"idOrVar","v":"numbers"}]}}},{"$i":"fdnBlocked2BtnOk","$v":"OK"},{"$i":"switchSimToRetrieveTitle","$v":"Växla dataanslutning"},{"$i":"switchSimToRetrieveBody","$v":["Växla dataanslutning till SIM ",{"t":"idOrVar","v":"nonActiveSimId"}," för att hämta MMS. Aktuell dataöverföring på SIM ",{"t":"idOrVar","v":"activeSimId"}," kommer att stängas. Fortsätt ändå?"]},{"$i":"switchSimToRetrieveBtnOk","$v":"Senare"},{"$i":"switchSimToRetrieveConfirm","$v":"OK"},{"$i":"switchSimToSendTitle","$v":[{"t":"idOrVar","v":"switchSimToRetrieveTitle"}]},{"$i":"switchSimToSendBody","$v":["Växla dataanslutning till SIM ",{"t":"idOrVar","v":"nonActiveSimId"}," för att skicka MMS. Aktuell dataöverföring på SIM ",{"t":"idOrVar","v":"activeSimId"}," kommer att avbrytas. Fortsätt ändå?"]},{"$i":"switchSimToSendBtnOk","$v":[{"t":"idOrVar","v":"switchSimToRetrieveBtnOk"}]},{"$i":"switchSimToSendConfirm","$v":[{"t":"idOrVar","v":"switchSimToRetrieveConfirm"}]},{"$i":"sendNoSignalErrorTitle","$v":"Ingen nättäckning"},{"$i":"sendNoSignalErrorBody","$v":"Kontrollera art du har en mobilsignal och försök igen."},{"$i":"sendNoSignalErrorBtnOk","$v":"OK"},{"$i":"sendNotFoundErrorTitle","$v":"Meddelandet hittades inte"},{"$i":"sendNotFoundErrorBody","$v":"Meddelandet du söker är inte längre tillgängligt."},{"$i":"sendNotFoundErrorBtnOk","$v":"OK"},{"$i":"sendInvalidAddressErrorTitle","$v":"Ogiltigt nummer"},{"$i":"sendInvalidAddressErrorBody","$v":"Se till att det mobilnummer du skickar till är giltigt."},{"$i":"sendInvalidAddressErrorBtnOk","$v":"OK"},{"$i":"simNotMatchedErrorTitle","$v":"Kan inte hämta"},{"$i":"simNotMatchedErrorBody","$v":"Se till att SIM-kortet är det som används för att ta emot det här meddelandet."},{"$i":"simNotMatchedErrorBtnOk","$v":"OK"},{"$i":"deleted-sms","$v":"Meddelandet har redan tagits bort."},{"$i":"view-attachment-image","$v":"Visa"},{"$i":"view-attachment-audio","$v":"Lyssna"},{"$i":"view-attachment-video","$v":"Visa"},{"$i":"view-attachment-other","$v":"Visa"},{"$i":"remove-attachment-image","$v":"Ta bort bild"},{"$i":"remove-attachment-audio","$v":"Ta bort ljud"},{"$i":"remove-attachment-video","$v":"Ta bort video"},{"$i":"remove-attachment-other","$v":"Ta bort bilaga"},{"$i":"replace-attachment-image","$v":"Ersätt bild"},{"$i":"replace-attachment-audio","$v":"Ersätt ljud"},{"$i":"replace-attachment-video","$v":"Ersätt video"},{"$i":"replace-attachment-other","$v":"Ersätt bilaga"},{"$i":"unsent-message-title","$v":"Ej skickat meddelande"},{"$i":"unsent-message-text","$v":"Your previous message was not sent. Do you want to discard the unsent message and continue?"},{"$i":"unsent-message-option-edit","$v":"Redigera"},{"$i":"unsent-message-option-discard","$v":"Kasta"},{"$i":"message-options","$v":"Meddelandealternativ"},{"$i":"thread-options","$v":"Thread options"},{"$i":"forward","$v":"Vidarebefordra"},{"$i":"view-message-report","$v":"Visa meddelanderapport"},{"$i":"select-text","$v":"Select text"},{"$i":"mobile","$v":"Mobil"},{"$i":"home","$v":"Hem"},{"$i":"work","$v":"Arbete"},{"$i":"personal","$v":"Privat"},{"$i":"faxHome","$v":"Fax hem"},{"$i":"faxOffice","$v":"Fax arbete"},{"$i":"faxOther","$v":"Fax övrig"},{"$i":"another","$v":"Ytterligare"},{"$i":"other","$v":"Övrigt"},{"$i":"today","$v":"idag"},{"$i":"yesterday","$v":"igår"},{"$i":"incorrectDate","$v":"(felaktigt datum)"},{"$i":"addToExistingContact","$v":"Lägg till i befintlig kontakt"},{"$i":"createNewContact","$v":"Skapa ny kontakt"},{"$i":"viewContact","$v":"Visa kontakt"},{"$i":"call","$v":"Ring"},{"$i":"sendEmail","$v":"Skicka e-post"},{"$i":"mms-message","$v":"MMS meddelande"},{"$i":"notDownloaded-title","$v":"Meddelandet har inte hämtats än."},{"$i":"tobedownloaded-attachment","$v":["Du har fått ett MMS. Du kan använda länken nedan för att hämta innehållet tills ",{"t":"idOrVar","v":"date"},"."]},{"$i":"expired-attachment","$v":["Tyvärr upphörde meddelandet den ",{"t":"idOrVar","v":"date"}," och kan inte hämtas."]},{"$i":"download-attachment","$v":"Hämta"},{"$i":"downloading-attachment","$v":"Hämtar…"},{"$i":"unnamed-attachment","$v":"namnlös"},{"$i":"mms-label","$v":"MMS"},{"$i":"attached-files-too-large","$v":{"zero":["The files you have selected exceed the ",{"t":"idOrVar","v":"mmsSize"}," KB size limit of a single multimedia message."],"one":["The file you have selected exceeds the ",{"t":"idOrVar","v":"mmsSize"}," KB size limit of a single multimedia message."],"two":["The files you have selected exceed the ",{"t":"idOrVar","v":"mmsSize"}," KB size limit of a single multimedia message."],"few":["The files you have selected exceed the ",{"t":"idOrVar","v":"mmsSize"}," KB size limit of a single multimedia message."],"many":["The files you have selected exceed the ",{"t":"idOrVar","v":"mmsSize"}," KB size limit of a single multimedia message."],"other":["The files you have selected exceed the ",{"t":"idOrVar","v":"mmsSize"}," KB size limit of a single multimedia message."]},"$x":[{"t":"idOrVar","v":"plural"},"n"]},{"$i":"resize-image","$v":"Ändrar storlek på bifogad bild."},{"$i":"no-attachment-text","$v":"Det finns ett problem med den bifogade filen och den kan inte hämtas."},{"$i":"message-draft-saved","$v":"Meddelandet sparat som utkast"},{"$i":"sim-id-label","$v":["SIM ",{"t":"idOrVar","v":"id"}]},{"$i":"sim-detail","$v":["SIM ",{"t":"idOrVar","v":"id"},", ",{"t":"idOrVar","v":"detailString"}]},{"$i":"dsds-notification-title-with-sim","$v":["(",{"t":"idOrVar","v":"sim"},") ",{"t":"idOrVar","v":"sender"}]},{"$i":"send-button","ariaLabel":"Skicka"},{"$i":"send-button-sim-indication","$v":[{"t":"idOrVar","v":"n"}],"ariaLabel":["använder SIM ",{"t":"idOrVar","v":"n"}]},{"$i":"expiry-date-format","$v":"%A, %e %b"},{"$i":"attach-button","ariaLabel":"Lägg till bilaga"},{"$i":"contact-photo","ariaLabel":"Kontaktbild"},{"$i":"unread-thread","ariaLabel":"Oläst"},{"$i":"has-draft","ariaLabel":"Har utkast"},{"$i":"is-draft","ariaLabel":"Utkast"},{"$i":"message-delivery-status-sending","$v":"Skickar…"},{"$i":"message-delivery-status-delivered","ariaLabel":"Levererad"},{"$i":"message-delivery-status-read","ariaLabel":"Läst"},{"$i":"message-delivery-status-error","ariaLabel":"Fel"},{"$i":"modal-dialog-ok-button","$v":"OK"},{"$i":"modal-dialog-cancel-button","$v":"Cancel"},{"$i":"modal-dialog-default-title","$v":"Messages"},{"$i":"weekday-0-long","$v":"Söndag"},{"$i":"weekday-1-long","$v":"Måndag"},{"$i":"weekday-2-long","$v":"Tisdag"},{"$i":"weekday-3-long","$v":"Onsdag"},{"$i":"weekday-4-long","$v":"Torsdag"},{"$i":"weekday-5-long","$v":"Fredag"},{"$i":"weekday-6-long","$v":"Lördag"},{"$i":"weekday-0-short","$v":"Sön"},{"$i":"weekday-1-short","$v":"Mån"},{"$i":"weekday-2-short","$v":"Tis"},{"$i":"weekday-3-short","$v":"Ons"},{"$i":"weekday-4-short","$v":"Tor"},{"$i":"weekday-5-short","$v":"Fre"},{"$i":"weekday-6-short","$v":"Lör"},{"$i":"month-0-long","$v":"Januari"},{"$i":"month-1-long","$v":"Februari"},{"$i":"month-2-long","$v":"Mars"},{"$i":"month-3-long","$v":"April"},{"$i":"month-4-long","$v":"Maj"},{"$i":"month-5-long","$v":"Juni"},{"$i":"month-6-long","$v":"Juli"},{"$i":"month-7-long","$v":"Augusti"},{"$i":"month-8-long","$v":"September"},{"$i":"month-9-long","$v":"Oktober"},{"$i":"month-10-long","$v":"November"},{"$i":"month-11-long","$v":"December"},{"$i":"month-0-genitive","$v":"Januari"},{"$i":"month-1-genitive","$v":"Februari"},{"$i":"month-2-genitive","$v":"Mars"},{"$i":"month-3-genitive","$v":"April"},{"$i":"month-4-genitive","$v":"Maj"},{"$i":"month-5-genitive","$v":"Juni"},{"$i":"month-6-genitive","$v":"Juli"},{"$i":"month-7-genitive","$v":"Augusti"},{"$i":"month-8-genitive","$v":"September"},{"$i":"month-9-genitive","$v":"Oktober"},{"$i":"month-10-genitive","$v":"November"},{"$i":"month-11-genitive","$v":"December"},{"$i":"month-0-short","$v":"Jan"},{"$i":"month-1-short","$v":"Feb"},{"$i":"month-2-short","$v":"Mar"},{"$i":"month-3-short","$v":"Apr"},{"$i":"month-4-short","$v":"Maj"},{"$i":"month-5-short","$v":"Jun"},{"$i":"month-6-short","$v":"Jul"},{"$i":"month-7-short","$v":"Aug"},{"$i":"month-8-short","$v":"Sep"},{"$i":"month-9-short","$v":"Okt"},{"$i":"month-10-short","$v":"Nov"},{"$i":"month-11-short","$v":"Dec"},{"$i":"minutes-ago-long","$v":{"zero":"nyss","one":"en minut sen","two":[{"t":"idOrVar","v":"value"}," minuter sen"],"few":[{"t":"idOrVar","v":"value"}," minuter sen"],"many":[{"t":"idOrVar","v":"value"}," minuter sen"],"other":[{"t":"idOrVar","v":"value"}," minuter sen"]},"$x":[{"t":"idOrVar","v":"plural"},"value"]},{"$i":"hours-ago-long","$v":{"zero":"nyss","one":"en timme sen","two":[{"t":"idOrVar","v":"value"}," timmar sen"],"few":[{"t":"idOrVar","v":"value"}," timmar sen"],"many":[{"t":"idOrVar","v":"value"}," timmar sen"],"other":[{"t":"idOrVar","v":"value"}," timmar sen"]},"$x":[{"t":"idOrVar","v":"plural"},"value"]},{"$i":"days-ago-long","$v":{"zero":"idag","one":"igår","two":[{"t":"idOrVar","v":"value"}," dagar sen"],"few":[{"t":"idOrVar","v":"value"}," dagar sen"],"many":[{"t":"idOrVar","v":"value"}," dagar sen"],"other":[{"t":"idOrVar","v":"value"}," dagar sen"]},"$x":[{"t":"idOrVar","v":"plural"},"value"]},{"$i":"weeks-ago-long","$v":{"zero":"denna vecka","one":"förra veckan","two":[{"t":"idOrVar","v":"value"}," veckor sen"],"few":[{"t":"idOrVar","v":"value"}," veckor sen"],"many":[{"t":"idOrVar","v":"value"}," veckor sen"],"other":[{"t":"idOrVar","v":"value"}," veckor sen"]},"$x":[{"t":"idOrVar","v":"plural"},"value"]},{"$i":"months-ago-long","$v":{"zero":"denna månad","one":"förra månaden","two":[{"t":"idOrVar","v":"value"}," månader sen"],"few":[{"t":"idOrVar","v":"value"}," månader sen"],"many":[{"t":"idOrVar","v":"value"}," månader sen"],"other":[{"t":"idOrVar","v":"value"}," månader sen"]},"$x":[{"t":"idOrVar","v":"plural"},"value"]},{"$i":"years-ago-long","$v":{"zero":"detta år","one":"förra året","two":[{"t":"idOrVar","v":"value"}," år sen"],"few":[{"t":"idOrVar","v":"value"}," år sen"],"many":[{"t":"idOrVar","v":"value"}," år sen"],"other":[{"t":"idOrVar","v":"value"}," år sen"]},"$x":[{"t":"idOrVar","v":"plural"},"value"]},{"$i":"minutes-until-long","$v":{"zero":"nu","one":"om en minut","two":["om ",{"t":"idOrVar","v":"value"}," minuter"],"few":["om ",{"t":"idOrVar","v":"value"}," minuter"],"many":["om ",{"t":"idOrVar","v":"value"}," minuter"],"other":["om ",{"t":"idOrVar","v":"value"}," minuter"]},"$x":[{"t":"idOrVar","v":"plural"},"value"]},{"$i":"hours-until-long","$v":{"zero":"nu","one":"om en timme","two":["om ",{"t":"idOrVar","v":"value"}," timmar"],"few":["om ",{"t":"idOrVar","v":"value"}," timmar"],"many":["om ",{"t":"idOrVar","v":"value"}," timmar"],"other":["om ",{"t":"idOrVar","v":"value"}," timmar"]},"$x":[{"t":"idOrVar","v":"plural"},"value"]},{"$i":"days-until-long","$v":{"zero":"idag","one":"imorgon","two":["om ",{"t":"idOrVar","v":"value"}," dagar"],"few":["om ",{"t":"idOrVar","v":"value"}," dagar"],"many":["om ",{"t":"idOrVar","v":"value"}," dagar"],"other":["om ",{"t":"idOrVar","v":"value"}," dagar"]},"$x":[{"t":"idOrVar","v":"plural"},"value"]},{"$i":"weeks-until-long","$v":{"zero":"denna vecka","one":"nästa vecka","two":["om ",{"t":"idOrVar","v":"value"}," veckor"],"few":["om ",{"t":"idOrVar","v":"value"}," veckor"],"many":["om ",{"t":"idOrVar","v":"value"}," veckor"],"other":["om ",{"t":"idOrVar","v":"value"}," veckor"]},"$x":[{"t":"idOrVar","v":"plural"},"value"]},{"$i":"months-until-long","$v":{"zero":"denna månad","one":"nästa månad","two":["om ",{"t":"idOrVar","v":"value"}," månader"],"few":["om ",{"t":"idOrVar","v":"value"}," månader"],"many":["om ",{"t":"idOrVar","v":"value"}," månader"],"other":["om ",{"t":"idOrVar","v":"value"}," månader"]},"$x":[{"t":"idOrVar","v":"plural"},"value"]},{"$i":"years-until-long","$v":{"zero":"detta år","one":"nästa år","two":["om ",{"t":"idOrVar","v":"value"}," år"],"few":["om ",{"t":"idOrVar","v":"value"}," år"],"many":["om ",{"t":"idOrVar","v":"value"}," år"],"other":["om ",{"t":"idOrVar","v":"value"}," år"]},"$x":[{"t":"idOrVar","v":"plural"},"value"]},{"$i":"minutes-ago-short","$v":{"zero":"nyss","other":[{"t":"idOrVar","v":"value"}," min sen"]},"$x":[{"t":"idOrVar","v":"plural"},"value"]},{"$i":"hours-ago-short","$v":{"zero":"nyss","other":[{"t":"idOrVar","v":"value"}," tim. sen"]},"$x":[{"t":"idOrVar","v":"plural"},"value"]},{"$i":"days-ago-short","$v":{"zero":"idag","other":[{"t":"idOrVar","v":"value"}," dygn sen"]},"$x":[{"t":"idOrVar","v":"plural"},"value"]},{"$i":"minutes-until-short","$v":{"zero":"nu","other":["om ",{"t":"idOrVar","v":"value"}," min"]},"$x":[{"t":"idOrVar","v":"plural"},"value"]},{"$i":"hours-until-short","$v":{"zero":"nu","other":["om ",{"t":"idOrVar","v":"value"}," tim."]},"$x":[{"t":"idOrVar","v":"plural"},"value"]},{"$i":"days-until-short","$v":{"zero":"idag","other":["om ",{"t":"idOrVar","v":"value"}," dygn"]},"$x":[{"t":"idOrVar","v":"plural"},"value"]},{"$i":"dateTimeFormat_%c","$v":"%a %e %b %Y %H:%M:%S"},{"$i":"dateTimeFormat_%x","$v":"%d/%m/%Y"},{"$i":"dateTimeFormat_%X","$v":"%H:%M:%S"},{"$i":"shortTimeFormat","$v":"%H:%M"},{"$i":"shortTimeFormat12","$v":"%I:%M %p"},{"$i":"shortTimeFormat24","$v":"%H:%M"},{"$i":"shortDateTimeFormat","$v":"%x %H:%M"},{"$i":"weekStartsOnMonday","$v":"1"},{"$i":"firstDayOfTheWeek","$v":"1"},{"$i":"time_am","$v":"AM"},{"$i":"time_pm","$v":"PM"},{"$i":"gaia-menu-cancel","$v":"Avbryt"},{"$i":"gaia-sim-picker-dial-via-with-number","$v":["Ring ",{"t":"idOrVar","v":"phoneNumber"}," via"]},{"$i":"gaia-sim-picker-select-sim","$v":"Välj SIM"},{"$i":"gaia-sim-picker-button","$v":["SIM",{"t":"idOrVar","v":"n"}]},{"$i":"gaia-sim-picker-button-default","$v":"(standard)"}]