[{"$i":"messages","$v":"Mesajlar"},{"$i":"deleteMessages-title","$v":"Mesajları sil"},{"$i":"selectThreads-title","$v":"Seç"},{"$i":"edit","$v":"Düzenle"},{"$i":"back","$v":"Geri"},{"$i":"cancel","$v":"İptal"},{"$i":"undo","$v":"Geri al"},{"$i":"done","$v":"Bitti"},{"$i":"delete","$v":"Sil"},{"$i":"delete-thread","$v":"Delete thread"},{"$i":"mark-as-read","$v":"Mark as read"},{"$i":"mark-as-unread","$v":"Mark as unread"},{"$i":"deleting-messages","$v":"Siliniyor…"},{"$i":"select-all","$v":"Tümünü seç"},{"$i":"deselect-all","$v":"Seçimi temizle"},{"$i":"selected-threads","$v":{"zero":"hiçbiri seçilmedi","one":[{"t":"idOrVar","v":"n"}," seçili"],"two":[{"t":"idOrVar","v":"n"}," seçili"],"few":[{"t":"idOrVar","v":"n"}," seçili"],"many":[{"t":"idOrVar","v":"n"}," seçili"],"other":[{"t":"idOrVar","v":"n"}," seçili"]},"$x":[{"t":"idOrVar","v":"plural"},"n"]},{"$i":"selected-messages","$v":{"zero":"hiçbiri seçilmedi","one":[{"t":"idOrVar","v":"n"}," seçili"],"two":[{"t":"idOrVar","v":"n"}," seçili"],"few":[{"t":"idOrVar","v":"n"}," seçili"],"many":[{"t":"idOrVar","v":"n"}," seçili"],"other":[{"t":"idOrVar","v":"n"}," seçili"]},"$x":[{"t":"idOrVar","v":"plural"},"n"]},{"$i":"selectThreads-label","$v":"Konuları seç"},{"$i":"selectMessages-label","$v":"Mesajları seç"},{"$i":"settings","$v":"Ayarlar"},{"$i":"add-subject","$v":"Konu ekle"},{"$i":"remove-subject","$v":"Konuyu sil"},{"$i":"to","$v":"Kime:"},{"$i":"new","$v":"Yeni"},{"$i":"message","$v":"Mesaj"},{"$i":"messagesInput_placeholder","$v":"Mesaj"},{"$i":"messagesSubjectInput_placeholder","$v":"Konu"},{"$i":"converted-to-mms","$v":"Multimedya mesajına dönüştürülüyor."},{"$i":"converted-to-sms","$v":"Yazılı mesaja dönüştürülüyor."},{"$i":"messages-max-length-text","$v":"Maksimum uzunluğa ulaştınız."},{"$i":"messages-max-subject-length-text","$v":"Maksimum konu uzunluğuna ulaştınız."},{"$i":"multimedia-message-exceeded-max-length","$v":["You’ve exceeded the ",{"t":"idOrVar","v":"mmsSize"}," KB size limit of a single multimedia message. Remove attachments or shorten the message to send it."]},{"$i":"newMessage","$v":"Yeni mesaj"},{"$i":"sendMessage","$v":"Mesaj gönder"},{"$i":"sendMMSToEmail","$v":"Multimedya mesajı gönder"},{"$i":"no-recipient","$v":"(Alıcı yok)"},{"$i":"recipient","$v":{"one":[{"t":"idOrVar","v":"n"}," alıcı"],"two":[{"t":"idOrVar","v":"n"}," alıcı"],"few":[{"t":"idOrVar","v":"n"}," alıcı"],"many":[{"t":"idOrVar","v":"n"}," alıcı"],"other":[{"t":"idOrVar","v":"n"}," alıcı"]},"$x":[{"t":"idOrVar","v":"plural"},"n"]},{"$i":"attachmentSizeB","$v":[{"t":"idOrVar","v":"n"}," B"]},{"$i":"attachmentSizeKB","$v":[{"t":"idOrVar","v":"n"}," KB"]},{"$i":"attachmentSizeMB","$v":[{"t":"idOrVar","v":"n"}," MB"]},{"$i":"attachmentOpenError","$v":"Bu dosya türünü açabilecek bir uygulama mevcut değil."},{"$i":"remove","$v":"Kaldır"},{"$i":"participant","$v":{"one":[{"t":"idOrVar","v":"n"}," katılımcı"],"two":[{"t":"idOrVar","v":"n"}," katılımcı"],"few":[{"t":"idOrVar","v":"n"}," katılımcı"],"many":[{"t":"idOrVar","v":"n"}," katılımcı"],"other":[{"t":"idOrVar","v":"n"}," katılımcı"]},"$x":[{"t":"idOrVar","v":"plural"},"n"]},{"$i":"message-report","$v":"Mesaj raporu"},{"$i":"message-type-sms","$v":"Kısa mesaj (SMS)"},{"$i":"message-type-mms","$v":"Multimedya mesajı (MMS)"},{"$i":"sms-report-description","$v":["Kısa mesajınız (SMS) ",{"t":"idOrVar","v":"datetime"}," tarihinde gönderildi"]},{"$i":"mms-report-description","$v":[{"t":"idOrVar","v":"subject"}," konulu multimedya mesajınız (MMS) ",{"t":"idOrVar","v":"datetime"}," tarihinde gönderildi"]},{"$i":"mms-no-subject-report-description","$v":["Multimedya mesajınız (MMS) ",{"t":"idOrVar","v":"datetime"}," tarihinde gönderildi"]},{"$i":"message-subject","$v":"Konu:"},{"$i":"report-status-error","$v":"Mesaj gönderilemedi"},{"$i":"report-status-not-downloaded","$v":"indirilmedi"},{"$i":"report-status-delivered","$v":"Teslim:"},{"$i":"report-status-read","$v":"Okuma:"},{"$i":"report-status-pending","$v":"Rapor istendi"},{"$i":"report-status-rejected","$v":"Mesaj reddedildi"},{"$i":"message-size-was","$v":"Mesaj boyutu:"},{"$i":"report-dateTimeFormat12","$v":["%e %B %Y ",{"t":"idOrVar","v":"shortTimeFormat12"}]},{"$i":"report-dateTimeFormat24","$v":["%e %B %Y ",{"t":"idOrVar","v":"shortTimeFormat24"}]},{"$i":"report-to-title","$v":"Kime"},{"$i":"report-from-title","$v":"Kimden"},{"$i":"message-sent","$v":"Gönderme:"},{"$i":"message-sending","$v":[{"t":"idOrVar","v":"message-delivery-status-sending"}]},{"$i":"message-received","$v":"Alınma:"},{"$i":"message-via","$v":"Aracı:"},{"$i":"message-resend","$v":"Tekrar gönder"},{"$i":"search","$v":"Ara"},{"$i":"unknown-contact-title","$v":"Bilinmeyen kişi"},{"$i":"phone-type-separator","$v":", "},{"$i":"phone-carrier-separator","$v":""},{"$i":"thread-participant-separator","$v":", "},{"$i":"replace-draft","$v":"Mevcut taslağı değiştir"},{"$i":"save-as-draft","$v":"Taslak olarak kaydet"},{"$i":"discard-message","$v":"Sil"},{"$i":"discard-sms","$v":"Bu mesajı silmek istediğinizden emin misiniz?"},{"$i":"discard-new-message","$v":"Yazdığınız mesajdan vazgeçip yeni bir mesaj açmak mı istiyorsunuz?"},{"$i":"resend-confirmation","$v":"Mesaj gönderilemedi. Tekrar denensin mi?"},{"$i":"resend-message","$v":"Bu mesajı yeniden gönder"},{"$i":"deleteMessage-confirmation","$v":"Seçilen mesajlar silinsin mi?"},{"$i":"deleteMessages-confirmation-message","$v":{"zero":"Please select messages to be deleted.","one":"Delete selected message?","two":["Delete ",{"t":"idOrVar","v":"n"}," selected messages?"],"few":["Delete ",{"t":"idOrVar","v":"n"}," selected messages?"],"many":["Delete ",{"t":"idOrVar","v":"n"}," selected messages?"],"other":["Delete ",{"t":"idOrVar","v":"n"}," selected messages?"]},"$x":[{"t":"idOrVar","v":"plural"},"n"]},{"$i":"deleteThreads-confirmation-message","$v":{"zero":"Please select message threads to be deleted.","one":"Delete selected message thread?","two":["Delete ",{"t":"idOrVar","v":"n"}," selected message threads?"],"few":["Delete ",{"t":"idOrVar","v":"n"}," selected message threads?"],"many":["Delete ",{"t":"idOrVar","v":"n"}," selected message threads?"],"other":["Delete ",{"t":"idOrVar","v":"n"}," selected message threads?"]},"$x":[{"t":"idOrVar","v":"plural"},"n"]},{"$i":"new-message-notice-text","$v":"Yeni mesaj:"},{"$i":"new-message-notice-a-text","$v":"Oku"},{"$i":"noMessages-title","$v":"Mesaj yok."},{"$i":"noMessages-text","$v":"Haydi, yazışmaya başlayın."},{"$i":"sendDefaultErrorTitle","$v":"Mesaj gönderilemedi"},{"$i":"sendDefaultErrorBody","$v":"Mesaj gönderilirken bir sorun oluştu. Lütfen tekrar deneyin."},{"$i":"sendDefaultErrorBtnOk","$v":"Tamam"},{"$i":"sendMissingSimCardTitle","$v":"SIM kart yok"},{"$i":"sendMissingSimCardBody","$v":"Devam etmek için geçerli bir SIM kart takın."},{"$i":"sendMissingSimCardBtnOk","$v":"Tamam"},{"$i":"sendFlightModeTitle","$v":"Uçak modu etkinleştirildi"},{"$i":"sendFlightModeBody","$v":"Mesaj göndermek için uçak modunu kapatın."},{"$i":"sendFlightModeBtnOk","$v":"Tamam"},{"$i":"radioDisabledToDownloadTitle","$v":[{"t":"idOrVar","v":"sendFlightModeTitle"}]},{"$i":"radioDisabledToDownloadBody","$v":"Ekleri indirmek için uçak modunu kapatın."},{"$i":"radioDisabledToDownloadBtnOk","$v":[{"t":"idOrVar","v":"sendFlightModeBtnOk"}]},{"$i":"fdnBlocked2Title","$v":"FDN etkin"},{"$i":"sms-counter-notice-label","$v":["SMS ",{"t":"idOrVar","v":"number"}," düzenleniyor"]},{"$i":"fdnBlocked2Body","innerHTML":{"$x":[{"t":"idOrVar","v":"plural"},"n"],"$v":{"one":["FDN (Sabit Arama Numaraları) etkinleştiridi. SMS merkezinin ve aşağıdaki alıcının FDN listenizde olduğundan emin olun:<br />",{"t":"idOrVar","v":"numbers"}],"two":["FDN (Sabit Arama Numaraları) etkinleştiridi. SMS merkezinin ve aşağıdaki alıcıların FDN listenizde olduğundan emin olun:<br />",{"t":"idOrVar","v":"numbers"}],"few":["FDN (Sabit Arama Numaraları) etkinleştiridi. SMS merkezinin ve aşağıdaki alıcıların FDN listenizde olduğundan emin olun:<br />",{"t":"idOrVar","v":"numbers"}],"many":["FDN (Sabit Arama Numaraları) etkinleştiridi. SMS merkezinin ve aşağıdaki alıcıların FDN listenizde olduğundan emin olun:<br />",{"t":"idOrVar","v":"numbers"}],"other":["FDN (Sabit Arama Numaraları) etkinleştiridi. SMS merkezinin ve aşağıdaki alıcıların FDN listenizde olduğundan emin olun:<br />",{"t":"idOrVar","v":"numbers"}]}}},{"$i":"fdnBlocked2BtnOk","$v":"Tamam"},{"$i":"switchSimToRetrieveTitle","$v":"Veri bağlantısını değiştir"},{"$i":"switchSimToRetrieveBody","$v":["MMS'i almak için SIM ",{"t":"idOrVar","v":"nonActiveSimId"}," veri bağlantısına geçilecek. SIM ",{"t":"idOrVar","v":"activeSimId"}," üzerinde veri aktarımı duraklatılacaktır. Yine de devam edilsin mi?"]},{"$i":"switchSimToRetrieveBtnOk","$v":"Daha sonra"},{"$i":"switchSimToRetrieveConfirm","$v":"Tamam"},{"$i":"switchSimToSendTitle","$v":[{"t":"idOrVar","v":"switchSimToRetrieveTitle"}]},{"$i":"switchSimToSendBody","$v":["MMS'i göndermek için SIM ",{"t":"idOrVar","v":"nonActiveSimId"}," veri bağlantısına geçilecek. SIM ",{"t":"idOrVar","v":"activeSimId"}," üzerindeki veri aktarımı duraklatılacaktır. Yine de devam edilsin mi?"]},{"$i":"switchSimToSendBtnOk","$v":[{"t":"idOrVar","v":"switchSimToRetrieveBtnOk"}]},{"$i":"switchSimToSendConfirm","$v":[{"t":"idOrVar","v":"switchSimToRetrieveConfirm"}]},{"$i":"sendNoSignalErrorTitle","$v":"Kapsama alanı dışındasınız"},{"$i":"sendNoSignalErrorBody","$v":"Mobil sinyaliniz olduğundan emin olduktan sonra tekrar deneyin."},{"$i":"sendNoSignalErrorBtnOk","$v":"Tamam"},{"$i":"sendNotFoundErrorTitle","$v":"Mesaj bulunamadı"},{"$i":"sendNotFoundErrorBody","$v":"Aradığınız mesaj artık mevcut değil."},{"$i":"sendNotFoundErrorBtnOk","$v":"Tamam"},{"$i":"sendInvalidAddressErrorTitle","$v":"Geçersiz numara"},{"$i":"sendInvalidAddressErrorBody","$v":"Gönderdiğiniz telefon numarasının geçerli olduğundan emin olun."},{"$i":"sendInvalidAddressErrorBtnOk","$v":"Tamam"},{"$i":"simNotMatchedErrorTitle","$v":"İndirilemedi"},{"$i":"simNotMatchedErrorBody","$v":"Lütfen takılı SIM kartın bu mesajı alan SIM kart olduğundan emin olun."},{"$i":"simNotMatchedErrorBtnOk","$v":"Tamam"},{"$i":"deleted-sms","$v":"Bu mesaj zaten silinmiş."},{"$i":"view-attachment-image","$v":"Göster"},{"$i":"view-attachment-audio","$v":"Dinle"},{"$i":"view-attachment-video","$v":"Göster"},{"$i":"view-attachment-other","$v":"Göster"},{"$i":"remove-attachment-image","$v":"Resmi kaldır"},{"$i":"remove-attachment-audio","$v":"Sesi kaldır"},{"$i":"remove-attachment-video","$v":"Videoyu kaldır"},{"$i":"remove-attachment-other","$v":"Eki kaldır"},{"$i":"replace-attachment-image","$v":"Resmi değiştir"},{"$i":"replace-attachment-audio","$v":"Sesi değiştir"},{"$i":"replace-attachment-video","$v":"Videoyu değiştir"},{"$i":"replace-attachment-other","$v":"Eki değiştir"},{"$i":"unsent-message-title","$v":"Gönderilmemiş mesaj"},{"$i":"unsent-message-text","$v":"Your previous message was not sent. Do you want to discard the unsent message and continue?"},{"$i":"unsent-message-option-edit","$v":"Düzenle"},{"$i":"unsent-message-option-discard","$v":"Sil"},{"$i":"message-options","$v":"Mesaj seçenekleri"},{"$i":"thread-options","$v":"Thread options"},{"$i":"forward","$v":"İlet"},{"$i":"view-message-report","$v":"Mesaj raporunu göster"},{"$i":"select-text","$v":"Select text"},{"$i":"mobile","$v":"Cep"},{"$i":"home","$v":"Ev"},{"$i":"work","$v":"İş"},{"$i":"personal","$v":"Kişisel"},{"$i":"faxHome","$v":"Faks ev"},{"$i":"faxOffice","$v":"Faks iş"},{"$i":"faxOther","$v":"Faks diğer"},{"$i":"another","$v":"Diğer"},{"$i":"other","$v":"Diğer"},{"$i":"today","$v":"bugün"},{"$i":"yesterday","$v":"dün"},{"$i":"incorrectDate","$v":"(geçersiz tarih)"},{"$i":"addToExistingContact","$v":"Mevcut bir kişiye ekle"},{"$i":"createNewContact","$v":"Yeni kişi oluştur"},{"$i":"viewContact","$v":"Kişiyi göster"},{"$i":"call","$v":"Ara"},{"$i":"sendEmail","$v":"E-posta gönder"},{"$i":"mms-message","$v":"MMS mesajı"},{"$i":"notDownloaded-title","$v":"Mesaj henüz indirilmedi."},{"$i":"tobedownloaded-attachment","$v":["Bir multimedya mesajı aldınız. Aşağıdaki bağlantıyı kullanarak mesaj içeriğini ",{"t":"idOrVar","v":"date"}," tarihine kadar indirebilirsiniz."]},{"$i":"expired-attachment","$v":["Üzgünüz, bu mesaj ",{"t":"idOrVar","v":"date"}," tarihinde zaman aşımına uğramış ve artık indirilemez."]},{"$i":"download-attachment","$v":"İndir"},{"$i":"downloading-attachment","$v":"İndiriliyor…"},{"$i":"unnamed-attachment","$v":"başlıksız"},{"$i":"mms-label","$v":"MMS"},{"$i":"attached-files-too-large","$v":{"zero":["The files you have selected exceed the ",{"t":"idOrVar","v":"mmsSize"}," KB size limit of a single multimedia message."],"one":["The file you have selected exceeds the ",{"t":"idOrVar","v":"mmsSize"}," KB size limit of a single multimedia message."],"two":["The files you have selected exceed the ",{"t":"idOrVar","v":"mmsSize"}," KB size limit of a single multimedia message."],"few":["The files you have selected exceed the ",{"t":"idOrVar","v":"mmsSize"}," KB size limit of a single multimedia message."],"many":["The files you have selected exceed the ",{"t":"idOrVar","v":"mmsSize"}," KB size limit of a single multimedia message."],"other":["The files you have selected exceed the ",{"t":"idOrVar","v":"mmsSize"}," KB size limit of a single multimedia message."]},"$x":[{"t":"idOrVar","v":"plural"},"n"]},{"$i":"resize-image","$v":"Eklenen resim yeniden boyutlandırılıyor"},{"$i":"no-attachment-text","$v":"Eklenen dosyada bir sorun olduğundan dosya indirilemedi."},{"$i":"message-draft-saved","$v":"Mesaj taslak olarak kaydedildi"},{"$i":"sim-id-label","$v":["SIM ",{"t":"idOrVar","v":"id"}]},{"$i":"sim-detail","$v":["SIM ",{"t":"idOrVar","v":"id"},", ",{"t":"idOrVar","v":"detailString"}]},{"$i":"dsds-notification-title-with-sim","$v":["(",{"t":"idOrVar","v":"sim"},") ",{"t":"idOrVar","v":"sender"}]},{"$i":"send-button","ariaLabel":"Gönder"},{"$i":"send-button-sim-indication","$v":[{"t":"idOrVar","v":"n"}],"ariaLabel":["SIM ",{"t":"idOrVar","v":"n"}," ile"]},{"$i":"expiry-date-format","$v":"%e %B %A"},{"$i":"attach-button","ariaLabel":"Dosya ekle"},{"$i":"contact-photo","ariaLabel":"Kişi fotoğrafı"},{"$i":"unread-thread","ariaLabel":"Okunmamış"},{"$i":"has-draft","ariaLabel":"Taslağı var"},{"$i":"is-draft","ariaLabel":"Taslak"},{"$i":"message-delivery-status-sending","$v":"Gönderiliyor…"},{"$i":"message-delivery-status-delivered","ariaLabel":"Teslim edildi"},{"$i":"message-delivery-status-read","ariaLabel":"Okundu"},{"$i":"message-delivery-status-error","ariaLabel":"Hata"},{"$i":"modal-dialog-ok-button","$v":"OK"},{"$i":"modal-dialog-cancel-button","$v":"Cancel"},{"$i":"modal-dialog-default-title","$v":"Messages"},{"$i":"weekday-0-long","$v":"Pazar"},{"$i":"weekday-1-long","$v":"Pazartesi"},{"$i":"weekday-2-long","$v":"Salı"},{"$i":"weekday-3-long","$v":"Çarşamba"},{"$i":"weekday-4-long","$v":"Perşembe"},{"$i":"weekday-5-long","$v":"Cuma"},{"$i":"weekday-6-long","$v":"Cumartesi"},{"$i":"weekday-0-short","$v":"Pzr"},{"$i":"weekday-1-short","$v":"Pzt"},{"$i":"weekday-2-short","$v":"Sal"},{"$i":"weekday-3-short","$v":"Çar"},{"$i":"weekday-4-short","$v":"Per"},{"$i":"weekday-5-short","$v":"Cum"},{"$i":"weekday-6-short","$v":"Cmt"},{"$i":"month-0-long","$v":"Ocak"},{"$i":"month-1-long","$v":"Şubat"},{"$i":"month-2-long","$v":"Mart"},{"$i":"month-3-long","$v":"Nisan"},{"$i":"month-4-long","$v":"Mayıs"},{"$i":"month-5-long","$v":"Haziran"},{"$i":"month-6-long","$v":"Temmuz"},{"$i":"month-7-long","$v":"Ağustos"},{"$i":"month-8-long","$v":"Eylül"},{"$i":"month-9-long","$v":"Ekim"},{"$i":"month-10-long","$v":"Kasım"},{"$i":"month-11-long","$v":"Aralık"},{"$i":"month-0-genitive","$v":"Ocak"},{"$i":"month-1-genitive","$v":"Şubat"},{"$i":"month-2-genitive","$v":"Mart"},{"$i":"month-3-genitive","$v":"Nisan"},{"$i":"month-4-genitive","$v":"Mayıs"},{"$i":"month-5-genitive","$v":"Haziran"},{"$i":"month-6-genitive","$v":"Temmuz"},{"$i":"month-7-genitive","$v":"Ağustos"},{"$i":"month-8-genitive","$v":"Eylül"},{"$i":"month-9-genitive","$v":"Ekim"},{"$i":"month-10-genitive","$v":"Kasım"},{"$i":"month-11-genitive","$v":"Aralık"},{"$i":"month-0-short","$v":"Oca"},{"$i":"month-1-short","$v":"Şub"},{"$i":"month-2-short","$v":"Mar"},{"$i":"month-3-short","$v":"Nis"},{"$i":"month-4-short","$v":"May"},{"$i":"month-5-short","$v":"Haz"},{"$i":"month-6-short","$v":"Tem"},{"$i":"month-7-short","$v":"Ağu"},{"$i":"month-8-short","$v":"Eyl"},{"$i":"month-9-short","$v":"Eki"},{"$i":"month-10-short","$v":"Kas"},{"$i":"month-11-short","$v":"Ara"},{"$i":"minutes-ago-long","$v":{"zero":"biraz önce","one":"bir dakika önce","two":[{"t":"idOrVar","v":"value"}," dakika önce"],"few":[{"t":"idOrVar","v":"value"}," dakika önce"],"many":[{"t":"idOrVar","v":"value"}," dakika önce"],"other":[{"t":"idOrVar","v":"value"}," dakika önce"]},"$x":[{"t":"idOrVar","v":"plural"},"value"]},{"$i":"hours-ago-long","$v":{"zero":"biraz önce","one":"bir saat önce","two":[{"t":"idOrVar","v":"value"}," saat önce"],"few":[{"t":"idOrVar","v":"value"}," saat önce"],"many":[{"t":"idOrVar","v":"value"}," saat önce"],"other":[{"t":"idOrVar","v":"value"}," saat önce"]},"$x":[{"t":"idOrVar","v":"plural"},"value"]},{"$i":"days-ago-long","$v":{"zero":"bugün","one":"dün","two":[{"t":"idOrVar","v":"value"}," gün önce"],"few":[{"t":"idOrVar","v":"value"}," gün önce"],"many":[{"t":"idOrVar","v":"value"}," gün önce"],"other":[{"t":"idOrVar","v":"value"}," gün önce"]},"$x":[{"t":"idOrVar","v":"plural"},"value"]},{"$i":"weeks-ago-long","$v":{"zero":"bu hafta","one":"geçen hafta","two":[{"t":"idOrVar","v":"value"}," hafta önce"],"few":[{"t":"idOrVar","v":"value"}," hafta önce"],"many":[{"t":"idOrVar","v":"value"}," hafta önce"],"other":[{"t":"idOrVar","v":"value"}," hafta önce"]},"$x":[{"t":"idOrVar","v":"plural"},"value"]},{"$i":"months-ago-long","$v":{"zero":"bu ay","one":"geçen ay","two":[{"t":"idOrVar","v":"value"}," ay önce"],"few":[{"t":"idOrVar","v":"value"}," ay önce"],"many":[{"t":"idOrVar","v":"value"}," ay önce"],"other":[{"t":"idOrVar","v":"value"}," ay önce"]},"$x":[{"t":"idOrVar","v":"plural"},"value"]},{"$i":"years-ago-long","$v":{"zero":"bu yıl","one":"geçen yıl","two":[{"t":"idOrVar","v":"value"}," yıl önce"],"few":[{"t":"idOrVar","v":"value"}," yıl önce"],"many":[{"t":"idOrVar","v":"value"}," yıl önce"],"other":[{"t":"idOrVar","v":"value"}," yıl önce"]},"$x":[{"t":"idOrVar","v":"plural"},"value"]},{"$i":"minutes-until-long","$v":{"zero":"şimdi","one":"bir dakika önce","two":[{"t":"idOrVar","v":"value"}," dakika içinde"],"few":[{"t":"idOrVar","v":"value"}," dakika içinde"],"many":[{"t":"idOrVar","v":"value"}," dakika içinde"],"other":[{"t":"idOrVar","v":"value"}," dakika içinde"]},"$x":[{"t":"idOrVar","v":"plural"},"value"]},{"$i":"hours-until-long","$v":{"zero":"şimdi","one":"bir saat içinde","two":[{"t":"idOrVar","v":"value"}," saat içinde"],"few":[{"t":"idOrVar","v":"value"}," saat içinde"],"many":[{"t":"idOrVar","v":"value"}," saat içinde"],"other":[{"t":"idOrVar","v":"value"}," saat içinde"]},"$x":[{"t":"idOrVar","v":"plural"},"value"]},{"$i":"days-until-long","$v":{"zero":"bugün","one":"dün","two":[{"t":"idOrVar","v":"value"}," gün içinde"],"few":[{"t":"idOrVar","v":"value"}," gün içinde"],"many":[{"t":"idOrVar","v":"value"}," gün içinde"],"other":[{"t":"idOrVar","v":"value"}," gün içinde"]},"$x":[{"t":"idOrVar","v":"plural"},"value"]},{"$i":"weeks-until-long","$v":{"zero":"bu hafta","one":"gelecek hafta","two":[{"t":"idOrVar","v":"value"}," hafta içinde"],"few":[{"t":"idOrVar","v":"value"}," hafta içinde"],"many":[{"t":"idOrVar","v":"value"}," hafta içinde"],"other":[{"t":"idOrVar","v":"value"}," hafta içinde"]},"$x":[{"t":"idOrVar","v":"plural"},"value"]},{"$i":"months-until-long","$v":{"zero":"bu ay","one":"gelecek ay","two":[{"t":"idOrVar","v":"value"}," ay içinde"],"few":[{"t":"idOrVar","v":"value"}," ay içinde"],"many":[{"t":"idOrVar","v":"value"}," ay içinde"],"other":[{"t":"idOrVar","v":"value"}," ay içinde"]},"$x":[{"t":"idOrVar","v":"plural"},"value"]},{"$i":"years-until-long","$v":{"zero":"bu yıl","one":"gelecek yıl","two":[{"t":"idOrVar","v":"value"}," yıl içinde"],"few":[{"t":"idOrVar","v":"value"}," yıl içinde"],"many":[{"t":"idOrVar","v":"value"}," yıl içinde"],"other":[{"t":"idOrVar","v":"value"}," yıl içinde"]},"$x":[{"t":"idOrVar","v":"plural"},"value"]},{"$i":"minutes-ago-short","$v":{"zero":"biraz önce","other":[{"t":"idOrVar","v":"value"}," dk önce"]},"$x":[{"t":"idOrVar","v":"plural"},"value"]},{"$i":"hours-ago-short","$v":{"zero":"biraz önce","other":[{"t":"idOrVar","v":"value"}," saat önce"]},"$x":[{"t":"idOrVar","v":"plural"},"value"]},{"$i":"days-ago-short","$v":{"zero":"bugün","other":[{"t":"idOrVar","v":"value"}," gün önce"]},"$x":[{"t":"idOrVar","v":"plural"},"value"]},{"$i":"minutes-until-short","$v":{"zero":"şimdi","other":[{"t":"idOrVar","v":"value"}," dk içinde"]},"$x":[{"t":"idOrVar","v":"plural"},"value"]},{"$i":"hours-until-short","$v":{"zero":"şimdi","other":[{"t":"idOrVar","v":"value"}," saat içinde"]},"$x":[{"t":"idOrVar","v":"plural"},"value"]},{"$i":"days-until-short","$v":{"zero":"bugün","other":[{"t":"idOrVar","v":"value"}," gün içinde"]},"$x":[{"t":"idOrVar","v":"plural"},"value"]},{"$i":"dateTimeFormat_%c","$v":"%e %b %Y %a %H:%M:%S"},{"$i":"dateTimeFormat_%x","$v":"%d/%m/%Y"},{"$i":"dateTimeFormat_%X","$v":"%H:%M:%S"},{"$i":"shortTimeFormat","$v":"%H:%M"},{"$i":"shortTimeFormat12","$v":"%I:%M %p"},{"$i":"shortTimeFormat24","$v":"%H:%M"},{"$i":"shortDateTimeFormat","$v":"%x %H:%M"},{"$i":"weekStartsOnMonday","$v":"1"},{"$i":"firstDayOfTheWeek","$v":"0"},{"$i":"time_am","$v":"ÖÖ"},{"$i":"time_pm","$v":"ÖS"},{"$i":"gaia-menu-cancel","$v":"İptal"},{"$i":"gaia-sim-picker-dial-via-with-number","$v":[{"t":"idOrVar","v":"phoneNumber"}," numarasını şununla ara"]},{"$i":"gaia-sim-picker-select-sim","$v":"SIM seçin"},{"$i":"gaia-sim-picker-button","$v":["SIM",{"t":"idOrVar","v":"n"}]},{"$i":"gaia-sim-picker-button-default","$v":"(varsayılan)"}]