[{"$i":"messages","$v":"信息"},{"$i":"deleteMessages-title","$v":"删除消息"},{"$i":"selectThreads-title","$v":"选择"},{"$i":"edit","$v":"编辑"},{"$i":"back","$v":"后退"},{"$i":"cancel","$v":"取消"},{"$i":"undo","$v":"撤销"},{"$i":"done","$v":"完成"},{"$i":"delete","$v":"删除"},{"$i":"delete-thread","$v":"Delete thread"},{"$i":"mark-as-read","$v":"Mark as read"},{"$i":"mark-as-unread","$v":"Mark as unread"},{"$i":"deleting-messages","$v":"正在删除…"},{"$i":"select-all","$v":"选择全部"},{"$i":"deselect-all","$v":"全部不选"},{"$i":"selected-threads","$v":{"zero":"未选择","one":["已选择 ",{"t":"idOrVar","v":"n"}," 条"],"two":["已选择 ",{"t":"idOrVar","v":"n"}," 条"],"few":["已选择 ",{"t":"idOrVar","v":"n"}," 条"],"many":["已选择 ",{"t":"idOrVar","v":"n"}," 条"],"other":["已选择 ",{"t":"idOrVar","v":"n"}," 条"]},"$x":[{"t":"idOrVar","v":"plural"},"n"]},{"$i":"selected-messages","$v":{"zero":"未选择","one":["已选择 ",{"t":"idOrVar","v":"n"}," 条"],"two":["已选择 ",{"t":"idOrVar","v":"n"}," 条"],"few":["已选择 ",{"t":"idOrVar","v":"n"}," 条"],"many":["已选择 ",{"t":"idOrVar","v":"n"}," 条"],"other":["已选择 ",{"t":"idOrVar","v":"n"}," 条"]},"$x":[{"t":"idOrVar","v":"plural"},"n"]},{"$i":"selectThreads-label","$v":"选择话题"},{"$i":"selectMessages-label","$v":"选择信息"},{"$i":"settings","$v":"设置"},{"$i":"add-subject","$v":"添加主题"},{"$i":"remove-subject","$v":"移除主题"},{"$i":"to","$v":"收件人："},{"$i":"new","$v":"新建"},{"$i":"message","$v":"信息"},{"$i":"messagesInput_placeholder","$v":"信息"},{"$i":"messagesSubjectInput_placeholder","$v":"主题"},{"$i":"converted-to-mms","$v":"转换为彩信。"},{"$i":"converted-to-sms","$v":"转换为文本消息。"},{"$i":"messages-max-length-text","$v":"您已达到最大长度。"},{"$i":"messages-max-subject-length-text","$v":"已超过主题的最大长度。"},{"$i":"multimedia-message-exceeded-max-length","$v":["You’ve exceeded the ",{"t":"idOrVar","v":"mmsSize"}," KB size limit of a single multimedia message. Remove attachments or shorten the message to send it."]},{"$i":"newMessage","$v":"新建信息"},{"$i":"sendMessage","$v":"发送短信"},{"$i":"sendMMSToEmail","$v":"发送彩信（MMS）"},{"$i":"no-recipient","$v":"(无收件人)"},{"$i":"recipient","$v":{"one":[{"t":"idOrVar","v":"n"}," 个收信人"],"two":[{"t":"idOrVar","v":"n"}," 个收信人"],"few":[{"t":"idOrVar","v":"n"}," 个收信人"],"many":[{"t":"idOrVar","v":"n"}," 个收信人"],"other":[{"t":"idOrVar","v":"n"}," 个收信人"]},"$x":[{"t":"idOrVar","v":"plural"},"n"]},{"$i":"attachmentSizeB","$v":[{"t":"idOrVar","v":"n"}," B"]},{"$i":"attachmentSizeKB","$v":[{"t":"idOrVar","v":"n"}," KB"]},{"$i":"attachmentSizeMB","$v":[{"t":"idOrVar","v":"n"}," MB"]},{"$i":"attachmentOpenError","$v":"没有可用于打开此类型文件的应用程序。"},{"$i":"remove","$v":"移除"},{"$i":"participant","$v":{"one":[{"t":"idOrVar","v":"n"}," 名参与者"],"two":[{"t":"idOrVar","v":"n"}," 名参与者"],"few":[{"t":"idOrVar","v":"n"}," 名参与者"],"many":[{"t":"idOrVar","v":"n"}," 名参与者"],"other":[{"t":"idOrVar","v":"n"}," 名参与者"]},"$x":[{"t":"idOrVar","v":"plural"},"n"]},{"$i":"message-report","$v":"消息报告"},{"$i":"message-type-sms","$v":"短信（SMS）"},{"$i":"message-type-mms","$v":"彩信（MMS）"},{"$i":"sms-report-description","$v":["你的短信（SMS）发送于 ",{"t":"idOrVar","v":"datetime"}]},{"$i":"mms-report-description","$v":["你的彩信（MMS），主题 ",{"t":"idOrVar","v":"subject"},"，发送于 ",{"t":"idOrVar","v":"datetime"}]},{"$i":"mms-no-subject-report-description","$v":["你的彩信（MMS）发送于 ",{"t":"idOrVar","v":"datetime"}]},{"$i":"message-subject","$v":"主题:"},{"$i":"report-status-error","$v":"消息未能发送"},{"$i":"report-status-not-downloaded","$v":"未下载"},{"$i":"report-status-delivered","$v":"投递于："},{"$i":"report-status-read","$v":"阅读："},{"$i":"report-status-pending","$v":"已请求报告"},{"$i":"report-status-rejected","$v":"消息已收到"},{"$i":"message-size-was","$v":"短信大小："},{"$i":"report-dateTimeFormat12","$v":["%Y 年 %b %e 日，",{"t":"idOrVar","v":"shortTimeFormat12"}]},{"$i":"report-dateTimeFormat24","$v":["%Y 年 %b %e 日，",{"t":"idOrVar","v":"shortTimeFormat24"}]},{"$i":"report-to-title","$v":"到"},{"$i":"report-from-title","$v":"从"},{"$i":"message-sent","$v":"发送："},{"$i":"message-sending","$v":[{"t":"idOrVar","v":"message-delivery-status-sending"}]},{"$i":"message-received","$v":"收到："},{"$i":"message-via","$v":"通过:"},{"$i":"message-resend","$v":"重新发送"},{"$i":"search","$v":"搜索"},{"$i":"unknown-contact-title","$v":"未知联系人"},{"$i":"phone-type-separator","$v":", "},{"$i":"phone-carrier-separator","$v":" "},{"$i":"thread-participant-separator","$v":", "},{"$i":"replace-draft","$v":"替换已有草稿"},{"$i":"save-as-draft","$v":"保存为草稿"},{"$i":"discard-message","$v":"丢弃"},{"$i":"discard-sms","$v":"确定要放弃这条信息？"},{"$i":"discard-new-message","$v":"丢弃您正在撰写这条消息，并且打开一个新消息？"},{"$i":"resend-confirmation","$v":"此信息无法被发送，要重试吗？"},{"$i":"resend-message","$v":"重新发送此信息"},{"$i":"deleteMessage-confirmation","$v":"删除选中的消息？"},{"$i":"deleteMessages-confirmation-message","$v":{"zero":"Please select messages to be deleted.","one":"Delete selected message?","two":["Delete ",{"t":"idOrVar","v":"n"}," selected messages?"],"few":["Delete ",{"t":"idOrVar","v":"n"}," selected messages?"],"many":["Delete ",{"t":"idOrVar","v":"n"}," selected messages?"],"other":["Delete ",{"t":"idOrVar","v":"n"}," selected messages?"]},"$x":[{"t":"idOrVar","v":"plural"},"n"]},{"$i":"deleteThreads-confirmation-message","$v":{"zero":"Please select message threads to be deleted.","one":"Delete selected message thread?","two":["Delete ",{"t":"idOrVar","v":"n"}," selected message threads?"],"few":["Delete ",{"t":"idOrVar","v":"n"}," selected message threads?"],"many":["Delete ",{"t":"idOrVar","v":"n"}," selected message threads?"],"other":["Delete ",{"t":"idOrVar","v":"n"}," selected message threads?"]},"$x":[{"t":"idOrVar","v":"plural"},"n"]},{"$i":"new-message-notice-text","$v":"新消息，来自"},{"$i":"new-message-notice-a-text","$v":"阅读"},{"$i":"noMessages-title","$v":"没有信息"},{"$i":"noMessages-text","$v":"立刻开始通讯"},{"$i":"sendDefaultErrorTitle","$v":"消息未发送"},{"$i":"sendDefaultErrorBody","$v":"发送消息时遇到问题。请再试一次。"},{"$i":"sendDefaultErrorBtnOk","$v":"确定"},{"$i":"sendMissingSimCardTitle","$v":"缺少 SIM 卡"},{"$i":"sendMissingSimCardBody","$v":"请插入一个有效的 SIM 卡以继续。"},{"$i":"sendMissingSimCardBtnOk","$v":"确定"},{"$i":"sendFlightModeTitle","$v":"飞行模式已开启"},{"$i":"sendFlightModeBody","$v":"关闭飞行模式以发送短信。"},{"$i":"sendFlightModeBtnOk","$v":"确定"},{"$i":"radioDisabledToDownloadTitle","$v":[{"t":"idOrVar","v":"sendFlightModeTitle"}]},{"$i":"radioDisabledToDownloadBody","$v":"关闭飞行模式以下载附件。"},{"$i":"radioDisabledToDownloadBtnOk","$v":[{"t":"idOrVar","v":"sendFlightModeBtnOk"}]},{"$i":"fdnBlocked2Title","$v":"固定拨号已启用"},{"$i":"sms-counter-notice-label","$v":["短信编辑中 - ",{"t":"idOrVar","v":"number"}]},{"$i":"fdnBlocked2Body","innerHTML":{"$x":[{"t":"idOrVar","v":"plural"},"n"],"$v":{"one":["FDN（固定拨号）已激活。请确保 SMS 中心和下列接收者在您的 FDN 列表中：<br />",{"t":"idOrVar","v":"numbers"}],"two":["FDN（固定拨号）已激活。请确保 SMS 中心和下列接收者在您的 FDN 列表中：<br />",{"t":"idOrVar","v":"numbers"}],"few":["FDN（固定拨号）已激活。请确保 SMS 中心和下列接收者在您的 FDN 列表中：<br />",{"t":"idOrVar","v":"numbers"}],"many":["FDN（固定拨号）已激活。请确保 SMS 中心和下列接收者在您的 FDN 列表中：<br />",{"t":"idOrVar","v":"numbers"}],"other":["FDN（固定拨号）已激活。请确保 SMS 中心和下列接收者在您的 FDN 列表中：<br />",{"t":"idOrVar","v":"numbers"}]}}},{"$i":"fdnBlocked2BtnOk","$v":"确定"},{"$i":"switchSimToRetrieveTitle","$v":"切换数据连接"},{"$i":"switchSimToRetrieveBody","$v":["切换数据连接到 SIM ",{"t":"idOrVar","v":"nonActiveSimId"}," 来接收这封彩信（MMS）。目前在 SIM ",{"t":"idOrVar","v":"activeSimId"}," 上的数据传输将被暂停。确定继续吗？"]},{"$i":"switchSimToRetrieveBtnOk","$v":"稍后"},{"$i":"switchSimToRetrieveConfirm","$v":"确定"},{"$i":"switchSimToSendTitle","$v":[{"t":"idOrVar","v":"switchSimToRetrieveTitle"}]},{"$i":"switchSimToSendBody","$v":["切换数据连接到 SIM ",{"t":"idOrVar","v":"nonActiveSimId"}," 来发送这封彩信（MMS）。目前在 SIM ",{"t":"idOrVar","v":"activeSimId"}," 上的数据传输将被暂停。确定继续吗？"]},{"$i":"switchSimToSendBtnOk","$v":[{"t":"idOrVar","v":"switchSimToRetrieveBtnOk"}]},{"$i":"switchSimToSendConfirm","$v":[{"t":"idOrVar","v":"switchSimToRetrieveConfirm"}]},{"$i":"sendNoSignalErrorTitle","$v":"没有网络覆盖"},{"$i":"sendNoSignalErrorBody","$v":"请确定你有手机信号，然后再试一次。"},{"$i":"sendNoSignalErrorBtnOk","$v":"确定"},{"$i":"sendNotFoundErrorTitle","$v":"找不到消息"},{"$i":"sendNotFoundErrorBody","$v":"您要找的短信已经不可用。"},{"$i":"sendNotFoundErrorBtnOk","$v":"确定"},{"$i":"sendInvalidAddressErrorTitle","$v":"无效的号码"},{"$i":"sendInvalidAddressErrorBody","$v":"请确定你要发送的手机号码有效性。"},{"$i":"sendInvalidAddressErrorBtnOk","$v":"确定"},{"$i":"simNotMatchedErrorTitle","$v":"无法下载"},{"$i":"simNotMatchedErrorBody","$v":"请确定 SIM 卡已插入以供接收此消息。"},{"$i":"simNotMatchedErrorBtnOk","$v":"确定"},{"$i":"deleted-sms","$v":"此消息已被删除。"},{"$i":"view-attachment-image","$v":"查看"},{"$i":"view-attachment-audio","$v":"播放"},{"$i":"view-attachment-video","$v":"查看"},{"$i":"view-attachment-other","$v":"查看"},{"$i":"remove-attachment-image","$v":"移除图片"},{"$i":"remove-attachment-audio","$v":"移除音频"},{"$i":"remove-attachment-video","$v":"移除视频"},{"$i":"remove-attachment-other","$v":"移除附件"},{"$i":"replace-attachment-image","$v":"替换图片"},{"$i":"replace-attachment-audio","$v":"替换音频"},{"$i":"replace-attachment-video","$v":"替换视频"},{"$i":"replace-attachment-other","$v":"替换附件"},{"$i":"unsent-message-title","$v":"未发送消息"},{"$i":"unsent-message-text","$v":"Your previous message was not sent. Do you want to discard the unsent message and continue?"},{"$i":"unsent-message-option-edit","$v":"编辑"},{"$i":"unsent-message-option-discard","$v":"丢弃"},{"$i":"message-options","$v":"短消息选项"},{"$i":"thread-options","$v":"Thread options"},{"$i":"forward","$v":"转发"},{"$i":"view-message-report","$v":"查看消息报告"},{"$i":"select-text","$v":"Select text"},{"$i":"mobile","$v":"移动"},{"$i":"home","$v":"住宅"},{"$i":"work","$v":"工作"},{"$i":"personal","$v":"个人"},{"$i":"faxHome","$v":"住宅传真"},{"$i":"faxOffice","$v":"单位传真"},{"$i":"faxOther","$v":"其他传真"},{"$i":"another","$v":"其他"},{"$i":"other","$v":"其他"},{"$i":"today","$v":"今天"},{"$i":"yesterday","$v":"昨天"},{"$i":"incorrectDate","$v":"（日期不正确）"},{"$i":"addToExistingContact","$v":"添加到现有的联系人"},{"$i":"createNewContact","$v":"新建联系人"},{"$i":"viewContact","$v":"查看联系人"},{"$i":"call","$v":"拨叫"},{"$i":"sendEmail","$v":"发送邮件"},{"$i":"mms-message","$v":"彩信"},{"$i":"notDownloaded-title","$v":"消息还未下载。"},{"$i":"tobedownloaded-attachment","$v":["您收到了一个彩信（MMS）。您可以在 ",{"t":"idOrVar","v":"date"}," 之前使用下面的链接下载其内容。"]},{"$i":"expired-attachment","$v":["抱歉，该消息已于 ",{"t":"idOrVar","v":"date"}," 过期，内容已无法下载。"]},{"$i":"download-attachment","$v":"下载"},{"$i":"downloading-attachment","$v":"正在下载…"},{"$i":"unnamed-attachment","$v":"无标题"},{"$i":"mms-label","$v":"MMS"},{"$i":"attached-files-too-large","$v":{"zero":["The files you have selected exceed the ",{"t":"idOrVar","v":"mmsSize"}," KB size limit of a single multimedia message."],"one":["The file you have selected exceeds the ",{"t":"idOrVar","v":"mmsSize"}," KB size limit of a single multimedia message."],"two":["The files you have selected exceed the ",{"t":"idOrVar","v":"mmsSize"}," KB size limit of a single multimedia message."],"few":["The files you have selected exceed the ",{"t":"idOrVar","v":"mmsSize"}," KB size limit of a single multimedia message."],"many":["The files you have selected exceed the ",{"t":"idOrVar","v":"mmsSize"}," KB size limit of a single multimedia message."],"other":["The files you have selected exceed the ",{"t":"idOrVar","v":"mmsSize"}," KB size limit of a single multimedia message."]},"$x":[{"t":"idOrVar","v":"plural"},"n"]},{"$i":"resize-image","$v":"调整所附图像"},{"$i":"no-attachment-text","$v":"此附件存在问题，且不可被下载。"},{"$i":"message-draft-saved","$v":"消息已保存为草稿"},{"$i":"sim-id-label","$v":["SIM ",{"t":"idOrVar","v":"id"}]},{"$i":"sim-detail","$v":["SIM 卡 ",{"t":"idOrVar","v":"id"},", ",{"t":"idOrVar","v":"detailString"}]},{"$i":"dsds-notification-title-with-sim","$v":["(",{"t":"idOrVar","v":"sim"},") ",{"t":"idOrVar","v":"sender"}]},{"$i":"send-button","ariaLabel":"发送"},{"$i":"send-button-sim-indication","$v":[{"t":"idOrVar","v":"n"}],"ariaLabel":["使用 SIM ",{"t":"idOrVar","v":"n"}]},{"$i":"expiry-date-format","$v":"%m月%e日%A"},{"$i":"attach-button","ariaLabel":"添加附件"},{"$i":"contact-photo","ariaLabel":"联系人照片"},{"$i":"unread-thread","ariaLabel":"未读"},{"$i":"has-draft","ariaLabel":"有草稿"},{"$i":"is-draft","ariaLabel":"草稿"},{"$i":"message-delivery-status-sending","$v":"正在发送…"},{"$i":"message-delivery-status-delivered","ariaLabel":"已投递"},{"$i":"message-delivery-status-read","ariaLabel":"已读"},{"$i":"message-delivery-status-error","ariaLabel":"错误"},{"$i":"modal-dialog-ok-button","$v":"OK"},{"$i":"modal-dialog-cancel-button","$v":"Cancel"},{"$i":"modal-dialog-default-title","$v":"Messages"},{"$i":"weekday-0-long","$v":"星期日"},{"$i":"weekday-1-long","$v":"星期一"},{"$i":"weekday-2-long","$v":"星期二"},{"$i":"weekday-3-long","$v":"星期三"},{"$i":"weekday-4-long","$v":"星期四"},{"$i":"weekday-5-long","$v":"星期五"},{"$i":"weekday-6-long","$v":"星期六"},{"$i":"weekday-0-short","$v":"日"},{"$i":"weekday-1-short","$v":"一"},{"$i":"weekday-2-short","$v":"二"},{"$i":"weekday-3-short","$v":"三"},{"$i":"weekday-4-short","$v":"四"},{"$i":"weekday-5-short","$v":"五"},{"$i":"weekday-6-short","$v":"六"},{"$i":"month-0-long","$v":"1 月"},{"$i":"month-1-long","$v":"2 月"},{"$i":"month-2-long","$v":"3 月"},{"$i":"month-3-long","$v":"4 月"},{"$i":"month-4-long","$v":"5 月"},{"$i":"month-5-long","$v":"6 月"},{"$i":"month-6-long","$v":"7 月"},{"$i":"month-7-long","$v":"8 月"},{"$i":"month-8-long","$v":"9 月"},{"$i":"month-9-long","$v":"10 月"},{"$i":"month-10-long","$v":"11 月"},{"$i":"month-11-long","$v":"12 月"},{"$i":"month-0-genitive","$v":"一月"},{"$i":"month-1-genitive","$v":"二月"},{"$i":"month-2-genitive","$v":"三月"},{"$i":"month-3-genitive","$v":"四月"},{"$i":"month-4-genitive","$v":"五月"},{"$i":"month-5-genitive","$v":"六月"},{"$i":"month-6-genitive","$v":"七月"},{"$i":"month-7-genitive","$v":"八月"},{"$i":"month-8-genitive","$v":"九月"},{"$i":"month-9-genitive","$v":"十月"},{"$i":"month-10-genitive","$v":"十一月"},{"$i":"month-11-genitive","$v":"十二月"},{"$i":"month-0-short","$v":"1 月"},{"$i":"month-1-short","$v":"2 月"},{"$i":"month-2-short","$v":"3 月"},{"$i":"month-3-short","$v":"4 月"},{"$i":"month-4-short","$v":"5 月"},{"$i":"month-5-short","$v":"6 月"},{"$i":"month-6-short","$v":"7 月"},{"$i":"month-7-short","$v":"8 月"},{"$i":"month-8-short","$v":"9 月"},{"$i":"month-9-short","$v":"10 月"},{"$i":"month-10-short","$v":"11 月"},{"$i":"month-11-short","$v":"12 月"},{"$i":"minutes-ago-long","$v":{"zero":"刚才","one":"1 分钟前","two":[{"t":"idOrVar","v":"value"}," 分钟前"],"few":[{"t":"idOrVar","v":"value"}," 分钟前"],"many":[{"t":"idOrVar","v":"value"}," 分钟前"],"other":[{"t":"idOrVar","v":"value"}," 分钟前"]},"$x":[{"t":"idOrVar","v":"plural"},"value"]},{"$i":"hours-ago-long","$v":{"zero":"刚才","one":"1 小时前","two":[{"t":"idOrVar","v":"value"}," 小时前"],"few":[{"t":"idOrVar","v":"value"}," 小时前"],"many":[{"t":"idOrVar","v":"value"}," 小时前"],"other":[{"t":"idOrVar","v":"value"}," 小时前"]},"$x":[{"t":"idOrVar","v":"plural"},"value"]},{"$i":"days-ago-long","$v":{"zero":"今天","one":"昨天","two":[{"t":"idOrVar","v":"value"}," 天前"],"few":[{"t":"idOrVar","v":"value"}," 天前"],"many":[{"t":"idOrVar","v":"value"}," 天前"],"other":[{"t":"idOrVar","v":"value"}," 天前"]},"$x":[{"t":"idOrVar","v":"plural"},"value"]},{"$i":"weeks-ago-long","$v":{"zero":"本周","one":"上周","two":[{"t":"idOrVar","v":"value"}," 周前"],"few":[{"t":"idOrVar","v":"value"}," 周前"],"many":[{"t":"idOrVar","v":"value"}," 周前"],"other":[{"t":"idOrVar","v":"value"}," 周前"]},"$x":[{"t":"idOrVar","v":"plural"},"value"]},{"$i":"months-ago-long","$v":{"zero":"本月","one":"上月","two":[{"t":"idOrVar","v":"value"}," 个月前"],"few":[{"t":"idOrVar","v":"value"}," 个月前"],"many":[{"t":"idOrVar","v":"value"}," 个月前"],"other":[{"t":"idOrVar","v":"value"}," 个月前"]},"$x":[{"t":"idOrVar","v":"plural"},"value"]},{"$i":"years-ago-long","$v":{"zero":"今年","one":"去年","two":[{"t":"idOrVar","v":"value"}," 年前"],"few":[{"t":"idOrVar","v":"value"}," 年前"],"many":[{"t":"idOrVar","v":"value"}," 年前"],"other":[{"t":"idOrVar","v":"value"}," 年前"]},"$x":[{"t":"idOrVar","v":"plural"},"value"]},{"$i":"minutes-until-long","$v":{"zero":"现在","one":"1 分钟内","two":["剩",{"t":"idOrVar","v":"value"},"分钟"],"few":["剩",{"t":"idOrVar","v":"value"},"分钟"],"many":["剩",{"t":"idOrVar","v":"value"},"分钟"],"other":["剩",{"t":"idOrVar","v":"value"},"分钟"]},"$x":[{"t":"idOrVar","v":"plural"},"value"]},{"$i":"hours-until-long","$v":{"zero":"现在","one":"1 小时内","two":["剩",{"t":"idOrVar","v":"value"},"小时"],"few":["剩",{"t":"idOrVar","v":"value"},"小时"],"many":["剩",{"t":"idOrVar","v":"value"},"小时"],"other":["剩",{"t":"idOrVar","v":"value"},"小时"]},"$x":[{"t":"idOrVar","v":"plural"},"value"]},{"$i":"days-until-long","$v":{"zero":"今天","one":"明天","two":["剩",{"t":"idOrVar","v":"value"},"天"],"few":["剩",{"t":"idOrVar","v":"value"},"天"],"many":["剩",{"t":"idOrVar","v":"value"},"天"],"other":["剩",{"t":"idOrVar","v":"value"},"天"]},"$x":[{"t":"idOrVar","v":"plural"},"value"]},{"$i":"weeks-until-long","$v":{"zero":"本周","one":"下周","two":["剩",{"t":"idOrVar","v":"value"},"周"],"few":["剩",{"t":"idOrVar","v":"value"},"周"],"many":["剩",{"t":"idOrVar","v":"value"},"周"],"other":["剩",{"t":"idOrVar","v":"value"},"周"]},"$x":[{"t":"idOrVar","v":"plural"},"value"]},{"$i":"months-until-long","$v":{"zero":"本月","one":"下月","two":["剩",{"t":"idOrVar","v":"value"},"个月"],"few":["剩",{"t":"idOrVar","v":"value"},"个月"],"many":["剩",{"t":"idOrVar","v":"value"},"个月"],"other":["剩",{"t":"idOrVar","v":"value"},"个月"]},"$x":[{"t":"idOrVar","v":"plural"},"value"]},{"$i":"years-until-long","$v":{"zero":"今年","one":"明年","two":["剩",{"t":"idOrVar","v":"value"},"年"],"few":["剩",{"t":"idOrVar","v":"value"},"年"],"many":["剩",{"t":"idOrVar","v":"value"},"年"],"other":["剩",{"t":"idOrVar","v":"value"},"年"]},"$x":[{"t":"idOrVar","v":"plural"},"value"]},{"$i":"minutes-ago-short","$v":{"zero":"刚才","other":[{"t":"idOrVar","v":"value"}," 分钟前"]},"$x":[{"t":"idOrVar","v":"plural"},"value"]},{"$i":"hours-ago-short","$v":{"zero":"刚才","other":[{"t":"idOrVar","v":"value"},"小时前"]},"$x":[{"t":"idOrVar","v":"plural"},"value"]},{"$i":"days-ago-short","$v":{"zero":"今天","other":[{"t":"idOrVar","v":"value"}," 天前"]},"$x":[{"t":"idOrVar","v":"plural"},"value"]},{"$i":"minutes-until-short","$v":{"zero":"现在","other":["剩",{"t":"idOrVar","v":"value"},"分钟"]},"$x":[{"t":"idOrVar","v":"plural"},"value"]},{"$i":"hours-until-short","$v":{"zero":"现在","other":["剩",{"t":"idOrVar","v":"value"},"小时"]},"$x":[{"t":"idOrVar","v":"plural"},"value"]},{"$i":"days-until-short","$v":{"zero":"今天","other":["剩",{"t":"idOrVar","v":"value"},"天"]},"$x":[{"t":"idOrVar","v":"plural"},"value"]},{"$i":"dateTimeFormat_%c","$v":"%Y 年 %b %e 日 %a %H:%M:%S"},{"$i":"dateTimeFormat_%x","$v":"%Y/%m/%d"},{"$i":"dateTimeFormat_%X","$v":"%H:%M:%S"},{"$i":"shortTimeFormat","$v":"%H:%M"},{"$i":"shortTimeFormat12","$v":"%p %I:%M"},{"$i":"shortTimeFormat24","$v":"%H:%M"},{"$i":"shortDateTimeFormat","$v":"%x %H:%M"},{"$i":"weekStartsOnMonday","$v":"0"},{"$i":"firstDayOfTheWeek","$v":"0"},{"$i":"time_am","$v":"上午"},{"$i":"time_pm","$v":"下午"},{"$i":"gaia-menu-cancel","$v":"取消"},{"$i":"gaia-sim-picker-dial-via-with-number","$v":["拨叫 ",{"t":"idOrVar","v":"phoneNumber"}," 通过"]},{"$i":"gaia-sim-picker-select-sim","$v":"选择 SIM 卡"},{"$i":"gaia-sim-picker-button","$v":["SIM",{"t":"idOrVar","v":"n"}]},{"$i":"gaia-sim-picker-button-default","$v":"（默认）"}]