[{"$i":"messages","$v":"訊息"},{"$i":"deleteMessages-title","$v":"刪除訊息"},{"$i":"selectThreads-title","$v":"選取"},{"$i":"edit","$v":"編輯"},{"$i":"back","$v":"上一頁"},{"$i":"cancel","$v":"取消"},{"$i":"undo","$v":"復原"},{"$i":"done","$v":"完成"},{"$i":"delete","$v":"刪除"},{"$i":"delete-thread","$v":"Delete thread"},{"$i":"mark-as-read","$v":"Mark as read"},{"$i":"mark-as-unread","$v":"Mark as unread"},{"$i":"deleting-messages","$v":"刪除中…"},{"$i":"select-all","$v":"全部選擇"},{"$i":"deselect-all","$v":"全部不選"},{"$i":"selected-threads","$v":{"zero":"未選擇","one":["已選擇 ",{"t":"idOrVar","v":"n"}," 封"],"two":["已選擇 ",{"t":"idOrVar","v":"n"}," 封"],"few":["已選擇 ",{"t":"idOrVar","v":"n"}," 封"],"many":["已選擇 ",{"t":"idOrVar","v":"n"}," 封"],"other":["已選擇 ",{"t":"idOrVar","v":"n"}," 封"]},"$x":[{"t":"idOrVar","v":"plural"},"n"]},{"$i":"selected-messages","$v":{"zero":"未選擇","one":["已選擇 ",{"t":"idOrVar","v":"n"}," 封"],"two":["已選擇 ",{"t":"idOrVar","v":"n"}," 封"],"few":["已選擇 ",{"t":"idOrVar","v":"n"}," 封"],"many":["已選擇 ",{"t":"idOrVar","v":"n"}," 封"],"other":["已選擇 ",{"t":"idOrVar","v":"n"}," 封"]},"$x":[{"t":"idOrVar","v":"plural"},"n"]},{"$i":"selectThreads-label","$v":"選擇討論串"},{"$i":"selectMessages-label","$v":"選擇簡訊"},{"$i":"settings","$v":"設定"},{"$i":"add-subject","$v":"新增主旨"},{"$i":"remove-subject","$v":"移除主旨"},{"$i":"to","$v":"給:"},{"$i":"new","$v":"新增"},{"$i":"message","$v":"訊息"},{"$i":"messagesInput_placeholder","$v":"簡訊"},{"$i":"messagesSubjectInput_placeholder","$v":"主旨"},{"$i":"converted-to-mms","$v":"正在轉換為多媒體訊息。"},{"$i":"converted-to-sms","$v":"正在轉換為文字訊息。"},{"$i":"messages-max-length-text","$v":"已達訊息最大長度。"},{"$i":"messages-max-subject-length-text","$v":"已達主旨的最大長度。"},{"$i":"multimedia-message-exceeded-max-length","$v":["您選擇的檔案已超過單一多媒體訊息的大小限制 ",{"t":"idOrVar","v":"mmsSize"}," KB，請移除附件或縮短訊息再傳送。"]},{"$i":"newMessage","$v":"寫新訊息"},{"$i":"sendMessage","$v":"傳送簡訊"},{"$i":"sendMMSToEmail","$v":"傳送多媒體簡訊"},{"$i":"no-recipient","$v":"（無收件者）"},{"$i":"recipient","$v":{"one":[{"t":"idOrVar","v":"n"}," 位收件者"],"two":[{"t":"idOrVar","v":"n"}," 位收件者"],"few":[{"t":"idOrVar","v":"n"}," 位收件者"],"many":[{"t":"idOrVar","v":"n"}," 位收件者"],"other":[{"t":"idOrVar","v":"n"}," 位收件者"]},"$x":[{"t":"idOrVar","v":"plural"},"n"]},{"$i":"attachmentSizeB","$v":[{"t":"idOrVar","v":"n"}," B"]},{"$i":"attachmentSizeKB","$v":[{"t":"idOrVar","v":"n"}," KB"]},{"$i":"attachmentSizeMB","$v":[{"t":"idOrVar","v":"n"}," MB"]},{"$i":"attachmentOpenError","$v":"沒有應用程式可以開啟此類檔案。"},{"$i":"remove","$v":"移除"},{"$i":"participant","$v":{"one":[{"t":"idOrVar","v":"n"}," 位參與者"],"two":[{"t":"idOrVar","v":"n"}," 位參與者"],"few":[{"t":"idOrVar","v":"n"}," 位參與者"],"many":[{"t":"idOrVar","v":"n"}," 位參與者"],"other":[{"t":"idOrVar","v":"n"}," 位參與者"]},"$x":[{"t":"idOrVar","v":"plural"},"n"]},{"$i":"message-report","$v":"簡訊傳送報告"},{"$i":"message-type-sms","$v":"純文字簡訊（SMS）"},{"$i":"message-type-mms","$v":"多媒體訊息（MMS）"},{"$i":"sms-report-description","$v":["您的簡訊（SMS）已於 ",{"t":"idOrVar","v":"datetime"}," 傳送"]},{"$i":"mms-report-description","$v":["您主旨為 ",{"t":"idOrVar","v":"subject"}," 的多媒體訊息（MMS）已於 ",{"t":"idOrVar","v":"datetime"}," 傳送"]},{"$i":"mms-no-subject-report-description","$v":["您的多媒體訊息（MMS）已於 ",{"t":"idOrVar","v":"datetime"}," 傳送"]},{"$i":"message-subject","$v":"主旨:"},{"$i":"report-status-error","$v":"無法送出簡訊"},{"$i":"report-status-not-downloaded","$v":"未下載"},{"$i":"report-status-delivered","$v":"送達於:"},{"$i":"report-status-read","$v":"閱讀於:"},{"$i":"report-status-pending","$v":"已請求傳送報告"},{"$i":"report-status-rejected","$v":"簡訊被拒絕"},{"$i":"message-size-was","$v":"訊息大小:"},{"$i":"report-dateTimeFormat12","$v":["%Y 年 %b %d 日 ",{"t":"idOrVar","v":"shortTimeFormat12"}]},{"$i":"report-dateTimeFormat24","$v":["%Y 年 %b %d 日 ",{"t":"idOrVar","v":"shortTimeFormat24"}]},{"$i":"report-to-title","$v":"收件者"},{"$i":"report-from-title","$v":"寄件者"},{"$i":"message-sent","$v":"傳送於:"},{"$i":"message-sending","$v":[{"t":"idOrVar","v":"message-delivery-status-sending"}]},{"$i":"message-received","$v":"接收於:"},{"$i":"message-via","$v":"經由:"},{"$i":"message-resend","$v":"重新傳送"},{"$i":"search","$v":"搜尋"},{"$i":"unknown-contact-title","$v":"未知的聯絡人"},{"$i":"phone-type-separator","$v":": "},{"$i":"phone-carrier-separator","$v":" "},{"$i":"thread-participant-separator","$v":": "},{"$i":"replace-draft","$v":"取代現有的草稿"},{"$i":"save-as-draft","$v":"儲存為草稿"},{"$i":"discard-message","$v":"捨棄"},{"$i":"discard-sms","$v":"您確定要放棄此訊息嗎？"},{"$i":"discard-new-message","$v":"捨棄您正在撰寫的簡訊並開啟新訊息？"},{"$i":"resend-confirmation","$v":"無法傳送該訊息。再試一次？"},{"$i":"resend-message","$v":"重傳這封簡訊"},{"$i":"deleteMessage-confirmation","$v":"刪除選擇的簡訊？"},{"$i":"deleteMessages-confirmation-message","$v":{"zero":"Please select messages to be deleted.","one":"Delete selected message?","two":["Delete ",{"t":"idOrVar","v":"n"}," selected messages?"],"few":["Delete ",{"t":"idOrVar","v":"n"}," selected messages?"],"many":["Delete ",{"t":"idOrVar","v":"n"}," selected messages?"],"other":["Delete ",{"t":"idOrVar","v":"n"}," selected messages?"]},"$x":[{"t":"idOrVar","v":"plural"},"n"]},{"$i":"deleteThreads-confirmation-message","$v":{"zero":"Please select message threads to be deleted.","one":"Delete selected message thread?","two":["Delete ",{"t":"idOrVar","v":"n"}," selected message threads?"],"few":["Delete ",{"t":"idOrVar","v":"n"}," selected message threads?"],"many":["Delete ",{"t":"idOrVar","v":"n"}," selected message threads?"],"other":["Delete ",{"t":"idOrVar","v":"n"}," selected message threads?"]},"$x":[{"t":"idOrVar","v":"plural"},"n"]},{"$i":"new-message-notice-text","$v":"新簡訊來自"},{"$i":"new-message-notice-a-text","$v":"讀取"},{"$i":"noMessages-title","$v":"無訊息"},{"$i":"noMessages-text","$v":"立刻開始通訊"},{"$i":"sendDefaultErrorTitle","$v":"簡訊未送出"},{"$i":"sendDefaultErrorBody","$v":"傳送簡訊時遇到問題，請稍後再試。"},{"$i":"sendDefaultErrorBtnOk","$v":"確定"},{"$i":"sendMissingSimCardTitle","$v":"未插入卡"},{"$i":"sendMissingSimCardBody","$v":"請插入有效的 SIM 卡以繼續。"},{"$i":"sendMissingSimCardBtnOk","$v":"確定"},{"$i":"sendFlightModeTitle","$v":"已啟用飛航模式"},{"$i":"sendFlightModeBody","$v":"請關閉飛航模式以傳送簡訊。"},{"$i":"sendFlightModeBtnOk","$v":"確定"},{"$i":"radioDisabledToDownloadTitle","$v":[{"t":"idOrVar","v":"sendFlightModeTitle"}]},{"$i":"radioDisabledToDownloadBody","$v":"關閉飛航模式以下載附件。"},{"$i":"radioDisabledToDownloadBtnOk","$v":[{"t":"idOrVar","v":"sendFlightModeBtnOk"}]},{"$i":"fdnBlocked2Title","$v":"固定撥號已啟用"},{"$i":"sms-counter-notice-label","$v":["正在編輯簡訊 ",{"t":"idOrVar","v":"number"}]},{"$i":"fdnBlocked2Body","innerHTML":{"$x":[{"t":"idOrVar","v":"plural"},"n"],"$v":{"one":["已啟用 FDN（固定撥號），請確認您的簡訊中心與下列收件者都在您的固定撥號清單中:<br /> ",{"t":"idOrVar","v":"numbers"}],"two":["已啟用 FDN（固定撥號），請確認您的簡訊中心與下列收件者都在您的固定撥號清單中:<br /> ",{"t":"idOrVar","v":"numbers"}],"few":["已啟用 FDN（固定撥號），請確認您的簡訊中心與下列收件者都在您的固定撥號清單中:<br /> ",{"t":"idOrVar","v":"numbers"}],"many":["已啟用 FDN（固定撥號），請確認您的簡訊中心與下列收件者都在您的固定撥號清單中:<br /> ",{"t":"idOrVar","v":"numbers"}],"other":["已啟用 FDN（固定撥號），請確認您的簡訊中心與下列收件者都在您的固定撥號清單中:<br /> ",{"t":"idOrVar","v":"numbers"}]}}},{"$i":"fdnBlocked2BtnOk","$v":"確定"},{"$i":"switchSimToRetrieveTitle","$v":"切換數據連線"},{"$i":"switchSimToRetrieveBody","$v":["切換數據連線至 SIM ",{"t":"idOrVar","v":"nonActiveSimId"}," 以接收 MMS。目前在 SIM ",{"t":"idOrVar","v":"activeSimId"}," 上的數據傳輸將被暫停，要繼續嗎？"]},{"$i":"switchSimToRetrieveBtnOk","$v":"稍候"},{"$i":"switchSimToRetrieveConfirm","$v":"確定"},{"$i":"switchSimToSendTitle","$v":[{"t":"idOrVar","v":"switchSimToRetrieveTitle"}]},{"$i":"switchSimToSendBody","$v":["切換數據連線至 SIM ",{"t":"idOrVar","v":"nonActiveSimId"}," 以傳送 MMS。目前在 SIM ",{"t":"idOrVar","v":"activeSimId"}," 上的數據傳輸將被暫停，要繼續嗎？"]},{"$i":"switchSimToSendBtnOk","$v":[{"t":"idOrVar","v":"switchSimToRetrieveBtnOk"}]},{"$i":"switchSimToSendConfirm","$v":[{"t":"idOrVar","v":"switchSimToRetrieveConfirm"}]},{"$i":"sendNoSignalErrorTitle","$v":"收不到訊號"},{"$i":"sendNoSignalErrorBody","$v":"請確定您能收到訊號後再試一次。"},{"$i":"sendNoSignalErrorBtnOk","$v":"確定"},{"$i":"sendNotFoundErrorTitle","$v":"找不到簡訊"},{"$i":"sendNotFoundErrorBody","$v":"您尋找的訊息無法使用。"},{"$i":"sendNotFoundErrorBtnOk","$v":"確定"},{"$i":"sendInvalidAddressErrorTitle","$v":"號碼無效"},{"$i":"sendInvalidAddressErrorBody","$v":"請確定您輸入的收件者電話號碼有效。"},{"$i":"sendInvalidAddressErrorBtnOk","$v":"確定"},{"$i":"simNotMatchedErrorTitle","$v":"無法下載"},{"$i":"simNotMatchedErrorBody","$v":"請確定目前插入的 SIM 卡是接收此簡訊時的 SIM 卡。"},{"$i":"simNotMatchedErrorBtnOk","$v":"確定"},{"$i":"deleted-sms","$v":"此訊息已被刪除。"},{"$i":"view-attachment-image","$v":"檢視"},{"$i":"view-attachment-audio","$v":"聆聽"},{"$i":"view-attachment-video","$v":"檢視"},{"$i":"view-attachment-other","$v":"檢視"},{"$i":"remove-attachment-image","$v":"移除圖片"},{"$i":"remove-attachment-audio","$v":"移除音訊"},{"$i":"remove-attachment-video","$v":"移除視訊"},{"$i":"remove-attachment-other","$v":"移除附件"},{"$i":"replace-attachment-image","$v":"取代圖片"},{"$i":"replace-attachment-audio","$v":"取代音訊"},{"$i":"replace-attachment-video","$v":"取代視訊"},{"$i":"replace-attachment-other","$v":"取代附件"},{"$i":"unsent-message-title","$v":"未傳送訊息"},{"$i":"unsent-message-text","$v":"Your previous message was not sent. Do you want to discard the unsent message and continue?"},{"$i":"unsent-message-option-edit","$v":"編輯"},{"$i":"unsent-message-option-discard","$v":"捨棄"},{"$i":"message-options","$v":"訊息選項"},{"$i":"thread-options","$v":"Thread options"},{"$i":"forward","$v":"轉寄"},{"$i":"view-message-report","$v":"檢視簡訊傳送報告"},{"$i":"select-text","$v":"選擇文字"},{"$i":"mobile","$v":"行動電話"},{"$i":"home","$v":"住家"},{"$i":"work","$v":"商務"},{"$i":"personal","$v":"私人"},{"$i":"faxHome","$v":"家用傳真"},{"$i":"faxOffice","$v":"公司傳真"},{"$i":"faxOther","$v":"其他傳真"},{"$i":"another","$v":"另一個"},{"$i":"other","$v":"其他"},{"$i":"today","$v":"今天"},{"$i":"yesterday","$v":"昨天"},{"$i":"incorrectDate","$v":"（日期不正確）"},{"$i":"addToExistingContact","$v":"新增至現有的聯絡人"},{"$i":"createNewContact","$v":"建立新聯絡人"},{"$i":"viewContact","$v":"檢視聯絡人"},{"$i":"call","$v":"撥號"},{"$i":"sendEmail","$v":"傳送電子郵件"},{"$i":"mms-message","$v":"MMS 訊息"},{"$i":"notDownloaded-title","$v":"尚未下載訊息。"},{"$i":"tobedownloaded-attachment","$v":["您收到了多媒體簡訊，您可以在 ",{"t":"idOrVar","v":"date"}," 前於下方鏈結下載該簡訊內容。"]},{"$i":"expired-attachment","$v":["抱歉，訊息已於 ",{"t":"idOrVar","v":"date"}," 過期，無法下載。"]},{"$i":"download-attachment","$v":"下載"},{"$i":"downloading-attachment","$v":"下載中…"},{"$i":"unnamed-attachment","$v":"無標題"},{"$i":"mms-label","$v":"MMS"},{"$i":"attached-files-too-large","$v":{"zero":["您選擇的檔案已超過單一多媒體訊息的大小限制 ",{"t":"idOrVar","v":"mmsSize"}," KB。"],"one":["您選擇的檔案已超過單一多媒體訊息的大小限制 ",{"t":"idOrVar","v":"mmsSize"}," KB。"],"two":["您選擇的檔案已超過單一多媒體訊息的大小限制 ",{"t":"idOrVar","v":"mmsSize"}," KB。"],"few":["您選擇的檔案已超過單一多媒體訊息的大小限制 ",{"t":"idOrVar","v":"mmsSize"}," KB。"],"many":["您選擇的檔案已超過單一多媒體訊息的大小限制 ",{"t":"idOrVar","v":"mmsSize"}," KB。"],"other":["您選擇的檔案已超過單一多媒體訊息的大小限制 ",{"t":"idOrVar","v":"mmsSize"}," KB。"]},"$x":[{"t":"idOrVar","v":"plural"},"n"]},{"$i":"resize-image","$v":"重新調整附加圖片大小"},{"$i":"no-attachment-text","$v":"附件檔案有問題，無法下載。"},{"$i":"message-draft-saved","$v":"已將簡訊儲存為草稿"},{"$i":"sim-id-label","$v":["SIM ",{"t":"idOrVar","v":"id"}]},{"$i":"sim-detail","$v":["SIM ",{"t":"idOrVar","v":"id"},": ",{"t":"idOrVar","v":"detailString"}]},{"$i":"dsds-notification-title-with-sim","$v":["(",{"t":"idOrVar","v":"sim"},") ",{"t":"idOrVar","v":"sender"}]},{"$i":"send-button","ariaLabel":"傳送"},{"$i":"send-button-sim-indication","$v":[{"t":"idOrVar","v":"n"}],"ariaLabel":["正在使用 SIM 卡 ",{"t":"idOrVar","v":"n"}]},{"$i":"expiry-date-format","$v":"%b %e 日 %A"},{"$i":"attach-button","ariaLabel":"新增附件"},{"$i":"contact-photo","ariaLabel":"聯絡人相片"},{"$i":"unread-thread","ariaLabel":"未讀"},{"$i":"has-draft","ariaLabel":"有草稿"},{"$i":"is-draft","ariaLabel":"草稿"},{"$i":"message-delivery-status-sending","$v":"傳送中…"},{"$i":"message-delivery-status-delivered","ariaLabel":"已傳送"},{"$i":"message-delivery-status-read","ariaLabel":"已讀取"},{"$i":"message-delivery-status-error","ariaLabel":"錯誤"},{"$i":"modal-dialog-ok-button","$v":"確定"},{"$i":"modal-dialog-cancel-button","$v":"取消"},{"$i":"modal-dialog-default-title","$v":"訊息"},{"$i":"weekday-0-long","$v":"星期日"},{"$i":"weekday-1-long","$v":"星期一"},{"$i":"weekday-2-long","$v":"星期二"},{"$i":"weekday-3-long","$v":"星期三"},{"$i":"weekday-4-long","$v":"星期四"},{"$i":"weekday-5-long","$v":"星期五"},{"$i":"weekday-6-long","$v":"星期六"},{"$i":"weekday-0-short","$v":"日"},{"$i":"weekday-1-short","$v":"一"},{"$i":"weekday-2-short","$v":"二"},{"$i":"weekday-3-short","$v":"三"},{"$i":"weekday-4-short","$v":"四"},{"$i":"weekday-5-short","$v":"五"},{"$i":"weekday-6-short","$v":"六"},{"$i":"month-0-long","$v":"一月"},{"$i":"month-1-long","$v":"二月"},{"$i":"month-2-long","$v":"三月"},{"$i":"month-3-long","$v":"四月"},{"$i":"month-4-long","$v":"五月"},{"$i":"month-5-long","$v":"六月"},{"$i":"month-6-long","$v":"七月"},{"$i":"month-7-long","$v":"八月"},{"$i":"month-8-long","$v":"九月"},{"$i":"month-9-long","$v":"十月"},{"$i":"month-10-long","$v":"十一月"},{"$i":"month-11-long","$v":"十二月"},{"$i":"month-0-genitive","$v":"1 月"},{"$i":"month-1-genitive","$v":"2 月"},{"$i":"month-2-genitive","$v":"3 月"},{"$i":"month-3-genitive","$v":"4 月"},{"$i":"month-4-genitive","$v":"5 月"},{"$i":"month-5-genitive","$v":"6 月"},{"$i":"month-6-genitive","$v":"7 月"},{"$i":"month-7-genitive","$v":"8 月"},{"$i":"month-8-genitive","$v":"9 月"},{"$i":"month-9-genitive","$v":"10 月"},{"$i":"month-10-genitive","$v":"11 月"},{"$i":"month-11-genitive","$v":"12 月"},{"$i":"month-0-short","$v":"1 月"},{"$i":"month-1-short","$v":"2 月"},{"$i":"month-2-short","$v":"3 月"},{"$i":"month-3-short","$v":"4 月"},{"$i":"month-4-short","$v":"5 月"},{"$i":"month-5-short","$v":"6 月"},{"$i":"month-6-short","$v":"7 月"},{"$i":"month-7-short","$v":"8 月"},{"$i":"month-8-short","$v":"9 月"},{"$i":"month-9-short","$v":"10 月"},{"$i":"month-10-short","$v":"11 月"},{"$i":"month-11-short","$v":"12 月"},{"$i":"minutes-ago-long","$v":{"zero":"剛剛","one":"1 分鐘前","two":[{"t":"idOrVar","v":"value"}," 分鐘前"],"few":[{"t":"idOrVar","v":"value"}," 分鐘前"],"many":[{"t":"idOrVar","v":"value"}," 分鐘前"],"other":[{"t":"idOrVar","v":"value"}," 分鐘前"]},"$x":[{"t":"idOrVar","v":"plural"},"value"]},{"$i":"hours-ago-long","$v":{"zero":"剛剛","one":"1 小時前","two":[{"t":"idOrVar","v":"value"}," 小時前"],"few":[{"t":"idOrVar","v":"value"}," 小時前"],"many":[{"t":"idOrVar","v":"value"}," 小時前"],"other":[{"t":"idOrVar","v":"value"}," 小時前"]},"$x":[{"t":"idOrVar","v":"plural"},"value"]},{"$i":"days-ago-long","$v":{"zero":"今天","one":"昨天","two":[{"t":"idOrVar","v":"value"}," 天前"],"few":[{"t":"idOrVar","v":"value"}," 天前"],"many":[{"t":"idOrVar","v":"value"}," 天前"],"other":[{"t":"idOrVar","v":"value"}," 天前"]},"$x":[{"t":"idOrVar","v":"plural"},"value"]},{"$i":"weeks-ago-long","$v":{"zero":"本週","one":"上週","two":[{"t":"idOrVar","v":"value"}," 週前"],"few":[{"t":"idOrVar","v":"value"}," 週前"],"many":[{"t":"idOrVar","v":"value"}," 週前"],"other":[{"t":"idOrVar","v":"value"}," 週前"]},"$x":[{"t":"idOrVar","v":"plural"},"value"]},{"$i":"months-ago-long","$v":{"zero":"本月","one":"上月","two":[{"t":"idOrVar","v":"value"}," 月前"],"few":[{"t":"idOrVar","v":"value"}," 月前"],"many":[{"t":"idOrVar","v":"value"}," 月前"],"other":[{"t":"idOrVar","v":"value"}," 月前"]},"$x":[{"t":"idOrVar","v":"plural"},"value"]},{"$i":"years-ago-long","$v":{"zero":"今年","one":"去年","two":[{"t":"idOrVar","v":"value"}," 年前"],"few":[{"t":"idOrVar","v":"value"}," 年前"],"many":[{"t":"idOrVar","v":"value"}," 年前"],"other":[{"t":"idOrVar","v":"value"}," 年前"]},"$x":[{"t":"idOrVar","v":"plural"},"value"]},{"$i":"minutes-until-long","$v":{"zero":"現在","one":"1 分鐘內","two":[{"t":"idOrVar","v":"value"}," 分鐘內"],"few":[{"t":"idOrVar","v":"value"}," 分鐘內"],"many":[{"t":"idOrVar","v":"value"}," 分鐘內"],"other":[{"t":"idOrVar","v":"value"}," 分鐘內"]},"$x":[{"t":"idOrVar","v":"plural"},"value"]},{"$i":"hours-until-long","$v":{"zero":"現在","one":"1 小時內","two":[{"t":"idOrVar","v":"value"}," 小時前"],"few":[{"t":"idOrVar","v":"value"}," 小時前"],"many":[{"t":"idOrVar","v":"value"}," 小時前"],"other":[{"t":"idOrVar","v":"value"}," 小時前"]},"$x":[{"t":"idOrVar","v":"plural"},"value"]},{"$i":"days-until-long","$v":{"zero":"今天","one":"明天","two":[{"t":"idOrVar","v":"value"}," 天內"],"few":[{"t":"idOrVar","v":"value"}," 天內"],"many":[{"t":"idOrVar","v":"value"}," 天內"],"other":[{"t":"idOrVar","v":"value"}," 天內"]},"$x":[{"t":"idOrVar","v":"plural"},"value"]},{"$i":"weeks-until-long","$v":{"zero":"本週","one":"下週","two":[{"t":"idOrVar","v":"value"}," 週內"],"few":[{"t":"idOrVar","v":"value"}," 週內"],"many":[{"t":"idOrVar","v":"value"}," 週內"],"other":[{"t":"idOrVar","v":"value"}," 週內"]},"$x":[{"t":"idOrVar","v":"plural"},"value"]},{"$i":"months-until-long","$v":{"zero":"本月","one":"下月","two":[{"t":"idOrVar","v":"value"}," 月內"],"few":[{"t":"idOrVar","v":"value"}," 月內"],"many":[{"t":"idOrVar","v":"value"}," 月內"],"other":[{"t":"idOrVar","v":"value"}," 月內"]},"$x":[{"t":"idOrVar","v":"plural"},"value"]},{"$i":"years-until-long","$v":{"zero":"今年","one":"明年","two":[{"t":"idOrVar","v":"value"}," 年內"],"few":[{"t":"idOrVar","v":"value"}," 年內"],"many":[{"t":"idOrVar","v":"value"}," 年內"],"other":[{"t":"idOrVar","v":"value"}," 年內"]},"$x":[{"t":"idOrVar","v":"plural"},"value"]},{"$i":"minutes-ago-short","$v":{"zero":"剛剛","other":[{"t":"idOrVar","v":"value"}," 分鐘前"]},"$x":[{"t":"idOrVar","v":"plural"},"value"]},{"$i":"hours-ago-short","$v":{"zero":"剛剛","other":[{"t":"idOrVar","v":"value"}," 小時前"]},"$x":[{"t":"idOrVar","v":"plural"},"value"]},{"$i":"days-ago-short","$v":{"zero":"今天","other":[{"t":"idOrVar","v":"value"}," 天前"]},"$x":[{"t":"idOrVar","v":"plural"},"value"]},{"$i":"minutes-until-short","$v":{"zero":"現在","other":[{"t":"idOrVar","v":"value"}," 分內"]},"$x":[{"t":"idOrVar","v":"plural"},"value"]},{"$i":"hours-until-short","$v":{"zero":"現在","other":[{"t":"idOrVar","v":"value"}," 時內"]},"$x":[{"t":"idOrVar","v":"plural"},"value"]},{"$i":"days-until-short","$v":{"zero":"今天","other":[{"t":"idOrVar","v":"value"}," 天內"]},"$x":[{"t":"idOrVar","v":"plural"},"value"]},{"$i":"dateTimeFormat_%c","$v":"%Y年%b%d日 %a %p %I:%M:%S"},{"$i":"dateTimeFormat_%x","$v":"%Y/%m/%d"},{"$i":"dateTimeFormat_%X","$v":"%p %I:%M:%S"},{"$i":"shortTimeFormat","$v":"%p %I:%M"},{"$i":"shortTimeFormat12","$v":"%p %I:%M"},{"$i":"shortTimeFormat24","$v":"%H:%M"},{"$i":"shortDateTimeFormat","$v":"%x %p %I:%M"},{"$i":"weekStartsOnMonday","$v":"1"},{"$i":"firstDayOfTheWeek","$v":"1"},{"$i":"time_am","$v":"上午"},{"$i":"time_pm","$v":"下午"},{"$i":"gaia-menu-cancel","$v":"取消"},{"$i":"gaia-sim-picker-dial-via-with-number","$v":["撥打 ",{"t":"idOrVar","v":"phoneNumber"}," 經由"]},{"$i":"gaia-sim-picker-select-sim","$v":"選擇 SIM"},{"$i":"gaia-sim-picker-button","$v":["SIM",{"t":"idOrVar","v":"n"}]},{"$i":"gaia-sim-picker-button-default","$v":"(預設)"}]