[{"$i":"brandShortName","$v":"B2G OS"},{"$i":"browserBrandShortName","$v":"Web Browser"},{"$i":"browserBrandFullName","$v":"Mozilla Web Browser"},{"$i":"ringtoneBrandName","$v":"Default"},{"$i":"ringtoneSectionBrandName","$v":"System"},{"$i":"africa","$v":"Африка"},{"$i":"america","$v":"Америка"},{"$i":"antarctica","$v":"Антарктида"},{"$i":"asia","$v":"Азия"},{"$i":"atlantic-ocean","$v":"Атлантически океан"},{"$i":"australia","$v":"Австралия"},{"$i":"europe","$v":"Европа"},{"$i":"indian-ocean","$v":"Индийски океан"},{"$i":"pacific-ocean","$v":"Тихи океан"},{"$i":"privacy-controls","$v":"Достъп до лични данни"},{"$i":"location-accuracy","$v":"Точност на местополож."},{"$i":"transparency-control","$v":"Прозрачност на правата"},{"$i":"privacy-protection","$v":"Отдалечена защита"},{"$i":"guided-tour","$v":"Пътеводител"},{"$i":"la-panel","$v":"Точност на местоположение"},{"$i":"geolocation","$v":"Местоположение"},{"$i":"location-adjustment","$v":"Корекция"},{"$i":"location-adjustment-info","$v":["Запомнете: Корекция на местоположението влияе върху местоположението, което ",{"t":"idOrVar","v":"brandShortName"}," дава на приложенията. Не влияе върху IP-адреса или езиковите ви настройки, така че някои услуги все пак биха могли да разберат къде се намирате."]},{"$i":"location-adjustment-description","$v":"Настройте основна точност на местоположението за всички приложения, определете фиксирано местоположение и добавете изключения за отделни приложения."},{"$i":"adjustment","$v":"Регулиране"},{"$i":"add-exceptions","$v":"Добавяне на изключения"},{"$i":"app-list-description","$v":"Това е списък с приложенията, на които е разрешено да използват местоположението ви."},{"$i":"type-user-defined","$v":"Потребителско"},{"$i":"blur-distance-km","$v":[{"t":"idOrVar","v":"value"}," km blur"]},{"$i":"blur-distance-m","$v":[{"t":"idOrVar","v":"value"}," m blur"]},{"$i":"type-precise","$v":"Точно"},{"$i":"type-no-location","$v":"Без местоположение"},{"$i":"attention","$v":"Внимание!"},{"$i":"ala-custom-location-alert","$v":"Не сте избрали друго местоположение. Моля, изберете преди да продължите с настройките!"},{"$i":"custom-location","$v":"Друго местоположение"},{"$i":"set-custom-location","$v":"Избиране на местополож."},{"$i":"set-location","$v":"Избор местоположение"},{"$i":"custom-location-description","$v":"Изберете друго местоположение, което ще бъде използвано като неподвижна позиция."},{"$i":"precise","$v":"Точно"},{"$i":"no-location","$v":"Без местоположение"},{"$i":"exceptions-application-description","$v":"Настройте нивото на точност на местоположение за приложение:"},{"$i":"custom-location-ala-10","$v":"Друго местоположение"},{"$i":"choose-a-region-city","$v":"По регион/град"},{"$i":"region","$v":"Регион"},{"$i":"city","$v":"Град"},{"$i":"enter-gps-coordinates","$v":"По координати"},{"$i":"enter-gps-description","$v":"Моля, въведете GPS координати за географска дължина от -180.0 до 180 и ширина от -90.0 до 90.0 градуса с точка за десетичен разделител."},{"$i":"latitude","$v":"Географска ширина"},{"$i":"longitude","$v":"Географска дължина"},{"$i":"global-settings","$v":"Общи настройки"},{"$i":"rp-panel","$v":"Отдалечена защита"},{"$i":"rp-new-password-description","$v":"Изберете парола, с която да защитите отдалечените функции (максимално 100 знака)."},{"$i":"new-passphrase","placeholder":"Нова парола"},{"$i":"confirm-new-passphrase","placeholder":"Потвърждаване"},{"$i":"rp-login-description","$v":"Моля, въведете паролата си."},{"$i":"rp-change-password","$v":"Забравена/смяна на парола?"},{"$i":"passphrase","placeholder":"Парола"},{"$i":"rp-change-password-description","$v":"За да смените паролата си, моля въведете парола за екран/SIM PIN и новата парола."},{"$i":"sim1","$v":"SIM 1"},{"$i":"sim2","$v":"SIM 2"},{"$i":"enter","placeholder":"Въведете код"},{"$i":"passphrase-wrong","$v":"Паролата е грешна!"},{"$i":"passphrase-empty","$v":"Паролата е празна!"},{"$i":"passphrase-too-long","$v":"Паролата е твърде дълга!"},{"$i":"passphrase-invalid","$v":"Не може да използвате специални символи!"},{"$i":"passphrase-different","$v":"Двете пароли трябва да съвпадат!"},{"$i":"pin-empty","$v":"Кодът е празен!"},{"$i":"pin-invalid","$v":"Грешен код!"},{"$i":"passcode-long","$v":"Кодът трябва да е 4 цифри!"},{"$i":"pin-different","$v":"Грешен код!"},{"$i":"sim-invalid","$v":"Грешен SIM PIN!"},{"$i":"pin-tries-left","$v":{"one":"Последен опит.","two":["остават ",{"t":"idOrVar","v":"n"}," опита."],"few":["остават ",{"t":"idOrVar","v":"n"}," опита."],"many":["остават ",{"t":"idOrVar","v":"n"}," опита."],"other":["остават ",{"t":"idOrVar","v":"n"}," опита."]},"$x":[{"t":"idOrVar","v":"plural"},"n"]},{"$i":"remote-locate","$v":"Отдалечено издирване"},{"$i":"remote-locate-description","$v":"Може да издирите това устройство чрез SMS така: RP locate ВАШАТАПАРОЛА"},{"$i":"remote-ring","$v":"Отдалечено звънене"},{"$i":"remote-ring-description","$v":"Може да накарате това устройство да звъни чрез SMS така: RP ring ВАШАТАПАРОЛА"},{"$i":"remote-lock","$v":"Отдалечено заключване"},{"$i":"remote-lock-description","$v":"Може да заключите това устройство чрез SMS така: RP lock ВАШАТАПАРОЛА"},{"$i":"rp-lockscreen-alert","$v":"Моля, настройте заключване на екрана с код в настройките, за да ползвате Отдалечена защита."},{"$i":"take-me-there","$v":"Натам"},{"$i":"lock-screen","$v":"Заключване на екрана"},{"$i":"screen-lock-header","$v":"Заключване на екрана"},{"$i":"passcode-lock","$v":"Заключване с парола"},{"$i":"require-passcode","$v":"Питане за парола"},{"$i":"immediately","$v":"веднага"},{"$i":"after-one-minute","$v":"след 1 минута"},{"$i":"after-five-minutes","$v":"след 5 минути"},{"$i":"after-fifteen-minutes","$v":"след 15 минути"},{"$i":"after-thirty-minutes","$v":"след 30 минути"},{"$i":"after-one-hour","$v":"след 1 час"},{"$i":"change-passcode","$v":"Смяна на парола"},{"$i":"change","$v":"Промяна"},{"$i":"create","$v":"Създаване"},{"$i":"passcode-heading","$v":"Парола"},{"$i":"current-passcode","$v":"Текуща парола"},{"$i":"new-passcode","$v":"Нова парола"},{"$i":"enter-passcode","$v":"Въведете паролата"},{"$i":"create-a-passcode","$v":"Създаване на парола"},{"$i":"passcode","$v":"Парола"},{"$i":"confirm-passcode","$v":"Потвърждение на паролата"},{"$i":"incorrect-passcode","$v":"Паролата е грешна"},{"$i":"passcode-doesnt-match","$v":"Паролите са различни. Моля, опитайте отново."},{"$i":"tc-panel","$v":"Прозрачност на правата"},{"$i":"tc-applications","$v":"Приложения"},{"$i":"tc-permissions","$v":"Права"},{"$i":"tc-sort-alphabetical","$v":"азбучно"},{"$i":"tc-sort-trustLevel","$v":"ниво на доверие"},{"$i":"tc-sort-vendor","$v":"производител"},{"$i":"tc-search-apps","placeholder":"Търсене"},{"$i":"tc-search-close","$v":"затваряне"},{"$i":"tc-search-clear","$v":"изчистване"},{"$i":"tc-trust-certified","$v":"Вградени приложения"},{"$i":"tc-trust-privileged","$v":"Привилегировани приложения"},{"$i":"tc-trust-web","$v":"Web-приложения"},{"$i":"tc-explicit-permissions","$v":"Права"},{"$i":"tc-implicit-permissions","$v":"Неявни права"},{"$i":"tc-explicit-prompt","$v":"Питане"},{"$i":"tc-explicit-deny","$v":"Отказ"},{"$i":"tc-explicit-allow","$v":"Разрешаване"},{"$i":"tc-apps-accessing-permission","$v":"Приложения с достъп"},{"$i":"gt-main-pc-header","$v":"Добре дошли в Достъп до лични данни!"},{"$i":"gt-main-desc","$v":"Това приложение ще ви помогне да повишите защитата на личните си данни, помагайки ви да заключите или намерите изгубен телефон. Четете внимателно. Ще отнеме само 2 минути!"},{"$i":"gt-ala-explain-header","$v":"За какво служи Корекция на местоположението?"},{"$i":"gt-ala-explain-desc","$v":"Много приложения имат достъп до местоположението ви, каквито са списъкът с контакти или камерата. Ако не искате да разкривате точното си местоположение можете да настроите точността, с която приложенията да го получават, да изберете друго или да го скриете напълно."},{"$i":"gt-ala-blur-header","$v":"Как да настроя Корекция на местоположението?"},{"$i":"gt-ala-blur-desc","$v":"Не всяко приложение има нужда от точно местоположение, за да работи правилно. Вместо да споделяте координатите си може да замъглите, например, 50 км. около вас. Така приложението за времето ще работи без да има точна информация къде се намирате. Запомнете: Корекция на местоположението не може да ви скрие напълно!"},{"$i":"gt-ala-custom-header","$v":"Какво е Друго местоположение?"},{"$i":"gt-ala-custom-desc","$v":"Избирайки друго местоположение можете да скриете истинското си местоположение, заменяйки го с друго по света. Вие избирате къде да сте!"},{"$i":"gt-ala-exceptions-header","$v":"Какво е местоположение за приложение?"},{"$i":"gt-ala-exceptions-desc","$v":"Тук ще намерите списък на приложенията, които имат достъп до местоположението ви. Може да правите настройки, за всяко приложение поотделно. Тези настройки са с предимство пред глобалните за това приложение."},{"$i":"gt-rp-explain-header","$v":"Отдалечена защита? Какво е това?"},{"$i":"gt-rp-explain-desc","$v":"Ако телефонът ви е откраднат или изгубен можете да използвате Отдалечена защита. От друг телефон можете да го издирите, накарате да звъни или дори да го заключите отдалеч. Първо трябва да настроите лична парола и да включите функцията, която искате да ползвате (издирване, звънене и заключване)."},{"$i":"gt-rp-passphrase-header","$v":"Как да създам лична парола?"},{"$i":"gt-rp-passphrase-desc","$v":"Докоснете „Отдалечена защита“ и изберете парола, за да защитите отдалечените фунцкии. Ако сте забравили паролата си може да я махнете, използвайки своя SIM PIN или парола за заключване на екрана."},{"$i":"gt-rp-locate-header","$v":"Как да издирвам телефона си?"},{"$i":"gt-rp-locate-desc1","$v":"Ако сте изгубили телефона си просто вземете телефон от приятел и изпратете SMS с текст"},{"$i":"gt-rp-locate-command","$v":"RP locate ВАШАТАПАРОЛА"},{"$i":"gt-rp-locate-desc2","$v":"на вашия номер и ще получите точните GPS координати. Убедете се, че сте създали парола!"},{"$i":"gt-rp-ring-header","$v":"Как да накарам телефона си да звъни?"},{"$i":"gt-rp-ring-desc1","$v":"Лесно е! Просто изпратете SMS с текст"},{"$i":"gt-rp-ring-command","$v":"RP ring ВАШАТАПАРОЛА"},{"$i":"gt-rp-ring-desc2","$v":"на вашия номер и той ще звъни докато не го намерите и отключите."},{"$i":"gt-rp-lock-header","$v":"Как да заключа телефона си?"},{"$i":"gt-rp-lock-desc1","$v":"Ако сте изгубили телефона си и искате да го заключите отдалеч просто изпратете SMS с текст"},{"$i":"gt-rp-lock-command","$v":"RP lock ВАШАТАПАРОЛА"},{"$i":"gt-rp-lock-desc2","$v":"на вашия номер. Телефонът ще се заключи и само вие ще можете да го отключите с паролата за заключване на екрана."},{"$i":"get-started","$v":"Да започваме!"},{"$i":"finish-tour","$v":"Край"},{"$i":"ok","$v":"Добре"},{"$i":"back","$v":"Назад"},{"$i":"next","$v":"Напред"},{"$i":"sms-ring","$v":"Устройството ви би трябвало да е заключено и да звъни. Можете да го отключите с паролата си."},{"$i":"sms-lock","$v":"Устройството ви беше заключено. Можете да го отключите с паролата си."},{"$i":"sms-locate","$v":["Координатите на устройството ви са @",{"t":"idOrVar","v":"latitude"},",",{"t":"idOrVar","v":"longitude"}," и то е заключено. Може да го отключите с паролата си."]},{"$i":"about-privacy-controls","$v":"Относно Достъп до лични данни"},{"$i":"version","$v":"Версия"},{"$i":"build-id","$v":"Build-ID"},{"$i":"about-pc-header","$v":"Относно Достъп до лични данни"},{"$i":"about-pc-desc","$v":"Фондация Mozilla заедно с Deutsche Telekom разработиха Достъп до лични данни, за да позволят на потребителя да поеме контрол над личните си данни"},{"$i":"perm-alarms-description","$v":"Настройва пускане на известие или приложениие."},{"$i":"perm-audio-capture-description","$v":"Има достъп до устройствата за аудио въвеждане, например микрофон."},{"$i":"perm-audio-channel-alarm-description","$v":"Издава звуци на будилник и календар."},{"$i":"perm-audio-channel-content-description","$v":"Възпроизвежда музика и видеозаписи."},{"$i":"perm-audio-channel-normal-description","$v":"Издава звуци на интерфейса, Интернет съдържание, музика и радио."},{"$i":"perm-audio-channel-notification-description","$v":"Издава звуци на известия."},{"$i":"perm-browser-description","$v":"Позволява на приложението да вгражда браузър в рамка."},{"$i":"perm-camera-description","$v":"Прави снимки и видеозаписи, записва звуци и управлява камерата."},{"$i":"perm-contacts-description","$v":"Добавя, чете или променя контакти от адресната книга на устройството и чете контакти от SIM."},{"$i":"perm-contacts-readonly-description","$v":"Чете контакти от адресната книга на устройството и чете контакти от SIM."},{"$i":"perm-contacts-readwrite-description","$v":"Чете или променя контакти от адресната книга на устройството и чете контакти от SIM."},{"$i":"perm-contacts-readcreate-description","$v":"Добавя, чете или променя контакти от адресната книга на устройството и чете контакти от SIM."},{"$i":"perm-contacts-createonly-description","$v":"Добавя контакти към адресната книга на устройството."},{"$i":"perm-desktop-notification-description","$v":"Показва известие на устройството."},{"$i":"perm-device-storage-music-description","$v":"Добавя, чете или променя музикални файлове съхранени на устройството."},{"$i":"perm-device-storage-music-readonly-description","$v":"Чете музикални файлове съхранени на устройството."},{"$i":"perm-device-storage-music-readwrite-description","$v":"Чете или променя музикални файлове съхранени на устройството."},{"$i":"perm-device-storage-music-readcreate-description","$v":"Добавя, чете или променя музикални файлове съхранени на устройството."},{"$i":"perm-device-storage-music-createonly-description","$v":"Създава музикални файлове на устройството."},{"$i":"perm-device-storage-pictures-description","$v":"Добавя, чете или променя снимки съхранени на устройството."},{"$i":"perm-device-storage-pictures-readonly-description","$v":"Чете или променя снимки съхранени на устройството."},{"$i":"perm-device-storage-pictures-readwrite-description","$v":"Чете или променя снимки съхранени на устройството."},{"$i":"perm-device-storage-pictures-readcreate-description","$v":"Добавя, чете или променя снимки съхранени на устройството."},{"$i":"perm-device-storage-pictures-createonly-description","$v":"Създава снимки на устройството."},{"$i":"perm-device-storage-sdcard-description","$v":"Добавя, чете или променя файлове съхранени на SD картата на устройството."},{"$i":"perm-device-storage-sdcard-readonly-description","$v":"Чете файлове съхранени на SD картата на устройството."},{"$i":"perm-device-storage-sdcard-readwrite-description","$v":"Чете или променя файлове съхранени на SD картата на устройството."},{"$i":"perm-device-storage-sdcard-readcreate-description","$v":"Добавя, чете или променя файлове съхранени на SD картата на устройството."},{"$i":"perm-device-storage-sdcard-createonly-description","$v":"Създава файлове на SD картата на устройството."},{"$i":"perm-device-storage-videos-description","$v":"Добавя, чете или променя видеозаписи съхранени на устройството."},{"$i":"perm-device-storage-videos-readonly-description","$v":"Чете видеозаписи съхранени на устройството."},{"$i":"perm-device-storage-videos-readwrite-description","$v":"Чете или променя видеозаписи съхранени на устройството."},{"$i":"perm-device-storage-videos-readcreate-description","$v":"Добавя, чете или променя видеозаписи съхранени на устройството."},{"$i":"perm-device-storage-videos-createonly-description","$v":"Създава видеозаписи на устройството."},{"$i":"perm-fmradio-description","$v":"Управлява FM радиото."},{"$i":"perm-geolocation-description","$v":"Получава текущото местоположение на потребителя."},{"$i":"perm-input-description","$v":"Разрешава на приложение да се държи като виртуална клавиатура, слушайки за събития за промяна на фокуса в други приложения."},{"$i":"perm-mobilenetwork-description","$v":"Получава информация за мобилната мрежа (MCC, MNC, и т.н.)."},{"$i":"perm-push-description","$v":"Позволява на приложение да се събуди, за да получи известие."},{"$i":"perm-storage-description","$v":"Управлява памет за данни без ограничение на размера."},{"$i":"perm-systemXHR-description","$v":"Разрешаване на анонимен cross-origin XHR без целевата страница да има включен CORS."},{"$i":"perm-tcp-socket-description","$v":"Създава TCP-сокети и комуникира през тях."},{"$i":"perm-video-capture-description","$v":"Има достъп до устройствата за видео въвеждане, например камера."},{"$i":"perm-attention-description","$v":"Разрешава съдържанието да отваря прозорец покриващ останалото съдържание."},{"$i":"perm-audio-channel-ringer-description","$v":"Издава звуци при входящи обаждания."},{"$i":"perm-audio-channel-telephony-description","$v":"Издава звуци на обаждания и VoIP-обаждания."},{"$i":"perm-audio-channel-publicnotification-description","$v":"Издава звуци на общи известия."},{"$i":"perm-background-sensors-description","$v":"Във фонов режим слуша за събития от сензора за близост."},{"$i":"perm-backgroundservice-description","$v":"Позволява на приложение да работи във фонов режим."},{"$i":"perm-bluetooth-description","$v":"Достъп на ниско ниво до Bluetooth устройството."},{"$i":"perm-cellbroadcast-description","$v":"Задейства събитие, при получаването на определен тип мрежово съобщение (спешно мрежово известие)."},{"$i":"perm-device-storage-apps-description","$v":"Добавя, чете или променя файлове запазени, където се намират приложенията на устройството."},{"$i":"perm-device-storage-apps-readonly-description","$v":"Чете файлове запазени, където се намират приложенията на устройството."},{"$i":"perm-device-storage-apps-readwrite-description","$v":"Чете или променя файлове запазени, където се намират приложенията на устройството."},{"$i":"perm-device-storage-apps-readcreate-description","$v":"Добавя, чете или променя файлове запазени, където се намират приложенията на устройството."},{"$i":"perm-device-storage-apps-createonly-description","$v":"Създава файлове, където се намират приложенията на устройството."},{"$i":"perm-embed-apps-description","$v":"Има способност да вгражда приложения в mozApp-рамки."},{"$i":"perm-idle-description","$v":"Уведомява приложението, когато потребителят не прави нищо."},{"$i":"perm-mobileconnection-description","$v":"Получава информация за текущата мобилна връзка за глас и данни."},{"$i":"perm-network-events-description","$v":"Наблюдава изтеглянията и качванията по мрежата."},{"$i":"perm-networkstats-manage-description","$v":"Получава статистика за трафика по тип."},{"$i":"perm-open-remote-window-description","$v":"Отваря прозорци в нов процес."},{"$i":"perm-permissions-description","$v":"Разрешава на приложение да управлява правата на други приложения."},{"$i":"perm-power-description","$v":"Включва и изключва екрана, управлява CPU, захранването на устройството и т.н."},{"$i":"perm-settings-description","$v":"Прави или чете настройки на устройството."},{"$i":"perm-settings-readonly-description","$v":"Чете настройки на устройството."},{"$i":"perm-settings-readwrite-description","$v":"Чете или променя настройки на устройството."},{"$i":"perm-settings-readcreate-description","$v":"Прави, чете или променя настройки на устройството."},{"$i":"perm-settings-createonly-description","$v":"Прави настройки на устройството."},{"$i":"perm-sms-description","$v":"Изпраща и получава SMS."},{"$i":"perm-telephony-description","$v":"Има достъп до всички API-та свързани с телефонията, за да прави и получава телефонни обаждания."},{"$i":"perm-time-description","$v":"Сверява времето."},{"$i":"perm-voicemail-description","$v":"Има достъп до гласова поща."},{"$i":"perm-webapps-manage-description","$v":"Управлява инсталираните Open Web-приложения."},{"$i":"perm-wifi-manage-description","$v":"Изброява достъпните Wi-Fi мрежи, получава силата им на сигнал, свързва се към мрежа."},{"$i":"perm-wappush-description","$v":"Получава WAP Push съобщения."},{"$i":"title-app","$v":"Права на приложения"},{"$i":"title-web","$v":"Права на страници"},{"$i":"title-cam","$v":"Избиране на камера"},{"$i":"perm-alarms","$v":"Настройване на аларма"},{"$i":"perm-audio-capture","$v":"Микрофон"},{"$i":"perm-audio-capture-appRequest","$v":["Искате ли споделите микрофона си с ",{"t":"idOrVar","v":"app"},"?"]},{"$i":"perm-audio-capture-webRequest","$v":["Искате ли споделите микрофона си с ",{"t":"idOrVar","v":"site"},"?"]},{"$i":"perm-audio-channel-content","$v":"Издава звуци"},{"$i":"perm-audio-channel-notification","$v":"Издава звуци на известия"},{"$i":"perm-audio-channel-ringer","$v":"Издава звуци на звънене"},{"$i":"perm-background-sensors","$v":"Достъп до сензорни данни"},{"$i":"perm-bluetooth","$v":"Bluetooth"},{"$i":"perm-browser","$v":"Изследване на уебстраници"},{"$i":"perm-camera","$v":"Камери"},{"$i":"perm-camera-selector-appRequest","$v":["Избиране на камера за ",{"t":"idOrVar","v":"app"},"."]},{"$i":"perm-camera-selector-webRequest","$v":["Избиране на камера за ",{"t":"idOrVar","v":"site"},"."]},{"$i":"perm-cellbroadcast","$v":"Масови мобилни съобщения"},{"$i":"perm-contacts","$v":"Контакти"},{"$i":"perm-contacts-appRequest","$v":[{"t":"idOrVar","v":"app"}," иска достъп до списъкa с контакти."]},{"$i":"perm-contacts-webRequest","$v":[{"t":"idOrVar","v":"site"}," иска да има достъп до списъкът с контакти."]},{"$i":"perm-desktop-notification","$v":"Известия"},{"$i":"perm-desktop-notification-appRequest","$v":[{"t":"idOrVar","v":"app"}," иска да показва известия."]},{"$i":"perm-desktop-notification-webRequest","$v":[{"t":"idOrVar","v":"site"}," иска да показва известия."]},{"$i":"perm-device-storage-apps","$v":"Памет за приложения"},{"$i":"perm-device-storage-music","$v":"Запазва музика"},{"$i":"perm-device-storage-music-appRequest","$v":[{"t":"idOrVar","v":"app"}," иска достъп до музиката ви."]},{"$i":"perm-device-storage-music-webRequest","$v":[{"t":"idOrVar","v":"site"}," иска да има достъп до музиката ви."]},{"$i":"perm-device-storage-pictures","$v":"Запазва изображения"},{"$i":"perm-device-storage-pictures-appRequest","$v":[{"t":"idOrVar","v":"app"}," иска достъп до изображенията ви."]},{"$i":"perm-device-storage-pictures-webRequest","$v":[{"t":"idOrVar","v":"site"}," иска да има достъп до изображенията ви."]},{"$i":"perm-device-storage-sdcard","$v":"Запазва в/у карта за памет"},{"$i":"perm-device-storage-sdcard-appRequest","$v":[{"t":"idOrVar","v":"app"}," иска достъп до картата за памет."]},{"$i":"perm-device-storage-sdcard-webRequest","$v":[{"t":"idOrVar","v":"site"}," иска достъп до картата за памет."]},{"$i":"perm-device-storage-videos","$v":"Прави видеозаписи"},{"$i":"perm-device-storage-videos-appRequest","$v":[{"t":"idOrVar","v":"app"}," иска достъп до видеозаписите."]},{"$i":"perm-device-storage-videos-webRequest","$v":[{"t":"idOrVar","v":"site"}," иска достъп до видеозаписите."]},{"$i":"perm-embed-apps","$v":"Вграждане на приложения"},{"$i":"perm-fmradio","$v":"FM радио"},{"$i":"perm-fmradio-appRequest","$v":[{"t":"idOrVar","v":"app"}," иска достъп до FM радиото."]},{"$i":"perm-fmradio-webRequest","$v":[{"t":"idOrVar","v":"site"}," иска да има достъп до FM радиото."]},{"$i":"perm-geolocation","$v":"Местоположение"},{"$i":"perm-geolocation-appRequest","$v":[{"t":"idOrVar","v":"app"}," иска достъп до местоположението ви."]},{"$i":"perm-geolocation-more-info","$v":[{"t":"idOrVar","v":"brandShortName"}," използва данни като GPS, Wi-Fi и близки мобилни мрежи, за да определи приблизително местоположението Ви. Изпращат се общо данни на Mozilla и други доставчици на услуги, които ще бъдат използвани за подобряване на тези бази. Данни може да бъдат запазени на вашето устройство, а също така събиране на данни може да бъде осъществено дори, когато не са пуснати приложения."]},{"$i":"perm-geolocation-webRequest","$v":[{"t":"idOrVar","v":"site"}," иска достъп до местоположението ви."]},{"$i":"perm-idle","$v":"Вижда изчакващо състояние"},{"$i":"perm-indexedDB-chrome-settings","$v":"Привилегирован IndexedDB"},{"$i":"perm-indexedDB-unlimited","$v":"Неограничена памет IndexedDB"},{"$i":"perm-input-manage","$v":"Управление на клавиатури"},{"$i":"perm-input","$v":"Действане като клавиатура"},{"$i":"perm-media-capture","$v":"Камера и микрофон"},{"$i":"perm-media-capture-appRequest","$v":["Искате ли споделите камерата и микрофона си с ",{"t":"idOrVar","v":"app"},"?"]},{"$i":"perm-media-capture-webRequest","$v":["Искате ли споделите камерата и микрофона си с ",{"t":"idOrVar","v":"site"},"?"]},{"$i":"perm-mobileconnection","$v":"Мобилна връзка"},{"$i":"perm-mobileid","$v":"Мобилна идентичност"},{"$i":"perm-network-events","$v":"Мрежови събития"},{"$i":"perm-open-remote-window","$v":"Пускане на приложение"},{"$i":"perm-permissions","$v":"Променя права на прилож."},{"$i":"perm-power","$v":"Настройки на захранването"},{"$i":"perm-settings","$v":"Промяна на настройки"},{"$i":"perm-systemXHR","$v":"Заявки Cross-Origin"},{"$i":"perm-telephony","$v":"Телефония"},{"$i":"perm-video-capture","$v":"Камера"},{"$i":"perm-video-capture-appRequest","$v":["Искате ли споделите камерата си с ",{"t":"idOrVar","v":"app"},"?"]},{"$i":"perm-video-capture-webRequest","$v":["Искате ли споделите камерата си с ",{"t":"idOrVar","v":"site"},"?"]},{"$i":"perm-voicemail","$v":"Управлява гласова поща"},{"$i":"perm-webapps-manage","$v":"Инсталира приложения"},{"$i":"perm-wifi-manage","$v":"Управлява Wi-Fi"},{"$i":"perm-attention","$v":"Покриващи прозорци"},{"$i":"perm-audio-channel-alarm","$v":"Издава звуци на будилник"},{"$i":"perm-audio-channel-normal","$v":"Издава звуци"},{"$i":"perm-audio-channel-publicnotification","$v":"Издава общ звук на известия"},{"$i":"perm-audio-channel-telephony","$v":"Издава звуци на телефония"},{"$i":"perm-backgroundservice","$v":"Действа като фонова услуга"},{"$i":"perm-device-storage-crashes","$v":"Памет за данни за сривове"},{"$i":"perm-downloads","$v":"Достъп до изтеглянията"},{"$i":"perm-embed-widgets","$v":"Вграждане на джаджи"},{"$i":"perm-feature-detection","$v":"Разпознаване на възможности"},{"$i":"perm-firefox-accounts","$v":"Firefox регистрация"},{"$i":"perm-mobilenetwork","$v":"Мобилна мрежа"},{"$i":"perm-moz-attention","$v":"Покриващи прозорци (moz)"},{"$i":"perm-moz-audio-channel-ringer","$v":"Издава звуци на звънене (moz)"},{"$i":"perm-moz-audio-channel-telephony","$v":"Издава звуци на телефония (moz)"},{"$i":"perm-moz-firefox-accounts","$v":"Firefox регистрация (moz)"},{"$i":"perm-networkstats-manage","$v":"Управлява стат. на трафик"},{"$i":"perm-nfc","$v":"NFC"},{"$i":"perm-nfc-hci-events","$v":"Събития HCI на NFC"},{"$i":"perm-nfc-manager","$v":"Управява NFC"},{"$i":"perm-phonenumberservice","$v":"Услуги телефонни номера"},{"$i":"perm-push","$v":"Push API"},{"$i":"perm-resourcestats-manage","$v":"Статистика на ресурсите"},{"$i":"perm-sms","$v":"Изпраща и чете SMS"},{"$i":"perm-speaker-control","$v":"Управлява сила на звука"},{"$i":"perm-storage","$v":"Достъп до памет"},{"$i":"perm-tcp-socket","$v":"TCP сокети"},{"$i":"perm-test-permission","$v":"Права за тестване"},{"$i":"perm-time","$v":"Промяна на дата и час"},{"$i":"perm-udp-socket","$v":"UDP сокети"},{"$i":"perm-wappush","$v":"WAP Push"}]