[{"$i":"brandShortName","$v":"B2G OS"},{"$i":"browserBrandShortName","$v":"Web Browser"},{"$i":"browserBrandFullName","$v":"Mozilla Web Browser"},{"$i":"ringtoneBrandName","$v":"Default"},{"$i":"ringtoneSectionBrandName","$v":"System"},{"$i":"africa","$v":"Afrika"},{"$i":"america","$v":"Amerika"},{"$i":"antarctica","$v":"Antarktika"},{"$i":"asia","$v":"Asien"},{"$i":"atlantic-ocean","$v":"Atlanterhavet"},{"$i":"australia","$v":"Australien"},{"$i":"europe","$v":"Europa"},{"$i":"indian-ocean","$v":"Det Indiske Ocean"},{"$i":"pacific-ocean","$v":"Stillehavet"},{"$i":"privacy-controls","$v":"Privatlivsindstillinger"},{"$i":"location-accuracy","$v":"Positionsnøjagtighed"},{"$i":"transparency-control","$v":"App-tilladelser"},{"$i":"privacy-protection","$v":"Fjernbeskyttelse"},{"$i":"guided-tour","$v":"Guided tur"},{"$i":"la-panel","$v":"Positionsnøjagtighed"},{"$i":"geolocation","$v":"Geolocation"},{"$i":"location-adjustment","$v":"Positionsjustering"},{"$i":"location-adjustment-info","$v":["Husk: Positionsjustering påvirker positionen ",{"t":"idOrVar","v":"brandShortName"}," giver til apps. Den påvirker ikke din IP-adresse eller sprogindstillinger, så nogle tjenester kan måske stadig lokalisere dig."]},{"$i":"location-adjustment-description","$v":"Justér de globale indstillinger for, hvor nøjagtigt apps kan få oplyst din position; angiv og brug en bestemt position og tilføj undtagelser for enkelte apps."},{"$i":"adjustment","$v":"Justering"},{"$i":"add-exceptions","$v":"Tilføj undtagelser"},{"$i":"app-list-description","$v":"Denne liste viser alle de apps, der har tilladelse til at bruge din position."},{"$i":"type-user-defined","$v":"Brugerdefineret"},{"$i":"blur-distance-km","$v":[{"t":"idOrVar","v":"value"}," km blur"]},{"$i":"blur-distance-m","$v":[{"t":"idOrVar","v":"value"}," m blur"]},{"$i":"type-precise","$v":"Præcis"},{"$i":"type-no-location","$v":"Ingen position"},{"$i":"attention","$v":"OBS!"},{"$i":"ala-custom-location-alert","$v":"Du har ikke angivet en brugervalgt position endnu. Angiv den inden du arbejder på andre indstillinger!"},{"$i":"custom-location","$v":"Brugervalgt position"},{"$i":"set-custom-location","$v":"Angiv brugervalgt position"},{"$i":"set-location","$v":"Angiv position"},{"$i":"custom-location-description","$v":"Angiv en brugervalgt position, der bruges som en fast position."},{"$i":"precise","$v":"Præcis"},{"$i":"no-location","$v":"Ingen position"},{"$i":"exceptions-application-description","$v":"Justér nøjagtigheden af positionsangivelse for denne app:"},{"$i":"custom-location-ala-10","$v":"Brugervalgt position"},{"$i":"choose-a-region-city","$v":"Vælg område/by"},{"$i":"region","$v":"Område"},{"$i":"city","$v":"By"},{"$i":"enter-gps-coordinates","$v":"Indtast GPS-koordinater"},{"$i":"enter-gps-description","$v":"Indtast GPS-koordinaterne til længdegrad fra -180.0 til 180, og breddegrad fra -90.0 til 90.0 grader. Brug et punktum til at separere hele grader fra lavere værdier."},{"$i":"latitude","$v":"Breddegrad"},{"$i":"longitude","$v":"Længdegrad"},{"$i":"global-settings","$v":"Globale indstillinger"},{"$i":"rp-panel","$v":"Fjernbeskyttelse"},{"$i":"rp-new-password-description","$v":"Vælg et adgangsudtryk for at sikre dine fjern-funktioner (maksimum 100 tegn)."},{"$i":"new-passphrase","placeholder":"Nyt adgangsudtryk"},{"$i":"confirm-new-passphrase","placeholder":"Bekræft nyt adgangsudtryk"},{"$i":"rp-login-description","$v":"Indtast dit adgangsudtryk."},{"$i":"rp-change-password","$v":"Glemt/Skift dit adgangsudtryk?"},{"$i":"passphrase","placeholder":"Adgangsudtryk"},{"$i":"rp-change-password-description","$v":"For at nulstille adgangsudtryk, indtast kodelås/pinkode til simkort og nyt adgangsudtryk."},{"$i":"sim1","$v":"Simkort 1"},{"$i":"sim2","$v":"Simkort 2"},{"$i":"enter","placeholder":"Indtast kode"},{"$i":"passphrase-wrong","$v":"Adgangsudtrykket er forkert!"},{"$i":"passphrase-empty","$v":"Adgangsudtrykket er tomt!"},{"$i":"passphrase-too-long","$v":"Adgangsudtrykket er for langt!"},{"$i":"passphrase-invalid","$v":"Du kan ikke bruge specialtegn!"},{"$i":"passphrase-different","$v":"Bekræftelsen skal matche adgangsudtrykket!"},{"$i":"pin-empty","$v":"Kodelås er tom!"},{"$i":"pin-invalid","$v":"Forkert kodelås!"},{"$i":"passcode-long","$v":"Adgangskoden skal være 4 cifre!"},{"$i":"pin-different","$v":"Forkert kodelås!"},{"$i":"sim-invalid","$v":"Forkert pinkode til simkort!"},{"$i":"pin-tries-left","$v":{"one":"Sidste forsøg.","two":[{"t":"idOrVar","v":"n"}," forsøg tilbage."],"few":[{"t":"idOrVar","v":"n"}," forsøg tilbage."],"many":[{"t":"idOrVar","v":"n"}," forsøg tilbage."],"other":[{"t":"idOrVar","v":"n"}," forsøg tilbage."]},"$x":[{"t":"idOrVar","v":"plural"},"n"]},{"$i":"remote-locate","$v":"Lokalisér med fjernstyring"},{"$i":"remote-locate-description","$v":"Du kan lokalisere denne enhed via en SMS-besked med følgende ordre: RP locate ADGANGSUDTRYK"},{"$i":"remote-ring","$v":"Ring med fjernstyring"},{"$i":"remote-ring-description","$v":"Du kan ringe til denne enhed via en SMS-besked med følgende ordre: RP ring ADGANGSUDTRYK"},{"$i":"remote-lock","$v":"Lås med fjernstyring"},{"$i":"remote-lock-description","$v":"Du kan låse denne enhed via en SMS-besked med følgende ordre: RP lock ADGANGSUDTRYK"},{"$i":"rp-lockscreen-alert","$v":"Aktivér låseskærm OG adgangskode i systemindstillingerne for at bruge fjernbeskyttelse."},{"$i":"take-me-there","$v":"Før mig derhen"},{"$i":"lock-screen","$v":"Skærmlås"},{"$i":"screen-lock-header","$v":"Skærmlås"},{"$i":"passcode-lock","$v":"Kodelås"},{"$i":"require-passcode","$v":"Kræv adgangskode"},{"$i":"immediately","$v":"Med det samme"},{"$i":"after-one-minute","$v":"Efter 1 minut"},{"$i":"after-five-minutes","$v":"Efter 5 minutter"},{"$i":"after-fifteen-minutes","$v":"Efter 15 minutter"},{"$i":"after-thirty-minutes","$v":"Efter 30 minutter"},{"$i":"after-one-hour","$v":"Efter 1 time"},{"$i":"change-passcode","$v":"Skift adgangskode"},{"$i":"change","$v":"Skift"},{"$i":"create","$v":"Opret"},{"$i":"passcode-heading","$v":"Adgangskode"},{"$i":"current-passcode","$v":"Nuværende adgangskode"},{"$i":"new-passcode","$v":"Ny adgangskode"},{"$i":"enter-passcode","$v":"Indtast adgangskode"},{"$i":"create-a-passcode","$v":"Opret en adgangskode"},{"$i":"passcode","$v":"Adgangskode"},{"$i":"confirm-passcode","$v":"Bekræft adgangskoden"},{"$i":"incorrect-passcode","$v":"Adgangskoden er forkert"},{"$i":"passcode-doesnt-match","$v":"Adgangskoderne er ikke ens. Prøv igen."},{"$i":"tc-panel","$v":"App-tilladelser"},{"$i":"tc-applications","$v":"Apps"},{"$i":"tc-permissions","$v":"Tilladelser"},{"$i":"tc-sort-alphabetical","$v":"Alfabetisk"},{"$i":"tc-sort-trustLevel","$v":"Tillidsniveau"},{"$i":"tc-sort-vendor","$v":"Leverandør"},{"$i":"tc-search-apps","placeholder":"Søg efter apps"},{"$i":"tc-search-close","$v":"luk"},{"$i":"tc-search-clear","$v":"ryd"},{"$i":"tc-trust-certified","$v":"Interne apps"},{"$i":"tc-trust-privileged","$v":"Priviligerede apps"},{"$i":"tc-trust-web","$v":"Webapps"},{"$i":"tc-explicit-permissions","$v":"Tilladelser"},{"$i":"tc-implicit-permissions","$v":"Nedarvede tilladelser"},{"$i":"tc-explicit-prompt","$v":"Spørg"},{"$i":"tc-explicit-deny","$v":"Afvis"},{"$i":"tc-explicit-allow","$v":"Tillad"},{"$i":"tc-apps-accessing-permission","$v":"Apps der benytter denne tilladelse"},{"$i":"gt-main-pc-header","$v":"Velkommen til privatlivsindstillingerne!"},{"$i":"gt-main-desc","$v":"Denne app vil hjælpe dig med at forbedre beskyttelsen af dit privatliv, og give dig mulighed for, at låse eller finde din telefon, hvis du har mistet den. Undersøg den nærmere. Det tager kun 2 minutter!"},{"$i":"gt-ala-explain-header","$v":"Hvad bruges positionsjustering til?"},{"$i":"gt-ala-explain-desc","$v":"Mange apps vil have adgang til din position, fx en app til at finde vej eller en vejr-app. Hvis du ikke vil afsløre din nøjagtige position, kan du justere nøgagtigheden på den position, som oplyses til dine apps; du kan angive en fast position; eller du kan helt skjule din position."},{"$i":"gt-ala-blur-header","$v":"Sådan slører du din position."},{"$i":"gt-ala-blur-desc","$v":"Ikke alle apps har brug for at kende din nøjagtige position for at fungere korrekt. I stedet for at dele de nøjagtige koordinater, kan du vælge at sløre din position, fx til 50 km væk fra din reelle position. På den måde vil en vejr-app stadig virke - uden at den kender din nøjagtige position. Husk: Sløring af din position vil ikke skjule dig helt."},{"$i":"gt-ala-custom-header","$v":"Hvad er brugervalgt position?"},{"$i":"gt-ala-custom-desc","$v":"Med brugervalgt position kan du skjule din reelle positon for dine apps og i stedet angive en position et andet sted i verden. Du vælger selv, hvor i verden dine apps skal tro, at du er."},{"$i":"gt-ala-exceptions-header","$v":"Hvad er position pr. app?"},{"$i":"gt-ala-exceptions-desc","$v":"Du får her en oversigt over alle apps, der har adgang til din position. Du kan justere indstillingerne for hver app for sig. Dine valg her overskriver det globale valg for oplysning om position."},{"$i":"gt-rp-explain-header","$v":"Fjernbeskyttelse? Hvad er det?"},{"$i":"gt-rp-explain-desc","$v":"Hvis du mister din telefon eller den stjæles, kan du benytte fjernbeskyttelse. Ved hjælp af en anden telefon kan du lokalisere din telefon, få den til at ringe eller du kan låse den. Du skal på forhånd have angivet et adgangsudtryk og have aktiveret de ønskede funktioner (lokalisér, ring og lås)."},{"$i":"gt-rp-passphrase-header","$v":"Sådan angiver du dit personlige adgangsudtryk."},{"$i":"gt-rp-passphrase-desc","$v":"Tryk på \"Fjernbeskyttelse\" og angiv et adgangsudtryk til beskyttelse af fjernstyring. Hvis du har glemt adgangsudtrykket, kan du nulstille det ved at bruge din pinkode til simkortet eller adgangskoden til din låseskærm."},{"$i":"gt-rp-locate-header","$v":"Sådan finder du din telefon."},{"$i":"gt-rp-locate-desc1","$v":"Hvis du har mistet din telefon, lån en telefon af en ven, og send en SMS-besked med ordren"},{"$i":"gt-rp-locate-command","$v":"RP locate ADGANGSUDTRYK"},{"$i":"gt-rp-locate-desc2","$v":"til din telefons nummer. Du vil modtage et SMS-svar med telefonens nøjagtige GPS-koordinater. Sørg for at opsætte et adgangsudtryk!"},{"$i":"gt-rp-ring-header","$v":"Sådan ringer du til din telefon."},{"$i":"gt-rp-ring-desc1","$v":"Det er nemt! Send en SMS-besked med"},{"$i":"gt-rp-ring-command","$v":"RP ring ADGANGSUDTRYK"},{"$i":"gt-rp-ring-desc2","$v":"til din telefon, og den vil ringe, indtil du finder den og låser den op"},{"$i":"gt-rp-lock-header","$v":"Sådan låser du din telefon."},{"$i":"gt-rp-lock-desc1","$v":"Hvis du har mistet din telefon, og du vil låse den, skal du blot sende en SMS-besked med ordren"},{"$i":"gt-rp-lock-command","$v":"RP lock ADGANGSUDTRYK"},{"$i":"gt-rp-lock-desc2","$v":"til din telefon. Telefonen låser sig selv, og kun du kan låse den op med din normale kodelås."},{"$i":"get-started","$v":"Kom i gang!"},{"$i":"finish-tour","$v":"Afslut guiden"},{"$i":"ok","$v":"OK"},{"$i":"back","$v":"Tilbage"},{"$i":"next","$v":"Næste"},{"$i":"sms-ring","$v":"Din enhed skulle ringe nu og er blevet låst. Du kan låse den op med din adgangskode."},{"$i":"sms-lock","$v":"Din enhed er blevet låst. Du kan låse den op med din adgangskode."},{"$i":"sms-locate","$v":["Din enheds koordinater er @",{"t":"idOrVar","v":"latitude"},",",{"t":"idOrVar","v":"longitude"},", og din enhed er blevet låst. Du kan låse den op med din adgangskode."]},{"$i":"about-privacy-controls","$v":"Om privatlivsindstillinger"},{"$i":"version","$v":"Version"},{"$i":"build-id","$v":"Build-ID"},{"$i":"about-pc-header","$v":"Om privatlivsindstillingerne"},{"$i":"about-pc-desc","$v":"Deutsche Telekom og Mozilla Foundation har sammen udviklet privatlivsindstillingerne, der gør det muligt for brugeren selv at have kontrol over sine personlige data "},{"$i":"perm-alarms-description","$v":"Planlæg visning af en meddelelse, eller hvornår en app skal startes."},{"$i":"perm-audio-capture-description","$v":"Adgang til lydoptagelse, fx en mikrofon."},{"$i":"perm-audio-channel-alarm-description","$v":"Afspil ur- og kalenderalarmer."},{"$i":"perm-audio-channel-content-description","$v":"Afspil musik og video."},{"$i":"perm-audio-channel-normal-description","$v":"Afspil lyde fra brugerfladen, webindhold, musik og radio."},{"$i":"perm-audio-channel-notification-description","$v":"Afspil meddelelsesalarmer."},{"$i":"perm-browser-description","$v":"Giver appen mulighed for at bruge en browser i en ramme (iframe)."},{"$i":"perm-camera-description","$v":"Tag billeder, optag video og lyde og kontrollér kameraet."},{"$i":"perm-contacts-description","$v":"Tilføj, læs og rediger kontakter i enhedens adressebog og læs kontakter på simkortet."},{"$i":"perm-contacts-readonly-description","$v":"Læs kontakter i enhedens adressebog og læs kontakter på simkortet."},{"$i":"perm-contacts-readwrite-description","$v":"Læs og rediger kontakter i enhedens adressebog og læs kontakter på simkortet."},{"$i":"perm-contacts-readcreate-description","$v":"Tilføj, læs og rediger kontakter i enhedens adressebog og læs kontakter på simkortet."},{"$i":"perm-contacts-createonly-description","$v":"Føj kontakter til enhedens adressebog."},{"$i":"perm-desktop-notification-description","$v":"Vis en meddelelse på brugerens enhed."},{"$i":"perm-device-storage-music-description","$v":"Tilføj, læs og rediger musikfiler på enhedens hukommelseskort."},{"$i":"perm-device-storage-music-readonly-description","$v":"Læs musikfiler på enhedens hukommelseskort."},{"$i":"perm-device-storage-music-readwrite-description","$v":"Læs og rediger musikfiler på enhedens hukommelseskort."},{"$i":"perm-device-storage-music-readcreate-description","$v":"Tilføj, læs og rediger musikfiler på enhedens hukommelseskort."},{"$i":"perm-device-storage-music-createonly-description","$v":"Føj nye musikfiler til på enhedens hukommelseskort."},{"$i":"perm-device-storage-pictures-description","$v":"Tilføj, læs og rediger billedfiler på enhedens hukommelseskort."},{"$i":"perm-device-storage-pictures-readonly-description","$v":"Læs billedfiler på enhedens hukommelseskort."},{"$i":"perm-device-storage-pictures-readwrite-description","$v":"Læs og rediger billedfiler på enhedens hukommelseskort."},{"$i":"perm-device-storage-pictures-readcreate-description","$v":"Tilføj, læs og rediger billeder på enhedens hukommelseskort."},{"$i":"perm-device-storage-pictures-createonly-description","$v":"Føj nye billedfiler til på enhedens hukommelseskort."},{"$i":"perm-device-storage-sdcard-description","$v":"Tilføj, læs og rediger filer på enhedens SD-kort."},{"$i":"perm-device-storage-sdcard-readonly-description","$v":"Læs filer på enhedens SD-kort."},{"$i":"perm-device-storage-sdcard-readwrite-description","$v":"Læs og rediger filer på enhedens SD-kort."},{"$i":"perm-device-storage-sdcard-readcreate-description","$v":"Tilføj, læs og rediger filer på enhedens SD-kort."},{"$i":"perm-device-storage-sdcard-createonly-description","$v":"Føj nye filer til på enhedens SD-kort."},{"$i":"perm-device-storage-videos-description","$v":"Tilføj, læs og rediger videofiler på enhedens hukommelseskort."},{"$i":"perm-device-storage-videos-readonly-description","$v":"Læs videofiler på enhedens hukommelseskort."},{"$i":"perm-device-storage-videos-readwrite-description","$v":"Læs og rediger videofiler på enhedens hukommelseskort."},{"$i":"perm-device-storage-videos-readcreate-description","$v":"Tilføj, læs og rediger videofiler på enhedens hukommelseskort."},{"$i":"perm-device-storage-videos-createonly-description","$v":"Føj nye videofiler til på enhedens SD-kort."},{"$i":"perm-fmradio-description","$v":"Kontrollér FM-radio."},{"$i":"perm-geolocation-description","$v":"Hent brugerens aktuelle position."},{"$i":"perm-input-description","$v":"Tillad at appen bruges som et virtuelt tastatur ved at aflytte fokus-handlinger i andre apps."},{"$i":"perm-mobilenetwork-description","$v":"Hent mobil netværksinformation (MCC, MNC, osv.)."},{"$i":"perm-push-description","$v":"Tillad at en app kan vågne for at modtage en meddelelse."},{"$i":"perm-storage-description","$v":"Udnyt lagerplads uden begrænsninger for størrelse."},{"$i":"perm-systemXHR-description","$v":"Tillad anonym cross-origin-XHR, selvom målwebstedet ikke har aktiveret CORS."},{"$i":"perm-tcp-socket-description","$v":"Opret og brug TCP-forbindelser."},{"$i":"perm-video-capture-description","$v":"Adgang til videooptagelse, fx et kamera."},{"$i":"perm-attention-description","$v":"Tillad at indhold åbnes foran alt andet indhold."},{"$i":"perm-audio-channel-ringer-description","$v":"Afspil lyde ved indkommende telefonopkald."},{"$i":"perm-audio-channel-telephony-description","$v":"Afspil lyde for telefonopkald og opkald over internettet (VoIP-opkald)."},{"$i":"perm-audio-channel-publicnotification-description","$v":"Afspil vigtige systemlyde."},{"$i":"perm-background-sensors-description","$v":"Lyt til events fra nærhedssensor i baggrunden."},{"$i":"perm-backgroundservice-description","$v":"Tillad en app at køre i baggrunden."},{"$i":"perm-bluetooth-description","$v":"Tillad direkte adgang til Bluetooth-hardware."},{"$i":"perm-cellbroadcast-description","$v":"Udløser en handling, når en specifik type af netværksmeddelelser modtages (besked ved en netværksnødsituation)."},{"$i":"perm-device-storage-apps-description","$v":"Tilføj, læs og rediger filer gemt i enhedens apps-lager."},{"$i":"perm-device-storage-apps-readonly-description","$v":"Læs filer gemt i enhedens apps-lager."},{"$i":"perm-device-storage-apps-readwrite-description","$v":"Læs og rediger filer gemt i enhedens apps-lager."},{"$i":"perm-device-storage-apps-readcreate-description","$v":"Tilføj, læs og rediger filer gemt i enhedens apps-lager."},{"$i":"perm-device-storage-apps-createonly-description","$v":"Føj nye filer til i enhedens apps-lager."},{"$i":"perm-embed-apps-description","$v":"Mulighed for at indlejre apps i mozApp-rammer."},{"$i":"perm-idle-description","$v":"Giv appen besked, hvis brugeren er fraværende."},{"$i":"perm-mobileconnection-description","$v":"Hent information om aktuelle mobile tale- og dataforbindelser."},{"$i":"perm-network-events-description","$v":"Overvåg filhentninger og sendte filer over netværket."},{"$i":"perm-networkstats-manage-description","$v":"Hent datastatistik pr. brugerflade."},{"$i":"perm-open-remote-window-description","$v":"Åbn vinduer i en ny proces."},{"$i":"perm-permissions-description","$v":"Tillad en app at håndtere tilladelser for andre apps."},{"$i":"perm-power-description","$v":"Tænd og sluk skærmen, kontrollér CPU'en, enhedens strøm osv."},{"$i":"perm-settings-description","$v":"Opsæt og aflæs enhedens indstillinger."},{"$i":"perm-settings-readonly-description","$v":"Aflæs enhedens indstillinger."},{"$i":"perm-settings-readwrite-description","$v":"Aflæs og rediger enhedens indstillinger."},{"$i":"perm-settings-readcreate-description","$v":"Tilføj, aflæs og rediger enhedens indstillinger."},{"$i":"perm-settings-createonly-description","$v":"Føj indstillinger til enheden."},{"$i":"perm-sms-description","$v":"Send og modtag SMS-beskeder."},{"$i":"perm-telephony-description","$v":"Adgang til alle telefonrelaterede API'er for at oprette og modtage telefonopkald."},{"$i":"perm-time-description","$v":"Fastsæt aktuelle tid."},{"$i":"perm-voicemail-description","$v":"Adgang til telefonsvarer."},{"$i":"perm-webapps-manage-description","$v":"Kontrollér installerede Åbne Web-Apps."},{"$i":"perm-wifi-manage-description","$v":"Optæl tilgængelige wi-fi-netværk, hent signalstyrke, forbind til et netværk."},{"$i":"perm-wappush-description","$v":"Modtag WAP-push-meddelelser."},{"$i":"title-app","$v":"App-tilladelser"},{"$i":"title-web","$v":"Webstedstilladelser"},{"$i":"title-cam","$v":"Vælg kamera"},{"$i":"perm-alarms","$v":"Indstil alarmer"},{"$i":"perm-audio-capture","$v":"Mikrofon"},{"$i":"perm-audio-capture-appRequest","$v":["Vil du dele din mikrofon med ",{"t":"idOrVar","v":"app"},"?"]},{"$i":"perm-audio-capture-webRequest","$v":["Vil du dele din mikrofon med ",{"t":"idOrVar","v":"site"},"?"]},{"$i":"perm-audio-channel-content","$v":"Afspil lyde"},{"$i":"perm-audio-channel-notification","$v":"Afspil påmindelser"},{"$i":"perm-audio-channel-ringer","$v":"Afspil ringetoner"},{"$i":"perm-background-sensors","$v":"Adgang til sensor-data"},{"$i":"perm-bluetooth","$v":"Bluetooth"},{"$i":"perm-browser","$v":"Inspicer websider"},{"$i":"perm-camera","$v":"Kamera"},{"$i":"perm-camera-selector-appRequest","$v":["Vælg kamera til ",{"t":"idOrVar","v":"app"},"."]},{"$i":"perm-camera-selector-webRequest","$v":["Vælg kamera til ",{"t":"idOrVar","v":"site"},"."]},{"$i":"perm-cellbroadcast","$v":"Cell Broadcasts"},{"$i":"perm-contacts","$v":"Kontakter"},{"$i":"perm-contacts-appRequest","$v":[{"t":"idOrVar","v":"app"}," vil have adgang til dine kontakter."]},{"$i":"perm-contacts-webRequest","$v":[{"t":"idOrVar","v":"site"}," vil have adgang til dine kontakter."]},{"$i":"perm-desktop-notification","$v":"Meddelelser"},{"$i":"perm-desktop-notification-appRequest","$v":[{"t":"idOrVar","v":"app"}," vil have lov at vise meddelelser."]},{"$i":"perm-desktop-notification-webRequest","$v":[{"t":"idOrVar","v":"site"}," vil have lov at vise meddelelser."]},{"$i":"perm-device-storage-apps","$v":"Apps-lager"},{"$i":"perm-device-storage-music","$v":"Musiklager"},{"$i":"perm-device-storage-music-appRequest","$v":[{"t":"idOrVar","v":"app"}," vil have adgang til din musik."]},{"$i":"perm-device-storage-music-webRequest","$v":[{"t":"idOrVar","v":"site"}," vil have adgang til din musik."]},{"$i":"perm-device-storage-pictures","$v":"Billeder"},{"$i":"perm-device-storage-pictures-appRequest","$v":[{"t":"idOrVar","v":"app"}," vil have adgang til dine billeder."]},{"$i":"perm-device-storage-pictures-webRequest","$v":[{"t":"idOrVar","v":"site"}," vil have adgang til dine billeder."]},{"$i":"perm-device-storage-sdcard","$v":"Hukommelseskort"},{"$i":"perm-device-storage-sdcard-appRequest","$v":[{"t":"idOrVar","v":"app"}," vil have adgang til dit hukommelseskort."]},{"$i":"perm-device-storage-sdcard-webRequest","$v":[{"t":"idOrVar","v":"site"}," vil have adgang til dit hukommelseskort."]},{"$i":"perm-device-storage-videos","$v":"Videolager"},{"$i":"perm-device-storage-videos-appRequest","$v":[{"t":"idOrVar","v":"app"}," vil have adgang til dine videoer."]},{"$i":"perm-device-storage-videos-webRequest","$v":[{"t":"idOrVar","v":"site"}," vil have adgang til dine videoer."]},{"$i":"perm-embed-apps","$v":"Indlejr apps"},{"$i":"perm-fmradio","$v":"FM-radio"},{"$i":"perm-fmradio-appRequest","$v":[{"t":"idOrVar","v":"app"}," vil have adgang til din FM-radio."]},{"$i":"perm-fmradio-webRequest","$v":[{"t":"idOrVar","v":"site"}," vil have adgang til din FM-radio."]},{"$i":"perm-geolocation","$v":"Position"},{"$i":"perm-geolocation-appRequest","$v":["Vil du dele din position med ",{"t":"idOrVar","v":"app"},"?"]},{"$i":"perm-geolocation-more-info","$v":[{"t":"idOrVar","v":"brandShortName"}," bruger data som fx GPS, wi-fi og mobile netværk i nærheden til at fastsætte din omtrentlige position. Data sendes til Mozilla og andre tjenesteudbydere og vil blive brugt til at forbedre positionsdatabaserne. Data kan blive gemt på din enhed og indsamling af data kan ske, selvom du ikke har apps kørende."]},{"$i":"perm-geolocation-webRequest","$v":["Vil du dele din position med ",{"t":"idOrVar","v":"site"},"?"]},{"$i":"perm-idle","$v":"Se inaktiv-status"},{"$i":"perm-indexedDB-chrome-settings","$v":"Privilegeret IndexedDB"},{"$i":"perm-indexedDB-unlimited","$v":"Ubegrænset IndexedDB-lager"},{"$i":"perm-input-manage","$v":"Håndter tastaturer"},{"$i":"perm-input","$v":"Brug som et tastatur"},{"$i":"perm-media-capture","$v":"Kamera og mikrofon"},{"$i":"perm-media-capture-appRequest","$v":["Vil du dele dit kamera og din mikrofon med ",{"t":"idOrVar","v":"app"},"?"]},{"$i":"perm-media-capture-webRequest","$v":["Vil du dele dit kamera og din mikrofon med ",{"t":"idOrVar","v":"site"},"?"]},{"$i":"perm-mobileconnection","$v":"Mobilforbindelse"},{"$i":"perm-mobileid","$v":"Mobil-identitet"},{"$i":"perm-network-events","$v":"Netværkshændelser"},{"$i":"perm-open-remote-window","$v":"Start en app"},{"$i":"perm-permissions","$v":"Rediger app-tilladelser"},{"$i":"perm-power","$v":"Strømindstillinger"},{"$i":"perm-settings","$v":"Rediger indstillinger"},{"$i":"perm-systemXHR","$v":"Adgang på tværs"},{"$i":"perm-telephony","$v":"Telefoni"},{"$i":"perm-video-capture","$v":"Kamera"},{"$i":"perm-video-capture-appRequest","$v":["Vil du dele dit kamera med ",{"t":"idOrVar","v":"app"},"?"]},{"$i":"perm-video-capture-webRequest","$v":["Vil du dele dit kamera med ",{"t":"idOrVar","v":"site"},"?"]},{"$i":"perm-voicemail","$v":"Håndter telefonbeskeder"},{"$i":"perm-webapps-manage","$v":"Installer webapps"},{"$i":"perm-wifi-manage","$v":"Håndter wi-fi"},{"$i":"perm-attention","$v":"Åbn overlay-pop op'er"},{"$i":"perm-audio-channel-alarm","$v":"Afspil alarmlyde"},{"$i":"perm-audio-channel-normal","$v":"Afspil lyde"},{"$i":"perm-audio-channel-publicnotification","$v":"Afspil vigtige systemlyde"},{"$i":"perm-audio-channel-telephony","$v":"Afspil telefonilyde"},{"$i":"perm-backgroundservice","$v":"Funger som baggrundstjeneste"},{"$i":"perm-device-storage-crashes","$v":"Nedbrudsdata"},{"$i":"perm-downloads","$v":"Tilgå filhentninger"},{"$i":"perm-embed-widgets","$v":"Indlejr widgets"},{"$i":"perm-feature-detection","$v":"Detekter funktioner"},{"$i":"perm-firefox-accounts","$v":"Firefox-konti"},{"$i":"perm-mobilenetwork","$v":"Mobilt netværk"},{"$i":"perm-moz-attention","$v":"Åbn overlay-pop op'er (moz)"},{"$i":"perm-moz-audio-channel-ringer","$v":"Afspil ringetoner (moz)"},{"$i":"perm-moz-audio-channel-telephony","$v":"Afspil telefonilyde (moz)"},{"$i":"perm-moz-firefox-accounts","$v":"Firefox-konti (moz)"},{"$i":"perm-networkstats-manage","$v":"Håndter forbrugsstatistikker"},{"$i":"perm-nfc","$v":"NFC"},{"$i":"perm-nfc-hci-events","$v":"NFC HCI-handlinger"},{"$i":"perm-nfc-manager","$v":"Håndter NFC"},{"$i":"perm-phonenumberservice","$v":"Telefonnummerservice"},{"$i":"perm-push","$v":"Push-API"},{"$i":"perm-resourcestats-manage","$v":"Ressourcestatistikker"},{"$i":"perm-sms","$v":"Send og læs SMS"},{"$i":"perm-speaker-control","$v":"Lydstyrke"},{"$i":"perm-storage","$v":"Tilgå lager"},{"$i":"perm-tcp-socket","$v":"TCP-sockets"},{"$i":"perm-test-permission","$v":"Test-tilladelser"},{"$i":"perm-time","$v":"Indstil dato og klokkeslæt"},{"$i":"perm-udp-socket","$v":"UDP-sockets"},{"$i":"perm-wappush","$v":"WAP-push"}]