[{"$i":"brandShortName","$v":"B2G OS"},{"$i":"browserBrandShortName","$v":"Web Browser"},{"$i":"browserBrandFullName","$v":"Mozilla Web Browser"},{"$i":"ringtoneBrandName","$v":"Default"},{"$i":"ringtoneSectionBrandName","$v":"System"},{"$i":"africa","$v":"Afrika"},{"$i":"america","$v":"Amerika"},{"$i":"antarctica","$v":"Antarktis"},{"$i":"asia","$v":"Asien"},{"$i":"atlantic-ocean","$v":"Atlantik"},{"$i":"australia","$v":"Australien"},{"$i":"europe","$v":"Europa"},{"$i":"indian-ocean","$v":"Indischer Ozean"},{"$i":"pacific-ocean","$v":"Pazifik"},{"$i":"privacy-controls","$v":"Privatsphäre & Datenschutz"},{"$i":"location-accuracy","$v":"Standortgenauigkeit"},{"$i":"transparency-control","$v":"Erteilte Berechtigungen"},{"$i":"privacy-protection","$v":"Fernschutz"},{"$i":"guided-tour","$v":"Einführung"},{"$i":"la-panel","$v":"Standortgenauigkeit"},{"$i":"geolocation","$v":"Standortbestimmung"},{"$i":"location-adjustment","$v":"Standortfestlegung"},{"$i":"location-adjustment-info","$v":["Hinweis: Benutzerdefinierte Standorte beeinflussen die von ",{"t":"idOrVar","v":"brandShortName"}," an Apps übergebenen Standorte. Ihre IP-Adresse und übermittelte Spracheinstellungen bleiben unverändert, sodass einige Dienste Sie immer noch lokalisieren können."]},{"$i":"location-adjustment-description","$v":"Legen Sie die allgemeine Genauigkeit der Standortbestimmung für alle Apps fest und definieren Sie dauerhafte, feste Standorte sowie Ausnahmen für einzelne Apps."},{"$i":"adjustment","$v":"Festlegen"},{"$i":"add-exceptions","$v":"Ausnahme hinzufügen"},{"$i":"app-list-description","$v":"Diese Liste zeigt alle Apps, welche auf Ihren Standort zugreifen dürfen."},{"$i":"type-user-defined","$v":"Benutzerdefiniert"},{"$i":"blur-distance-km","$v":[{"t":"idOrVar","v":"value"}," km blur"]},{"$i":"blur-distance-m","$v":[{"t":"idOrVar","v":"value"}," m blur"]},{"$i":"type-precise","$v":"Exakt"},{"$i":"type-no-location","$v":"Kein Standort"},{"$i":"attention","$v":"Achtung!"},{"$i":"ala-custom-location-alert","$v":"Es wurde noch kein benutzerdefinierter Standort festgelegt. Bitte legen Sie diesen fest, bevor Sie eine der anderen Einstellungen ändern."},{"$i":"custom-location","$v":"Benutzerdefinierter Standort"},{"$i":"set-custom-location","$v":"Benutzerdefinierten Standort festlegen"},{"$i":"set-location","$v":"Standort festlegen"},{"$i":"custom-location-description","$v":"Eine bestimmte, feste Position als Standort festlegen"},{"$i":"precise","$v":"Exakt"},{"$i":"no-location","$v":"Kein Standort"},{"$i":"exceptions-application-description","$v":"Eine benutzerdefinierte Standortgenauigkeit für die folgende App festlegen:"},{"$i":"custom-location-ala-10","$v":"Benutzerdefinierter Standort"},{"$i":"choose-a-region-city","$v":"Region und Stadt wählen"},{"$i":"region","$v":"Region"},{"$i":"city","$v":"Stadt"},{"$i":"enter-gps-coordinates","$v":"Koordinaten eingeben"},{"$i":"enter-gps-description","$v":"Bitte geben Sie die Koordinaten ein: Den Längengrad zwischen -180.0 und 180.0 Grad und den Breitengrad zwischen -90.0 und 90.0 Grad. Verwenden Sie dabei einen Punkt als Dezimaltrennzeichen."},{"$i":"latitude","$v":"Breitengrad"},{"$i":"longitude","$v":"Längengrad"},{"$i":"global-settings","$v":"Allgemeine Einstellungen"},{"$i":"rp-panel","$v":"Fernschutz"},{"$i":"rp-new-password-description","$v":"Bitte vergeben Sie ein Passwort, um die Funktionen des Fernzugriffs zu schützen (maximal 100 Zeichen)."},{"$i":"new-passphrase","placeholder":"Neues Passwort"},{"$i":"confirm-new-passphrase","placeholder":"Neues Passwort bestätigen"},{"$i":"rp-login-description","$v":"Bitte Passwort eingeben"},{"$i":"rp-change-password","$v":"Passwort vergessen/Passwort ändern?"},{"$i":"passphrase","placeholder":"Passwort"},{"$i":"rp-change-password-description","$v":"Geben Sie zum Ändern Ihres Passworts bitte den Entsperrcode bzw. die SIM-PIN sowie ein neues Passwort ein."},{"$i":"sim1","$v":"SIM 1"},{"$i":"sim2","$v":"SIM 2"},{"$i":"enter","placeholder":"Code eingeben"},{"$i":"passphrase-wrong","$v":"Passwort stimmt nicht!"},{"$i":"passphrase-empty","$v":"Passwort ist leer!"},{"$i":"passphrase-too-long","$v":"Passwort ist zu lang!"},{"$i":"passphrase-invalid","$v":"Es dürfen keine Sonderzeichen wie etwa Umlaute verwendet werden!"},{"$i":"passphrase-different","$v":"Die Bestätigung stimmt nicht mit dem Passwort überein!"},{"$i":"pin-empty","$v":"Entsperrcode ist leer!"},{"$i":"pin-invalid","$v":"Entsperrcode stimmt nicht!"},{"$i":"passcode-long","$v":"Entsperrcode muss aus genau 4 Ziffern bestehen!"},{"$i":"pin-different","$v":"Entsperrcode stimmt nicht!"},{"$i":"sim-invalid","$v":"SIM-PIN stimmt nicht!"},{"$i":"pin-tries-left","$v":{"one":"Last try.","two":[{"t":"idOrVar","v":"n"}," tries left."],"few":[{"t":"idOrVar","v":"n"}," tries left."],"many":[{"t":"idOrVar","v":"n"}," tries left."],"other":[{"t":"idOrVar","v":"n"}," tries left."]},"$x":[{"t":"idOrVar","v":"plural"},"n"]},{"$i":"remote-locate","$v":"Auffinden aus der Ferne"},{"$i":"remote-locate-description","$v":"Sie können das Gerät auffinden, indem Sie Folgendes per SMS senden: RP locate IHRPASSWORT"},{"$i":"remote-ring","$v":"Klingeln aus der Ferne"},{"$i":"remote-ring-description","$v":"Sie können das Gerät klingeln lassen, indem Sie Folgendes per SMS senden: RP ring IHRPASSWORT"},{"$i":"remote-lock","$v":"Sperrung aus der Ferne"},{"$i":"remote-lock-description","$v":"Sie können das Gerät sperren, indem Sie Folgendes per SMS senden:: RP lock IHRPASSWORT"},{"$i":"rp-lockscreen-alert","$v":"Sperrbildschirm UND Entsperrcode müssen in den Systemeinstellungen aktiviert sein, um den Fernschutz zu verwenden."},{"$i":"take-me-there","$v":"Öffnen"},{"$i":"lock-screen","$v":"Bildschirmsperre"},{"$i":"screen-lock-header","$v":"Bildschirmsperre"},{"$i":"passcode-lock","$v":"Entsperrcode"},{"$i":"require-passcode","$v":"Entsperrcode abfragen"},{"$i":"immediately","$v":"Sofort"},{"$i":"after-one-minute","$v":"Nach 1 Minute"},{"$i":"after-five-minutes","$v":"Nach 5 Minuten"},{"$i":"after-fifteen-minutes","$v":"Nach 15 Minuten"},{"$i":"after-thirty-minutes","$v":"Nach 30 Minuten"},{"$i":"after-one-hour","$v":"Nach 1 Stunde"},{"$i":"change-passcode","$v":"Entsperrcode ändern"},{"$i":"change","$v":"Ändern"},{"$i":"create","$v":"Erstellen"},{"$i":"passcode-heading","$v":"Entsperrcode"},{"$i":"current-passcode","$v":"Derzeitiger Entsperrcode"},{"$i":"new-passcode","$v":"Neuer Entsperrcode"},{"$i":"enter-passcode","$v":"Entsperrcode eingeben"},{"$i":"create-a-passcode","$v":"Entsperrcode festlegen"},{"$i":"passcode","$v":"Entsperrcode"},{"$i":"confirm-passcode","$v":"Entsperrcode bestätigen"},{"$i":"incorrect-passcode","$v":"Entsperrcode stimmt nicht"},{"$i":"passcode-doesnt-match","$v":"Entsperrcodes stimmen nicht überein. Versuchen Sie es erneut."},{"$i":"tc-panel","$v":"Erteilte Berechtigungen"},{"$i":"tc-applications","$v":"Anwendungen"},{"$i":"tc-permissions","$v":"Berechtigungen"},{"$i":"tc-sort-alphabetical","$v":"Alphabetisch"},{"$i":"tc-sort-trustLevel","$v":"Vertrauensstufe"},{"$i":"tc-sort-vendor","$v":"Hersteller"},{"$i":"tc-search-apps","placeholder":"Search Apps"},{"$i":"tc-search-close","$v":"close"},{"$i":"tc-search-clear","$v":"clear"},{"$i":"tc-trust-certified","$v":"Interne Apps"},{"$i":"tc-trust-privileged","$v":"Privilegierte Apps"},{"$i":"tc-trust-web","$v":"Web-Apps"},{"$i":"tc-explicit-permissions","$v":"Berechtigungen"},{"$i":"tc-implicit-permissions","$v":"Implizite Berechtigungen"},{"$i":"tc-explicit-prompt","$v":"Fragen"},{"$i":"tc-explicit-deny","$v":"Ablehnen"},{"$i":"tc-explicit-allow","$v":"Erlauben"},{"$i":"tc-apps-accessing-permission","$v":"Auf diese Berechtigung zugreifende Apps"},{"$i":"gt-main-pc-header","$v":"Willkommen bei den Datenschutz-Einstellungen!"},{"$i":"gt-main-desc","$v":"Diese App unterstützt Sie bei der Verbesserung des Schutzes Ihrer Daten und erlaubt es Ihnen, Ihr Telefon aus der Ferne zu sperren oder zu finden, falls es verloren geht. Schauen Sie sich das einfach genauer an. Es dauert nur zwei Minuten!"},{"$i":"gt-ala-explain-header","$v":"Wozu ist eine angepasste Standortgenauigkeit gut?"},{"$i":"gt-ala-explain-desc","$v":"Viele Apps greifen auf Ihren Standort zu, z.B. das Adressbuch oder Ihre Kamera. Falls Sie Ihre exakte Position nicht preisgeben wollen, so können Sie die Genauigkeit Ihres Standortes Apps gegenüber konfigurieren und einen benutzerdefinierten Standort angeben oder Ihre Position verbergen."},{"$i":"gt-ala-blur-header","$v":"Wie kann ich einen benutzerdefinierten Standort festlegen?"},{"$i":"gt-ala-blur-desc","$v":"Nicht jede App benötigt Ihren exakten Standort, um ordnungsgemäß zu funktionieren. Anstatt Ihren exakten Standort preiszugeben, können Sie Ihren Standort verschwimmen lassen, z.B. in einem Radius von 50 Kilometer um Ihren Standort. Auf diese Weise wird Ihre Wetter-App weiterhin funktionieren, aber Sie können Ihren exakten Standort für sich behalten. Aber denken Sie daran: Benutzerdefinierte Standorte verbergen Sie nicht vollständig!"},{"$i":"gt-ala-custom-header","$v":"Was ist ein benutzerdefinierter Standort?"},{"$i":"gt-ala-custom-desc","$v":"Mit dem Festlegen eines benutzerdefinierten Standorts in den Einstellungen können Sie Ihren wahren Standort verbergen und einen beliebigen Standort weltweit angeben. Sie wählen, wo Sie sind!"},{"$i":"gt-ala-exceptions-header","$v":"Was ist Standort pro App?"},{"$i":"gt-ala-exceptions-desc","$v":"Hier finden Sie eine Übersicht über alle Apps, die auf Ihren Standort zugreifen dürfen. Sie können die Einstellungen für jede App individuell festlegen. Diese überschreiben die allgemeine Standortgenauigkeit für diese App."},{"$i":"gt-rp-explain-header","$v":"Fernschutz - Was ist das?"},{"$i":"gt-rp-explain-desc","$v":"Falls Ihr Telefon gestohlen wird oder verloren geht, so können Sie dessen Fernschutz verwenden. Mit einem anderen Telefon können Sie es auffinden, klingeln lassen oder sogar aus der Ferne sperren lassen. Sie müssen zuerst ein Passwort vergeben und die gewünschten Funktionen aktivieren (Auffinden, Klingeln und Sperren)."},{"$i":"gt-rp-passphrase-header","$v":"Wie kann ich mein Passwort festlegen?"},{"$i":"gt-rp-passphrase-desc","$v":"Tippen Sie auf \"Fernschutz\" und vergeben Sie ein Passwort zum Schutz der Fernzugriffsfunktionen. Falls Sie Ihr Passwort vergessen, so können Sie es zurücksetzen, indem Sie Ihre SIM-PIN oder den Entsperrcode des Bildschirms nutzen."},{"$i":"gt-rp-locate-header","$v":"Wie kann ich mein Telefon auffinden?"},{"$i":"gt-rp-locate-desc1","$v":"Falls Sie Ihr Telefon verloren haben, so senden Sie einfach mit dem Telefon eines Freundes eine SMS mit"},{"$i":"gt-rp-locate-command","$v":"RP locate IHRPASSWORT"},{"$i":"gt-rp-locate-desc2","$v":"an Ihre Telefonnummer. Sie erhalten die exakten Koordinaten per SMS. Stellen Sie sicher, dass Sie ein Passwort vergeben!"},{"$i":"gt-rp-ring-header","$v":"Wie kann ich mein Telefon klingeln lassen?"},{"$i":"gt-rp-ring-desc1","$v":"Senden Sie ganz einfach eine SMS mit"},{"$i":"gt-rp-ring-command","$v":"RP ring IHRPASSWORT"},{"$i":"gt-rp-ring-desc2","$v":"an Ihre Telefonnummer. Das Telefon wird klingeln, bis Sie es finden und entsperren."},{"$i":"gt-rp-lock-header","$v":"Wie kann ich mein Telefon sperren?"},{"$i":"gt-rp-lock-desc1","$v":"Falls Sie Ihr Telefon verloren haben und es aus der Ferne sperren wollen, so senden Sie einfach eine SMS mit"},{"$i":"gt-rp-lock-command","$v":"RP lock IHRPASSWORT"},{"$i":"gt-rp-lock-desc2","$v":"an Ihre Telefonnummer. Das Telefon wird sich selbst sperren und lässt sich nur mit dem normalen Entsperrcode für den Sperrbildschirm wieder freischalten."},{"$i":"get-started","$v":"Einführung"},{"$i":"finish-tour","$v":"Einführung beenden"},{"$i":"ok","$v":"OK"},{"$i":"back","$v":"Zurück"},{"$i":"next","$v":"Weiter"},{"$i":"sms-ring","$v":"Das Gerät wurde gesperrt und sollte nun klingeln. Es kann mit dem Entsperrcode wieder freigeschalten werden."},{"$i":"sms-lock","$v":"Das Gerät wurde gesperrt. Es kann mit dem Entsperrcode wieder freigeschalten werden."},{"$i":"sms-locate","$v":["Das Gerät wurde gesperrt und seine Koordinaten sind @",{"t":"idOrVar","v":"latitude"},",",{"t":"idOrVar","v":"longitude"},". Es kann mit dem Entsperrcode wieder freigeschalten werden."]},{"$i":"about-privacy-controls","$v":"Über Privatsphäre & Datenschutz"},{"$i":"version","$v":"Version"},{"$i":"build-id","$v":"Build-ID"},{"$i":"about-pc-header","$v":"Über Privatsphäre & Datenschutz"},{"$i":"about-pc-desc","$v":"Zusammen mit der Deutsche Telekom hat die Mozilla Foundation die Einstellungen für Privatsphäre und Datenschutz entwickelt, welche den Benutzern wieder die Kontrolle über ihre Daten verschafft."},{"$i":"perm-alarms-description","$v":"Benachrichtigung oder Start einer App im Voraus festlegen"},{"$i":"perm-audio-capture-description","$v":"Auf Audioeingabegeräte (z.B. Mikrofon) zugreifen"},{"$i":"perm-audio-channel-alarm-description","$v":"Alarmtöne für Uhr und Kalender wiedergeben"},{"$i":"perm-audio-channel-content-description","$v":"Musik und Videos wiedergeben"},{"$i":"perm-audio-channel-normal-description","$v":"Audio der Benutzeroberfläche, von Web-Inhalten, Musik, Radio usw. wiedergeben"},{"$i":"perm-audio-channel-notification-description","$v":"Benachrichtigungstöne wiedergeben"},{"$i":"perm-browser-description","$v":"Browser in einem IFrame einbinden"},{"$i":"perm-camera-description","$v":"Fotos, Videos und Audio aufnehmen sowie die Kamera steuern"},{"$i":"perm-contacts-description","$v":"Hinzufügen, abfragen und verändern von Kontakten im Adressbuch des Geräts und abfragen von Kontakten auf der SIM-Karte"},{"$i":"perm-contacts-readonly-description","$v":"Abfragen von Kontakten im Adressbuch des Geräts und auf der SIM-Karte"},{"$i":"perm-contacts-readwrite-description","$v":"Abfragen und verändern von Kontakten im Adressbuch des Geräts und abfragen von Kontakten auf der SIM-Karte"},{"$i":"perm-contacts-readcreate-description","$v":"Hinzufügen, abfragen und verändern von Kontakten im Adressbuch des Geräts und abfragen von Kontakten auf der SIM-Karte"},{"$i":"perm-contacts-createonly-description","$v":"Hinzufügen von Kontakten zum Adressbuch des Geräts"},{"$i":"perm-desktop-notification-description","$v":"Eine Benachrichtigung anzeigen"},{"$i":"perm-device-storage-music-description","$v":"Hinzufügen, zugreifen und verändern von Musik auf dem Gerät"},{"$i":"perm-device-storage-music-readonly-description","$v":"Zugreifen auf Musik auf dem Gerät"},{"$i":"perm-device-storage-music-readwrite-description","$v":"Zugreifen und verändern von Musik auf dem Gerät"},{"$i":"perm-device-storage-music-readcreate-description","$v":"Hinzufügen, zugreifen und verändern von Musik auf dem Gerät"},{"$i":"perm-device-storage-music-createonly-description","$v":"Musik auf dem Gerät speichern"},{"$i":"perm-device-storage-pictures-description","$v":"Hinzufügen, zugreifen und verändern von Bildern auf dem Gerät"},{"$i":"perm-device-storage-pictures-readonly-description","$v":"Zugreifen auf Bilder auf dem Gerät"},{"$i":"perm-device-storage-pictures-readwrite-description","$v":"Zugreifen und verändern von Bildern auf dem Gerät"},{"$i":"perm-device-storage-pictures-readcreate-description","$v":"Hinzufügen, zugreifen und verändern von Bildern auf dem Gerät"},{"$i":"perm-device-storage-pictures-createonly-description","$v":"Bilder auf dem Gerät speichern"},{"$i":"perm-device-storage-sdcard-description","$v":"Hinzufügen, zugreifen und verändern von Bildern auf der Speicherkarte des Geräts"},{"$i":"perm-device-storage-sdcard-readonly-description","$v":"Zugreifen auf Bilder auf der Speicherkarte des Geräts"},{"$i":"perm-device-storage-sdcard-readwrite-description","$v":"Zugreifen und verändern von Bildern auf der Speicherkarte des Geräts"},{"$i":"perm-device-storage-sdcard-readcreate-description","$v":"Hinzufügen, zugreifen und verändern von Bildern auf der Speicherkarte des Geräts"},{"$i":"perm-device-storage-sdcard-createonly-description","$v":"Bilder auf der Speicherkarte des Geräts speichern"},{"$i":"perm-device-storage-videos-description","$v":"Hinzufügen, zugreifen und verändern von Videos auf dem Gerät"},{"$i":"perm-device-storage-videos-readonly-description","$v":"Zugreifen auf Videos auf dem Gerät"},{"$i":"perm-device-storage-videos-readwrite-description","$v":"Zugreifen und verändern von Videos auf dem Gerät"},{"$i":"perm-device-storage-videos-readcreate-description","$v":"Hinzufügen, zugreifen und verändern von Videos auf dem Gerät"},{"$i":"perm-device-storage-videos-createonly-description","$v":"Videos auf dem Gerät speichern"},{"$i":"perm-fmradio-description","$v":"UKW-Radio steuern"},{"$i":"perm-geolocation-description","$v":"Standort des Nutzers abfragen"},{"$i":"perm-input-description","$v":"App darf als virtuelle Tastatur agieren, indem sie auf Fokusänderungen in anderen Apps wartet"},{"$i":"perm-mobilenetwork-description","$v":"Informationen zum Mobilfunknetz abfragen (MCC, MNC usw.)"},{"$i":"perm-push-description","$v":"App darf bei ausgeschaltetem Bildschirm aktiv werden, um Benachrichtigungen zu empfangen"},{"$i":"perm-storage-description","$v":"Unbegrenzte Speichernutzung"},{"$i":"perm-systemXHR-description","$v":"Anonyme XMLHttpRequest-Anfragen an Fremddomains ohne CORS erlauben"},{"$i":"perm-tcp-socket-description","$v":"TCP-Sockets erstellen und darüber kommunizieren"},{"$i":"perm-video-capture-description","$v":"Auf Videoeingabegeräte (z.B. Kamera) zugreifen"},{"$i":"perm-attention-description","$v":"Inhalt darf neues Fenster im Vordergrund öffnen"},{"$i":"perm-audio-channel-ringer-description","$v":"Klingeltöne bei eingehenden Telefonanrufen wiedergeben"},{"$i":"perm-audio-channel-telephony-description","$v":"Klingeltöne bei eingehenden Telefon- und VoIP-Anrufen wiedergeben"},{"$i":"perm-audio-channel-publicnotification-description","$v":"Öffentliche Benachrichtigungstöne wiedergeben"},{"$i":"perm-background-sensors-description","$v":"Auf Ereignisse des Näherungssensors als Hintergrundprozess warten"},{"$i":"perm-backgroundservice-description","$v":"App darf als Hintergrundprozess ausgeführt werden"},{"$i":"perm-bluetooth-description","$v":"Zugriff auf niedrige Ebenen von Bluetooth-Hardware"},{"$i":"perm-cellbroadcast-description","$v":"Startet ein Ereignis, falls eine bestimmte Zellinfo-Nachricht empfangen wird (eine Katastrophen-Benachrichtigung)"},{"$i":"perm-device-storage-apps-description","$v":"Hinzufügen, lesen und verändern von Dateien im Speicherort für Apps auf dem Gerät"},{"$i":"perm-device-storage-apps-readonly-description","$v":"Lesen von Dateien im Speicherort für Apps auf dem Gerät"},{"$i":"perm-device-storage-apps-readwrite-description","$v":"Lesen und verändern von Dateien im Speicherort für Apps auf dem Gerät"},{"$i":"perm-device-storage-apps-readcreate-description","$v":"Hinzufügen, lesen und verändern von Dateien im Speicherort für Apps auf dem Gerät"},{"$i":"perm-device-storage-apps-createonly-description","$v":"Dateien im Speicherort für Apps auf dem Gerät speichern"},{"$i":"perm-embed-apps-description","$v":"App darf Apps in mozApp-Frames einbinden"},{"$i":"perm-idle-description","$v":"App bei Inaktivität des Benutzers benachrichtigen"},{"$i":"perm-mobileconnection-description","$v":"Informationen zur laufenden Anruf- und Datenverbindungen abfragen"},{"$i":"perm-network-events-description","$v":"Uploads und Downloads im Netzwerk beobachten"},{"$i":"perm-networkstats-manage-description","$v":"Statistiken zur Datennutzung nach Verbindungsart abfragen"},{"$i":"perm-open-remote-window-description","$v":"Fenster in neuem Prozess öffnen"},{"$i":"perm-permissions-description","$v":"App darf Berechtigungen anderer Apps verwalten"},{"$i":"perm-power-description","$v":"Bildschirm an- und ausschalten, Steuern von CPU, Stromversorgung usw."},{"$i":"perm-settings-description","$v":"Geräteeinstellungen festlegen oder abfragen"},{"$i":"perm-settings-readonly-description","$v":"Geräteeinstellungen abfragen"},{"$i":"perm-settings-readwrite-description","$v":"Geräteeinstellungen abfragen und verändern"},{"$i":"perm-settings-readcreate-description","$v":"Geräteeinstellungen hinzufügen, abfragen und verändern"},{"$i":"perm-settings-createonly-description","$v":"Geräteeinstellungen hinzufügen"},{"$i":"perm-sms-description","$v":"SMS senden und empfangen"},{"$i":"perm-telephony-description","$v":"Auf alle zum Empfangen und Durchführen von Anrufen benötigten Telefonie-Schnittstellen zugreifen"},{"$i":"perm-time-description","$v":"Zeit einstellen"},{"$i":"perm-voicemail-description","$v":"Auf Mailbox zugreifen"},{"$i":"perm-webapps-manage-description","$v":"Verwalten installierter Apps des offenen Web"},{"$i":"perm-wifi-manage-description","$v":"Verfügbare WLAN-Netzwerke und deren Signalstärke erfahren sowie mit einem Netzwerk verbinden"},{"$i":"perm-wappush-description","$v":"WAP-Push-Nachrichten empfangen"},{"$i":"title-app","$v":"App-Berechtigung"},{"$i":"title-web","$v":"Website-Berechtigung"},{"$i":"title-cam","$v":"Kamera auswählen"},{"$i":"perm-alarms","$v":"Alarme festlegen"},{"$i":"perm-audio-capture","$v":"Mikrofon"},{"$i":"perm-audio-capture-appRequest","$v":["Soll ",{"t":"idOrVar","v":"app"}," auf Ihr Mikrofon zugreifen dürfen?"]},{"$i":"perm-audio-capture-webRequest","$v":["Soll ",{"t":"idOrVar","v":"site"}," auf Ihr Mikrofon zugreifen dürfen?"]},{"$i":"perm-audio-channel-content","$v":"Töne wiedergeben"},{"$i":"perm-audio-channel-notification","$v":"Benachrichtigungstöne wiedergeben"},{"$i":"perm-audio-channel-ringer","$v":"Klingeltöne wiedergeben"},{"$i":"perm-background-sensors","$v":"Auf Sensordaten zugreifen"},{"$i":"perm-bluetooth","$v":"Bluetooth"},{"$i":"perm-browser","$v":"Webseiten untersuchen"},{"$i":"perm-camera","$v":"Kameras"},{"$i":"perm-camera-selector-appRequest","$v":["Kamera auswählen für ",{"t":"idOrVar","v":"app"}]},{"$i":"perm-camera-selector-webRequest","$v":["Kamera auswählen für ",{"t":"idOrVar","v":"site"}]},{"$i":"perm-cellbroadcast","$v":"Zellinfo"},{"$i":"perm-contacts","$v":"Kontakte"},{"$i":"perm-contacts-appRequest","$v":[{"t":"idOrVar","v":"app"}," will auf Ihre Kontakte zugreifen."]},{"$i":"perm-contacts-webRequest","$v":[{"t":"idOrVar","v":"site"}," will auf Ihre Kontakte zugreifen."]},{"$i":"perm-desktop-notification","$v":"Benachrichtigungen"},{"$i":"perm-desktop-notification-appRequest","$v":[{"t":"idOrVar","v":"app"}," will Benachrichtigungen anzeigen."]},{"$i":"perm-desktop-notification-webRequest","$v":[{"t":"idOrVar","v":"site"}," will Benachrichtigungen anzeigen."]},{"$i":"perm-device-storage-apps","$v":"Apps-Speicher"},{"$i":"perm-device-storage-music","$v":"Musikspeicher"},{"$i":"perm-device-storage-music-appRequest","$v":[{"t":"idOrVar","v":"app"}," will auf Ihre Musik zugreifen."]},{"$i":"perm-device-storage-music-webRequest","$v":[{"t":"idOrVar","v":"site"}," will auf Ihre Musik zugreifen."]},{"$i":"perm-device-storage-pictures","$v":"Bilderspeicher"},{"$i":"perm-device-storage-pictures-appRequest","$v":[{"t":"idOrVar","v":"app"}," will auf Ihre Bilder zugreifen."]},{"$i":"perm-device-storage-pictures-webRequest","$v":[{"t":"idOrVar","v":"site"}," will auf Ihre Bilder zugreifen."]},{"$i":"perm-device-storage-sdcard","$v":"SD-Karten-Speicher"},{"$i":"perm-device-storage-sdcard-appRequest","$v":[{"t":"idOrVar","v":"app"}," will auf Ihre SD-Karte zugreifen."]},{"$i":"perm-device-storage-sdcard-webRequest","$v":[{"t":"idOrVar","v":"site"}," will auf Ihre SD-Karte zugreifen."]},{"$i":"perm-device-storage-videos","$v":"Videospeicher"},{"$i":"perm-device-storage-videos-appRequest","$v":[{"t":"idOrVar","v":"app"}," will auf Ihre Videos zugreifen."]},{"$i":"perm-device-storage-videos-webRequest","$v":[{"t":"idOrVar","v":"site"}," will auf Ihre Videos zugreifen."]},{"$i":"perm-embed-apps","$v":"Apps einbinden"},{"$i":"perm-fmradio","$v":"UKW-Radio"},{"$i":"perm-fmradio-appRequest","$v":[{"t":"idOrVar","v":"app"}," will das UKW-Radio benutzen."]},{"$i":"perm-fmradio-webRequest","$v":[{"t":"idOrVar","v":"site"}," will das UKW-Radio benutzen."]},{"$i":"perm-geolocation","$v":"Standort"},{"$i":"perm-geolocation-appRequest","$v":[{"t":"idOrVar","v":"app"}," will Ihren Standort wissen."]},{"$i":"perm-geolocation-more-info","$v":[{"t":"idOrVar","v":"brandShortName"}," verwendet Daten wie GPS sowie WLAN-Netzwerke und Mobilfunknetze in Ihrer Nähe für eine ungefähre Standortbestimmung. Es werden Daten an Mozilla und andere Diensteanbieter gesendet, um mit allen zur Verfügung stehenden Daten diese Datenbanken zu verbessern. Dabei können Daten auf Ihrem Gerät gespeichert werden und die Datenerfassung kann auch stattfinden, während keine Apps laufen."]},{"$i":"perm-geolocation-webRequest","$v":[{"t":"idOrVar","v":"site"}," will Ihren Standort wissen."]},{"$i":"perm-idle","$v":"Inaktivität erfahren"},{"$i":"perm-indexedDB-chrome-settings","$v":"Privilegierter IndexedDB-Speicher"},{"$i":"perm-indexedDB-unlimited","$v":"Unbegrenzter IndexedDB-Speicher"},{"$i":"perm-input-manage","$v":"Tastaturen verwalten"},{"$i":"perm-input","$v":"Als Tastatur agieren"},{"$i":"perm-media-capture","$v":"Kamera und Mikrofon"},{"$i":"perm-media-capture-appRequest","$v":["Soll ",{"t":"idOrVar","v":"app"}," auf Ihre Kamera und Ihr Mikrofon zugreifen dürfen?"]},{"$i":"perm-media-capture-webRequest","$v":["Soll ",{"t":"idOrVar","v":"site"}," auf Ihre Kamera und Ihr Mikrofon zugreifen dürfen?"]},{"$i":"perm-mobileconnection","$v":"Datenverbindung über Mobilfunknetz"},{"$i":"perm-mobileid","$v":"Mobile Identität"},{"$i":"perm-network-events","$v":"Netzwerk-Ereignisse"},{"$i":"perm-open-remote-window","$v":"Apps starten"},{"$i":"perm-permissions","$v":"App-Berechtigungen ändern"},{"$i":"perm-power","$v":"Energie-Einstellungen"},{"$i":"perm-settings","$v":"Einstellungen ändern"},{"$i":"perm-systemXHR","$v":"Anfragen an Fremddomains (XHR)"},{"$i":"perm-telephony","$v":"Telefonie"},{"$i":"perm-video-capture","$v":"Videoaufnahme"},{"$i":"perm-video-capture-appRequest","$v":["Soll ",{"t":"idOrVar","v":"app"}," mit Ihrer Kamera Videos aufnehmen dürfen?"]},{"$i":"perm-video-capture-webRequest","$v":["Soll ",{"t":"idOrVar","v":"site"}," mit Ihrer Kamera Videos aufnehmen dürfen?"]},{"$i":"perm-voicemail","$v":"Mailbox kontrollieren"},{"$i":"perm-webapps-manage","$v":"Webapps installieren"},{"$i":"perm-wifi-manage","$v":"WLAN verwalten"},{"$i":"perm-attention","$v":"Überdeckende Popups öffnen"},{"$i":"perm-audio-channel-alarm","$v":"Alarmtöne wiedergeben"},{"$i":"perm-audio-channel-normal","$v":"Töne wiedergeben"},{"$i":"perm-audio-channel-publicnotification","$v":"Öffentliche Benachrichtigungstöne wiedergeben"},{"$i":"perm-audio-channel-telephony","$v":"Telefongespräch-Audio wiedergeben "},{"$i":"perm-backgroundservice","$v":"Als Hintergrunddienst agieren"},{"$i":"perm-device-storage-crashes","$v":"Datenspeicher für Abstürze"},{"$i":"perm-downloads","$v":"Auf Downloads zugreifen"},{"$i":"perm-embed-widgets","$v":"Elemente einbinden"},{"$i":"perm-feature-detection","$v":"Funktionsunterstützung erkennen"},{"$i":"perm-firefox-accounts","$v":"Firefox-Konten"},{"$i":"perm-mobilenetwork","$v":"Mobilfunknetz"},{"$i":"perm-moz-attention","$v":"Überdeckende Popups öffnen (moz)"},{"$i":"perm-moz-audio-channel-ringer","$v":"Klingeltöne wiedergeben (moz)"},{"$i":"perm-moz-audio-channel-telephony","$v":"Telefongespräche wiedergeben (moz)"},{"$i":"perm-moz-firefox-accounts","$v":"Firefox-Konten (moz)"},{"$i":"perm-networkstats-manage","$v":"Nutzungsstatistiken verwalten"},{"$i":"perm-nfc","$v":"Nahfeldkommunikation (NFC)"},{"$i":"perm-nfc-hci-events","$v":"NFC-HCI-Ereignisse"},{"$i":"perm-nfc-manager","$v":"NFC verwalten"},{"$i":"perm-phonenumberservice","$v":"Telefonnummerndienst"},{"$i":"perm-push","$v":"Push-API"},{"$i":"perm-resourcestats-manage","$v":"Ressourcen-Statistiken"},{"$i":"perm-sms","$v":"SMS senden und lesen"},{"$i":"perm-speaker-control","$v":"Lautstärke kontrollieren"},{"$i":"perm-storage","$v":"Auf Speicher zugreifen"},{"$i":"perm-tcp-socket","$v":"TCP-Sockets"},{"$i":"perm-test-permission","$v":"Testberechtigung"},{"$i":"perm-time","$v":"Datum und Uhrzeit ändern"},{"$i":"perm-udp-socket","$v":"UDP-Sockets"},{"$i":"perm-wappush","$v":"WAP-Push"}]