[{"$i":"brandShortName","$v":"B2G OS"},{"$i":"browserBrandShortName","$v":"Web Browser"},{"$i":"browserBrandFullName","$v":"Mozilla Web Browser"},{"$i":"ringtoneBrandName","$v":"Default"},{"$i":"ringtoneSectionBrandName","$v":"System"},{"$i":"africa","$v":"África"},{"$i":"america","$v":"América"},{"$i":"antarctica","$v":"Antártida"},{"$i":"asia","$v":"Asia"},{"$i":"atlantic-ocean","$v":"Océano Atlántico"},{"$i":"australia","$v":"Australia"},{"$i":"europe","$v":"Europa"},{"$i":"indian-ocean","$v":"Océano Índico"},{"$i":"pacific-ocean","$v":"Océano Pacífico"},{"$i":"privacy-controls","$v":"Controles de privacidad"},{"$i":"location-accuracy","$v":"Precisión de ubicación"},{"$i":"transparency-control","$v":"Control de transparencia"},{"$i":"privacy-protection","$v":"Protección remota"},{"$i":"guided-tour","$v":"Visita guiada"},{"$i":"la-panel","$v":"Precisión de ubicación"},{"$i":"geolocation","$v":"Geolocalización"},{"$i":"location-adjustment","$v":"Ajuste de ubicación"},{"$i":"location-adjustment-info","$v":["Recuerde: este ajuste influye sobre la ubicación que ",{"t":"idOrVar","v":"brandShortName"}," proporciona a las apps. No afectará a su dirección IP ni a los ajustes de idioma, por lo que algunos servicios podrán seguir localizándole."]},{"$i":"location-adjustment-description","$v":"Ajustar el nivel global de precisión de su ubicación actual para todas las apps, definir y establecer una ubicación fija permanente y añadir excepciones para determinadas apps."},{"$i":"adjustment","$v":"Ajuste"},{"$i":"add-exceptions","$v":"Añadir excepciones"},{"$i":"app-list-description","$v":"Esta lista muestra todas las apps que tienen permiso para usar su ubicación."},{"$i":"type-user-defined","$v":"Definido por usuario"},{"$i":"blur-distance-km","$v":[{"t":"idOrVar","v":"value"}," km blur"]},{"$i":"blur-distance-m","$v":[{"t":"idOrVar","v":"value"}," m blur"]},{"$i":"type-precise","$v":"Precisa"},{"$i":"type-no-location","$v":"Sin ubicación"},{"$i":"attention","$v":"¡Cuidado!"},{"$i":"ala-custom-location-alert","$v":"No ha establecido una ubicación personalizada aún. Le aconsejamos que lo haga antes de definir otros ajustes."},{"$i":"custom-location","$v":"Ubicación personalizada"},{"$i":"set-custom-location","$v":"Definir ubicación personalizada"},{"$i":"set-location","$v":"Definir ubicación"},{"$i":"custom-location-description","$v":"Definir una ubicación personalizada que se use como posición fija."},{"$i":"precise","$v":"Precisa"},{"$i":"no-location","$v":"Sin ubicación"},{"$i":"exceptions-application-description","$v":"Ajuste el nivel de precisión de la ubicación personalizada de la siguiente app:"},{"$i":"custom-location-ala-10","$v":"Ubicación personalizada"},{"$i":"choose-a-region-city","$v":"Elija una región/ciudad"},{"$i":"region","$v":"Región"},{"$i":"city","$v":"Ciudad"},{"$i":"enter-gps-coordinates","$v":"Indicar coordenadas GPS"},{"$i":"enter-gps-description","$v":"Indique las coordenadas GPS comprendidas entre -180.0 y 180 grados para la longitud y entre -90.0 y 90.0 grados para la latitud, con un punto de separación para los decimales."},{"$i":"latitude","$v":"Latitud"},{"$i":"longitude","$v":"Longitud"},{"$i":"global-settings","$v":"Ajustes globales"},{"$i":"rp-panel","$v":"Protección remota"},{"$i":"rp-new-password-description","$v":"Configure una frase secreta para proteger las funcionalidades remotas (100 caracteres máx.)."},{"$i":"new-passphrase","placeholder":"Nueva frase secreta"},{"$i":"confirm-new-passphrase","placeholder":"Confirmar nueva frase secreta"},{"$i":"rp-login-description","$v":"Escriba su frase secreta."},{"$i":"rp-change-password","$v":"¿Olvidó/cambió su frase secreta?"},{"$i":"passphrase","placeholder":"Frase secreta"},{"$i":"rp-change-password-description","$v":"Para restablecer su frase secreta, escriba bloqueo con código/PIN SIM y nueva frase secreta."},{"$i":"sim1","$v":"SIM 1"},{"$i":"sim2","$v":"SIM 2"},{"$i":"enter","placeholder":"Escribir código"},{"$i":"passphrase-wrong","$v":"La frase secreta es incorrecta."},{"$i":"passphrase-empty","$v":"La frase secreta está vacía."},{"$i":"passphrase-too-long","$v":"La frase secreta es muy larga."},{"$i":"passphrase-invalid","$v":"No es posible usar caracteres especiales."},{"$i":"passphrase-different","$v":"La confirmación debe coincidir con la frase."},{"$i":"pin-empty","$v":"El bloqueo con código está vacío."},{"$i":"pin-invalid","$v":"Bloqueo con código erróneo."},{"$i":"passcode-long","$v":"El código debe tener 4 dígitos."},{"$i":"pin-different","$v":"Bloqueo con código erróneo."},{"$i":"sim-invalid","$v":"PIN de SIM erróneo."},{"$i":"pin-tries-left","$v":{"one":"Last try.","two":[{"t":"idOrVar","v":"n"}," tries left."],"few":[{"t":"idOrVar","v":"n"}," tries left."],"many":[{"t":"idOrVar","v":"n"}," tries left."],"other":[{"t":"idOrVar","v":"n"}," tries left."]},"$x":[{"t":"idOrVar","v":"plural"},"n"]},{"$i":"remote-locate","$v":"Localizar a distancia"},{"$i":"remote-locate-description","$v":"Puede localizar este dispositivo enviando por SMS: RP locate SUFRASESECRETA"},{"$i":"remote-ring","$v":"Llamar a distancia"},{"$i":"remote-ring-description","$v":"Puede llamar a este dispositivo enviando por SMS: RP locate SUFRASESECRETA"},{"$i":"remote-lock","$v":"Bloquear a distancia"},{"$i":"remote-lock-description","$v":"Puede bloquear este dispositivo enviando un SMS: RP lock SUFRASESECRETA"},{"$i":"rp-lockscreen-alert","$v":"Active la pantalla de bloqueo Y el código en los ajustes del sistema para usar la Protección remota."},{"$i":"take-me-there","$v":"Llévame allí"},{"$i":"lock-screen","$v":"Bloqueo de pantalla"},{"$i":"screen-lock-header","$v":"Bloqueo de pantalla"},{"$i":"passcode-lock","$v":"Bloqueo con código"},{"$i":"require-passcode","$v":"Requerir código"},{"$i":"immediately","$v":"Inmediatamente"},{"$i":"after-one-minute","$v":"Tras 1 minuto"},{"$i":"after-five-minutes","$v":"Tras 5 minutos"},{"$i":"after-fifteen-minutes","$v":"Tras 15 minutos"},{"$i":"after-thirty-minutes","$v":"Tras 30 minutos"},{"$i":"after-one-hour","$v":"Tras 1 hora"},{"$i":"change-passcode","$v":"Cambiar código"},{"$i":"change","$v":"Cambiar"},{"$i":"create","$v":"Crear"},{"$i":"passcode-heading","$v":"Código"},{"$i":"current-passcode","$v":"Código actual"},{"$i":"new-passcode","$v":"Nuevo código"},{"$i":"enter-passcode","$v":"Escriba código"},{"$i":"create-a-passcode","$v":"Crear un código"},{"$i":"passcode","$v":"Código"},{"$i":"confirm-passcode","$v":"Confirmar código"},{"$i":"incorrect-passcode","$v":"El código es incorrecto"},{"$i":"passcode-doesnt-match","$v":"El código no coincide. Inténtelo de nuevo."},{"$i":"tc-panel","$v":"Control de transparencia"},{"$i":"tc-applications","$v":"Aplicaciones"},{"$i":"tc-permissions","$v":"Permisos"},{"$i":"tc-sort-alphabetical","$v":"Alfabético"},{"$i":"tc-sort-trustLevel","$v":"Nivel de confianza"},{"$i":"tc-sort-vendor","$v":"Fabricante"},{"$i":"tc-search-apps","placeholder":"Search Apps"},{"$i":"tc-search-close","$v":"close"},{"$i":"tc-search-clear","$v":"clear"},{"$i":"tc-trust-certified","$v":"Apps internas"},{"$i":"tc-trust-privileged","$v":"Apps con privilegios"},{"$i":"tc-trust-web","$v":"Apps web"},{"$i":"tc-explicit-permissions","$v":"Permisos"},{"$i":"tc-implicit-permissions","$v":"Permisos implícitos"},{"$i":"tc-explicit-prompt","$v":"Preguntar"},{"$i":"tc-explicit-deny","$v":"Denegar"},{"$i":"tc-explicit-allow","$v":"Conceder"},{"$i":"tc-apps-accessing-permission","$v":"Apps que tienen este permiso"},{"$i":"gt-main-pc-header","$v":"¡Le damos la bienvenida a los Controles de privacidad!"},{"$i":"gt-main-desc","$v":"Esta app le ayudará a optimizar la protección de su privacidad y le permitirá bloquear o encontrar su teléfono si lo pierde. Obtenga más información. ¡Solo le llevará 2 minutos!"},{"$i":"gt-ala-explain-header","$v":"¿Para qué sirve el Ajuste de ubicación?"},{"$i":"gt-ala-explain-desc","$v":"Muchas apps, como la libreta de direcciones o la cámara, acceden a su geolocalización. Si no desea mostrar su posición exacta, puede ajustar la precisión de la ubicación actual que utilizan las apps, definir una ubicación personalizada u ocultar su geolocalización."},{"$i":"gt-ala-blur-header","$v":"¿Cómo definir el Ajuste de ubicación?"},{"$i":"gt-ala-blur-desc","$v":"No todas las aplicaciones requieren conocer la ubicación exacta para su correcto funcionamiento. En lugar de compartir sus coordenadas exactas, puede optar por difuminar su ubicación en un radio de 80 km, por ejemplo. De esta forma, la app que pronostica el tiempo seguirá funcionando, y usted no mostrará su ubicación exacta. Recuerde: el Ajuste de ubicación no le ocultará totalmente."},{"$i":"gt-ala-custom-header","$v":"¿Qué es la ubicación personalizada?"},{"$i":"gt-ala-custom-desc","$v":"Con los ajustes de ubicación personalizada puede ocultar su ubicación real y establecerla en otro lugar del mundo. Puede elegir dónde está."},{"$i":"gt-ala-exceptions-header","$v":"¿Qué es la ubicación por app?"},{"$i":"gt-ala-exceptions-desc","$v":"Aquí encontrará una lista de todas las apps que pueden acceder a la geolocalización. Puede definir individualmente los ajustes de cada app, lo que eliminará la precisión de ubicación global para esa app en concreto."},{"$i":"gt-rp-explain-header","$v":"¿Qué es la Protección remota?"},{"$i":"gt-rp-explain-desc","$v":"Si le roban su teléfono o lo pierde, puede usar la Protección remota. Con la ayuda de otro teléfono puede localizarlo, dejar que suene e incluso bloquearlo a distancia. Primero tiene que configurar su frase secreta personal y activar las características que quiere usar (localizar, llamar y bloquear)."},{"$i":"gt-rp-passphrase-header","$v":"¿Cómo configurar su frase secreta personal?"},{"$i":"gt-rp-passphrase-desc","$v":"Pulse \"Protección remota\" y configure su frase secreta para proteger las funcionalidades remotas. Si ha olvidado la frase secreta, puede restablecerla a través del PIN de la SIM o el código de bloqueo."},{"$i":"gt-rp-locate-header","$v":"¿Cómo localizo mi teléfono?"},{"$i":"gt-rp-locate-desc1","$v":"Si ha perdido el teléfono, envíe un SMS desde el teléfono de un amigo con"},{"$i":"gt-rp-locate-command","$v":"RP locate SUFRASESECRETA"},{"$i":"gt-rp-locate-desc2","$v":"a su número de teléfono y recibirá en un SMS las coordenadas GPS exactas. Asegúrese de configurar la frase secreta."},{"$i":"gt-rp-ring-header","$v":"¿Cómo hacer sonar su teléfono?"},{"$i":"gt-rp-ring-desc1","$v":"¡Muy fácil! Envíe un SMS con"},{"$i":"gt-rp-ring-command","$v":"RP ring SUFRASESECRETA"},{"$i":"gt-rp-ring-desc2","$v":"a su número de teléfono y sonará hasta que lo encuentre y lo desbloquee."},{"$i":"gt-rp-lock-header","$v":"¿Cómo desbloqueo mi teléfono?"},{"$i":"gt-rp-lock-desc1","$v":"Si ha perdido el teléfono y desea bloquearlo a distancia, solo tiene que enviar un SMS con"},{"$i":"gt-rp-lock-command","$v":"RP lock SUFRASESECRETA"},{"$i":"gt-rp-lock-desc2","$v":"a su número de teléfono. El dispositivo se autobloqueará y solo usted podrá desbloquearlo con el código habitual."},{"$i":"get-started","$v":"¡Comience!"},{"$i":"finish-tour","$v":"Acabar visita"},{"$i":"ok","$v":"Aceptar"},{"$i":"back","$v":"Atrás"},{"$i":"next","$v":"Siguiente"},{"$i":"sms-ring","$v":"Su dispositivo debería sonar ahora mismo y fue bloqueado. Puede desbloquearlo con su código."},{"$i":"sms-lock","$v":"Su dispositivo fue bloqueado. Puede desbloquearlo con su código."},{"$i":"sms-locate","$v":["Las coordenadas de su dispositivo son @",{"t":"idOrVar","v":"latitude"},",",{"t":"idOrVar","v":"longitude"}," y su dispositivo fue bloqueado. Puede desbloquearlo con su código."]},{"$i":"about-privacy-controls","$v":"Acerca de Controles de privacidad"},{"$i":"version","$v":"Versión"},{"$i":"build-id","$v":"Build-ID"},{"$i":"about-pc-header","$v":"Acerca de los Controles de privacidad"},{"$i":"about-pc-desc","$v":"Junto con Deutsche Telekom, la Fundación Mozilla desarrolló los Controles de privacidad con el objetivo de darle al usuario la posibilidad de recuperar el control de sus datos personales"},{"$i":"perm-alarms-description","$v":"Programe una notificación o el inicio de una aplicación."},{"$i":"perm-audio-capture-description","$v":"Acceder a dispositivos de entrada de audio, p. ej. un micrófono."},{"$i":"perm-audio-channel-alarm-description","$v":"Reproducir alarmas del reloj y del calendario."},{"$i":"perm-audio-channel-content-description","$v":"Reproducir música y vídeo."},{"$i":"perm-audio-channel-normal-description","$v":"Reproducir radio, música, contenidos web y sonidos de la IU."},{"$i":"perm-audio-channel-notification-description","$v":"Reproducir sonidos de notificaciones."},{"$i":"perm-browser-description","$v":"Permite que la app implemente un navegador en un iframe."},{"$i":"perm-camera-description","$v":"Tomar fotos, grabar vídeo y audio y controlar la cámara."},{"$i":"perm-contacts-description","$v":"Añadir, leer o modificar contactos de la libreta de direcciones en el dispositivo y leer contactos de la SIM."},{"$i":"perm-contacts-readonly-description","$v":"Leer contactos de la liberta de direcciones en el dispositivo y leer contactos de la SIM."},{"$i":"perm-contacts-readwrite-description","$v":"Leer o modificar contactos de la liberta de direcciones en el dispositivo y leer contactos de la SIM."},{"$i":"perm-contacts-readcreate-description","$v":"Añadir, leer o modificar contactos de la liberta de direcciones en el dispositivo y leer contactos de la SIM."},{"$i":"perm-contacts-createonly-description","$v":"Agregar contactos a la libreta de direcciones del dispositivo."},{"$i":"perm-desktop-notification-description","$v":"Mostrar una notificación en el dispositivo del usuario."},{"$i":"perm-device-storage-music-description","$v":"Añadir, leer o modificar archivos de música en el dispositivo."},{"$i":"perm-device-storage-music-readonly-description","$v":"Leer archivos de música en el dispositivo."},{"$i":"perm-device-storage-music-readwrite-description","$v":"Leer o modificar archivos de música en el dispositivo."},{"$i":"perm-device-storage-music-readcreate-description","$v":"Añadir, leer o modificar archivos de música en el dispositivo."},{"$i":"perm-device-storage-music-createonly-description","$v":"Guardar nuevos archivos de música en el dispositivo."},{"$i":"perm-device-storage-pictures-description","$v":"Añadir, leer o modificar archivos de imágenes en el dispositivo."},{"$i":"perm-device-storage-pictures-readonly-description","$v":"Leer archivos de imágenes en el dispositivo."},{"$i":"perm-device-storage-pictures-readwrite-description","$v":"Leer o modificar archivos de imágenes en el dispositivo."},{"$i":"perm-device-storage-pictures-readcreate-description","$v":"Añadir, leer o modificar archivos de imágenes en el dispositivo."},{"$i":"perm-device-storage-pictures-createonly-description","$v":"Guardar nuevos archivos de imágenes en el dispositivo."},{"$i":"perm-device-storage-sdcard-description","$v":"Añadir, leer o modificar archivos en la tarjeta SD del dispositivo."},{"$i":"perm-device-storage-sdcard-readonly-description","$v":"Leer o modificar archivos en la tarjeta SD del dispositivo."},{"$i":"perm-device-storage-sdcard-readwrite-description","$v":"Leer o modificar archivos en la tarjeta SD del dispositivo."},{"$i":"perm-device-storage-sdcard-readcreate-description","$v":"Añadir, leer o modificar archivos en la tarjeta SD del dispositivo."},{"$i":"perm-device-storage-sdcard-createonly-description","$v":"Guardar nuevos archivos en la tarjeta SD del dispositivo."},{"$i":"perm-device-storage-videos-description","$v":"Añadir, leer o modificar archivos de vídeo en el dispositivo."},{"$i":"perm-device-storage-videos-readonly-description","$v":"Leer archivos de vídeo del dispositivo."},{"$i":"perm-device-storage-videos-readwrite-description","$v":"Leer o modificar archivos de vídeo en el dispositivo."},{"$i":"perm-device-storage-videos-readcreate-description","$v":"Añadir, leer o modificar archivos de vídeo en el dispositivo."},{"$i":"perm-device-storage-videos-createonly-description","$v":"Guardar nuevos archivos de vídeo en el dispositivo."},{"$i":"perm-fmradio-description","$v":"Controlar la radio FM."},{"$i":"perm-geolocation-description","$v":"Obtener la ubicación actual del usuario."},{"$i":"perm-input-description","$v":"Permitir que la app actúe como un teclado virtual escuchando eventos relacionados con el cambio de enfoque en otras apps."},{"$i":"perm-mobilenetwork-description","$v":"Obtener información de redes móviles (MCC, MNC, etc.)."},{"$i":"perm-push-description","$v":"Permitir que una app se reactive para recibir notificaciones."},{"$i":"perm-storage-description","$v":"Utilizar almacenamiento sin limitaciones de tamaño."},{"$i":"perm-systemXHR-description","$v":"Permitir los cross-origin XHR anónimos sin que el sitio objetivo tenga CORS activado."},{"$i":"perm-tcp-socket-description","$v":"Crear TCP sockets y comunicarse a través de ellos."},{"$i":"perm-video-capture-description","$v":"Acceder a dispositivos de entrada de vídeo, p. ej. una cámara."},{"$i":"perm-attention-description","$v":"Permitir que los contenidos se abran en una ventana delante del resto de contenidos."},{"$i":"perm-audio-channel-ringer-description","$v":"Reproducir sonidos para llamadas entrantes."},{"$i":"perm-audio-channel-telephony-description","$v":"Reproducir sonidos para llamadas telefónicas y VoIP."},{"$i":"perm-audio-channel-publicnotification-description","$v":"Reproducir sonidos de notificaciones públicas."},{"$i":"perm-background-sensors-description","$v":"Escuchar eventos del sensor de proximidad en segundo plano."},{"$i":"perm-backgroundservice-description","$v":"Permitir que una app se ejecute en segundo plano."},{"$i":"perm-bluetooth-description","$v":"Reducir el nivel de acceso al hardware Bluetooth."},{"$i":"perm-cellbroadcast-description","$v":"Generar un evento al recibir un tipo concreto de mensaje de red (un aviso de emergencia)."},{"$i":"perm-device-storage-apps-description","$v":"Añadir, leer o modificar archivos en la ubicación de apps del dispositivo."},{"$i":"perm-device-storage-apps-readonly-description","$v":"Leer archivos en la ubicación de apps del dispositivo."},{"$i":"perm-device-storage-apps-readwrite-description","$v":"Leer o modificar archivos en la ubicación de apps del dispositivo."},{"$i":"perm-device-storage-apps-readcreate-description","$v":"Añadir, leer o modificar archivos en la ubicación de apps del dispositivo."},{"$i":"perm-device-storage-apps-createonly-description","$v":"Guardar nuevos archivos en la ubicación de apps del dispositivo."},{"$i":"perm-embed-apps-description","$v":"Posibilidad de insertar apps en marcos mozApp."},{"$i":"perm-idle-description","$v":"Notificar a la app si el usuario está ausente."},{"$i":"perm-mobileconnection-description","$v":"Obtener información acerca de la conexión móvil actual de datos y voz."},{"$i":"perm-network-events-description","$v":"Monitorizar subidas y descargas de red."},{"$i":"perm-networkstats-manage-description","$v":"Obtener estadísticas de consumo de datos por interfaz."},{"$i":"perm-open-remote-window-description","$v":"Abrir ventanas en un nuevo proceso."},{"$i":"perm-permissions-description","$v":"Permitir que una app gestione los permisos de otras apps."},{"$i":"perm-power-description","$v":"Activar y desactivar la pantalla, controlar la CPU, la energía del dispositivo, etc."},{"$i":"perm-settings-description","$v":"Configurar o leer los ajustes del dispositivo."},{"$i":"perm-settings-readonly-description","$v":"Leer los ajustes del dispositivo."},{"$i":"perm-settings-readwrite-description","$v":"Leer o modificar ajustes del dispositivo."},{"$i":"perm-settings-readcreate-description","$v":"Añadir, leer o modificar ajustes del dispositivo."},{"$i":"perm-settings-createonly-description","$v":"Añadir ajustes del dispositivo."},{"$i":"perm-sms-description","$v":"Enviar y recibir mensajes SMS."},{"$i":"perm-telephony-description","$v":"Acceder a todas las API relacionadas con telefonía para hacer y recibir llamadas."},{"$i":"perm-time-description","$v":"Establecer hora actual."},{"$i":"perm-voicemail-description","$v":"Acceder al buzón de voz."},{"$i":"perm-webapps-manage-description","$v":"Administrar apps web instaladas."},{"$i":"perm-wifi-manage-description","$v":"Enumerar redes wifi disponibles, obtener intensidad de la señal, conectarse a una red."},{"$i":"perm-wappush-description","$v":"Recibir mensajes WAP Push."},{"$i":"title-app","$v":"Permisos de apps"},{"$i":"title-web","$v":"Permisos de sitios web"},{"$i":"title-cam","$v":"Elegir cámara"},{"$i":"perm-alarms","$v":"Programar alarmas"},{"$i":"perm-audio-capture","$v":"Micrófono"},{"$i":"perm-audio-capture-appRequest","$v":["¿Le gustaría compartir su micrófono con la aplicación ",{"t":"idOrVar","v":"app"},"?"]},{"$i":"perm-audio-capture-webRequest","$v":["¿Le gustaría compartir su micrófono con el sitio ",{"t":"idOrVar","v":"site"},"?"]},{"$i":"perm-audio-channel-content","$v":"Reproducir sonidos"},{"$i":"perm-audio-channel-notification","$v":"Reproducir sonidos notificación"},{"$i":"perm-audio-channel-ringer","$v":"Reproducir sonidos tono"},{"$i":"perm-background-sensors","$v":"Acceder a datos de sensores"},{"$i":"perm-bluetooth","$v":"Bluetooth"},{"$i":"perm-browser","$v":"Inspeccionar páginas web"},{"$i":"perm-camera","$v":"Cámaras"},{"$i":"perm-camera-selector-appRequest","$v":["Seleccione cámara para ",{"t":"idOrVar","v":"app"},"."]},{"$i":"perm-camera-selector-webRequest","$v":["Seleccione cámara para ",{"t":"idOrVar","v":"site"},"."]},{"$i":"perm-cellbroadcast","$v":"Difusiones"},{"$i":"perm-contacts","$v":"Contactos"},{"$i":"perm-contacts-appRequest","$v":["A la aplicación ",{"t":"idOrVar","v":"app"}," le gustaría acceder a su lista de contactos."]},{"$i":"perm-contacts-webRequest","$v":["Al sitio ",{"t":"idOrVar","v":"site"}," le gustaría acceder a su lista de contactos."]},{"$i":"perm-desktop-notification","$v":"Notificaciones"},{"$i":"perm-desktop-notification-appRequest","$v":["A la aplicación ",{"t":"idOrVar","v":"app"}," le gustaría mostrar notificaciones."]},{"$i":"perm-desktop-notification-webRequest","$v":["Al sitio ",{"t":"idOrVar","v":"site"}," le gustaría mostrar notificaciones."]},{"$i":"perm-device-storage-apps","$v":"Espacio para apps"},{"$i":"perm-device-storage-music","$v":"Archivos de música"},{"$i":"perm-device-storage-music-appRequest","$v":["A la aplicación ",{"t":"idOrVar","v":"app"}," le gustaría acceder a su música."]},{"$i":"perm-device-storage-music-webRequest","$v":["Al sitio ",{"t":"idOrVar","v":"site"}," le gustaría acceder a su música."]},{"$i":"perm-device-storage-pictures","$v":"Archivos de imágenes"},{"$i":"perm-device-storage-pictures-appRequest","$v":["A la aplicación ",{"t":"idOrVar","v":"app"}," le gustaría acceder a sus imágenes."]},{"$i":"perm-device-storage-pictures-webRequest","$v":["Al sitio ",{"t":"idOrVar","v":"site"}," le gustaría acceder a sus imágenes."]},{"$i":"perm-device-storage-sdcard","$v":"Tarjeta de memoria"},{"$i":"perm-device-storage-sdcard-appRequest","$v":["A la aplicación ",{"t":"idOrVar","v":"app"}," le gustaría acceder a su tarjeta de memoria."]},{"$i":"perm-device-storage-sdcard-webRequest","$v":["Al sitio ",{"t":"idOrVar","v":"site"}," le gustaría acceder a su tarjeta de memoria."]},{"$i":"perm-device-storage-videos","$v":"Archivos de vídeo"},{"$i":"perm-device-storage-videos-appRequest","$v":["A la aplicación ",{"t":"idOrVar","v":"app"}," le gustaría acceder a sus vídeos."]},{"$i":"perm-device-storage-videos-webRequest","$v":["Al sitio ",{"t":"idOrVar","v":"site"}," le gustaría acceder a sus vídeos."]},{"$i":"perm-embed-apps","$v":"Insertar apps"},{"$i":"perm-fmradio","$v":"Radio FM"},{"$i":"perm-fmradio-appRequest","$v":["A la aplicación ",{"t":"idOrVar","v":"app"}," le gustaría acceder a Radio FM."]},{"$i":"perm-fmradio-webRequest","$v":["Al sitio ",{"t":"idOrVar","v":"site"}," le gustaría acceder a Radio FM."]},{"$i":"perm-geolocation","$v":"Geolocalización"},{"$i":"perm-geolocation-appRequest","$v":["A la aplicación ",{"t":"idOrVar","v":"app"}," le gustaría conocer su ubicación."]},{"$i":"perm-geolocation-more-info","$v":[{"t":"idOrVar","v":"brandShortName"}," utiliza datos como GPS, wifi y redes móviles próximas a usted para determinar su ubicación aproximada. Los datos se envían a Mozilla y otros operadores, y se usarán agregados con el fin de mejorar las bases de datos sobre ubicaciones. Los datos se guardarán en su dispositivo y la recopilación de los mismos se efectuará incluso cuando no se esté ejecutando ninguna aplicación."]},{"$i":"perm-geolocation-webRequest","$v":["Al sitio ",{"t":"idOrVar","v":"site"}," le gustaría conocer su ubicación."]},{"$i":"perm-idle","$v":"Ver estado inactivo"},{"$i":"perm-indexedDB-chrome-settings","$v":"IndexedDB privilegiado"},{"$i":"perm-indexedDB-unlimited","$v":"Archivo IndexedDB ilimitado"},{"$i":"perm-input-manage","$v":"Administrar teclados"},{"$i":"perm-input","$v":"Actuar como teclado"},{"$i":"perm-media-capture","$v":"Cámara y micrófono"},{"$i":"perm-media-capture-appRequest","$v":["¿Le gustaría compartir su cámara y su micrófono con la aplicación ",{"t":"idOrVar","v":"app"},"?"]},{"$i":"perm-media-capture-webRequest","$v":["¿Le gustaría compartir su cámara y su micrófono con el sitio ",{"t":"idOrVar","v":"site"},"?"]},{"$i":"perm-mobileconnection","$v":"Conexión móvil"},{"$i":"perm-mobileid","$v":"Identidad móvil"},{"$i":"perm-network-events","$v":"Eventos de red"},{"$i":"perm-open-remote-window","$v":"Iniciar una app"},{"$i":"perm-permissions","$v":"Modificar permisos de apps"},{"$i":"perm-power","$v":"Ajustes de energía"},{"$i":"perm-settings","$v":"Modificar ajustes"},{"$i":"perm-systemXHR","$v":"Solicitudes cross-origin"},{"$i":"perm-telephony","$v":"Telefonía"},{"$i":"perm-video-capture","$v":"Cámara"},{"$i":"perm-video-capture-appRequest","$v":["¿Le gustaría compartir su cámara con la aplicación ",{"t":"idOrVar","v":"app"},"?"]},{"$i":"perm-video-capture-webRequest","$v":["¿Le gustaría compartir su cámara con el sitio ",{"t":"idOrVar","v":"site"},"?"]},{"$i":"perm-voicemail","$v":"Controlar buzón de voz"},{"$i":"perm-webapps-manage","$v":"Instalar webapps"},{"$i":"perm-wifi-manage","$v":"Administrar wifi"},{"$i":"perm-attention","$v":"Abrir overlay popups"},{"$i":"perm-audio-channel-alarm","$v":"Reproducir sonidos de alarma"},{"$i":"perm-audio-channel-normal","$v":"Reproducir sonidos"},{"$i":"perm-audio-channel-publicnotification","$v":"Reproducir sonidos notificaciones públicas"},{"$i":"perm-audio-channel-telephony","$v":"Reproducir sonidos telefonía"},{"$i":"perm-backgroundservice","$v":"Actuar como servicio en segundo plano"},{"$i":"perm-device-storage-crashes","$v":"Archivo datos de bloqueos"},{"$i":"perm-downloads","$v":"Acceder a descargas"},{"$i":"perm-embed-widgets","$v":"Insertar widgets"},{"$i":"perm-feature-detection","$v":"Detectar características"},{"$i":"perm-firefox-accounts","$v":"Firefox Accounts"},{"$i":"perm-mobilenetwork","$v":"Red móvil"},{"$i":"perm-moz-attention","$v":"Abrir overlay popups (moz)"},{"$i":"perm-moz-audio-channel-ringer","$v":"Reproducir sonidos tono (moz)"},{"$i":"perm-moz-audio-channel-telephony","$v":"Reproducir sonidos telefonía (moz)"},{"$i":"perm-moz-firefox-accounts","$v":"Firefox Accounts (moz)"},{"$i":"perm-networkstats-manage","$v":"Controlar estadísticas consumo"},{"$i":"perm-nfc","$v":"NFC"},{"$i":"perm-nfc-hci-events","$v":"Eventos NFC HCI"},{"$i":"perm-nfc-manager","$v":"Administrar NFC"},{"$i":"perm-phonenumberservice","$v":"Servicio núm. teléfono"},{"$i":"perm-push","$v":"API push"},{"$i":"perm-resourcestats-manage","$v":"Estadísticas de recursos"},{"$i":"perm-sms","$v":"Enviar y leer SMS"},{"$i":"perm-speaker-control","$v":"Controlar volumen"},{"$i":"perm-storage","$v":"Acceder a archivos"},{"$i":"perm-tcp-socket","$v":"Sockets TCP"},{"$i":"perm-test-permission","$v":"Permisos de pruebas"},{"$i":"perm-time","$v":"Establecer fecha y hora"},{"$i":"perm-udp-socket","$v":"Sockets UDP"},{"$i":"perm-wappush","$v":"WAP Push"}]