[{"$i":"brandShortName","$v":"B2G OS"},{"$i":"browserBrandShortName","$v":"Web Browser"},{"$i":"browserBrandFullName","$v":"Mozilla Web Browser"},{"$i":"ringtoneBrandName","$v":"Default"},{"$i":"ringtoneSectionBrandName","$v":"System"},{"$i":"africa","$v":"Afrika"},{"$i":"america","$v":"Amerika"},{"$i":"antarctica","$v":"Antartika"},{"$i":"asia","$v":"Asia"},{"$i":"atlantic-ocean","$v":"Ozeano Atlantikoa"},{"$i":"australia","$v":"Australia"},{"$i":"europe","$v":"Europa"},{"$i":"indian-ocean","$v":"Indiako ozeanoa"},{"$i":"pacific-ocean","$v":"Ozeano Barea"},{"$i":"privacy-controls","$v":"Pribatutasun-kontrolak"},{"$i":"location-accuracy","$v":"Kokapenaren zehaztasuna"},{"$i":"transparency-control","$v":"Gardentasun-kontrola"},{"$i":"privacy-protection","$v":"Urruneko babesa"},{"$i":"guided-tour","$v":"Bisita gidatua"},{"$i":"la-panel","$v":"Kokapenaren zehaztasuna"},{"$i":"geolocation","$v":"Geokokapena"},{"$i":"location-adjustment","$v":"Kokapenaren doiketa"},{"$i":"location-adjustment-info","$v":["Gogoan izan: Kokapenaren doiketak eragina du ",{"t":"idOrVar","v":"brandShortName"},"(e)k aplikazioei ematen dien kokapenean. Ez du eraginik zure IP helbidean edo hizkuntza-ezarpenetan, beraz zenbait zerbitzu zu kokatzeko gai izan daitezke."]},{"$i":"location-adjustment-description","$v":"Doitu zure uneko kokapenaren zehaztasun-maila aplikazio guztietarako, definitu eta ezarri kokapen finko iraunkorra eta gehitu banakako salbuespenak aplikazioetarako."},{"$i":"adjustment","$v":"Doiketa"},{"$i":"add-exceptions","$v":"Gehitu salbuespenak"},{"$i":"app-list-description","$v":"Zerrenda honek zure kokapena erabiltzeko baimena duten aplikazio guztiak erakusten ditu."},{"$i":"type-user-defined","$v":"Erabiltzaileak definitua"},{"$i":"blur-distance-km","$v":[{"t":"idOrVar","v":"value"}," km blur"]},{"$i":"blur-distance-m","$v":[{"t":"idOrVar","v":"value"}," m blur"]},{"$i":"type-precise","$v":"Zehatza"},{"$i":"type-no-location","$v":"Kokapenik ez"},{"$i":"attention","$v":"Erne!"},{"$i":"ala-custom-location-alert","$v":"Oraindik ez duzu kokapen pertsonalizaturik ezarri. Egin ezazu beste ezarpen batzuekin lan egin baino lehen!"},{"$i":"custom-location","$v":"Kokapen pertsonalizatua"},{"$i":"set-custom-location","$v":"Ezarri kokapen pertsonalizatua"},{"$i":"set-location","$v":"Ezarri kokapena"},{"$i":"custom-location-description","$v":"Ezarri posizio finko gisa erabiliko den kokapen pertsonalizatua."},{"$i":"precise","$v":"Zehatza"},{"$i":"no-location","$v":"Kokapenik ez"},{"$i":"exceptions-application-description","$v":"Doitu honako aplikazioaren kokapen pertsonalizatuaren zehaztasun-maila:"},{"$i":"custom-location-ala-10","$v":"Kokapen pertsonalizatua"},{"$i":"choose-a-region-city","$v":"Aukeratu eskualde/hiri bat"},{"$i":"region","$v":"Eskualdea"},{"$i":"city","$v":"Hiria"},{"$i":"enter-gps-coordinates","$v":"Sartu GPS koordenatuak"},{"$i":"enter-gps-description","$v":"Sartu GPS koordenatuak longituderako (-180.0 gradutik 180.0ra) eta latituderako (-90.0gradutik 90.0ra) puntu bat erabiliz gradu osoen balio baxuenak banatzeko."},{"$i":"latitude","$v":"Latitudea"},{"$i":"longitude","$v":"Longitudea"},{"$i":"global-settings","$v":"Ezarpen orokorrak"},{"$i":"rp-panel","$v":"Urruneko babesa"},{"$i":"rp-new-password-description","$v":"Ezarri pasaesaldi bat zure urruneko eginbideak segurtatzeko (gehienez 100 karaktere)."},{"$i":"new-passphrase","placeholder":"Pasaesaldi berria"},{"$i":"confirm-new-passphrase","placeholder":"Baieztatu pasaesaldi berria"},{"$i":"rp-login-description","$v":"Sartu zure pasaesaldia."},{"$i":"rp-change-password","$v":"Ahaztu/aldatu zure pasaesaldia?"},{"$i":"passphrase","placeholder":"Pasaesaldia"},{"$i":"rp-change-password-description","$v":"Zure pasaesaldia berrezartzeko, sartu pasakode-blokeoa/SIMaren PINa eta pasaesaldi berria."},{"$i":"sim1","$v":"1. SIMa"},{"$i":"sim2","$v":"2. SIMa"},{"$i":"enter","placeholder":"Sartu kodea"},{"$i":"passphrase-wrong","$v":"Pasaesaldia okerra da!"},{"$i":"passphrase-empty","$v":"Pasaesaldia hutsik dago!"},{"$i":"passphrase-too-long","$v":"Pasaesaldia luzeegia da!"},{"$i":"passphrase-invalid","$v":"Ezin dituzu karaktere bereziak erabili!"},{"$i":"passphrase-different","$v":"Baieztapenak bat etorri behar du pasaesaldiarekin!"},{"$i":"pin-empty","$v":"Pasakode-blokeoa hutsik dago!"},{"$i":"pin-invalid","$v":"Pasakode-blokeo okerra!"},{"$i":"passcode-long","$v":"Pasakodeak 4 digitu izan behar ditu!"},{"$i":"pin-different","$v":"Pasakode-blokeo okerra!"},{"$i":"sim-invalid","$v":"SIMaren PIN okerra!"},{"$i":"pin-tries-left","$v":{"one":"Last try.","two":[{"t":"idOrVar","v":"n"}," tries left."],"few":[{"t":"idOrVar","v":"n"}," tries left."],"many":[{"t":"idOrVar","v":"n"}," tries left."],"other":[{"t":"idOrVar","v":"n"}," tries left."]},"$x":[{"t":"idOrVar","v":"plural"},"n"]},{"$i":"remote-locate","$v":"Urruneko aurkitzea"},{"$i":"remote-locate-description","$v":"Gailu hau SMS bidez aurki dezakezu honako katea erabiliz: RP locate ZUREPASAESALDIA"},{"$i":"remote-ring","$v":"Urruneko txirrina"},{"$i":"remote-ring-description","$v":"Gailu honek txirrina jo dezan eragin dezakezu SMS bidez, honako katea erabiliz: RP ring ZUREPASAESALDIA"},{"$i":"remote-lock","$v":"Urruneko blokeoa"},{"$i":"remote-lock-description","$v":"Gailu hau SMS bidez blokea dezakezu honako katea erabiliz: RP lock ZUREPASAESALDIA"},{"$i":"rp-lockscreen-alert","$v":"Aktibatu blokeo-pantaila ETA pasakodea sistema-ezarpenetan, urruneko babesa erabili ahal izateko."},{"$i":"take-me-there","$v":"Eraman nazazu hara"},{"$i":"lock-screen","$v":"Pantailaren blokeoa"},{"$i":"screen-lock-header","$v":"Pantailaren blokeoa"},{"$i":"passcode-lock","$v":"Pasakode-blokeoa"},{"$i":"require-passcode","$v":"Eskatu pasakodea"},{"$i":"immediately","$v":"Berehala"},{"$i":"after-one-minute","$v":"Minutu baten ondoren"},{"$i":"after-five-minutes","$v":"5 minutu ondoren"},{"$i":"after-fifteen-minutes","$v":"15 minutu ondoren"},{"$i":"after-thirty-minutes","$v":"30 minutu ondoren"},{"$i":"after-one-hour","$v":"Ordubete ondoren"},{"$i":"change-passcode","$v":"Aldatu pasakodea"},{"$i":"change","$v":"Aldatu"},{"$i":"create","$v":"Sortu"},{"$i":"passcode-heading","$v":"Pasakodea"},{"$i":"current-passcode","$v":"Uneko pasakodea"},{"$i":"new-passcode","$v":"Pasakode berria"},{"$i":"enter-passcode","$v":"Sartu pasakodea"},{"$i":"create-a-passcode","$v":"Sortu pasakodea"},{"$i":"passcode","$v":"Pasakodea"},{"$i":"confirm-passcode","$v":"Berretsi pasakodea"},{"$i":"incorrect-passcode","$v":"Pasakodea okerra da"},{"$i":"passcode-doesnt-match","$v":"Pasakodea ez dator bat. Saiatu berriro."},{"$i":"tc-panel","$v":"Sartu pasakodea"},{"$i":"tc-applications","$v":"Aplikazioak"},{"$i":"tc-permissions","$v":"Baimenak"},{"$i":"tc-sort-alphabetical","$v":"Alfabetikoki"},{"$i":"tc-sort-trustLevel","$v":"Fidagarritasun-maila"},{"$i":"tc-sort-vendor","$v":"Hornitzailea"},{"$i":"tc-search-apps","placeholder":"Search Apps"},{"$i":"tc-search-close","$v":"close"},{"$i":"tc-search-clear","$v":"clear"},{"$i":"tc-trust-certified","$v":"Barneko aplikazioak"},{"$i":"tc-trust-privileged","$v":"Aplikazio pribilegiatuak"},{"$i":"tc-trust-web","$v":"Web aplikazioak"},{"$i":"tc-explicit-permissions","$v":"Baimenak"},{"$i":"tc-implicit-permissions","$v":"Baimen inplizituak"},{"$i":"tc-explicit-prompt","$v":"Galdetu"},{"$i":"tc-explicit-deny","$v":"Ukatu"},{"$i":"tc-explicit-allow","$v":"Baimendu"},{"$i":"tc-apps-accessing-permission","$v":"Baimen hau atzitzen duten aplikazioak"},{"$i":"gt-main-pc-header","$v":"Ongi etorri pribatutasun-kontroletara!"},{"$i":"gt-main-desc","$v":"Aplikazio honek zure pribatutasunaren babesa hobetzen lagunduko dizu eta telefonoa galtzen baduzu, hura blokeatzen edo aurkitzen lagunduko dizu. Botaiozu begirada bat. Bi minutu besterik ez dituzu behar!"},{"$i":"gt-ala-explain-header","$v":"Zertarako da ona 'Kokapenaren doiketa'?"},{"$i":"gt-ala-explain-desc","$v":"Aplikazio askok, esaterako helbide-liburuak edo kamerak, zure kokapena atzitzen dute. Ez baduzu zure kokapen zehatza ezagutarazi nahi, aplikazioek erabiliko duten zure uneko kokapenaren zehaztasuna doi dezakezu, kokapen pertsonalizatu bat ezar dezakezu edo zure geokokapena ezkuta dezakezu."},{"$i":"gt-ala-blur-header","$v":"Nola ezarri kokapenaren doiketa?"},{"$i":"gt-ala-blur-desc","$v":"Aplikazio guztiek ez dute zure kokapen zehatzik behar ongi funtzionatzeko. Zure koordenatu zehatzak partekatu ordez, zure kokapena lausotzea aukera dezakezu, esaterako zure inguruko 50 kilometrotan. Horrela, esaterako zure eguraldi-aplikazioak funtzionatuko du, baina ez diozu zure kokapen zehatza esango. Gogoan izan: 'Kokapenaren doiketa' aukerak ez zaitu erabat ezkutatuko!"},{"$i":"gt-ala-custom-header","$v":"Zer da kokapen pertsonalizatua?"},{"$i":"gt-ala-custom-desc","$v":"Kokapen pertsonalizatuaren ezarpenarekin, zure benetako kokapena ezkuta dezakezu eta munduko beste toki batean bazeunde bezala ezarri. Zerorrek aukeratzen duzu non zauden!"},{"$i":"gt-ala-exceptions-header","$v":"Zer da aplikazioaren araberako kokapena?"},{"$i":"gt-ala-exceptions-desc","$v":"Zure geokokapena atzi dezaketen aplikazio guztien ikuspegi orokorra duzu hemen. Aplikazio bakoitzaren ezarpenak banaka doi ditzakezu. Kokapen-zehaztasun orokorra gainidatz dezakezu aplikazio bakoitzerako."},{"$i":"gt-rp-explain-header","$v":"Urruneko babesa? Zer da?"},{"$i":"gt-rp-explain-desc","$v":"Zure telefonoa galtzen baduzu edo lapurtzen badizute, 'Urruneko babesa' erabil dezakezu. Beste telefono batetik hura aurki dezakezu, txirrina jo dezan eragin dezakezu edo blokeatu dezakezu. Hori egiteko, zure pasaesaldi pertsonala ezarri behar duzu eta erabili nahi dituzun eginbideak gaitu behar dituzu (aurkitu, txirrina jo eta blokeatu)."},{"$i":"gt-rp-passphrase-header","$v":"Nola ezarri zure pasaesaldi pertsonala?"},{"$i":"gt-rp-passphrase-desc","$v":"Sakatu 'Urruneko babesa' eta ezarri zure pasaesaldia zure urruneko eginbideak segurtatzeko. Zure pasaesaldia ahaztu baduzu, zure SIMaren PINa edo blokeo-pantailaren pasakodea erabiliz berrezar dezakezu."},{"$i":"gt-rp-locate-header","$v":"Nola aurkitu nire telefonoa?"},{"$i":"gt-rp-locate-desc1","$v":"Telefonoa galdu baduzu, hartu lagun baten telefonoa eta bidali SMS bat honekin:"},{"$i":"gt-rp-locate-command","$v":"RP locate ZUREPASAESALDIA"},{"$i":"gt-rp-locate-desc2","$v":"zure telefono-zenbakira eta beste SMS baten bidez haren GPS koordenatu zehatak eskuratuko dituzu. Ziurtatu pasaesaldia konfiguratzen duzula!"},{"$i":"gt-rp-ring-header","$v":"Nola egin zure telefonoak txirrina jo dezan?"},{"$i":"gt-rp-ring-desc1","$v":"Erraza da! Bidali SMS bat honekin:"},{"$i":"gt-rp-ring-command","$v":"RP ring ZUREPASAESALDIA"},{"$i":"gt-rp-ring-desc2","$v":"zure telefono-zenbakira eta txirrina joko du zurk hura aurkitu eta desblokeatzen duzun arte."},{"$i":"gt-rp-lock-header","$v":"Nola blokeatu nire telefonoa?"},{"$i":"gt-rp-lock-desc1","$v":"Telefonoa galdu baduzu eta urrunetik blokeatu nahi baduzu, bidali SMS bat honekin:"},{"$i":"gt-rp-lock-command","$v":"RP lock ZUREPASAESALDIA"},{"$i":"gt-rp-lock-desc2","$v":"zure telefono-zenbakira. Telefonoa blokeatu egingo da eta zuk bakarrik desblokeatu ahal izango duzu zure betiko pantaila-pasakodearekin."},{"$i":"get-started","$v":"Hasi orain!"},{"$i":"finish-tour","$v":"Amaitu itzulia"},{"$i":"ok","$v":"Ados"},{"$i":"back","$v":"Atzera"},{"$i":"next","$v":"Aurrera"},{"$i":"sms-ring","$v":"Zure gailuak txirrina jo behar luke orain eta blokeatu egin da. Zure pasakodearekin desblokea dezakezu."},{"$i":"sms-lock","$v":"Zure gailua blokeatu egin da. Zure pasakodearekin desblokea dezakezu."},{"$i":"sms-locate","$v":["Zure gailuaren koordenatuak @",{"t":"idOrVar","v":"latitude"},",",{"t":"idOrVar","v":"longitude"}," dira eta gailua blokeatu egin da. Zure pasakodearekin desblokea dezakezu."]},{"$i":"about-privacy-controls","$v":"Pribatutasun-kontrolei buruz"},{"$i":"version","$v":"Bertsioa"},{"$i":"build-id","$v":"Build-ID"},{"$i":"about-pc-header","$v":"Pribatutasun-kontrolei buruz"},{"$i":"about-pc-desc","$v":"Deutsche Telekom konpainiarekin elkarlanean, Mozilla Fundazioak pribatutasun-kontrolak garatu ditu erabiltzaileek beraien datu pertsonala kontrola berreskura dezaten."},{"$i":"perm-alarms-description","$v":"Programatu jakinarazpen bat, edo programatu aplikazio baten abioa."},{"$i":"perm-audio-capture-description","$v":"Atzitu audioaren sarrera-gailuak, adib. mikrofonoa."},{"$i":"perm-audio-channel-alarm-description","$v":"Erreproduzitu erloju-alarmak eta egutegi-alarmak."},{"$i":"perm-audio-channel-content-description","$v":"Erreproduzitu musika eta bideoa."},{"$i":"perm-audio-channel-normal-description","$v":"Erreproduzitu interfazearen soinuak, web edukia, musika, irratia."},{"$i":"perm-audio-channel-notification-description","$v":"Erreproduzitu jakinarazpen-mezuen soinuak."},{"$i":"perm-browser-description","$v":"Aplikazioak nabigatzaile bat iframe batean inplementatzea ahalbidetzen du."},{"$i":"perm-camera-description","$v":"Egin argazkiak, grabatu bideoak eta audioa, eta kontrolatu kamera."},{"$i":"perm-contacts-description","$v":"Gehitu, irakurri edo aldatu kontaktuak gailuko helbide-liburutik eta irakurri kontaktuak SIM txarteletik."},{"$i":"perm-contacts-readonly-description","$v":"Irakurri kontaktuak gailuko helbide-liburutik eta irakurri kontaktuak SIM txarteletik."},{"$i":"perm-contacts-readwrite-description","$v":"Irakurri edo aldatu kontaktuak gailuko helbide-liburutik eta irakurri kontaktuak SIM txarteletik."},{"$i":"perm-contacts-readcreate-description","$v":"Gehitu, irakurri edo aldatu kontaktuak gailuko helbide-liburutik eta irakurri kontaktuak SIM txarteletik."},{"$i":"perm-contacts-createonly-description","$v":"Sartu kontaktuak gailuko helbide-liburuan."},{"$i":"perm-desktop-notification-description","$v":"Erakutsi jakinarazpen bat erabiltzailearen gailuan."},{"$i":"perm-device-storage-music-description","$v":"Gehitu, irakurri edo aldatu gailuan gordetako musika-fitxategiak."},{"$i":"perm-device-storage-music-readonly-description","$v":"Irakurri gailuan gordetako musika-fitxategiak."},{"$i":"perm-device-storage-music-readwrite-description","$v":"Irakurri edo aldatu gailuan gordetako musika-fitxategiak."},{"$i":"perm-device-storage-music-readcreate-description","$v":"Gehitu, irakurri edo aldatu gailuan gordetako musika-fitxategiak."},{"$i":"perm-device-storage-music-createonly-description","$v":"Gorde musika-fitxategi berriak gailuan."},{"$i":"perm-device-storage-pictures-description","$v":"Gehitu, irakurri edo aldatu gailuan gordetako irudi-fitxategiak."},{"$i":"perm-device-storage-pictures-readonly-description","$v":"Irakurri gailuan gordetako irudi-fitxategiak."},{"$i":"perm-device-storage-pictures-readwrite-description","$v":"Irakurri edo aldatu gailuan gordetako irudi-fitxategiak."},{"$i":"perm-device-storage-pictures-readcreate-description","$v":"Gehitu, irakurri edo aldatu gailuan gordetako irudi-fitxategiak."},{"$i":"perm-device-storage-pictures-createonly-description","$v":"Gorde irudi-fitxategi berriak gailuan."},{"$i":"perm-device-storage-sdcard-description","$v":"Gehitu, irakurri edo aldatu gailuaren SD txartelean gordetako fitxategiak."},{"$i":"perm-device-storage-sdcard-readonly-description","$v":"Irakurri gailuaren SD txartelean gordetako fitxategiak."},{"$i":"perm-device-storage-sdcard-readwrite-description","$v":"Irakurri edo aldatu gailuaren SD txartelean gordetako fitxategiak."},{"$i":"perm-device-storage-sdcard-readcreate-description","$v":"Gehitu, irakurri edo aldatu gailuaren SD txartelean gordetako fitxategiak."},{"$i":"perm-device-storage-sdcard-createonly-description","$v":"Gorde fitxategi berriak gailuaren SD txartelean."},{"$i":"perm-device-storage-videos-description","$v":"Gehitu, irakurri edo aldatu gailuan gordetako bideo-fitxategiak."},{"$i":"perm-device-storage-videos-readonly-description","$v":"Irakurri gailuan gordetako bideo-fitxategiak."},{"$i":"perm-device-storage-videos-readwrite-description","$v":"Irakurri edo aldatu gailuan gordetako bideo-fitxategiak."},{"$i":"perm-device-storage-videos-readcreate-description","$v":"Gehitu, irakurri edo aldatu gailuan gordetako bideo-fitxategiak."},{"$i":"perm-device-storage-videos-createonly-description","$v":"Gorde bideo-fitxategi berriak gailuan."},{"$i":"perm-fmradio-description","$v":"Kontrolatu FM irratia."},{"$i":"perm-geolocation-description","$v":"Eskuratu erabiltzailearen uneko kokapena."},{"$i":"perm-input-description","$v":"Onartu aplikazioak teklatu birtual gisa jokatzea, beste aplikazio batzuetako foku-aldaketen gertaerei entzunez."},{"$i":"perm-mobilenetwork-description","$v":"Eskuratu sare mugikorraren informazioa (MCC, MNC, etab.)."},{"$i":"perm-push-description","$v":"Gaitu aplikazio bat jakinarazpenak jasotzeko esna dadin."},{"$i":"perm-storage-description","$v":"Erabili biltegiratzea tamaina mugarik gabe."},{"$i":"perm-systemXHR-description","$v":"Onartu jatorri gurutzatuko XHR anonimoa helburu-guneak CORS gaituta eduki gabe."},{"$i":"perm-tcp-socket-description","$v":"Sortu TCP socket-ak eta komunikatu horiek erabiliz."},{"$i":"perm-video-capture-description","$v":"Atzitu bideoaren sarrera-gailuak, adib. kamera."},{"$i":"perm-attention-description","$v":"Onartu edukiak leiho bat ireki dezan gainerako eduki guztiaren aurretik."},{"$i":"perm-audio-channel-ringer-description","$v":"Erreproduzitu soinuak sarrerako telefono-deietan."},{"$i":"perm-audio-channel-telephony-description","$v":"Erreproduzitu soinuak telefono-deietan, VoIP deietan."},{"$i":"perm-audio-channel-publicnotification-description","$v":"Erreproduzitu jakinarazpen publikoen soinuak."},{"$i":"perm-background-sensors-description","$v":"Entzun hurbiltasun-sentsoreen gertaerak atzeko planoan."},{"$i":"perm-backgroundservice-description","$v":"Gaitu aplikazio bat atzeko planoan exekuta dadin."},{"$i":"perm-bluetooth-description","$v":"Bluetooh hardwarearen behe mailako atzipena."},{"$i":"perm-cellbroadcast-description","$v":"Gertaera bat aktibatzen du sare mugikorreko mezu bat (larrialdiko sare-jakinarazpen bat) jasotzen denean."},{"$i":"perm-device-storage-apps-description","$v":"Gehitu, irakurri edo aldatu gailuan aplikazioetarako dagoen kokapenean gordetako fitxategiak."},{"$i":"perm-device-storage-apps-readonly-description","$v":"Irakurri gailuan aplikazioetarako dagoen kokapenean gordetako fitxategiak."},{"$i":"perm-device-storage-apps-readwrite-description","$v":"Irakurri edo aldatu gailuan aplikazioetarako dagoen kokapenean gordetako fitxategiak."},{"$i":"perm-device-storage-apps-readcreate-description","$v":"Gehitu, irakurri edo aldatu gailuan aplikazioetarako dagoen kokapenean gordetako fitxategiak."},{"$i":"perm-device-storage-apps-createonly-description","$v":"Gorde fitxategi berriak gailuan aplikazioetarako dagoen kokapenean."},{"$i":"perm-embed-apps-description","$v":"Aplikazioak mozApp markoetan kapsulatzeko gaitasuna."},{"$i":"perm-idle-description","$v":"Jakinarazi aplikazioari erabiltzailea inaktibo dagoen."},{"$i":"perm-mobileconnection-description","$v":"Eskuratu informazioa uneko ahots- eta datu-konexio mugikorrari buruz."},{"$i":"perm-network-events-description","$v":"Kontrolatu sarearen kargak eta deskargak."},{"$i":"perm-networkstats-manage-description","$v":"Eskuratu interfazearen araberako datu-erabileraren estatistikak."},{"$i":"perm-open-remote-window-description","$v":"Ireki leihoak prozesu berri batean."},{"$i":"perm-permissions-description","$v":"Onartu aplikazio batek beste aplikazio batzuen baimenak kudea ditzan."},{"$i":"perm-power-description","$v":"Piztu edo itzali pantaila, kontrolatu PUZa eta gailuaren energia, etab."},{"$i":"perm-settings-description","$v":"Konfiguratu edo irakurri gailu-ezarpenak."},{"$i":"perm-settings-readonly-description","$v":"Irakurri gailu-ezarpenak."},{"$i":"perm-settings-readwrite-description","$v":"Irakurri edo aldatu gailu-ezarpenak."},{"$i":"perm-settings-readcreate-description","$v":"Gehitu, irakurri edo aldatu gailu-ezarpenak."},{"$i":"perm-settings-createonly-description","$v":"Gehitu gailu-ezarpenak."},{"$i":"perm-sms-description","$v":"Bidali eta jaso SMS mezuak."},{"$i":"perm-telephony-description","$v":"Atzitu telefono-deiak egiteko eta jasotzeko API guztiak."},{"$i":"perm-time-description","$v":"Ezarri uneko ordua."},{"$i":"perm-voicemail-description","$v":"Atzitu ahots-mezuak."},{"$i":"perm-webapps-manage-description","$v":"Kudeatu instalatutako Open Web aplikazioak."},{"$i":"perm-wifi-manage-description","$v":"Zerrendatu erabilgarri dauden Wi-Fi sareak, eskuratu seinalearen indarra, konektatu sare batekin."},{"$i":"perm-wappush-description","$v":"Jaso WAP Push mezuak."},{"$i":"title-app","$v":"Aplikazioaren baimena"},{"$i":"title-web","$v":"Webgunearen baimena"},{"$i":"title-cam","$v":"Hautatu kamera"},{"$i":"perm-alarms","$v":"Programatu alarmak"},{"$i":"perm-audio-capture","$v":"Mikrofonoa"},{"$i":"perm-audio-capture-appRequest","$v":["Zure mikrofonoa partekatu nahi duzu ",{"t":"idOrVar","v":"app"}," aplikazioarekin?"]},{"$i":"perm-audio-capture-webRequest","$v":["Zure mikrofonoa partekatu nahi duzu ",{"t":"idOrVar","v":"site"}," webgunearekin?"]},{"$i":"perm-audio-channel-content","$v":"Erreproduzitu soinuak"},{"$i":"perm-audio-channel-notification","$v":"Erreproduzitu jakinarazpen-soinuak"},{"$i":"perm-audio-channel-ringer","$v":"Erreproduzitu txirrin-soinuak"},{"$i":"perm-background-sensors","$v":"Atzitu sentsore-datuak"},{"$i":"perm-bluetooth","$v":"Bluetooth-a"},{"$i":"perm-browser","$v":"Ikuskatu web orriak"},{"$i":"perm-camera","$v":"Kamerak"},{"$i":"perm-camera-selector-appRequest","$v":["Hautatu kamera ",{"t":"idOrVar","v":"app"}," aplikazioarentzat."]},{"$i":"perm-camera-selector-webRequest","$v":["Hautatu kamera ",{"t":"idOrVar","v":"site"}," gunearentzat."]},{"$i":"perm-cellbroadcast","$v":"Difusio zelularrak"},{"$i":"perm-contacts","$v":"Kontaktuak"},{"$i":"perm-contacts-appRequest","$v":[{"t":"idOrVar","v":"app"}," aplikazioak zure kontaktu-zerrendarako sarbidea nahi du."]},{"$i":"perm-contacts-webRequest","$v":[{"t":"idOrVar","v":"site"}," guneak zure kontaktu-zerrendarako sarbidea nahi du."]},{"$i":"perm-desktop-notification","$v":"Jakinarazpenak"},{"$i":"perm-desktop-notification-appRequest","$v":[{"t":"idOrVar","v":"app"}," aplikazioak jakinarazpenak bistaratu nahi ditu."]},{"$i":"perm-desktop-notification-webRequest","$v":[{"t":"idOrVar","v":"site"}," guneak jakinarazpenak bistaratu nahi ditu."]},{"$i":"perm-device-storage-apps","$v":"Aplikazioen biltegiratzea"},{"$i":"perm-device-storage-music","$v":"Musika-biltegiratzea"},{"$i":"perm-device-storage-music-appRequest","$v":[{"t":"idOrVar","v":"app"}," aplikazioak zure musikarako sarbidea nahi du."]},{"$i":"perm-device-storage-music-webRequest","$v":[{"t":"idOrVar","v":"site"}," guneak zure musikarako sarbidea nahi du."]},{"$i":"perm-device-storage-pictures","$v":"Irudi-biltegiratzea"},{"$i":"perm-device-storage-pictures-appRequest","$v":[{"t":"idOrVar","v":"app"}," aplikazioak zure irudietarako sarbidea nahi du."]},{"$i":"perm-device-storage-pictures-webRequest","$v":[{"t":"idOrVar","v":"site"}," guneak zure irudietarako sarbidea nahi du."]},{"$i":"perm-device-storage-sdcard","$v":"Memoria-txarteleko biltegiratzea"},{"$i":"perm-device-storage-sdcard-appRequest","$v":[{"t":"idOrVar","v":"app"}," aplikazioak zure memoria-txartelerako sarbidea nahi du."]},{"$i":"perm-device-storage-sdcard-webRequest","$v":[{"t":"idOrVar","v":"site"}," guneak zure memoria-txartelerako sarbidea nahi du."]},{"$i":"perm-device-storage-videos","$v":"Bideo-biltegiratzea"},{"$i":"perm-device-storage-videos-appRequest","$v":[{"t":"idOrVar","v":"app"}," aplikazioak zure bideoetarako sarbidea nahi du."]},{"$i":"perm-device-storage-videos-webRequest","$v":[{"t":"idOrVar","v":"site"}," guneak zure bideoetarako sarbidea nahi du."]},{"$i":"perm-embed-apps","$v":"Kapsulatu aplikazioak"},{"$i":"perm-fmradio","$v":"FM irratia"},{"$i":"perm-fmradio-appRequest","$v":[{"t":"idOrVar","v":"app"}," aplikazioak FM irratia erabili nahi du."]},{"$i":"perm-fmradio-webRequest","$v":[{"t":"idOrVar","v":"site"}," guneak FM irratia erabili nahi du."]},{"$i":"perm-geolocation","$v":"Geokokapena"},{"$i":"perm-geolocation-appRequest","$v":[{"t":"idOrVar","v":"app"}," aplikazioak zure kokapena jakin nahi du."]},{"$i":"perm-geolocation-more-info","$v":["GPSaren, Wi-Fiaren eta zure inguruko sare mugikorren datuak erabiltzen ditu ",{"t":"idOrVar","v":"brandShortName"},"(e)k zure gutxi gorabeherako kokapena zehazteko. Datuak Mozillari eta beste zerbitzu-hornitzaile batzuei bidaltzen zaizkie eta, denak bilduta, kokapen-datubaseak hobetzeko erabiltzen dira.  Datuak zure gailuan gorde daitezke eta datuen biltzea aplikaziorik exekutatzen ez dagoenean ere gerta daiteke."]},{"$i":"perm-geolocation-webRequest","$v":[{"t":"idOrVar","v":"site"}," guneak zure kokapena jakin nahi du."]},{"$i":"perm-idle","$v":"Ikusi egoera inaktiboa"},{"$i":"perm-indexedDB-chrome-settings","$v":"Pribilegiodun IndexedDB"},{"$i":"perm-indexedDB-unlimited","$v":"Muga gabeko IndexedDB biltegiratzea"},{"$i":"perm-input-manage","$v":"Kudeatu teklatuak"},{"$i":"perm-input","$v":"Aritu teklatu gisa"},{"$i":"perm-media-capture","$v":"Kamera eta mikrofonoa"},{"$i":"perm-media-capture-appRequest","$v":["Zure kamera eta mikrofonoa partekatu nahi dituzu ",{"t":"idOrVar","v":"app"}," aplikazioarekin?"]},{"$i":"perm-media-capture-webRequest","$v":["Zure kamera eta mikrofonoa partekatu nahi dituzu ",{"t":"idOrVar","v":"site"}," webgunearekin?"]},{"$i":"perm-mobileconnection","$v":"Konexio mugikorra"},{"$i":"perm-mobileid","$v":"Mugikorreko identitatea"},{"$i":"perm-network-events","$v":"Sare-gertaerak"},{"$i":"perm-open-remote-window","$v":"Abiarazi aplikazio bat"},{"$i":"perm-permissions","$v":"Aldatu aplikazioaren baimenak"},{"$i":"perm-power","$v":"Energia-ezarpenak"},{"$i":"perm-settings","$v":"Aldatu ezarpenak"},{"$i":"perm-systemXHR","$v":"Jatorri gurutzatuko eskaerak"},{"$i":"perm-telephony","$v":"Telefonia"},{"$i":"perm-video-capture","$v":"Kamera"},{"$i":"perm-video-capture-appRequest","$v":["Zure kamera partekatu nahi duzu ",{"t":"idOrVar","v":"app"}," aplikazioarekin?"]},{"$i":"perm-video-capture-webRequest","$v":["Zure kamera partekatu nahi duzu ",{"t":"idOrVar","v":"site"}," webgunearekin?"]},{"$i":"perm-voicemail","$v":"Kontrolatu ahots-mezua"},{"$i":"perm-webapps-manage","$v":"Instalatu web aplikazioak"},{"$i":"perm-wifi-manage","$v":"Kudeatu Wi-Fia"},{"$i":"perm-attention","$v":"Ireki laster-menu gainjarriak"},{"$i":"perm-audio-channel-alarm","$v":"Erreproduzitu alarma-soinuak"},{"$i":"perm-audio-channel-normal","$v":"Erreproduzitu soinuak"},{"$i":"perm-audio-channel-publicnotification","$v":"Erreproduzitu jakinarazpen publikoen soinuak"},{"$i":"perm-audio-channel-telephony","$v":"Erreproduzitu telefonia-soinuak"},{"$i":"perm-backgroundservice","$v":"Aritu atzeko planoko zerbitzu gisa"},{"$i":"perm-device-storage-crashes","$v":"Hutsegite-datuen biltegiratzea"},{"$i":"perm-downloads","$v":"Atzitu deskargak"},{"$i":"perm-embed-widgets","$v":"Kapsulatu widgetak"},{"$i":"perm-feature-detection","$v":"Eginbideen detekzioa"},{"$i":"perm-firefox-accounts","$v":"Firefox kontuak"},{"$i":"perm-mobilenetwork","$v":"Sare mugikorra"},{"$i":"perm-moz-attention","$v":"Ireki laster-menu gainjarriak (moz)"},{"$i":"perm-moz-audio-channel-ringer","$v":"Erreproduzitu txirrin-soinuak (moz)"},{"$i":"perm-moz-audio-channel-telephony","$v":"Erreproduzitu telefonia-soinuak (moz)"},{"$i":"perm-moz-firefox-accounts","$v":"Firefox kontuak (moz)"},{"$i":"perm-networkstats-manage","$v":"Kontrolatu erabilera-estatistikak"},{"$i":"perm-nfc","$v":"NFC"},{"$i":"perm-nfc-hci-events","$v":"NFC HCI gertaerak"},{"$i":"perm-nfc-manager","$v":"Kudeatu NFC"},{"$i":"perm-phonenumberservice","$v":"Telefono-zenbakiaren zerbitzua"},{"$i":"perm-push","$v":"Push APIa"},{"$i":"perm-resourcestats-manage","$v":"Baliabide-estatistikak"},{"$i":"perm-sms","$v":"Bidali eta irakurri SMSak"},{"$i":"perm-speaker-control","$v":"Kontrolatu bolumena"},{"$i":"perm-storage","$v":"Atzitu biltegiratzea"},{"$i":"perm-tcp-socket","$v":"TCP socket-ak"},{"$i":"perm-test-permission","$v":"Proba-baimena"},{"$i":"perm-time","$v":"Ezarri data eta ordua"},{"$i":"perm-udp-socket","$v":"UDP socket-ak"},{"$i":"perm-wappush","$v":"WAP Push"}]