[{"$i":"brandShortName","$v":"B2G OS"},{"$i":"browserBrandShortName","$v":"Web Browser"},{"$i":"browserBrandFullName","$v":"Mozilla Web Browser"},{"$i":"ringtoneBrandName","$v":"Default"},{"$i":"ringtoneSectionBrandName","$v":"System"},{"$i":"africa","$v":"Afrique"},{"$i":"america","$v":"Amérique"},{"$i":"antarctica","$v":"Antarctique"},{"$i":"asia","$v":"Asie"},{"$i":"atlantic-ocean","$v":"Océan atlantique"},{"$i":"australia","$v":"Australie"},{"$i":"europe","$v":"Europe"},{"$i":"indian-ocean","$v":"Océan indien"},{"$i":"pacific-ocean","$v":"Océan pacifique"},{"$i":"privacy-controls","$v":"Gestion vie privée"},{"$i":"location-accuracy","$v":"Précision de la position"},{"$i":"transparency-control","$v":"Contrôle transparence"},{"$i":"privacy-protection","$v":"Protection à distance"},{"$i":"guided-tour","$v":"Visite guidée"},{"$i":"la-panel","$v":"Précision de la position"},{"$i":"geolocation","$v":"Géolocalisation"},{"$i":"location-adjustment","$v":"Position approximative"},{"$i":"location-adjustment-info","$v":["Rappel : Ajuster la position modifie la position géographique que ",{"t":"idOrVar","v":"brandShortName"}," communique aux applications. Cela n’affecte pas votre adresse IP ni vos paramètres de langue, ainsi certains services sont susceptibles de toujours pouvoir vous localiser."]},{"$i":"location-adjustment-description","$v":"Permet d’ajuster pour toutes les applications le niveau de précision global de votre position actuelle, de définir une position fixe permanente et d’ajouter des exceptions par application."},{"$i":"adjustment","$v":"Position approximative"},{"$i":"add-exceptions","$v":"Ajouter des exceptions"},{"$i":"app-list-description","$v":"Cette liste affiche toutes les applications pouvant accéder à votre position."},{"$i":"type-user-defined","$v":"Définie par l’utilisateur"},{"$i":"blur-distance-km","$v":["Zone de ",{"t":"idOrVar","v":"value"}," km de rayon"]},{"$i":"blur-distance-m","$v":["Zone de ",{"t":"idOrVar","v":"value"}," m de rayon"]},{"$i":"type-precise","$v":"Précise"},{"$i":"type-no-location","$v":"Aucune position"},{"$i":"attention","$v":"Attention"},{"$i":"ala-custom-location-alert","$v":"Vous n’avez pas encore défini de position personnalisée. Veuillez en définir une avant de modifier les autres paramètres."},{"$i":"custom-location","$v":"Position personnalisée"},{"$i":"set-custom-location","$v":"Personnaliser la position"},{"$i":"set-location","$v":"Définir la position"},{"$i":"custom-location-description","$v":"Permet de définir une position personnalisée et de l’utiliser comme position permanente."},{"$i":"precise","$v":"Position précise"},{"$i":"no-location","$v":"Aucune position"},{"$i":"exceptions-application-description","$v":"Ajuster le niveau de précision de la position personnalisée pour l’application suivante :"},{"$i":"custom-location-ala-10","$v":"Position personnalisée"},{"$i":"choose-a-region-city","$v":"Choisir une région/ville"},{"$i":"region","$v":"Région"},{"$i":"city","$v":"Ville"},{"$i":"enter-gps-coordinates","$v":"Coordonnées GPS"},{"$i":"enter-gps-description","$v":"Veuillez saisir des coordonnées GPS comprises entre -180.0 et 180 degrés pour la longitude, entre -90.0 et 90.0 degrés pour la latitude et dont la partie décimale est séparée par un point."},{"$i":"latitude","$v":"Latitude"},{"$i":"longitude","$v":"Longitude"},{"$i":"global-settings","$v":"Paramètres globaux"},{"$i":"rp-panel","$v":"Protection à distance"},{"$i":"rp-new-password-description","$v":"Veuillez définir une phrase secrète pour sécuriser les fonctionnalités utilisables à distance (100 caractères maximum)."},{"$i":"new-passphrase","placeholder":"Nouvelle phrase secrète"},{"$i":"confirm-new-passphrase","placeholder":"Confirmation de la phrase secrète"},{"$i":"rp-login-description","$v":"Veuillez saisir votre phrase secrète."},{"$i":"rp-change-password","$v":"Réinitialiser ou modifier la phrase secrète"},{"$i":"passphrase","placeholder":"Phrase secrète"},{"$i":"rp-change-password-description","$v":"Pour réinitialiser votre phrase secrète veuillez saisir votre code d’accès ou code PIN puis une nouvelle phrase secrète."},{"$i":"sim1","$v":"SIM 1"},{"$i":"sim2","$v":"SIM 2"},{"$i":"enter","placeholder":"Saisir le code"},{"$i":"passphrase-wrong","$v":"La phrase secrète est incorrecte."},{"$i":"passphrase-empty","$v":"La phrase secrète n’est pas renseignée."},{"$i":"passphrase-too-long","$v":"La phrase secrète est trop longue."},{"$i":"passphrase-invalid","$v":"Les caractères spéciaux ne sont pas autorisés."},{"$i":"passphrase-different","$v":"La confirmation doit correspondre avec la phrase secrète."},{"$i":"pin-empty","$v":"Le code d’accès n’est pas renseigné."},{"$i":"pin-invalid","$v":"Le code d’accès est incorrect."},{"$i":"passcode-long","$v":"Le code d’accès doit comprendre 4 chiffres."},{"$i":"pin-different","$v":"Le code d’accès est incorrect."},{"$i":"sim-invalid","$v":"Le code PIN est incorrect."},{"$i":"pin-tries-left","$v":{"one":"Dernier essai.","two":[{"t":"idOrVar","v":"n"}," essais restants."],"few":[{"t":"idOrVar","v":"n"}," essais restants."],"many":[{"t":"idOrVar","v":"n"}," essais restants."],"other":[{"t":"idOrVar","v":"n"}," essais restants."]},"$x":[{"t":"idOrVar","v":"plural"},"n"]},{"$i":"remote-locate","$v":"Localiser à distance"},{"$i":"remote-locate-description","$v":"Vous pouvez localiser cet appareil en envoyant par SMS : RP locate VOTREPHRASESECRÈTE"},{"$i":"remote-ring","$v":"Faire sonner à distance"},{"$i":"remote-ring-description","$v":"Vous pouvez faire sonner cet appareil en envoyant par SMS : RP ring VOTREPHRASESECRÈTE"},{"$i":"remote-lock","$v":"Verrouiller à distance"},{"$i":"remote-lock-description","$v":"Vous pouvez verrouiller cet appareil en envoyant par SMS : RP lock VOTREPHRASESECRÈTE"},{"$i":"rp-lockscreen-alert","$v":"Veuillez activer l’écran de verrouillage ET le code d’accès depuis les paramètres système pour pouvoir utiliser les fonctionnalités de protection à distance."},{"$i":"take-me-there","$v":"S’y rendre"},{"$i":"lock-screen","$v":"Écran de verrouillage"},{"$i":"screen-lock-header","$v":"Écran de verrouillage"},{"$i":"passcode-lock","$v":"Code d’accès"},{"$i":"require-passcode","$v":"Demander le code d’accès"},{"$i":"immediately","$v":"Immédiatement"},{"$i":"after-one-minute","$v":"Au bout d’une minute"},{"$i":"after-five-minutes","$v":"Au bout de 5 minutes"},{"$i":"after-fifteen-minutes","$v":"Au bout de 15 minutes"},{"$i":"after-thirty-minutes","$v":"Au bout de 30 minutes"},{"$i":"after-one-hour","$v":"Au bout d’une heure"},{"$i":"change-passcode","$v":"Changer le code d’accès"},{"$i":"change","$v":"Changer"},{"$i":"create","$v":"Créer"},{"$i":"passcode-heading","$v":"Code d’accès"},{"$i":"current-passcode","$v":"Code d’accès actuel"},{"$i":"new-passcode","$v":"Nouveau code d’accès"},{"$i":"enter-passcode","$v":"Saisir le code d’accès"},{"$i":"create-a-passcode","$v":"Créer un code d’accès"},{"$i":"passcode","$v":"Code d’accès"},{"$i":"confirm-passcode","$v":"Confirmer le code d’accès"},{"$i":"incorrect-passcode","$v":"Le code d’accès est incorrect"},{"$i":"passcode-doesnt-match","$v":"Les codes d’accès ne correspondent pas. Veuillez réessayer."},{"$i":"tc-panel","$v":"Contrôle transparence"},{"$i":"tc-applications","$v":"Applications"},{"$i":"tc-permissions","$v":"Permissions"},{"$i":"tc-sort-alphabetical","$v":"Alphabétique"},{"$i":"tc-sort-trustLevel","$v":"Niveau de confiance"},{"$i":"tc-sort-vendor","$v":"Éditeur"},{"$i":"tc-search-apps","placeholder":"Rechercher"},{"$i":"tc-search-close","$v":"fermer"},{"$i":"tc-search-clear","$v":"effacer"},{"$i":"tc-trust-certified","$v":"Applications internes"},{"$i":"tc-trust-privileged","$v":"Applications privilégiées"},{"$i":"tc-trust-web","$v":"Applications web"},{"$i":"tc-explicit-permissions","$v":"Permissions"},{"$i":"tc-implicit-permissions","$v":"Permissions implicites"},{"$i":"tc-explicit-prompt","$v":"Demander"},{"$i":"tc-explicit-deny","$v":"Refuser"},{"$i":"tc-explicit-allow","$v":"Autoriser"},{"$i":"tc-apps-accessing-permission","$v":"Applications ayant cette permission"},{"$i":"gt-main-pc-header","$v":"Bienvenue dans l’application Gestion vie privée."},{"$i":"gt-main-desc","$v":"Cette application vous aide à protéger votre vie privée et vous permet de verrouiller ou retrouver votre téléphone s’il est perdu. Découvrons ensemble toutes les fonctionnalités disponibles, c’est très rapide."},{"$i":"gt-ala-explain-header","$v":"Pourquoi rendre ma position approximative ?"},{"$i":"gt-ala-explain-desc","$v":"De nombreuses applications utilisent votre position géographique, comme le carnet d’adresses ou l’appareil photo. Si vous ne souhaitez pas leur communiquer votre position exacte, vous pouvez ajuster la précision de la position utilisée par ces applications, définir une position personnalisée ou bien masquer votre position."},{"$i":"gt-ala-blur-header","$v":"Comment faire pour rendre ma position approximative ?"},{"$i":"gt-ala-blur-desc","$v":"Toutes les applications n’ont pas besoin de savoir exactement où vous vous trouvez pour fonctionner. Au lieu de dévoiler vos coordonnées précises, vous pouvez rendre votre position approximative en indiquant, par exemple, une zone de 50 km de rayon autour de votre position. Ainsi, votre application météo fonctionnera toujours, mais vous ne lui communiquerez pas votre position exacte. Attention cependant, rendre votre position approximative ne la masquera pas complètement."},{"$i":"gt-ala-custom-header","$v":"Qu’est-ce qu’une position personnalisée ?"},{"$i":"gt-ala-custom-desc","$v":"En définissant une position personnalisée vous pourrez masquer votre position réelle et ainsi utiliser une position complètement différente à la place. Cela peut être n’importe où !"},{"$i":"gt-ala-exceptions-header","$v":"Que sont les positions spécifiques aux applications ?"},{"$i":"gt-ala-exceptions-desc","$v":"Depuis la liste de toutes les applications qui peuvent accéder à votre position, vous pouvez modifier les paramètres pour chaque application, indépendamment du paramètre global de précision de la position."},{"$i":"gt-rp-explain-header","$v":"Qu’est-ce que la protection à distance ?"},{"$i":"gt-rp-explain-desc","$v":"Si votre téléphone est perdu ou volé, vous pouvez utiliser cette fonctionnalité. Depuis un autre téléphone vous pouvez, à distance, le localiser, le faire sonner ou même le verrouiller. Il vous suffit de définir une phrase secrète personnelle pour ensuite activer les fonctionnalités que vous souhaitez utiliser (localiser, faire sonner et verrouiller)."},{"$i":"gt-rp-passphrase-header","$v":"Comment définir votre phrase secrète personnelle ?"},{"$i":"gt-rp-passphrase-desc","$v":"Appuyez sur « Protection à distance » et définissez votre phrase secrète pour sécuriser les fonctionnalités accessibles à distance. Si vous oubliez votre phrase secrète vous pouvez la réinitialiser grâce à votre code PIN ou au code d’accès de l’écran de verrouillage."},{"$i":"gt-rp-locate-header","$v":"Comment localiser votre téléphone ?"},{"$i":"gt-rp-locate-desc1","$v":"Si votre téléphone est perdu, utilisez simplement le téléphone d’un ami et envoyez un SMS contenant"},{"$i":"gt-rp-locate-command","$v":"RP locate VOTREPHRASESECRÈTE"},{"$i":"gt-rp-locate-desc2","$v":"à votre numéro de téléphone et vous obtiendrez ses coordonnées GPS exactes par SMS. N’oubliez pas de définir d’abord une phrase secrète."},{"$i":"gt-rp-ring-header","$v":"Comment faire sonner votre téléphone ?"},{"$i":"gt-rp-ring-desc1","$v":"C’est facile, envoyez simplement un SMS contenant"},{"$i":"gt-rp-ring-command","$v":"RP ring VOTREPHRASESECRÈTE"},{"$i":"gt-rp-ring-desc2","$v":"à votre numéro de téléphone et il sonnera jusqu’à ce que vous le trouviez et le déverrouilliez."},{"$i":"gt-rp-lock-header","$v":"Comment verrouiller votre téléphone ?"},{"$i":"gt-rp-lock-desc1","$v":"Si vous avez perdu votre téléphone et que vous souhaitez le verrouiller à distance, envoyez simplement un SMS contenant"},{"$i":"gt-rp-lock-command","$v":"RP lock VOTREPHRASESECRÈTE"},{"$i":"gt-rp-lock-desc2","$v":"à votre numéro de téléphone. Le téléphone se verrouillera de lui-même et vous seul pourrez le déverrouiller avec votre code d’accès habituel."},{"$i":"get-started","$v":"Démarrer la visite guidée"},{"$i":"finish-tour","$v":"Terminer"},{"$i":"ok","$v":"OK"},{"$i":"back","$v":"Retour"},{"$i":"next","$v":"Suivant"},{"$i":"sms-ring","$v":"Votre appareil devrait sonner en ce moment même et il a été verrouillé. Vous pouvez le déverrouiller avec votre code d’accès."},{"$i":"sms-lock","$v":"Votre appareil a été verrouillé. Vous pouvez le déverrouiller avec votre code d’accès."},{"$i":"sms-locate","$v":["Les coordonnées de votre appareil sont @",{"t":"idOrVar","v":"latitude"},",",{"t":"idOrVar","v":"longitude"}," et il a été verrouillé. Vous pouvez le déverrouiller avec votre code d’accès."]},{"$i":"about-privacy-controls","$v":"Gestion vie privée"},{"$i":"version","$v":"Version"},{"$i":"build-id","$v":"Identifiant de compilation"},{"$i":"about-pc-header","$v":"À propos de Gestion vie privée"},{"$i":"about-pc-desc","$v":"Mozilla Foundation et Deutsche Telekom ont conjointement développé l’application Gestion vie privée pour permettre à l’utilisateur de reprendre le contrôle de ses données personnelles"},{"$i":"perm-alarms-description","$v":"Programmer une notification ou programmer le lancement d’une application."},{"$i":"perm-audio-capture-description","$v":"Accéder aux périphériques audio d’entrée, par exemple le microphone."},{"$i":"perm-audio-channel-alarm-description","$v":"Lire les sonneries utilisées pour les alarmes de l’horloge et du calendrier."},{"$i":"perm-audio-channel-content-description","$v":"Lire les fichiers musicaux et les vidéos."},{"$i":"perm-audio-channel-normal-description","$v":"Lire les sons de l’interface, le contenu web, la musique et la radio."},{"$i":"perm-audio-channel-notification-description","$v":"Lire les sonneries pour les notifications de messages."},{"$i":"perm-browser-description","$v":"Permettre à l’application d’intégrer un navigateur dans un iframe."},{"$i":"perm-camera-description","$v":"Prendre des photos ou des vidéos, enregistrer du son et contrôler la caméra."},{"$i":"perm-contacts-description","$v":"Ajouter, consulter ou modifier des contacts du carnet d’adresses de l’appareil et consulter les contacts de la SIM."},{"$i":"perm-contacts-readonly-description","$v":"Consulter les contacts du carnet d’adresses de l’appareil et consulter les contacts de la SIM."},{"$i":"perm-contacts-readwrite-description","$v":"Consulter ou modifier des contacts du carnet d’adresses de l’appareil et consulter les contacts de la SIM."},{"$i":"perm-contacts-readcreate-description","$v":"Ajouter, consulter ou modifier des contacts du carnet d’adresses de l’appareil et consulter les contacts de la SIM."},{"$i":"perm-contacts-createonly-description","$v":"Ajouter des contacts au carnet d’adresses de l’appareil."},{"$i":"perm-desktop-notification-description","$v":"Afficher une notification sur l’appareil de l’utilisateur."},{"$i":"perm-device-storage-music-description","$v":"Ajouter, lire ou modifier des fichiers musicaux stockés sur l’appareil."},{"$i":"perm-device-storage-music-readonly-description","$v":"Lire des fichiers musicaux stockés sur l’appareil."},{"$i":"perm-device-storage-music-readwrite-description","$v":"Lire ou modifier des fichiers musicaux stockés sur l’appareil."},{"$i":"perm-device-storage-music-readcreate-description","$v":"Ajouter, lire ou modifier des fichiers musicaux stockés sur l’appareil."},{"$i":"perm-device-storage-music-createonly-description","$v":"Stocker de nouveaux fichiers musicaux sur l’appareil."},{"$i":"perm-device-storage-pictures-description","$v":"Ajouter, afficher ou modifier des images stockées sur l’appareil."},{"$i":"perm-device-storage-pictures-readonly-description","$v":"Afficher des images stockées sur l’appareil."},{"$i":"perm-device-storage-pictures-readwrite-description","$v":"Afficher ou modifier des images stockées sur l’appareil."},{"$i":"perm-device-storage-pictures-readcreate-description","$v":"Ajouter, afficher ou modifier des images stockées sur l’appareil."},{"$i":"perm-device-storage-pictures-createonly-description","$v":"Stocker de nouvelles images sur l’appareil."},{"$i":"perm-device-storage-sdcard-description","$v":"Ajouter, lire ou modifier des fichiers stockés sur la carte SD de l’appareil."},{"$i":"perm-device-storage-sdcard-readonly-description","$v":"Lire des fichiers stockés sur la carte SD de l’appareil."},{"$i":"perm-device-storage-sdcard-readwrite-description","$v":"Lire ou modifier des fichiers stockés sur la carte SD de l’appareil."},{"$i":"perm-device-storage-sdcard-readcreate-description","$v":"Ajouter, lire ou modifier des fichiers stockés sur la carte SD de l’appareil."},{"$i":"perm-device-storage-sdcard-createonly-description","$v":"Stocker de nouveaux fichiers sur la carte SD de l’appareil."},{"$i":"perm-device-storage-videos-description","$v":"Ajouter, lire ou modifier des vidéos stockées sur l’appareil."},{"$i":"perm-device-storage-videos-readonly-description","$v":"Lire des vidéos stockées sur l’appareil."},{"$i":"perm-device-storage-videos-readwrite-description","$v":"Lire ou modifier des vidéos stockées sur l’appareil."},{"$i":"perm-device-storage-videos-readcreate-description","$v":"Ajouter, lire ou modifier des vidéos stockées sur l’appareil."},{"$i":"perm-device-storage-videos-createonly-description","$v":"Stocker de nouvelles vidéos sur l’appareil."},{"$i":"perm-fmradio-description","$v":"Contrôler la radio FM."},{"$i":"perm-geolocation-description","$v":"Obtenir la position actuelle de l’utilisateur."},{"$i":"perm-input-description","$v":"Autoriser l’application à se comporter comme un clavier virtuel en lui permettant de capturer les évènements de changement de la sélection dans les autres applications."},{"$i":"perm-mobilenetwork-description","$v":"Obtenir des informations sur le réseau mobile (MCC, MNC, etc.)."},{"$i":"perm-push-description","$v":"Permettre à une application de se réveiller pour recevoir des notifications."},{"$i":"perm-storage-description","$v":"Utiliser le stockage sans limite de taille."},{"$i":"perm-systemXHR-description","$v":"Permettre les XHR cross-origin anonymes sans que le site visé ne spécifie d’en-têtes CORS."},{"$i":"perm-tcp-socket-description","$v":"Créer des sockets TCP et les utiliser pour communiquer."},{"$i":"perm-video-capture-description","$v":"Accéder aux périphériques vidéo de l’appareil, comme par exemple la caméra."},{"$i":"perm-attention-description","$v":"Autoriser le contenu à ouvrir une fenêtre au premier-plan."},{"$i":"perm-audio-channel-ringer-description","$v":"Lire les sonneries des appels entrants."},{"$i":"perm-audio-channel-telephony-description","$v":"Lire les sonneries des appels téléphoniques et des appels VoIP."},{"$i":"perm-audio-channel-publicnotification-description","$v":"Lire les sonneries des notifications publiques."},{"$i":"perm-background-sensors-description","$v":"Écouter en arrière-plan les évènements du capteur de proximité."},{"$i":"perm-backgroundservice-description","$v":"Permettre à une application de s’exécuter en arrière-plan."},{"$i":"perm-bluetooth-description","$v":"Permettre l’accès bas niveau au composant Bluetooth."},{"$i":"perm-cellbroadcast-description","$v":"Déclencher un évènement lorsqu’un type de message particulier est reçu par le réseau cellulaire (une notification réseau d’urgence)."},{"$i":"perm-device-storage-apps-description","$v":"Ajouter, lire ou modifier des fichiers stockés à l’emplacement des applications de l’appareil."},{"$i":"perm-device-storage-apps-readonly-description","$v":"Lire des fichiers stockés à l’emplacement des applications de l’appareil."},{"$i":"perm-device-storage-apps-readwrite-description","$v":"Lire ou modifier des fichiers stockés à l’emplacement des applications de l’appareil."},{"$i":"perm-device-storage-apps-readcreate-description","$v":"Ajouter, lire ou modifier des fichiers stockés à l’emplacement des applications de l’appareil."},{"$i":"perm-device-storage-apps-createonly-description","$v":"Stocker de nouveaux fichiers à l’emplacement des applications de l’appareil."},{"$i":"perm-embed-apps-description","$v":"Permettre d’embarquer des applications dans des cadres mozApp."},{"$i":"perm-idle-description","$v":"Informer l’application lorsque l’utilisateur est inactif."},{"$i":"perm-mobileconnection-description","$v":"Obtenir des informations sur les connexions mobiles actuelles pour les données et la voix."},{"$i":"perm-network-events-description","$v":"Surveiller les activités réseau montantes et descendantes."},{"$i":"perm-networkstats-manage-description","$v":"Obtenir des statistiques de consommation des données par interface."},{"$i":"perm-open-remote-window-description","$v":"Ouvrir des fenêtres dans un nouveau processus."},{"$i":"perm-permissions-description","$v":"Autoriser une application à gérer les permissions d’autres applications."},{"$i":"perm-power-description","$v":"Allumer ou éteindre l’écran, contrôler le processeur, l’alimentation de l’appareil, etc."},{"$i":"perm-settings-description","$v":"Lire ou définir des paramètres de l’appareil."},{"$i":"perm-settings-readonly-description","$v":"Lire des paramètres de l’appareil."},{"$i":"perm-settings-readwrite-description","$v":"Lire ou modifier des paramètres de l’appareil."},{"$i":"perm-settings-readcreate-description","$v":"Ajouter, lire ou modifier des paramètres de l’appareil."},{"$i":"perm-settings-createonly-description","$v":"Ajouter des paramètres à l’appareil."},{"$i":"perm-sms-description","$v":"Envoyer et recevoir des SMS."},{"$i":"perm-telephony-description","$v":"Accéder à toutes les API liées à la téléphonie afin de passer ou recevoir des appels."},{"$i":"perm-time-description","$v":"Régler l’heure."},{"$i":"perm-voicemail-description","$v":"Accéder à la messagerie vocale."},{"$i":"perm-webapps-manage-description","$v":"Gérer les applications web installées."},{"$i":"perm-wifi-manage-description","$v":"Lister les réseaux Wi-Fi disponibles, obtenir la force de leur signal, se connecter à un réseau."},{"$i":"perm-wappush-description","$v":"Recevoir des messages Push WAP."},{"$i":"title-app","$v":"Permission d’application"},{"$i":"title-web","$v":"Permission de site web"},{"$i":"title-cam","$v":"Choix de la caméra"},{"$i":"perm-alarms","$v":"Programmer des alarmes"},{"$i":"perm-audio-capture","$v":"Microphone"},{"$i":"perm-audio-capture-appRequest","$v":["Voulez-vous partager votre microphone avec l’application ",{"t":"idOrVar","v":"app"}," ?"]},{"$i":"perm-audio-capture-webRequest","$v":["Voulez-vous partager votre microphone avec ",{"t":"idOrVar","v":"site"}," ?"]},{"$i":"perm-audio-channel-content","$v":"Lire des sons"},{"$i":"perm-audio-channel-notification","$v":"Lire notifications sonores"},{"$i":"perm-audio-channel-ringer","$v":"Lire des sonneries"},{"$i":"perm-background-sensors","$v":"Données du capteur"},{"$i":"perm-bluetooth","$v":"Bluetooth"},{"$i":"perm-browser","$v":"Inspecter des pages web"},{"$i":"perm-camera","$v":"Caméras"},{"$i":"perm-camera-selector-appRequest","$v":["Veuillez sélectionner une caméra pour l’application ",{"t":"idOrVar","v":"app"},"."]},{"$i":"perm-camera-selector-webRequest","$v":["Veuillez sélectionner une caméra pour ",{"t":"idOrVar","v":"site"},"."]},{"$i":"perm-cellbroadcast","$v":"Diffusions cellulaires"},{"$i":"perm-contacts","$v":"Contacts"},{"$i":"perm-contacts-appRequest","$v":["L’application ",{"t":"idOrVar","v":"app"}," souhaite accéder à votre liste de contacts."]},{"$i":"perm-contacts-webRequest","$v":[{"t":"idOrVar","v":"site"}," souhaite accéder à votre liste de contacts."]},{"$i":"perm-desktop-notification","$v":"Notifications"},{"$i":"perm-desktop-notification-appRequest","$v":["L’application ",{"t":"idOrVar","v":"app"}," souhaite afficher des notifications."]},{"$i":"perm-desktop-notification-webRequest","$v":[{"t":"idOrVar","v":"site"}," souhaite afficher des notifications."]},{"$i":"perm-device-storage-apps","$v":"Stockage applications"},{"$i":"perm-device-storage-music","$v":"Stockage musique"},{"$i":"perm-device-storage-music-appRequest","$v":["L’application ",{"t":"idOrVar","v":"app"}," souhaite accéder à votre musique."]},{"$i":"perm-device-storage-music-webRequest","$v":[{"t":"idOrVar","v":"site"}," souhaite accéder à votre musique."]},{"$i":"perm-device-storage-pictures","$v":"Stockage images"},{"$i":"perm-device-storage-pictures-appRequest","$v":["L’application ",{"t":"idOrVar","v":"app"}," souhaite accéder à vos images."]},{"$i":"perm-device-storage-pictures-webRequest","$v":[{"t":"idOrVar","v":"site"}," souhaite accéder à vos images."]},{"$i":"perm-device-storage-sdcard","$v":"Stockage carte mémoire"},{"$i":"perm-device-storage-sdcard-appRequest","$v":["L’application ",{"t":"idOrVar","v":"app"}," souhaite accéder à votre carte mémoire."]},{"$i":"perm-device-storage-sdcard-webRequest","$v":[{"t":"idOrVar","v":"site"}," souhaite accéder à votre carte mémoire."]},{"$i":"perm-device-storage-videos","$v":"Stockage vidéos"},{"$i":"perm-device-storage-videos-appRequest","$v":["L’application ",{"t":"idOrVar","v":"app"}," souhaite accéder à vos vidéos."]},{"$i":"perm-device-storage-videos-webRequest","$v":[{"t":"idOrVar","v":"site"}," souhaite accéder à vos vidéos."]},{"$i":"perm-embed-apps","$v":"Embarquer des applications"},{"$i":"perm-fmradio","$v":"Radio FM"},{"$i":"perm-fmradio-appRequest","$v":["L’application ",{"t":"idOrVar","v":"app"}," souhaite utiliser la radio FM."]},{"$i":"perm-fmradio-webRequest","$v":[{"t":"idOrVar","v":"site"}," souhaite utiliser la radio FM."]},{"$i":"perm-geolocation","$v":"Géolocalisation"},{"$i":"perm-geolocation-appRequest","$v":["L’application ",{"t":"idOrVar","v":"app"}," souhaite connaître votre position."]},{"$i":"perm-geolocation-more-info","$v":[{"t":"idOrVar","v":"brandShortName"}," utilise les données du GPS, du Wi-Fi et des antennes de téléphonie mobile environnantes pour déterminer approximativement votre position. Les données sont envoyées à Mozilla ainsi qu’à d’autres fournisseurs de services et sont mises en commun afin d’améliorer la précision des positions. Les données peuvent être stockées sur votre appareil et des données peuvent être collectées même lorsqu’aucune application n’est exécutée."]},{"$i":"perm-geolocation-webRequest","$v":[{"t":"idOrVar","v":"site"}," souhaite connaître votre position."]},{"$i":"perm-idle","$v":"Consulter l’état de l’inactivité"},{"$i":"perm-indexedDB-chrome-settings","$v":"IndexedDB en mode privilégié"},{"$i":"perm-indexedDB-unlimited","$v":"Stockage IndexedDB illimité"},{"$i":"perm-input-manage","$v":"Gérer les claviers"},{"$i":"perm-input","$v":"Comportement d’un clavier"},{"$i":"perm-media-capture","$v":"Caméra et microphone"},{"$i":"perm-media-capture-appRequest","$v":["Voulez-vous partager votre caméra et votre microphone avec l’application ",{"t":"idOrVar","v":"app"}," ?"]},{"$i":"perm-media-capture-webRequest","$v":["Voulez-vous partager votre caméra et votre microphone avec ",{"t":"idOrVar","v":"site"}," ?"]},{"$i":"perm-mobileconnection","$v":"Connexion mobile"},{"$i":"perm-mobileid","$v":"Identité mobile"},{"$i":"perm-network-events","$v":"Évènements réseau"},{"$i":"perm-open-remote-window","$v":"Lancer une application"},{"$i":"perm-permissions","$v":"Changer des permissions"},{"$i":"perm-power","$v":"Paramètres d’énergie"},{"$i":"perm-settings","$v":"Changer des paramètres"},{"$i":"perm-systemXHR","$v":"Requêtes cross-origin"},{"$i":"perm-telephony","$v":"Téléphonie"},{"$i":"perm-video-capture","$v":"Caméra"},{"$i":"perm-video-capture-appRequest","$v":["Voulez-vous partager votre caméra avec l’application ",{"t":"idOrVar","v":"app"}," ?"]},{"$i":"perm-video-capture-webRequest","$v":["Voulez-vous partager votre caméra avec ",{"t":"idOrVar","v":"site"}," ?"]},{"$i":"perm-voicemail","$v":"Contrôler messagerie vocale"},{"$i":"perm-webapps-manage","$v":"Installer applications web"},{"$i":"perm-wifi-manage","$v":"Gérer le Wi-Fi"},{"$i":"perm-attention","$v":"Ouvrir des pop-up"},{"$i":"perm-audio-channel-alarm","$v":"Lire les sonneries d’alarme"},{"$i":"perm-audio-channel-normal","$v":"Lire des sons"},{"$i":"perm-audio-channel-publicnotification","$v":"Lire notifications publiques"},{"$i":"perm-audio-channel-telephony","$v":"Lire sonneries téléphoniques"},{"$i":"perm-backgroundservice","$v":"Service d’arrière-plan"},{"$i":"perm-device-storage-crashes","$v":"Stocker données de plantage"},{"$i":"perm-downloads","$v":"Accéder aux téléchargements"},{"$i":"perm-embed-widgets","$v":"Embarquer des widgets"},{"$i":"perm-feature-detection","$v":"Détecter les fonctionnalités"},{"$i":"perm-firefox-accounts","$v":"Comptes Firefox"},{"$i":"perm-mobilenetwork","$v":"Réseau mobile"},{"$i":"perm-moz-attention","$v":"Ouvrir des pop-up (moz)"},{"$i":"perm-moz-audio-channel-ringer","$v":"Lire des sonneries (moz)"},{"$i":"perm-moz-audio-channel-telephony","$v":"Lire sonneries téléph. (moz)"},{"$i":"perm-moz-firefox-accounts","$v":"Comptes Firefox (moz)"},{"$i":"perm-networkstats-manage","$v":"Statistiques consommation"},{"$i":"perm-nfc","$v":"NFC"},{"$i":"perm-nfc-hci-events","$v":"Évènements NFC HCI"},{"$i":"perm-nfc-manager","$v":"Gérer le NFC"},{"$i":"perm-phonenumberservice","$v":"Service numéro de téléphone"},{"$i":"perm-push","$v":"API Push"},{"$i":"perm-resourcestats-manage","$v":"Statistiques de ressources"},{"$i":"perm-sms","$v":"Lire et envoyer des SMS"},{"$i":"perm-speaker-control","$v":"Contrôler le volume"},{"$i":"perm-storage","$v":"Accéder au stockage"},{"$i":"perm-tcp-socket","$v":"Sockets TCP"},{"$i":"perm-test-permission","$v":"Permission test"},{"$i":"perm-time","$v":"Régler la date et l’heure"},{"$i":"perm-udp-socket","$v":"Sockets UDP"},{"$i":"perm-wappush","$v":"Push WAP"}]