[{"$i":"brandShortName","$v":"B2G OS"},{"$i":"browserBrandShortName","$v":"Web Browser"},{"$i":"browserBrandFullName","$v":"Mozilla Web Browser"},{"$i":"ringtoneBrandName","$v":"Default"},{"$i":"ringtoneSectionBrandName","$v":"System"},{"$i":"africa","$v":"Africa"},{"$i":"america","$v":"America"},{"$i":"antarctica","$v":"Antartide"},{"$i":"asia","$v":"Asia"},{"$i":"atlantic-ocean","$v":"Oceano Atlantico"},{"$i":"australia","$v":"Australia"},{"$i":"europe","$v":"Europa"},{"$i":"indian-ocean","$v":"Oceano Indiano"},{"$i":"pacific-ocean","$v":"Oceano Pacifico"},{"$i":"privacy-controls","$v":"Gestione privacy"},{"$i":"location-accuracy","$v":"Precisione posizione"},{"$i":"transparency-control","$v":"Controllo trasparenza"},{"$i":"privacy-protection","$v":"Protezione da remoto"},{"$i":"guided-tour","$v":"Tour guidato"},{"$i":"la-panel","$v":"Precisione posizione"},{"$i":"geolocation","$v":"Georilevazione"},{"$i":"location-adjustment","$v":"Correggi posizione"},{"$i":"location-adjustment-info","$v":["Importante: la correzione della posizione modifica la posizione fornita da ",{"t":"idOrVar","v":"brandShortName"}," alle app. Non modifica l’indirizzo IP o le impostazioni della lingua, per cui alcuni servizi potrebbero essere comunque in grado di individuare la posizione del dispositivo."]},{"$i":"location-adjustment-description","$v":"Imposta il livello globale di precisione della posizione corrente per tutte le app, imposta una posizione fissa e aggiungi eccezioni per singole app."},{"$i":"adjustment","$v":"Posizione approssimata"},{"$i":"add-exceptions","$v":"Aggiungi eccezioni"},{"$i":"app-list-description","$v":"Questo elenco include tutte le app autorizzate a rilevare la posizione corrente."},{"$i":"type-user-defined","$v":"Posizione personalizzata"},{"$i":"blur-distance-km","$v":["Approssimazione: ",{"t":"idOrVar","v":"value"}," km"]},{"$i":"blur-distance-m","$v":["Approssimazione: ",{"t":"idOrVar","v":"value"}," m"]},{"$i":"type-precise","$v":"Posizione precisa"},{"$i":"type-no-location","$v":"Nessuna posizione"},{"$i":"attention","$v":"Attenzione"},{"$i":"ala-custom-location-alert","$v":"Non è stata ancora impostata una posizione personalizzata. Impostarne una prima di procedere con la configurazione."},{"$i":"custom-location","$v":"Posizione personalizzata"},{"$i":"set-custom-location","$v":"Imposta posizione"},{"$i":"set-location","$v":"Imposta posizione"},{"$i":"custom-location-description","$v":"Imposta una posizione personalizzata da utilizzare come posizione fissa."},{"$i":"precise","$v":"Posizione precisa"},{"$i":"no-location","$v":"Nessuna posizione"},{"$i":"exceptions-application-description","$v":"Imposta la precisizione personalizzata della posizione per le seguenti app:"},{"$i":"custom-location-ala-10","$v":"Posizione personalizzata"},{"$i":"choose-a-region-city","$v":"Scegli area/città"},{"$i":"region","$v":"Area"},{"$i":"city","$v":"Città"},{"$i":"enter-gps-coordinates","$v":"Coordinate GPS"},{"$i":"enter-gps-description","$v":"Inserire le coordinate GPS per la longitudine da -180.0 a 180 gradi, per la latitudine da -90.0 a 90.0 gradi, separando la parte decimale con un punto."},{"$i":"latitude","$v":"Latitudine"},{"$i":"longitude","$v":"Longitudine"},{"$i":"global-settings","$v":"Impostazioni globali"},{"$i":"rp-panel","$v":"Protezione da remoto"},{"$i":"rp-new-password-description","$v":"Impostare una frase segreta per proteggere le funzioni attivabili da remoto (massimo 100 caratteri)."},{"$i":"new-passphrase","placeholder":"Nuova frase segreta"},{"$i":"confirm-new-passphrase","placeholder":"Conferma frase segreta"},{"$i":"rp-login-description","$v":"Inserire la frase segreta."},{"$i":"rp-change-password","$v":"Modificare la frase segreta?"},{"$i":"passphrase","placeholder":"Frase segreta"},{"$i":"rp-change-password-description","$v":"Per ripristinare la frase segreta inserire il codice di sblocco o il codice PIN della SIM e una nuova frase segreta."},{"$i":"sim1","$v":"SIM 1"},{"$i":"sim2","$v":"SIM 2"},{"$i":"enter","placeholder":"Inserire il codice"},{"$i":"passphrase-wrong","$v":"La frase segreta è errata."},{"$i":"passphrase-empty","$v":"La frase segreta è vuota."},{"$i":"passphrase-too-long","$v":"La frase segreta è troppo lunga."},{"$i":"passphrase-invalid","$v":"Non è possibile utilizzare caratteri speciali."},{"$i":"passphrase-different","$v":"La conferma della frase segreta non corrisponde."},{"$i":"pin-empty","$v":"Codice di sblocco vuoto."},{"$i":"pin-invalid","$v":"Codice di sblocco errato."},{"$i":"passcode-long","$v":"Il codice di sblocco deve essere di 4 cifre."},{"$i":"pin-different","$v":"Codice di sblocco errato."},{"$i":"sim-invalid","$v":"Codice PIN errato."},{"$i":"pin-tries-left","$v":{"one":"Ultimo tentativo.","two":[{"t":"idOrVar","v":"n"}," tentativi rimasti."],"few":[{"t":"idOrVar","v":"n"}," tentativi rimasti."],"many":[{"t":"idOrVar","v":"n"}," tentativi rimasti."],"other":[{"t":"idOrVar","v":"n"}," tentativi rimasti."]},"$x":[{"t":"idOrVar","v":"plural"},"n"]},{"$i":"remote-locate","$v":"Individuazione"},{"$i":"remote-locate-description","$v":"È possibile individuare questo dispositivo inviando “RP locate LATUAFRASESEGRETA” tramite SMS"},{"$i":"remote-ring","$v":"Suoneria"},{"$i":"remote-ring-description","$v":"È possibile far suonare questo dispositivo inviando “RP ring LATUAFRASESEGRETA” tramite SMS"},{"$i":"remote-lock","$v":"Blocco"},{"$i":"remote-lock-description","$v":"È possibile bloccare questo dispositivo inviando “RP lock LATUAFRASESEGRETA” tramite SMS"},{"$i":"rp-lockscreen-alert","$v":"Attivare il blocco dello schermo e il codice di sblocco nelle impostazioni per utilizzare la protezione privacy da remoto."},{"$i":"take-me-there","$v":"Apri impostazioni"},{"$i":"lock-screen","$v":"Blocco schermo"},{"$i":"screen-lock-header","$v":"Blocco schermo"},{"$i":"passcode-lock","$v":"Codice di sblocco"},{"$i":"require-passcode","$v":"Richiedi codice di sblocco"},{"$i":"immediately","$v":"Subito"},{"$i":"after-one-minute","$v":"Dopo 1 minuto"},{"$i":"after-five-minutes","$v":"Dopo 5 minuti"},{"$i":"after-fifteen-minutes","$v":"Dopo 15 minuti"},{"$i":"after-thirty-minutes","$v":"Dopo 30 minuti"},{"$i":"after-one-hour","$v":"Dopo 1 ora"},{"$i":"change-passcode","$v":"Modifica codice di sblocco"},{"$i":"change","$v":"Modifica"},{"$i":"create","$v":"Crea"},{"$i":"passcode-heading","$v":"Codice di sblocco"},{"$i":"current-passcode","$v":"Codice di sblocco corrente"},{"$i":"new-passcode","$v":"Nuovo codice di sblocco"},{"$i":"enter-passcode","$v":"Inserisci codice di sblocco"},{"$i":"create-a-passcode","$v":"Crea un codice di sblocco"},{"$i":"passcode","$v":"Codice di sblocco"},{"$i":"confirm-passcode","$v":"Conferma codice di sblocco"},{"$i":"incorrect-passcode","$v":"Il codice di sblocco è errato"},{"$i":"passcode-doesnt-match","$v":"I codici di sblocco non corrispondono. Riprovare."},{"$i":"tc-panel","$v":"Controllo trasparenza"},{"$i":"tc-applications","$v":"Applicazioni"},{"$i":"tc-permissions","$v":"Permessi"},{"$i":"tc-sort-alphabetical","$v":"Alfabetico"},{"$i":"tc-sort-trustLevel","$v":"Livello affidabilità"},{"$i":"tc-sort-vendor","$v":"Produttore"},{"$i":"tc-search-apps","placeholder":"Cerca app"},{"$i":"tc-search-close","$v":"chiudi"},{"$i":"tc-search-clear","$v":"cancella"},{"$i":"tc-trust-certified","$v":"App interne"},{"$i":"tc-trust-privileged","$v":"App privilegiate"},{"$i":"tc-trust-web","$v":"App web"},{"$i":"tc-explicit-permissions","$v":"Permessi"},{"$i":"tc-implicit-permissions","$v":"Permessi impliciti"},{"$i":"tc-explicit-prompt","$v":"Chiedi"},{"$i":"tc-explicit-deny","$v":"Nega"},{"$i":"tc-explicit-allow","$v":"Consenti"},{"$i":"tc-apps-accessing-permission","$v":"App che utilizzano questo permesso"},{"$i":"gt-main-pc-header","$v":"Benvenuto in Gestione privacy"},{"$i":"gt-main-desc","$v":"Questa app è uno strumento per proteggere ulteriormente la propria privacy e permette di individuare e bloccare il telefono in caso di furto o smarrimento. Scopri tutte le funzioni disponibili, bastano un paio di minuti."},{"$i":"gt-ala-explain-header","$v":"A che cosa serve correggere la posizione?"},{"$i":"gt-ala-explain-desc","$v":"Molte app, come ad esempio la rubrica degli indirizzi o la fotocamera, hanno accesso alla posizione corrente. Se non si vuole condividere la posizione precisa è possibile modificare la precisione con cui viene rilevata la posizione, impostare una posizione personalizzata o nascondere completamente la propria posizione."},{"$i":"gt-ala-blur-header","$v":"Come si imposta la correzione della posizione?"},{"$i":"gt-ala-blur-desc","$v":"Non tutte le app hanno bisogno della posizione precisa per funzionare. Al posto di condividere le coordinate esatte del dispositivo è possibile fornire una posizione approssimativa, ad esempio spostata di 50 km. In questo modo l’app per le previsioni del tempo continuerà a funzionare correttamente, pur non conoscendo la posizione precisa del dispositivo. Importante: la correzione della posizione non nasconde completamente il dispositivo."},{"$i":"gt-ala-custom-header","$v":"Che cos’è una posizione personalizzata?"},{"$i":"gt-ala-custom-desc","$v":"Con una posizione personalizzata è possibile nascondere la propria posizione reale e fingere di essere in qualunque luogo nel mondo."},{"$i":"gt-ala-exceptions-header","$v":"Che cos’è la posizione per app?"},{"$i":"gt-ala-exceptions-desc","$v":"L’utente ha a disposizione una panoramica di tutte le app che hanno accesso alla posizione corrente, ed è possibile configurare le impostazioni per ogni app singolarmente, ignorando le impostazioni globali."},{"$i":"gt-rp-explain-header","$v":"Che cos’è la protezione privacy da remoto?"},{"$i":"gt-rp-explain-desc","$v":"È possibile utilizzare questa funzione se il telefono viene perso o rubato. Utilizzando un altro telefono è possibile individuare il dispositivo, farlo suonare o bloccarlo da remoto. Per poter attivare queste funzioni è necessario impostare una frase segreta."},{"$i":"gt-rp-passphrase-header","$v":"Come si imposta la frase segreta?"},{"$i":"gt-rp-passphrase-desc","$v":"Tocca “Protezione privacy da remoto” e imposta una frase segreta per proteggere la gestione da remoto. Se si dimentica la frase segreta è possibile ripristinarla utilizzando il codice PIN della SIM o il codice di sblocco dello schermo."},{"$i":"gt-rp-locate-header","$v":"Come individuare il telefono?"},{"$i":"gt-rp-locate-desc1","$v":"Se si perde il telefono è sufficiente inviare un SMS con"},{"$i":"gt-rp-locate-command","$v":"“RP locate LATUAFRASESEGRETA“"},{"$i":"gt-rp-locate-desc2","$v":"al proprio numero di telefono per ricevere un SMS con le coordinate GPS del dispositivo. Assicurarsi di aver impostato la frase segreta."},{"$i":"gt-rp-ring-header","$v":"Come far suonare il telefono?"},{"$i":"gt-rp-ring-desc1","$v":"Semplice: è sufficiente inviare un SMS con"},{"$i":"gt-rp-ring-command","$v":"“RP ring LATUAFRASESEGRETA”"},{"$i":"gt-rp-ring-desc2","$v":"al proprio numero di telefono. Continuerà a suonare finché non verrà sbloccato."},{"$i":"gt-rp-lock-header","$v":"Come bloccare il telefono?"},{"$i":"gt-rp-lock-desc1","$v":"Se si perde il telefono e si vuole bloccarlo da remoto è sufficiente inviare un SMS con"},{"$i":"gt-rp-lock-command","$v":"“RP lock LATUAFRASESEGRETA”"},{"$i":"gt-rp-lock-desc2","$v":"al proprio numero di telefono. Il telefono si bloccherà e sarà possibile utilizzarlo inserendo il codice di sblocco dello schermo."},{"$i":"get-started","$v":"Inizia"},{"$i":"finish-tour","$v":"Fine"},{"$i":"ok","$v":"OK"},{"$i":"back","$v":"Indietro"},{"$i":"next","$v":"Avanti"},{"$i":"sms-ring","$v":"Il dispositivo è stato bloccato e dovrebbe suonare. È possibile sbloccarlo inserendo il codice di sblocco."},{"$i":"sms-lock","$v":"Il dispositivo è stato bloccato. È possibile sbloccarlo inserendo il codice di sblocco."},{"$i":"sms-locate","$v":["Il dispositivo è stato bloccato e si trova alle coordinate @",{"t":"idOrVar","v":"latitude"},",",{"t":"idOrVar","v":"longitude"},". È possibile sbloccarlo inserendo il codice di sblocco."]},{"$i":"about-privacy-controls","$v":"Informazioni"},{"$i":"version","$v":"Versione"},{"$i":"build-id","$v":"ID build"},{"$i":"about-pc-header","$v":"Informazioni su Controllo privacy"},{"$i":"about-pc-desc","$v":"Mozilla Foundation ha sviluppato Gestione privacy in collaborazione con Deutsche Telekom per garantire agli utenti il pieno controllo dei propri dati personali."},{"$i":"perm-alarms-description","$v":"Pianificare una notifica o l’avvio di un’applicazione."},{"$i":"perm-audio-capture-description","$v":"Accedere a dispositivi di input come il microfono."},{"$i":"perm-audio-channel-alarm-description","$v":"Riprodurre allarmi della sveglia o dell’agenda."},{"$i":"perm-audio-channel-content-description","$v":"Riprodurre musica e video."},{"$i":"perm-audio-channel-normal-description","$v":"Riprodurre suoni dell’interfaccia, contenuti Web, musica, utilizzare la radio."},{"$i":"perm-audio-channel-notification-description","$v":"Riprodurre i suoni di notifica per i messaggi."},{"$i":"perm-browser-description","$v":"Consentire all’app di implementare un browser in un iframe."},{"$i":"perm-camera-description","$v":"Scattare foto, registrare video e audio, controllare la fotocamera."},{"$i":"perm-contacts-description","$v":"Aggiungere, leggere o modificare contatti nella rubrica del dispositivo e leggere contatti nella SIM."},{"$i":"perm-contacts-readonly-description","$v":"Leggere contatti nella rubrica del dispositivo e leggere contatti nella SIM."},{"$i":"perm-contacts-readwrite-description","$v":"Leggere o modificare contatti nella rubrica del dispositivo e leggere contatti nella SIM."},{"$i":"perm-contacts-readcreate-description","$v":"Aggiungere, leggere o modificare contatti nella rubrica del dispositivo e leggere contatti nella SIM."},{"$i":"perm-contacts-createonly-description","$v":"Aggiungere contatti nella rubrica del dispositivo."},{"$i":"perm-desktop-notification-description","$v":"Visualizzare una notifica sul dispositivo dell’utente."},{"$i":"perm-device-storage-music-description","$v":"Aggiungere, leggere o modificare file musicali salvati nel dispositivo."},{"$i":"perm-device-storage-music-readonly-description","$v":"Leggere file musicali salvati nel dispositivo."},{"$i":"perm-device-storage-music-readwrite-description","$v":"Leggere o modificare file musicali salvati nel dispositivo."},{"$i":"perm-device-storage-music-readcreate-description","$v":"Aggiungere, leggere o modificare file musicali salvati nel dispositivo."},{"$i":"perm-device-storage-music-createonly-description","$v":"Salvare nuovi file musicali nel dispositivo."},{"$i":"perm-device-storage-pictures-description","$v":"Aggiungere, leggere o modificare fotografie salvate nel dispositivo."},{"$i":"perm-device-storage-pictures-readonly-description","$v":"Leggere fotografie salvate nel dispositivo."},{"$i":"perm-device-storage-pictures-readwrite-description","$v":"Leggere o modificare fotografie salvate nel dispositivo."},{"$i":"perm-device-storage-pictures-readcreate-description","$v":"Aggiungere, leggere o modificare fotografie salvate nel dispositivo."},{"$i":"perm-device-storage-pictures-createonly-description","$v":"Salvare nuove fotografie nel dispositivo."},{"$i":"perm-device-storage-sdcard-description","$v":"Aggiungere, leggere o modificare file salvati nella scheda SD del dispositivo."},{"$i":"perm-device-storage-sdcard-readonly-description","$v":"Leggere file salvati nella scheda SD del dispositivo."},{"$i":"perm-device-storage-sdcard-readwrite-description","$v":"Leggere o modificare file salvati nella scheda SD del dispositivo."},{"$i":"perm-device-storage-sdcard-readcreate-description","$v":"Aggiungere, leggere o modificare file salvati nella scheda SD del dispositivo."},{"$i":"perm-device-storage-sdcard-createonly-description","$v":"Salvare nuovi file nella scheda SD del dispositivo."},{"$i":"perm-device-storage-videos-description","$v":"Aggiungere, leggere o modificare file video salvati nel dispositivo."},{"$i":"perm-device-storage-videos-readonly-description","$v":"Leggere file video salvati nel dispositivo."},{"$i":"perm-device-storage-videos-readwrite-description","$v":"Leggere o modificare file video salvati nel dispositivo."},{"$i":"perm-device-storage-videos-readcreate-description","$v":"Aggiungere, leggere o modificare file video salvati nel dispositivo."},{"$i":"perm-device-storage-videos-createonly-description","$v":"Salvare nuovi file video nel dispositivo."},{"$i":"perm-fmradio-description","$v":"Controllare la radio FM."},{"$i":"perm-geolocation-description","$v":"Ottenere la posizione corrente dell’utente."},{"$i":"perm-input-description","$v":"Consentire all’app di funzionare come una tastiera virtuale ascoltando gli eventi legati al cambio di focus di altre app."},{"$i":"perm-mobilenetwork-description","$v":"Ottenere informazioni sulla rete cellulare (MCC, MNC, ecc.)."},{"$i":"perm-push-description","$v":"Consentire all’app di riprendere il funzionamento (“wake up”) per ricevere notifiche."},{"$i":"perm-storage-description","$v":"Utilizzare lo spazio di archiviazione senza limiti."},{"$i":"perm-systemXHR-description","$v":"Consentire richieste XHR cross-origin senza che il sito obiettivo abbia CORS attivato."},{"$i":"perm-tcp-socket-description","$v":"Creare socket TCP e utilizzarli per comunicare."},{"$i":"perm-video-capture-description","$v":"Accedere a dispositivi di input video come la fotocamera."},{"$i":"perm-attention-description","$v":"Permettere al contenuto di aprire una finestra in primo piano, davanti a qualunque altro contenuto."},{"$i":"perm-audio-channel-ringer-description","$v":"Riprodurre suoni per chiamate in ingresso."},{"$i":"perm-audio-channel-telephony-description","$v":"Riprodurre suoni per chiamate in ingresso (incluso VoIP)."},{"$i":"perm-audio-channel-publicnotification-description","$v":"Riprodurre suoni di notifica pubblici."},{"$i":"perm-background-sensors-description","$v":"Ascoltare in background gli eventi del sensore di prossimità."},{"$i":"perm-backgroundservice-description","$v":"Permettere a un app l’esecuzione in background."},{"$i":"perm-bluetooth-description","$v":"Accedere al livello base dell’hardware Bluetooth."},{"$i":"perm-cellbroadcast-description","$v":"Generare un evento quando viene ricevuto un tipo specifico di messaggio di rete (segnalazione di emergenza)."},{"$i":"perm-device-storage-apps-description","$v":"Aggiungere, leggere o modificare file salvati nella posizione di archiviazione delle app del dispositivo."},{"$i":"perm-device-storage-apps-readonly-description","$v":"Leggere file salvati nella posizione di archiviazione delle app del dispositivo."},{"$i":"perm-device-storage-apps-readwrite-description","$v":"Leggere o modificare file salvati nella posizione di archiviazione delle app del dispositivo."},{"$i":"perm-device-storage-apps-readcreate-description","$v":"Aggiungere, leggere o modificare file salvati nella posizione di archiviazione delle app del dispositivo."},{"$i":"perm-device-storage-apps-createonly-description","$v":"Salvare nuovi file nella posizione di archiviazione delle app del dispositivo."},{"$i":"perm-embed-apps-description","$v":"Includere app in frame di tipo mozApp."},{"$i":"perm-idle-description","$v":"Notificare l’app se l’utente non è attivo."},{"$i":"perm-mobileconnection-description","$v":"Ottenere informazioni sulla connessione voce e dati in uso."},{"$i":"perm-network-events-description","$v":"Tenere sotto controllo caricamenti e download sulla rete."},{"$i":"perm-networkstats-manage-description","$v":"Ottenere statistiche sull’utilizzo dei dati per ogni interfaccia."},{"$i":"perm-open-remote-window-description","$v":"Aprire finestre in un nuovo processo."},{"$i":"perm-permissions-description","$v":"Consentire all’app di gestire permessi di altri app."},{"$i":"perm-power-description","$v":"Attivare e disattivare lo schermo, gestire la CPU, l’alimentazione del dispositivo, ecc."},{"$i":"perm-settings-description","$v":"Configurare o leggere le impostazioni del dispositivo."},{"$i":"perm-settings-readonly-description","$v":"Leggere le impostazioni del dispositivo."},{"$i":"perm-settings-readwrite-description","$v":"Leggere o modificare le impostazioni del dispositivo."},{"$i":"perm-settings-readcreate-description","$v":"Aggiungere, leggere o modificare le impostazioni del dispositivo."},{"$i":"perm-settings-createonly-description","$v":"Aggiungere impostazioni del dispositivo."},{"$i":"perm-sms-description","$v":"Inviare e ricevere messaggi SMS."},{"$i":"perm-telephony-description","$v":"Accedere a tutte le API di telefonia per effettuare o ricevere chiamate."},{"$i":"perm-time-description","$v":"Impostare l’ora corrente."},{"$i":"perm-voicemail-description","$v":"Accedere alla segreteria."},{"$i":"perm-webapps-manage-description","$v":"Gestire le app Open Web installate."},{"$i":"perm-wifi-manage-description","$v":"Ottenere un elenco delle reti Wi-Fi, la potenza del segnale, connettersi a una rete."},{"$i":"perm-wappush-description","$v":"Ricevere messaggi WAP di tipo push."},{"$i":"title-app","$v":"Permessi app"},{"$i":"title-web","$v":"Permessi siti web"},{"$i":"title-cam","$v":"Selezione fotocamera"},{"$i":"perm-alarms","$v":"Impostare allarmi"},{"$i":"perm-audio-capture","$v":"Microfono"},{"$i":"perm-audio-capture-appRequest","$v":["Condividere il microfono con ",{"t":"idOrVar","v":"app"},"?"]},{"$i":"perm-audio-capture-webRequest","$v":["Condividere il microfono con ",{"t":"idOrVar","v":"site"},"?"]},{"$i":"perm-audio-channel-content","$v":"Riprodurre suoni"},{"$i":"perm-audio-channel-notification","$v":"Riprodurre suoni notifiche"},{"$i":"perm-audio-channel-ringer","$v":"Riprodurre suonerie"},{"$i":"perm-background-sensors","$v":"Accedere ai dati dei sensori"},{"$i":"perm-bluetooth","$v":"Bluetooth"},{"$i":"perm-browser","$v":"Analizzare pagine web"},{"$i":"perm-camera","$v":"Fotocamere"},{"$i":"perm-camera-selector-appRequest","$v":["Selezionare una fotocamera per ",{"t":"idOrVar","v":"app"},"."]},{"$i":"perm-camera-selector-webRequest","$v":["Selezionare una fotocamera per ",{"t":"idOrVar","v":"site"},"."]},{"$i":"perm-cellbroadcast","$v":"Cell broadcast"},{"$i":"perm-contacts","$v":"Contatti"},{"$i":"perm-contacts-appRequest","$v":[{"t":"idOrVar","v":"app"}," richiede accesso ai contatti."]},{"$i":"perm-contacts-webRequest","$v":[{"t":"idOrVar","v":"site"}," richiede accesso ai contatti."]},{"$i":"perm-desktop-notification","$v":"Notifiche"},{"$i":"perm-desktop-notification-appRequest","$v":[{"t":"idOrVar","v":"app"}," richiede di visualizzare notifiche."]},{"$i":"perm-desktop-notification-webRequest","$v":[{"t":"idOrVar","v":"site"}," richiede di visualizzare notifiche."]},{"$i":"perm-device-storage-apps","$v":"Archiviazione app"},{"$i":"perm-device-storage-music","$v":"Archiviazione musica"},{"$i":"perm-device-storage-music-appRequest","$v":[{"t":"idOrVar","v":"app"}," richiede accesso alla musica."]},{"$i":"perm-device-storage-music-webRequest","$v":[{"t":"idOrVar","v":"site"}," richiede accesso alla musica."]},{"$i":"perm-device-storage-pictures","$v":"Archiviazione foto"},{"$i":"perm-device-storage-pictures-appRequest","$v":[{"t":"idOrVar","v":"app"}," richiede accesso alle foto."]},{"$i":"perm-device-storage-pictures-webRequest","$v":[{"t":"idOrVar","v":"site"}," richiede accesso alle foto."]},{"$i":"perm-device-storage-sdcard","$v":"Archiviazione scheda SD"},{"$i":"perm-device-storage-sdcard-appRequest","$v":[{"t":"idOrVar","v":"app"}," richiede accesso alla scheda di memoria."]},{"$i":"perm-device-storage-sdcard-webRequest","$v":[{"t":"idOrVar","v":"site"}," richiede accesso alla scheda di memoria."]},{"$i":"perm-device-storage-videos","$v":"Archiviazione video"},{"$i":"perm-device-storage-videos-appRequest","$v":[{"t":"idOrVar","v":"app"}," richiede accesso ai video."]},{"$i":"perm-device-storage-videos-webRequest","$v":[{"t":"idOrVar","v":"site"}," richiede accesso ai video."]},{"$i":"perm-embed-apps","$v":"Includere app"},{"$i":"perm-fmradio","$v":"Radio FM"},{"$i":"perm-fmradio-appRequest","$v":[{"t":"idOrVar","v":"app"}," richiede accesso alla radio FM."]},{"$i":"perm-fmradio-webRequest","$v":[{"t":"idOrVar","v":"site"}," richiede accesso alla radio FM."]},{"$i":"perm-geolocation","$v":"Georilevazione"},{"$i":"perm-geolocation-appRequest","$v":[{"t":"idOrVar","v":"app"}," richiede accesso alla posizione attuale."]},{"$i":"perm-geolocation-more-info","$v":[{"t":"idOrVar","v":"brandShortName"}," utilizza dati quali GPS, Wi-Fi e reti di connessione dati per stabilire una posizione approssimativa del dispositivo. I dati raccolti vengono inviati a Mozilla e altri fornitori di servizi e vengono utilizzati in forma aggregata per migliorare la funzione di georilevazione. Alcune informazioni potrebbero essere memorizzate sul dispositivo o rilevate anche quando non ci sono applicazioni in esecuzione."]},{"$i":"perm-geolocation-webRequest","$v":[{"t":"idOrVar","v":"site"}," richiede accesso alla posizione attuale."]},{"$i":"perm-idle","$v":"Visualizzare stato inattività"},{"$i":"perm-indexedDB-chrome-settings","$v":"IndexedDB privilegiato"},{"$i":"perm-indexedDB-unlimited","$v":"Archiviazione IndexedDB illimitata"},{"$i":"perm-input-manage","$v":"Gestire tastiere"},{"$i":"perm-input","$v":"Comportarsi come una tastiera"},{"$i":"perm-media-capture","$v":"Fotocamera e microfono"},{"$i":"perm-media-capture-appRequest","$v":["Condividere fotocamera e microfono con ",{"t":"idOrVar","v":"app"},"?"]},{"$i":"perm-media-capture-webRequest","$v":["Condividere fotocamera e microfono con ",{"t":"idOrVar","v":"site"},"?"]},{"$i":"perm-mobileconnection","$v":"Connessione mobile"},{"$i":"perm-mobileid","$v":"Identificazione cellulare"},{"$i":"perm-network-events","$v":"Eventi di rete"},{"$i":"perm-open-remote-window","$v":"Avviare un’app"},{"$i":"perm-permissions","$v":"Modificare permessi app"},{"$i":"perm-power","$v":"Impostazioni energia"},{"$i":"perm-settings","$v":"Modificare impostazioni"},{"$i":"perm-systemXHR","$v":"Richieste cross-origin"},{"$i":"perm-telephony","$v":"Telefonia"},{"$i":"perm-video-capture","$v":"Fotocamera"},{"$i":"perm-video-capture-appRequest","$v":["Condividere la fotocamera con ",{"t":"idOrVar","v":"app"},"?"]},{"$i":"perm-video-capture-webRequest","$v":["Condividere la fotocamera con ",{"t":"idOrVar","v":"site"},"?"]},{"$i":"perm-voicemail","$v":"Gestire segreteria telefonica"},{"$i":"perm-webapps-manage","$v":"Installare webapp"},{"$i":"perm-wifi-manage","$v":"Gestire Wi-Fi"},{"$i":"perm-attention","$v":"Aprire popup overlay"},{"$i":"perm-audio-channel-alarm","$v":"Riprodurre suoni allarmi"},{"$i":"perm-audio-channel-normal","$v":"Riprodurre suoni"},{"$i":"perm-audio-channel-publicnotification","$v":"Riprodurre suoni di notifiche pubbliche"},{"$i":"perm-audio-channel-telephony","$v":"Riprodurre audio telefonate"},{"$i":"perm-backgroundservice","$v":"Agire come servizio in background"},{"$i":"perm-device-storage-crashes","$v":"Archivio dati arresti anomali"},{"$i":"perm-downloads","$v":"Accedere ai download"},{"$i":"perm-embed-widgets","$v":"Includere widget"},{"$i":"perm-feature-detection","$v":"Rilevare caratteristiche"},{"$i":"perm-firefox-accounts","$v":"Firefox Account"},{"$i":"perm-mobilenetwork","$v":"Rete mobile"},{"$i":"perm-moz-attention","$v":"Aprire popup overlay (moz)"},{"$i":"perm-moz-audio-channel-ringer","$v":"Riprodurre suonerie (moz)"},{"$i":"perm-moz-audio-channel-telephony","$v":"Riprodurre audio telefonate (moz)"},{"$i":"perm-moz-firefox-accounts","$v":"Firefox Account (moz)"},{"$i":"perm-networkstats-manage","$v":"Controllare statistiche di utilizzo"},{"$i":"perm-nfc","$v":"NFC"},{"$i":"perm-nfc-hci-events","$v":"Eventi NFC HCI"},{"$i":"perm-nfc-manager","$v":"Gestire NFC"},{"$i":"perm-phonenumberservice","$v":"Servizio numero di telefono"},{"$i":"perm-push","$v":"API push"},{"$i":"perm-resourcestats-manage","$v":"Statistiche risorse"},{"$i":"perm-sms","$v":"Inviare e ricevere SMS"},{"$i":"perm-speaker-control","$v":"Controllare il volume"},{"$i":"perm-storage","$v":"Accedere all’archiviazione"},{"$i":"perm-tcp-socket","$v":"Socket TCP"},{"$i":"perm-test-permission","$v":"Test permessi"},{"$i":"perm-time","$v":"Impostare data e ora"},{"$i":"perm-udp-socket","$v":"Socket UDP"},{"$i":"perm-wappush","$v":"Push WAP"}]