[{"$i":"brandShortName","$v":"B2G OS"},{"$i":"browserBrandShortName","$v":"Web Browser"},{"$i":"browserBrandFullName","$v":"Mozilla Web Browser"},{"$i":"ringtoneBrandName","$v":"Default"},{"$i":"ringtoneSectionBrandName","$v":"System"},{"$i":"africa","$v":"Afrika"},{"$i":"america","$v":"Amerika"},{"$i":"antarctica","$v":"Antarctica"},{"$i":"asia","$v":"Azië"},{"$i":"atlantic-ocean","$v":"Atlantische Oceaan"},{"$i":"australia","$v":"Australië"},{"$i":"europe","$v":"Europa"},{"$i":"indian-ocean","$v":"Indische Oceaan"},{"$i":"pacific-ocean","$v":"Stille Oceaan"},{"$i":"privacy-controls","$v":"Privacybeheer"},{"$i":"location-accuracy","$v":"Locatienauwkeurigheid"},{"$i":"transparency-control","$v":"Transparantiebeheer"},{"$i":"privacy-protection","$v":"Beveiliging op afstand"},{"$i":"guided-tour","$v":"Rondleiding"},{"$i":"la-panel","$v":"Locatienauwkeurigheid"},{"$i":"geolocation","$v":"Geolocatie"},{"$i":"location-adjustment","$v":"Locatieaanpassing"},{"$i":"location-adjustment-info","$v":["Onthoud: Locatieaanpassing betreft de locatie die ",{"t":"idOrVar","v":"brandShortName"}," aan apps doorgeeft. Dit heeft geen invloed op uw IP-adres of landinstellingen, dus sommige services zouden u nog steeds kunnen lokaliseren."]},{"$i":"location-adjustment-description","$v":"Het globale nauwkeurigheidsniveau van uw huidige locatie aanpassen voor alle apps, een permanente vaste locatie definiëren en instellen en uitzonderingen voor enkele apps toevoegen."},{"$i":"adjustment","$v":"Aanpassing"},{"$i":"add-exceptions","$v":"Uitzonderingen toevoegen"},{"$i":"app-list-description","$v":"Deze lijst toont alle apps die uw locatie mogen gebruiken."},{"$i":"type-user-defined","$v":"Door gebruiker gedefinieerd"},{"$i":"blur-distance-km","$v":[{"t":"idOrVar","v":"value"}," km blur"]},{"$i":"blur-distance-m","$v":[{"t":"idOrVar","v":"value"}," m blur"]},{"$i":"type-precise","$v":"Exact"},{"$i":"type-no-location","$v":"Geen locatie"},{"$i":"attention","$v":"Attentie!"},{"$i":"ala-custom-location-alert","$v":"U hebt nog geen aangepaste locatie ingesteld. Stel deze in voordat u aan andere instellingen werkt!"},{"$i":"custom-location","$v":"Aangepaste locatie"},{"$i":"set-custom-location","$v":"Aangepaste locatie instellen"},{"$i":"set-location","$v":"Locatie instellen"},{"$i":"custom-location-description","$v":"Een aangepaste locatie instellen die als een vaste positie wordt gebruikt."},{"$i":"precise","$v":"Exact"},{"$i":"no-location","$v":"Geen locatie"},{"$i":"exceptions-application-description","$v":"Pas het nauwkeurigheidsniveau van de aangepaste locatie aan van de volgende app:"},{"$i":"custom-location-ala-10","$v":"Aangepaste locatie"},{"$i":"choose-a-region-city","$v":"Kies een regio/stad"},{"$i":"region","$v":"Regio"},{"$i":"city","$v":"Stad"},{"$i":"enter-gps-coordinates","$v":"Gps-coördinaten invoeren"},{"$i":"enter-gps-description","$v":"Voer de gps-coördinaten in voor lengtegraad van -180,0 tot 180 en voor breedtegraad van -90,0 tot 90,0 graden. Scheid decimalen met een punt."},{"$i":"latitude","$v":"Breedtegraad"},{"$i":"longitude","$v":"Lengtegraad"},{"$i":"global-settings","$v":"Algemene instellingen"},{"$i":"rp-panel","$v":"Beveiliging op afstand"},{"$i":"rp-new-password-description","$v":"Stel een wachtwoordzin in om uw functies op afstand te beveiligen (maximaal 100 tekens)."},{"$i":"new-passphrase","placeholder":"Nieuwe wachtwoordzin"},{"$i":"confirm-new-passphrase","placeholder":"Bevestig nieuwe wachtwoordzin"},{"$i":"rp-login-description","$v":"Voer uw wachtwoordzin in."},{"$i":"rp-change-password","$v":"Uw wachtwoordzin vergeten/wijzigen?"},{"$i":"passphrase","placeholder":"Wachtwoordzin"},{"$i":"rp-change-password-description","$v":"Voer uw wachtwoordcode/simpincode en nieuwe wachtwoordzin in om deze opnieuw in te stellen."},{"$i":"sim1","$v":"Simkaart 1"},{"$i":"sim2","$v":"Simkaart 2"},{"$i":"enter","placeholder":"Voer code in"},{"$i":"passphrase-wrong","$v":"Wachtwoordzin is onjuist!"},{"$i":"passphrase-empty","$v":"Wachtwoordzin is leeg!"},{"$i":"passphrase-too-long","$v":"Wachtwoordzin is te lang!"},{"$i":"passphrase-invalid","$v":"U kunt geen speciale tekens gebruiken!"},{"$i":"passphrase-different","$v":"Bevestiging moet gelijk zijn aan wachtwoordzin!"},{"$i":"pin-empty","$v":"Wachtwoordcode is leeg!"},{"$i":"pin-invalid","$v":"Onjuiste wachtwoordcode!"},{"$i":"passcode-long","$v":"Wachtwoordcode moet 4 cijfers zijn!"},{"$i":"pin-different","$v":"Onjuiste wachtwoordcode!"},{"$i":"sim-invalid","$v":"Onjuiste simpincode!"},{"$i":"pin-tries-left","$v":{"one":"Laatste poging.","two":[{"t":"idOrVar","v":"n"}," pogingen over."],"few":[{"t":"idOrVar","v":"n"}," pogingen over."],"many":[{"t":"idOrVar","v":"n"}," pogingen over."],"other":[{"t":"idOrVar","v":"n"}," pogingen over."]},"$x":[{"t":"idOrVar","v":"plural"},"n"]},{"$i":"remote-locate","$v":"Lokaliseren op afstand"},{"$i":"remote-locate-description","$v":"U kunt dit apparaat als volgt via sms op afstand lokaliseren: RP locate UWWACHTWOORDZIN"},{"$i":"remote-ring","$v":"Overgaan op afstand"},{"$i":"remote-ring-description","$v":"U kunt dit apparaat als volgt via sms laten overgaan: RP ring UWWACHTWOORDZIN"},{"$i":"remote-lock","$v":"Vergrendelen op afstand"},{"$i":"remote-lock-description","$v":"U kunt dit apparaat als volgt via sms vergrendelen: RP lock UWWACHTWOORDZIN"},{"$i":"rp-lockscreen-alert","$v":"Activeer de schermvergrendeling EN wachtwoordcode in de systeeminstellingen om de Beveiliging op afstand te gebruiken."},{"$i":"take-me-there","$v":"Ernaartoe"},{"$i":"lock-screen","$v":"Schermvergrendeling"},{"$i":"screen-lock-header","$v":"Schermvergrendeling"},{"$i":"passcode-lock","$v":"Codevergrendeling"},{"$i":"require-passcode","$v":"Wachtwoordcode vragen"},{"$i":"immediately","$v":"Onmiddellijk"},{"$i":"after-one-minute","$v":"Na 1 minuut"},{"$i":"after-five-minutes","$v":"Na 5 minuten"},{"$i":"after-fifteen-minutes","$v":"Na 15 minuten"},{"$i":"after-thirty-minutes","$v":"Na 30 minuten"},{"$i":"after-one-hour","$v":"Na 1 uur"},{"$i":"change-passcode","$v":"Wachtwoordcode wijzigen"},{"$i":"change","$v":"Wijzigen"},{"$i":"create","$v":"Aanmaken"},{"$i":"passcode-heading","$v":"Wachtwoordcode"},{"$i":"current-passcode","$v":"Huidige wachtwoordcode"},{"$i":"new-passcode","$v":"Nieuwe wachtwoordcode"},{"$i":"enter-passcode","$v":"Voer wachtwoordcode in"},{"$i":"create-a-passcode","$v":"Wachtwoordcode aanmaken"},{"$i":"passcode","$v":"Wachtwoordcode"},{"$i":"confirm-passcode","$v":"Bevestig wachtwoordcode"},{"$i":"incorrect-passcode","$v":"Wachtwoordcode is onjuist"},{"$i":"passcode-doesnt-match","$v":"Wachtwoordcode komt niet overeen. Probeer het opnieuw."},{"$i":"tc-panel","$v":"Transparantiebeheer"},{"$i":"tc-applications","$v":"Applicaties"},{"$i":"tc-permissions","$v":"Machtigingen"},{"$i":"tc-sort-alphabetical","$v":"Alfabetisch"},{"$i":"tc-sort-trustLevel","$v":"Vertrouwensniveau"},{"$i":"tc-sort-vendor","$v":"Leverancier"},{"$i":"tc-search-apps","placeholder":"Apps zoeken"},{"$i":"tc-search-close","$v":"sluiten"},{"$i":"tc-search-clear","$v":"wissen"},{"$i":"tc-trust-certified","$v":"Interne apps"},{"$i":"tc-trust-privileged","$v":"Bevoegde apps"},{"$i":"tc-trust-web","$v":"Webapps"},{"$i":"tc-explicit-permissions","$v":"Machtigingen"},{"$i":"tc-implicit-permissions","$v":"Impliciete machtigingen"},{"$i":"tc-explicit-prompt","$v":"Vragen"},{"$i":"tc-explicit-deny","$v":"Weigeren"},{"$i":"tc-explicit-allow","$v":"Verlenen"},{"$i":"tc-apps-accessing-permission","$v":"Apps die deze machtiging benaderen"},{"$i":"gt-main-pc-header","$v":"Welkom bij Privacybeheer!"},{"$i":"gt-main-desc","$v":"Deze app helpt de bescherming van uw privacy te verbeteren en uw telefoon te vergrendelen of te vinden als u deze kwijt bent. Kijk er eens naar; het duurt maar 2 minuten!"},{"$i":"gt-ala-explain-header","$v":"Waar is Locatieaanpassing goed voor?"},{"$i":"gt-ala-explain-desc","$v":"Veel apps benaderen uw geolocatie, zoals het adresboek of de camera. Als u uw exacte positie niet wilt onthullen, kunt u de nauwkeurigheid van uw huidige locatie die door apps wordt gebruikt aanpassen, een aangepaste locatie instellen of uw geolocatie verbergen."},{"$i":"gt-ala-blur-header","$v":"Hoe stelt u Locatieaanpassing in?"},{"$i":"gt-ala-blur-desc","$v":"Niet elke app heeft uw exacte locatie nodig om goed te kunnen werken. In plaats van uw exacte coördinaten te delen, kunt u uw locatie tot op bv. 80 kilometer in uw buurt vervagen. Op deze manier zal uw weerapp nog wel werken, maar verhult u niet uw exacte locatie. Onthoud: Locatieaanpassing zal u niet volledig verbergen!"},{"$i":"gt-ala-custom-header","$v":"Wat is Aangepaste locatie?"},{"$i":"gt-ala-custom-desc","$v":"Met de instelling Aangepaste locatie kunt u uw echte locatie verbergen en deze instellen op een andere plaats over de hele wereld. U kiest waar u bent!"},{"$i":"gt-ala-exceptions-header","$v":"Wat is locatie per app?"},{"$i":"gt-ala-exceptions-desc","$v":"Hier vindt u een overzicht van alle apps die uw geolocatie kunnen benaderen. U kunt de instellingen voor elke app individueel aanpassen. De algemene locatienauwkeurigheid wordt voor die apps genegeerd."},{"$i":"gt-rp-explain-header","$v":"Beveiliging op afstand? Wat is het?"},{"$i":"gt-rp-explain-desc","$v":"Als uw telefoon is gestolen of kwijtgeraakt, kunt u de Beveiliging op afstand gebruiken. Met een andere telefoon kunt u de telefoon lokaliseren, laten overgaan of zelfs op afstand vergrendelen. U moet eerst uw persoonlijke wachtwoordzin instellen en de functies die u wilt gebruiken inschakelen (lokaliseren, laten overgaan en vergrendelen)."},{"$i":"gt-rp-passphrase-header","$v":"Hoe stelt u uw persoonlijke wachtwoordzin in?"},{"$i":"gt-rp-passphrase-desc","$v":"Tik op “Beveiliging op afstand” en stel een wachtwoordzin in om uw functies op afstand te beveiligen. Als u uw huidige wachtwoordzin bent vergeten, kunt u deze opnieuw instellen via uw simpincode of schermwachtwoordcode."},{"$i":"gt-rp-locate-header","$v":"Hoe kunt u uw telefoon lokaliseren?"},{"$i":"gt-rp-locate-desc1","$v":"Als uw telefoon is kwijtgeraakt, gebruik dan de telefoon van een vriend en stuur een sms-bericht met de tekst"},{"$i":"gt-rp-locate-command","$v":"RP locate UWWACHTWOORDZIN"},{"$i":"gt-rp-locate-desc2","$v":"naar uw telefoonnummer, en u ontvangt de exacte gps-coördinaten via sms retour. Zorg ervoor dat u de wachtwoordzin instelt!"},{"$i":"gt-rp-ring-header","$v":"Hoe kunt u uw telefoon laten overgaan?"},{"$i":"gt-rp-ring-desc1","$v":"Makkelijk! Stuur gewoon een sms-bericht met de tekst"},{"$i":"gt-rp-ring-command","$v":"RP ring UWWACHTWOORDZIN"},{"$i":"gt-rp-ring-desc2","$v":"naar uw telefoonnummer, en uw telefoon zal overgaan totdat u hem vindt en ontgrendelt."},{"$i":"gt-rp-lock-header","$v":"Hoe kunt u uw telefoon vergrendelen?"},{"$i":"gt-rp-lock-desc1","$v":"Als u uw telefoon bent verloren en op afstand wilt vergrendelen, stuur dan een sms-bericht met de tekst"},{"$i":"gt-rp-lock-command","$v":"RP lock UWWACHTWOORDZIN"},{"$i":"gt-rp-lock-desc2","$v":"naar uw telefoonnummer. De telefoon zal zichzelf vergrendelen, en alleen u zult hem kunnen ontgrendelen met uw reguliere schermwachtwoordcode."},{"$i":"get-started","$v":"Beginnen!"},{"$i":"finish-tour","$v":"Voltooien"},{"$i":"ok","$v":"OK"},{"$i":"back","$v":"Terug"},{"$i":"next","$v":"Volgende"},{"$i":"sms-ring","$v":"Uw apparaat zou nu moeten overgaan en is vergrendeld. U kunt het ontgrendelen met uw wachtwoordcode."},{"$i":"sms-lock","$v":"Uw apparaat is vergrendeld. U kunt het ontgrendelen met uw wachtwoordcode."},{"$i":"sms-locate","$v":["De coördinaten van uw apparaat zijn @",{"t":"idOrVar","v":"latitude"},",",{"t":"idOrVar","v":"longitude"}," en uw apparaat is vergrendeld. U kunt het ontgrendelen met uw wachtwoordcode."]},{"$i":"about-privacy-controls","$v":"Over Privacybeheer"},{"$i":"version","$v":"Versie"},{"$i":"build-id","$v":"Build-ID"},{"$i":"about-pc-header","$v":"Over Privacybeheer"},{"$i":"about-pc-desc","$v":"Samen met Deutsche Telekom heeft de Mozilla Foundation Privacybeheer ontwikkeld om gebruikers weer de baas over persoonlijke gegevens te laten worden."},{"$i":"perm-alarms-description","$v":"Een melding of een te starten applicatie plannen."},{"$i":"perm-audio-capture-description","$v":"Audio-invoerapparaten benaderen, zoals een microfoon."},{"$i":"perm-audio-channel-alarm-description","$v":"Klokalarmen en agenda-alarmen afspelen."},{"$i":"perm-audio-channel-content-description","$v":"Muziek en video afspelen."},{"$i":"perm-audio-channel-normal-description","$v":"UI-geluiden, webinhoud, muziek en radio afspelen."},{"$i":"perm-audio-channel-notification-description","$v":"Meldingsgeluiden afspelen."},{"$i":"perm-browser-description","$v":"Hiermee kan de app een browser in een iframe implementeren."},{"$i":"perm-camera-description","$v":"Foto’s nemen, video’s maken, audio opnemen en de camera bedienen."},{"$i":"perm-contacts-description","$v":"Contacten uit het adresboek op het apparaat toevoegen, lezen of aanpassen en contacten van de simkaart lezen."},{"$i":"perm-contacts-readonly-description","$v":"Contacten uit het adresboek op het apparaat lezen en contacten van de simkaart lezen."},{"$i":"perm-contacts-readwrite-description","$v":"Contacten uit het adresboek op het apparaat lezen of aanpassen en contacten van de simkaart lezen."},{"$i":"perm-contacts-readcreate-description","$v":"Contacten uit het adresboek op het apparaat toevoegen, lezen of aanpassen en contacten van de simkaart lezen."},{"$i":"perm-contacts-createonly-description","$v":"Contacten aan het adresboek op het apparaat toevoegen."},{"$i":"perm-desktop-notification-description","$v":"Een melding op het apparaat van de gebruiker weergeven."},{"$i":"perm-device-storage-music-description","$v":"Op het apparaat opgeslagen muziekbestanden toevoegen, lezen of aanpassen."},{"$i":"perm-device-storage-music-readonly-description","$v":"Op het apparaat opgeslagen muziekbestanden lezen."},{"$i":"perm-device-storage-music-readwrite-description","$v":"Op het apparaat opgeslagen muziekbestanden lezen of aanpassen."},{"$i":"perm-device-storage-music-readcreate-description","$v":"Op het apparaat opgeslagen muziekbestanden toevoegen, lezen of aanpassen."},{"$i":"perm-device-storage-music-createonly-description","$v":"Nieuwe muziekbestanden op het apparaat opslaan."},{"$i":"perm-device-storage-pictures-description","$v":"Op het apparaat opgeslagen afbeeldingsbestanden toevoegen, lezen of aanpassen."},{"$i":"perm-device-storage-pictures-readonly-description","$v":"Op het apparaat opgeslagen afbeeldingsbestanden lezen."},{"$i":"perm-device-storage-pictures-readwrite-description","$v":"Op het apparaat opgeslagen afbeeldingsbestanden lezen of aanpassen."},{"$i":"perm-device-storage-pictures-readcreate-description","$v":"Op het apparaat opgeslagen afbeeldingsbestanden toevoegen, lezen of aanpassen."},{"$i":"perm-device-storage-pictures-createonly-description","$v":"Nieuwe afbeeldingsbestanden op het apparaat opslaan."},{"$i":"perm-device-storage-sdcard-description","$v":"Op de SD-kaart van het apparaat opgeslagen bestanden toevoegen, lezen of aanpassen."},{"$i":"perm-device-storage-sdcard-readonly-description","$v":"Op de SD-kaart van het apparaat opgeslagen bestanden lezen."},{"$i":"perm-device-storage-sdcard-readwrite-description","$v":"Op de SD-kaart van het apparaat opgeslagen bestanden lezen of aanpassen."},{"$i":"perm-device-storage-sdcard-readcreate-description","$v":"Op de SD-kaart van het apparaat opgeslagen bestanden toevoegen, lezen of aanpassen."},{"$i":"perm-device-storage-sdcard-createonly-description","$v":"Nieuwe bestanden op de SD-kaart van het apparaat opslaan."},{"$i":"perm-device-storage-videos-description","$v":"Op het apparaat opgeslagen videobestanden toevoegen, lezen of aanpassen."},{"$i":"perm-device-storage-videos-readonly-description","$v":"Op het apparaat opgeslagen videobestanden lezen."},{"$i":"perm-device-storage-videos-readwrite-description","$v":"Op het apparaat opgeslagen videobestanden lezen of aanpassen."},{"$i":"perm-device-storage-videos-readcreate-description","$v":"Op het apparaat opgeslagen videobestanden toevoegen, lezen of aanpassen."},{"$i":"perm-device-storage-videos-createonly-description","$v":"Nieuwe videobestanden op het apparaat opslaan."},{"$i":"perm-fmradio-description","$v":"De FM-radio bedienen."},{"$i":"perm-geolocation-description","$v":"De huidige locatie van de gebruiker ophalen."},{"$i":"perm-input-description","$v":"Toestaan dat de app zich als een virtueel toetsenbord gedraagt door naar focuswijzigingen in andere apps te luisteren."},{"$i":"perm-mobilenetwork-description","$v":"Mobielnetwerkgegevens ophalen (MCC, MNC etc.)."},{"$i":"perm-push-description","$v":"Een app activeren voor ontvangst van meldingen."},{"$i":"perm-storage-description","$v":"Opslag gebruiken zonder groottebeperkingen."},{"$i":"perm-systemXHR-description","$v":"Anonieme cross-origin-XHR toestaan zonder dat de doelwebsite CORS heeft ingeschakeld."},{"$i":"perm-tcp-socket-description","$v":"TCP-sockets aanmaken en hierover communiceren."},{"$i":"perm-video-capture-description","$v":"Video-invoerapparaten benaderen, zoals een camera."},{"$i":"perm-attention-description","$v":"Inhoud toestaan om een venster te openen voor alle andere inhoud."},{"$i":"perm-audio-channel-ringer-description","$v":"Geluiden afspelen voor inkomende telefoonoproepen."},{"$i":"perm-audio-channel-telephony-description","$v":"Geluiden afspelen voor telefoonoproepen, VOIP-oproepen."},{"$i":"perm-audio-channel-publicnotification-description","$v":"Algemene meldingsgeluiden afspelen."},{"$i":"perm-background-sensors-description","$v":"Op de achtergrond luisteren naar gebeurtenissen van de nabijheidssensor."},{"$i":"perm-backgroundservice-description","$v":"De app toestaan om op de achtergrond te worden uitgevoerd."},{"$i":"perm-bluetooth-description","$v":"Toegang op laag niveau tot Bluetooth-hardware."},{"$i":"perm-cellbroadcast-description","$v":"Start een gebeurtenis als een bepaald type mobielnetwerkmelding wordt ontvangen (een nood-netwerkmelding)."},{"$i":"perm-device-storage-apps-description","$v":"In de locatie van de app op het apparaat opgeslagen bestanden toevoegen, lezen of aanpassen."},{"$i":"perm-device-storage-apps-readonly-description","$v":"In de locatie van de app op het apparaat opgeslagen bestanden lezen."},{"$i":"perm-device-storage-apps-readwrite-description","$v":"In de locatie van de app op het apparaat opgeslagen bestanden lezen of aanpassen."},{"$i":"perm-device-storage-apps-readcreate-description","$v":"In de locatie van de app op het apparaat opgeslagen bestanden toevoegen, lezen of aanpassen."},{"$i":"perm-device-storage-apps-createonly-description","$v":"Nieuwe bestanden in de locatie van de app op het apparaat opslaan."},{"$i":"perm-embed-apps-description","$v":"Mogelijkheid om apps in mozApp-frames in te bedden."},{"$i":"perm-idle-description","$v":"De app melden als de gebruiker niet actief is."},{"$i":"perm-mobileconnection-description","$v":"Informatie over de huidige mobiele spraak- en gegevensverbinding ophalen."},{"$i":"perm-network-events-description","$v":"Netwerkuploads en -downloads monitoren."},{"$i":"perm-networkstats-manage-description","$v":"Statistieken van gegevensgebruik per interface ophalen."},{"$i":"perm-open-remote-window-description","$v":"Vensters openen in een nieuw proces."},{"$i":"perm-permissions-description","$v":"Een app toestaan om machtigingen van andere apps te beheren."},{"$i":"perm-power-description","$v":"Het scherm aan- of uitzetten, CPU en apparaatenergie besturen, etc."},{"$i":"perm-settings-description","$v":"Apparaatinstellingen configureren of lezen."},{"$i":"perm-settings-readonly-description","$v":"Apparaatinstellingen lezen."},{"$i":"perm-settings-readwrite-description","$v":"Apparaatinstellingen lezen of aanpassen."},{"$i":"perm-settings-readcreate-description","$v":"Apparaatinstellingen toevoegen, lezen of aanpassen."},{"$i":"perm-settings-createonly-description","$v":"Apparaatinstellingen toevoegen."},{"$i":"perm-sms-description","$v":"Sms-berichten verzenden en ontvangen."},{"$i":"perm-telephony-description","$v":"Alle telefonie-gerelateerde API’s benaderen om telefoonoproepen te maken en te ontvangen."},{"$i":"perm-time-description","$v":"De huidige tijd instellen."},{"$i":"perm-voicemail-description","$v":"Voicemail benaderen."},{"$i":"perm-webapps-manage-description","$v":"Geïnstalleerde open webapps beheren."},{"$i":"perm-wifi-manage-description","$v":"Beschikbare wifi-netwerken opsommen, signaalsterkte ontvangen, verbinding maken met een netwerk."},{"$i":"perm-wappush-description","$v":"WAP-pushberichten ontvangen."},{"$i":"title-app","$v":"App-machtiging"},{"$i":"title-web","$v":"Websitemachtiging"},{"$i":"title-cam","$v":"Camera selecteren"},{"$i":"perm-alarms","$v":"Alarmen plannen"},{"$i":"perm-audio-capture","$v":"Microfoon"},{"$i":"perm-audio-capture-appRequest","$v":["Wilt u uw microfoon delen met ",{"t":"idOrVar","v":"app"},"?"]},{"$i":"perm-audio-capture-webRequest","$v":["Wilt u uw microfoon delen met ",{"t":"idOrVar","v":"site"},"?"]},{"$i":"perm-audio-channel-content","$v":"Geluiden afspelen"},{"$i":"perm-audio-channel-notification","$v":"Meldingsgeluiden afspelen"},{"$i":"perm-audio-channel-ringer","$v":"Beltoongeluiden afspelen"},{"$i":"perm-background-sensors","$v":"Sensorgegevens benaderen"},{"$i":"perm-bluetooth","$v":"Bluetooth"},{"$i":"perm-browser","$v":"Webpagina’s inspecteren"},{"$i":"perm-camera","$v":"Camera’s"},{"$i":"perm-camera-selector-appRequest","$v":["Selecteer een camera voor ",{"t":"idOrVar","v":"app"},"."]},{"$i":"perm-camera-selector-webRequest","$v":["Selecteer een camera voor ",{"t":"idOrVar","v":"site"},"."]},{"$i":"perm-cellbroadcast","$v":"Cell broadcasts"},{"$i":"perm-contacts","$v":"Contacten"},{"$i":"perm-contacts-appRequest","$v":[{"t":"idOrVar","v":"app"}," vraagt om toegang tot uw contactenlijst."]},{"$i":"perm-contacts-webRequest","$v":[{"t":"idOrVar","v":"site"}," vraagt om toegang tot uw contactenlijst."]},{"$i":"perm-desktop-notification","$v":"Meldingen"},{"$i":"perm-desktop-notification-appRequest","$v":[{"t":"idOrVar","v":"app"}," wil meldingen weergeven."]},{"$i":"perm-desktop-notification-webRequest","$v":[{"t":"idOrVar","v":"site"}," wil meldingen weergeven."]},{"$i":"perm-device-storage-apps","$v":"App-opslag"},{"$i":"perm-device-storage-music","$v":"Muziekopslag"},{"$i":"perm-device-storage-music-appRequest","$v":[{"t":"idOrVar","v":"app"}," vraagt om toegang tot uw muziek."]},{"$i":"perm-device-storage-music-webRequest","$v":[{"t":"idOrVar","v":"site"}," vraagt om toegang tot uw muziek."]},{"$i":"perm-device-storage-pictures","$v":"Afbeeldingenopslag"},{"$i":"perm-device-storage-pictures-appRequest","$v":[{"t":"idOrVar","v":"app"}," vraagt om toegang tot uw afbeeldingen."]},{"$i":"perm-device-storage-pictures-webRequest","$v":[{"t":"idOrVar","v":"site"}," vraagt om toegang tot uw afbeeldingen."]},{"$i":"perm-device-storage-sdcard","$v":"Geheugenkaartopslag"},{"$i":"perm-device-storage-sdcard-appRequest","$v":[{"t":"idOrVar","v":"app"}," vraagt om toegang tot uw geheugenkaart."]},{"$i":"perm-device-storage-sdcard-webRequest","$v":[{"t":"idOrVar","v":"site"}," vraagt om toegang tot uw geheugenkaart."]},{"$i":"perm-device-storage-videos","$v":"Video-opslag"},{"$i":"perm-device-storage-videos-appRequest","$v":[{"t":"idOrVar","v":"app"}," vraagt om toegang tot uw video’s."]},{"$i":"perm-device-storage-videos-webRequest","$v":[{"t":"idOrVar","v":"site"}," vraagt om toegang tot uw video’s."]},{"$i":"perm-embed-apps","$v":"Apps insluiten"},{"$i":"perm-fmradio","$v":"FM-radio"},{"$i":"perm-fmradio-appRequest","$v":[{"t":"idOrVar","v":"app"}," wil de FM-radio gebruiken."]},{"$i":"perm-fmradio-webRequest","$v":[{"t":"idOrVar","v":"site"}," wil de FM-radio gebruiken."]},{"$i":"perm-geolocation","$v":"Geolocatie"},{"$i":"perm-geolocation-appRequest","$v":[{"t":"idOrVar","v":"app"}," wil uw locatie weten."]},{"$i":"perm-geolocation-more-info","$v":[{"t":"idOrVar","v":"brandShortName"}," gebruikt gegevens als gps, wifi en mobiele netwerken in uw omgeving om uw geschatte locatie te helpen bepalen. Deze gegevens worden naar Mozilla en andere serviceproviders verzonden en gezamenlijk gebruikt om de locatiedatabases te verbeteren. Mogelijk worden gegevens op uw apparaat bewaard, en gegevensverzameling kan ook plaatsvinden als er geen apps actief zijn."]},{"$i":"perm-geolocation-webRequest","$v":[{"t":"idOrVar","v":"site"}," wil uw locatie weten."]},{"$i":"perm-idle","$v":"Inactief-status zien"},{"$i":"perm-indexedDB-chrome-settings","$v":"Bevoegde IndexedDB"},{"$i":"perm-indexedDB-unlimited","$v":"Onbeperkte IndexedDB-opslag"},{"$i":"perm-input-manage","$v":"Toetsenborden beheren"},{"$i":"perm-input","$v":"Gedragen als toetsenbord"},{"$i":"perm-media-capture","$v":"Camera en microfoon"},{"$i":"perm-media-capture-appRequest","$v":["Wilt u uw camera en microfoon delen met ",{"t":"idOrVar","v":"app"},"?"]},{"$i":"perm-media-capture-webRequest","$v":["Wilt u uw camera en microfoon delen met ",{"t":"idOrVar","v":"site"},"?"]},{"$i":"perm-mobileconnection","$v":"Mobiele verbinding"},{"$i":"perm-mobileid","$v":"Mobiele identiteit"},{"$i":"perm-network-events","$v":"Netwerkgebeurtenissen"},{"$i":"perm-open-remote-window","$v":"Een app starten"},{"$i":"perm-permissions","$v":"App-machtigingen aanpassen"},{"$i":"perm-power","$v":"Energie-instellingen"},{"$i":"perm-settings","$v":"Instellingen aanpassen"},{"$i":"perm-systemXHR","$v":"Cross-origin-aanvragen"},{"$i":"perm-telephony","$v":"Telefonie"},{"$i":"perm-video-capture","$v":"Camera"},{"$i":"perm-video-capture-appRequest","$v":["Wilt u uw camera delen met ",{"t":"idOrVar","v":"app"},"?"]},{"$i":"perm-video-capture-webRequest","$v":["Wilt u uw camera delen met ",{"t":"idOrVar","v":"site"},"?"]},{"$i":"perm-voicemail","$v":"Voicemail besturen"},{"$i":"perm-webapps-manage","$v":"Webapps installeren"},{"$i":"perm-wifi-manage","$v":"Wifi beheren"},{"$i":"perm-attention","$v":"Overlaypop-ups openen"},{"$i":"perm-audio-channel-alarm","$v":"Alarmgeluiden afspelen"},{"$i":"perm-audio-channel-normal","$v":"Geluiden afspelen"},{"$i":"perm-audio-channel-publicnotification","$v":"Algemene meldingsgeluiden afspelen"},{"$i":"perm-audio-channel-telephony","$v":"Telefoniegeluiden afspelen"},{"$i":"perm-backgroundservice","$v":"Gedragen als achtergrondservice"},{"$i":"perm-device-storage-crashes","$v":"Crashgegevensopslag"},{"$i":"perm-downloads","$v":"Downloads benaderen"},{"$i":"perm-embed-widgets","$v":"Widgets invoegen"},{"$i":"perm-feature-detection","$v":"Functiedetectie"},{"$i":"perm-firefox-accounts","$v":"Firefox-accounts"},{"$i":"perm-mobilenetwork","$v":"Mobiel netwerk"},{"$i":"perm-moz-attention","$v":"Overlaypop-ups openen(moz)"},{"$i":"perm-moz-audio-channel-ringer","$v":"Beltoongeluiden afspelen (moz)"},{"$i":"perm-moz-audio-channel-telephony","$v":"Telefoniegeluiden afspelen (moz)"},{"$i":"perm-moz-firefox-accounts","$v":"Firefox-accounts (moz)"},{"$i":"perm-networkstats-manage","$v":"Gebruiksstatistieken besturen"},{"$i":"perm-nfc","$v":"NFC"},{"$i":"perm-nfc-hci-events","$v":"NFC HCI-gebeurtenissen"},{"$i":"perm-nfc-manager","$v":"NFC beheren"},{"$i":"perm-phonenumberservice","$v":"Telefoonnummerservice"},{"$i":"perm-push","$v":"Push-API"},{"$i":"perm-resourcestats-manage","$v":"Resourcestatistieken"},{"$i":"perm-sms","$v":"Sms verzenden en lezen"},{"$i":"perm-speaker-control","$v":"Volume besturen"},{"$i":"perm-storage","$v":"Opslag benaderen"},{"$i":"perm-tcp-socket","$v":"TCP-sockets"},{"$i":"perm-test-permission","$v":"Testmachtiging"},{"$i":"perm-time","$v":"Datum en tijd instellen"},{"$i":"perm-udp-socket","$v":"UDP-sockets"},{"$i":"perm-wappush","$v":"WAP-push"}]