[{"$i":"brandShortName","$v":"B2G OS"},{"$i":"browserBrandShortName","$v":"Web Browser"},{"$i":"browserBrandFullName","$v":"Mozilla Web Browser"},{"$i":"ringtoneBrandName","$v":"Default"},{"$i":"ringtoneSectionBrandName","$v":"System"},{"$i":"africa","$v":"Afryka"},{"$i":"america","$v":"Ameryka"},{"$i":"antarctica","$v":"Antarktyka"},{"$i":"asia","$v":"Azja"},{"$i":"atlantic-ocean","$v":"Atlantyk"},{"$i":"australia","$v":"Australia"},{"$i":"europe","$v":"Europa"},{"$i":"indian-ocean","$v":"Ocean Indyjski"},{"$i":"pacific-ocean","$v":"Pacyfik"},{"$i":"privacy-controls","$v":"Prywatność"},{"$i":"location-accuracy","$v":"Dokładność lokalizacji"},{"$i":"transparency-control","$v":"Transparency Control"},{"$i":"privacy-protection","$v":"Zdalna ochrona"},{"$i":"guided-tour","$v":"Przewodnik"},{"$i":"la-panel","$v":"Dokładność lokalizacji"},{"$i":"geolocation","$v":"Usługi lokalizacyjne"},{"$i":"location-adjustment","$v":"Korekcja położenia"},{"$i":"location-adjustment-info","$v":["Korygowanie położenia wpływa na lokalizację przekazywaną przez ",{"t":"idOrVar","v":"brandShortName"}," aplikacjom. Nie wpływa natomiast na adres IP lub ustawiania języka i regionalne, dlatego niektóre usługi mogą nadal lokalizować położenie urządzenia."]},{"$i":"location-adjustment-description","$v":"Dostosuj ogólny poziom korekcji położenia dla aplikacji lub określ stałe położenie i dodaj wyjątki dla poszczególnych aplikacji."},{"$i":"adjustment","$v":"Korekta"},{"$i":"add-exceptions","$v":"Wyjątki"},{"$i":"app-list-description","$v":"Lista aplikacji posiadających dostęp do informacji o położeniu urządzenia."},{"$i":"type-user-defined","$v":"Stałe"},{"$i":"blur-distance-km","$v":[{"t":"idOrVar","v":"value"}," km blur"]},{"$i":"blur-distance-m","$v":[{"t":"idOrVar","v":"value"}," m blur"]},{"$i":"type-precise","$v":"Precyzyjne"},{"$i":"type-no-location","$v":"Brak"},{"$i":"attention","$v":"Uwaga!"},{"$i":"ala-custom-location-alert","$v":"Nie ustawiono jeszcze korekcji położenia. Należy to zrobić przed zmianą innych ustawień!"},{"$i":"custom-location","$v":"Stałe położenie"},{"$i":"set-custom-location","$v":"Ustaw stałe położenie"},{"$i":"set-location","$v":"Ustaw położenie"},{"$i":"custom-location-description","$v":"Ustaw lokalizację, której system ma używać jako stałego położenia."},{"$i":"precise","$v":"Precyzja"},{"$i":"no-location","$v":"Brak"},{"$i":"exceptions-application-description","$v":"Zmień ustawienia korekcji położenia dla aplikacji:"},{"$i":"custom-location-ala-10","$v":"Ustawianie stałego położenia"},{"$i":"choose-a-region-city","$v":"Region / miasto"},{"$i":"region","$v":"Region"},{"$i":"city","$v":"Miasto"},{"$i":"enter-gps-coordinates","$v":"Współrzędne GPS"},{"$i":"enter-gps-description","$v":"Prawidłowe współrzędne GPS dla długości geograficznej przyjmują wartości między -180.0 a 180 a dla szerokości geograficznej między -90.0 a 90.0 stopni."},{"$i":"latitude","$v":"Szerkość geograficzna"},{"$i":"longitude","$v":"Długość geograficzna"},{"$i":"global-settings","$v":"Ogólne ustawienia"},{"$i":"rp-panel","$v":"Zdalna ochrona"},{"$i":"rp-new-password-description","$v":"Ustaw hasło zabezpieczające zdalne funkcje (maksymalnie 100 znaków)."},{"$i":"new-passphrase","placeholder":"Nowe hasło"},{"$i":"confirm-new-passphrase","placeholder":"Potwierdź hasło"},{"$i":"rp-login-description","$v":"Proszę wprowadzić hasło."},{"$i":"rp-change-password","$v":"Przypomij lub zmień hasło"},{"$i":"passphrase","placeholder":"Hasło"},{"$i":"rp-change-password-description","$v":"Proszę wprowadzić kod blokady lub kod PIN i nowe hasło, aby zmienić obecne hasło."},{"$i":"sim1","$v":"SIM 1"},{"$i":"sim2","$v":"SIM 2"},{"$i":"enter","placeholder":"Enter Code"},{"$i":"passphrase-wrong","$v":"Nieodpowiednie hasło!"},{"$i":"passphrase-empty","$v":"Puste hasło!"},{"$i":"passphrase-too-long","$v":"Zbyt długie hasło!"},{"$i":"passphrase-invalid","$v":"Znaki specjalne są niedozwolone!"},{"$i":"passphrase-different","$v":"Wprowadzone hasła muszą się zgadzać!"},{"$i":"pin-empty","$v":"Pusty kod blokady!"},{"$i":"pin-invalid","$v":"Nieodpowiedni kod blokady!"},{"$i":"passcode-long","$v":"Passcode should be 4 digits!"},{"$i":"pin-different","$v":"Nieodpowiedni kod blokady!"},{"$i":"sim-invalid","$v":"Nieodpowiedni kod PIN!"},{"$i":"pin-tries-left","$v":{"one":"Ostatnia próba","two":"Pozostały dwie próby","few":["Pozostały ",{"t":"idOrVar","v":"n"}," próby"],"many":"","other":""},"$x":[{"t":"idOrVar","v":"plural"},"n"]},{"$i":"remote-locate","$v":"Zdalna lokalizacja"},{"$i":"remote-locate-description","$v":"Urządzenie można zlokalizować wysyłając SMS o treści: RP locate TWOJEHASŁO"},{"$i":"remote-ring","$v":"Zdalny dzwonek"},{"$i":"remote-ring-description","$v":"Dzwonek w urządzeniu można włączyć wysyłając SMS o treści: RP ring TWOJEHASŁO"},{"$i":"remote-lock","$v":"Zdalna blokada"},{"$i":"remote-lock-description","$v":"Urządzenie można zablokować wysyłając SMS o treści: RP lock TWOJEHASŁO"},{"$i":"rp-lockscreen-alert","$v":"Należy włączyć blokadę ekranu i ustawić kod blokady w ustawieniach, aby używać zdalnej ochrony."},{"$i":"take-me-there","$v":"Ustawienia blokady ekranu"},{"$i":"lock-screen","$v":"Blokada ekranu"},{"$i":"screen-lock-header","$v":"Blokada ekranu"},{"$i":"passcode-lock","$v":"Kod blokady"},{"$i":"require-passcode","$v":"Wymagaj kodu blokady"},{"$i":"immediately","$v":"Natychmiast"},{"$i":"after-one-minute","$v":"Po minucie"},{"$i":"after-five-minutes","$v":"Po 5 minutach"},{"$i":"after-fifteen-minutes","$v":"Po 15 minutach"},{"$i":"after-thirty-minutes","$v":"Po 30 minutach"},{"$i":"after-one-hour","$v":"Po godzinie"},{"$i":"change-passcode","$v":"Zmień kod blokady"},{"$i":"change","$v":"Zmień"},{"$i":"create","$v":"Utwórz"},{"$i":"passcode-heading","$v":"Kod blokady"},{"$i":"current-passcode","$v":"Obecny kod blokady"},{"$i":"new-passcode","$v":"Nowy kod blokady"},{"$i":"enter-passcode","$v":"Wprowadź kod blokady"},{"$i":"create-a-passcode","$v":"Utwórz kod blokady"},{"$i":"passcode","$v":"Kod blokady"},{"$i":"confirm-passcode","$v":"Potwierdź kod blokady"},{"$i":"incorrect-passcode","$v":"Nieodpowiedni kod blokady"},{"$i":"passcode-doesnt-match","$v":"Kod blokady nie pasuje. Spróbuj ponownie."},{"$i":"tc-panel","$v":"Transparency Control"},{"$i":"tc-applications","$v":"Aplikacje"},{"$i":"tc-permissions","$v":"Uprawnienia"},{"$i":"tc-sort-alphabetical","$v":"Alfabetycznie"},{"$i":"tc-sort-trustLevel","$v":"Według poziomu zaufania"},{"$i":"tc-sort-vendor","$v":"Według dostawcy"},{"$i":"tc-search-apps","placeholder":"Search Apps"},{"$i":"tc-search-close","$v":"close"},{"$i":"tc-search-clear","$v":"clear"},{"$i":"tc-trust-certified","$v":"Certyfikowane"},{"$i":"tc-trust-privileged","$v":"Uprzywilejowane"},{"$i":"tc-trust-web","$v":"Zwykłe (WWW)"},{"$i":"tc-explicit-permissions","$v":"Określone uprawnienia"},{"$i":"tc-implicit-permissions","$v":"Pozostałe uprawnienia"},{"$i":"tc-explicit-prompt","$v":"Pytanie"},{"$i":"tc-explicit-deny","$v":"Odmawianie"},{"$i":"tc-explicit-allow","$v":"Zezwalanie"},{"$i":"tc-apps-accessing-permission","$v":"Aplikacje korzystające z uprawnienia"},{"$i":"gt-main-pc-header","$v":"Witaj!"},{"$i":"gt-main-desc","$v":"Ta aplikacja pomaga chronić prywatność i umożliwia zablokowanie telefonu w przypadku jego zagubienia. Zapraszamy do zapoznania się z nią w krótkim przewodniku."},{"$i":"gt-ala-explain-header","$v":"Korekcja położenia"},{"$i":"gt-ala-explain-desc","$v":"Wiele aplikacji, takich jak książka adresowa lub aparat, prosi o dostęp do usług lokalizacyjnych. Jeżeli nie chcesz zdradzać im swojego dokładnego położenia, możesz skorygować dokładność, ustawić na stałe lub wyłączyć dostarczanie aplikacjom danych lokalizacyjnych."},{"$i":"gt-ala-blur-header","$v":"Jak ustawić korekcję położenia?"},{"$i":"gt-ala-blur-desc","$v":"Nie każda aplikacja wymaga informacji o dokładnym położeniu. Zamiast udostępniać jej prawdziwe współrzędne geograficzne, możesz efektywnie zmniejszyć dokładność lokalizacji (do wybranego promienia lub miejsca). W ten sposób, aplikacja pokazująca pogodę może nadal pracować nie otrzymując informacji o tym, w którym sklepie przebywasz. Pamiętaj tylko, że korekcja położenia nie ma możliwości ukryć wszystkich informacji lokalizacyjnych."},{"$i":"gt-ala-custom-header","$v":"Stałe położenie"},{"$i":"gt-ala-custom-desc","$v":"Ustawiając stałą lokalizację, możesz ukryć swoje prawdziwe położenie i wskazać dowolne miejsce na świecie. Wybierz, gdzie jesteś!"},{"$i":"gt-ala-exceptions-header","$v":"Czym są wyjątki?"},{"$i":"gt-ala-exceptions-desc","$v":"Tutaj znajdziesz listę aplikacji posiadających dostęp do informacji o położeniu urządzenia. Korekcję można dostosowywać indywidualnie dla każdej aplikacji nadpisując ogólne ustawienia."},{"$i":"gt-rp-explain-header","$v":"Zdalna ochrona"},{"$i":"gt-rp-explain-desc","$v":"W przypadku kradzieży lub zagubienia telefonu, można użyć zdalnej ochrony z innego telefonu, aby zlokalizować go lub zadzwonić nim i go zablokować. Najpierw jednak konieczne jest ustawienie osobistego hasła i włączenie funkcji, których możesz chcieć użyć (lokalizacja, dzwonienie, blokada)."},{"$i":"gt-rp-passphrase-header","$v":"Osobiste hasło"},{"$i":"gt-rp-passphrase-desc","$v":"Wybierz „Zdalna ochrona” i ustaw osobiste hasło, aby zabezpieczyć zdalne funkcje. W przypadku zapomnienia hasła, istnieje możliwość zresetowania go przy użyciu kodu PIN karty SIM lub kodu blokady."},{"$i":"gt-rp-locate-header","$v":"Lokalizowanie telefonu"},{"$i":"gt-rp-locate-desc1","$v":"Jeśli nie możesz odnaleźć telefonu, wystarczy że wyślesz SMS o treści"},{"$i":"gt-rp-locate-command","$v":"„RP locate TWOJEHASŁO”"},{"$i":"gt-rp-locate-desc2","$v":"na swój numer telefonu i otrzymasz SMSem dokładne współrzędne GPS. Tylko pamiętaj o ustawieniu hasła."},{"$i":"gt-rp-ring-header","$v":"Dzwonienie telefonem"},{"$i":"gt-rp-ring-desc1","$v":"To łatwe, wystarczy wysłać SMSem"},{"$i":"gt-rp-ring-command","$v":"„RP ring TWOJEHASŁO”"},{"$i":"gt-rp-ring-desc2","$v":"na swój numer telfonu a urządzenie zaczne dzwonić do czasu odnalezienia i odblokowania."},{"$i":"gt-rp-lock-header","$v":"Blokowanie telefonu"},{"$i":"gt-rp-lock-desc1","$v":"Jeśli nie możesz odnaleźć telefonu i chcesz go zdalnie zablokować, wystarczy że wyślesz SMS o treści"},{"$i":"gt-rp-lock-command","$v":"„RP lock TWOJEHASŁO”"},{"$i":"gt-rp-lock-desc2","$v":"na swój numer telefonu. Urządzenie zablokuje się i tylko Ty będziesz w stanie go odblokować kodem blokady urządzenia."},{"$i":"get-started","$v":"Rozpocznij"},{"$i":"finish-tour","$v":"Zakończ"},{"$i":"ok","$v":"OK"},{"$i":"back","$v":"Wstecz"},{"$i":"next","$v":"Dalej"},{"$i":"sms-ring","$v":"Urządzenie zostało zablokowane i powinno dzwonić. Możesz odblokować je kodem blokady."},{"$i":"sms-lock","$v":"Urządzenie zostało zablokowane. Możesz odblokować je kodem blokady."},{"$i":"sms-locate","$v":["Urządzenie zostało zablokowane a jego współrzędne to @",{"t":"idOrVar","v":"latitude"},",",{"t":"idOrVar","v":"longitude"},". Możesz odblokować je kodem blokady."]},{"$i":"about-privacy-controls","$v":"O aplikacji"},{"$i":"version","$v":"Wersja"},{"$i":"build-id","$v":"Build ID"},{"$i":"about-pc-header","$v":"Opis"},{"$i":"about-pc-desc","$v":"Mozilla Foundation razem z Deutsche Telekom stworzyła tą aplikację, aby umożliwić użytkownikowi ponowne przejęcie kontroli nad jego danymi prywatnymi."},{"$i":"perm-alarms-description","$v":"Ustawianie powiadomień lub ustawianie startu aplikacji"},{"$i":"perm-audio-capture-description","$v":"Dostęp do źródeł rejestrowania dźwięku (np. wbudowanego mikrofonu)."},{"$i":"perm-audio-channel-alarm-description","$v":"Odtwarzanie alarmów kalendarza i zegara."},{"$i":"perm-audio-channel-content-description","$v":"Odtwarzanie muzyki i filmów."},{"$i":"perm-audio-channel-normal-description","$v":"Odtwarzanie dźwięków interfejsi, zawartości WWW, muzyki i radia."},{"$i":"perm-audio-channel-notification-description","$v":"Odtwarzanie dźwięków powiadomień."},{"$i":"perm-browser-description","$v":"Osadzanie przeglądarki wewnątrz aplikacji."},{"$i":"perm-camera-description","$v":"Robienie zdjęć, nagrywanie filmów, nagrywanie dźwięków i kontrolowanie aparatu."},{"$i":"perm-contacts-description","$v":"Dodawanie, odczytywanie i modyfikowanie kontaktów z książki adresowej na urządzeniu oraz odczytywanie kontaktów z karty SIM."},{"$i":"perm-contacts-readonly-description","$v":"Odczytywanie kontaktów z książki adresowej na urządzeniu i na karcie SIM."},{"$i":"perm-contacts-readwrite-description","$v":"Odczytywanie i modyfikowanie kontaktów z książki adresowej na urządzeniu i odczytywanie kontaktów z karty SIM."},{"$i":"perm-contacts-readcreate-description","$v":"Dodawanie, odczytywanie i modyfikowanie kontaktów z książki adresowej na urządzeniu i odczytywanie kontaktów z karty SIM."},{"$i":"perm-contacts-createonly-description","$v":"Dodawanie kontaktów do książki adresowej na urządzeniu."},{"$i":"perm-desktop-notification-description","$v":"Wyświetlanie powiadomień na urządzeniu."},{"$i":"perm-device-storage-music-description","$v":"Dodawanie, odczytywanie i modyfikowanie plików muzycznych przechowywanych na urządzeniu."},{"$i":"perm-device-storage-music-readonly-description","$v":"Odczytywanie plików muzycznych przechowywanych na urządzeniu."},{"$i":"perm-device-storage-music-readwrite-description","$v":"Odczytywanie i modyfikowanie plików muzycznych przechowywanych na urządzeniu."},{"$i":"perm-device-storage-music-readcreate-description","$v":"Dodawanie, odczytywanie i modyfikowanie plików muzycznych przechowywanych na urządzeniu."},{"$i":"perm-device-storage-music-createonly-description","$v":"Zapisywanie nowych plików muzycznych na urządzeniu."},{"$i":"perm-device-storage-pictures-description","$v":"Dodawanie, odczytywanie i modyfikowanie plików graficznych przechowywanych na urządzeniu."},{"$i":"perm-device-storage-pictures-readonly-description","$v":"Odczytywanie plików graficznych przechowywanych na urządzeniu."},{"$i":"perm-device-storage-pictures-readwrite-description","$v":"Odczytywanie i modyfikowanie plików graficznych przechowywanych na urządzeniu."},{"$i":"perm-device-storage-pictures-readcreate-description","$v":"Dodawanie, odczytywanie i modyfikowanie plików graficznych przechowywanych na urządzeniu."},{"$i":"perm-device-storage-pictures-createonly-description","$v":"Zapisywanie nowych plików graficznych na urządzeniu."},{"$i":"perm-device-storage-sdcard-description","$v":"Dodawanie, odczytywanie i modyfikowanie plików przechowywanych na karcie SD."},{"$i":"perm-device-storage-sdcard-readonly-description","$v":"Odczytywanie plików przechowywanych na karcie SD."},{"$i":"perm-device-storage-sdcard-readwrite-description","$v":"Odczytywanie i modyfikowanie plików przechowywanych na karcie SD."},{"$i":"perm-device-storage-sdcard-readcreate-description","$v":"Dodawanie, odczytywanie i modyfikowanie plików przechowywanych na karcie SD."},{"$i":"perm-device-storage-sdcard-createonly-description","$v":"Zapisywanie nowych plików na karcie SD."},{"$i":"perm-device-storage-videos-description","$v":"Dodawanie, odczytywanie i modyfikowanie plików wideo przechowywanych na urządzeniu."},{"$i":"perm-device-storage-videos-readonly-description","$v":"Odczytywanie plików wideo przechowywanych na urządzeniu."},{"$i":"perm-device-storage-videos-readwrite-description","$v":"Odczytywanie i modyfikowanie plików wideo przechowywanych na urządzeniu."},{"$i":"perm-device-storage-videos-readcreate-description","$v":"Dodawanie. odczytywanie i modyfikowanie plików wideo przechowywanych na urządzeniu."},{"$i":"perm-device-storage-videos-createonly-description","$v":"Zapisywanie nowych plików wideo na urządzeniu."},{"$i":"perm-fmradio-description","$v":"Kontrolowanie radia FM."},{"$i":"perm-geolocation-description","$v":"Uzyskiwanie informacji o aktualnej lokalizacji urządzenia."},{"$i":"perm-input-description","$v":"Zezwalanie aplikacji na nasłuchiwanie zdarzeń zaznaczenia w innych aplikacjach (jak wirtualna klawiatura)."},{"$i":"perm-mobilenetwork-description","$v":"Uzyskiwanie informacji o sieci komórkowej (MCC, MNC, itp)."},{"$i":"perm-push-description","$v":"Wybudzanie aplikacji w celu otrzymania powiadomień."},{"$i":"perm-storage-description","$v":"Brak ograniczeń rozmiaru przechowywanych plików."},{"$i":"perm-systemXHR-description","$v":"Zezwalanie na anonimowe zapytania XHR do zasobów innego pochodzenia bez respektowania CORS."},{"$i":"perm-tcp-socket-description","$v":"Tworzenie gniazd TCP i komunikacja przez nie."},{"$i":"perm-video-capture-description","$v":"Dostęp do źródeł rejestrowania wideo (np. aparat)."},{"$i":"perm-attention-description","$v":"Zezwalanie treści na otwieranie aktywnych (przesłaniających każdą inną treść) okien."},{"$i":"perm-audio-channel-ringer-description","$v":"Odtwarzanie dzwonków przychodzących rozmów."},{"$i":"perm-audio-channel-telephony-description","$v":"Odtwarzanie dźwięków rozmów (także VoIP)."},{"$i":"perm-audio-channel-publicnotification-description","$v":"Odtwarzanie dźwięków powiadomień."},{"$i":"perm-background-sensors-description","$v":"Nasłuchiwanie w tle zdarzeń czujnika zbliżeniowego."},{"$i":"perm-backgroundservice-description","$v":"Działanie w tle."},{"$i":"perm-bluetooth-description","$v":"Niskopoziomowy dostęp do urządzeń Bluetooth."},{"$i":"perm-cellbroadcast-description","$v":"Wywoływanie zdarzeń otrzymania specyficznego typu wiadomości sieciowych (alarmowe powiadomienia sieciowe)."},{"$i":"perm-device-storage-apps-description","$v":"Dodawanie, odczytywanie i modyfikowanie plików przechowywanych w obszarze aplikacji urządzenia."},{"$i":"perm-device-storage-apps-readonly-description","$v":"Odczytywanie plików przechowywanych w obszarze aplikacji urządzenia."},{"$i":"perm-device-storage-apps-readwrite-description","$v":"Odczytywanie i modyfikowanie plików przechowywanych w obszarze aplikacji urządzenia."},{"$i":"perm-device-storage-apps-readcreate-description","$v":"Dodawanie, odczytywanie i modyfikowanie plików przechowywanych w obszarze aplikacji urządzenia."},{"$i":"perm-device-storage-apps-createonly-description","$v":"Zapisywanie nowych plików w obszarze aplikacji urządzenia."},{"$i":"perm-embed-apps-description","$v":"Osadzanie aplikacji w ramkach mozApp."},{"$i":"perm-idle-description","$v":"Powiadamianie aplikacji o stanie bezczynności."},{"$i":"perm-mobileconnection-description","$v":"Uzyskiwanie informacji o bieżącym połączeniu komórkowym (głosowym i danych)."},{"$i":"perm-network-events-description","$v":"Monitorowanie pobierania i wgrywania plików (przez sieć)."},{"$i":"perm-networkstats-manage-description","$v":"Uzyskiwanie statystyk o ilości przesyłanych danych dla poszczególnych interfejsów."},{"$i":"perm-open-remote-window-description","$v":"Otwieranie okien w nowych procesach."},{"$i":"perm-permissions-description","$v":"Zarządzanie uprawnieniami innych aplikacji."},{"$i":"perm-power-description","$v":"Wygaszanie i wybudzanie ekranu, kontrolowanie procesora, zarządzanie energią, itp."},{"$i":"perm-settings-description","$v":"Konfigurowanie ustawień urządzenia."},{"$i":"perm-settings-readonly-description","$v":"Odczytywanie ustawień urządzenia."},{"$i":"perm-settings-readwrite-description","$v":"Odczytywanie i modyfikowanie ustawień urządzenia."},{"$i":"perm-settings-readcreate-description","$v":"Dodawanie, odczytywanie i modyfikowanie ustawień urządzenia."},{"$i":"perm-settings-createonly-description","$v":"Dodawanie nowych ustawień urządzenia."},{"$i":"perm-sms-description","$v":"Wysyłanie i otrzymywanie wiadomości SMS."},{"$i":"perm-telephony-description","$v":"Dostęp do wszystkich API związanych z telefonią (nawiązywanie i odbieranie rozmów)."},{"$i":"perm-time-description","$v":"Ustawianie czasu."},{"$i":"perm-voicemail-description","$v":"Dostęp do poczty głosowej."},{"$i":"perm-webapps-manage-description","$v":"Zarządzanie zainstalowanymi aplikacjami Open Web Apps."},{"$i":"perm-wifi-manage-description","$v":"Sprawdzanie dostępnych sieci Wi-Fi, ich siły sygnału i łączenie z nimi."},{"$i":"perm-wappush-description","$v":"Otrzymywanie wiadomości WAP Push."},{"$i":"title-app","$v":"Uprawnienia aplikacji"},{"$i":"title-web","$v":"Uprawnienia strony"},{"$i":"title-cam","$v":"Wybór kamery"},{"$i":"perm-alarms","$v":"Ustawianie alarmów"},{"$i":"perm-audio-capture","$v":"Mikrofon"},{"$i":"perm-audio-capture-appRequest","$v":["Aplikacja „",{"t":"idOrVar","v":"app"},"” chciałaby uzyskać dostęp do mikrofonu."]},{"$i":"perm-audio-capture-webRequest","$v":["Strona „",{"t":"idOrVar","v":"site"},"” chciałaby uzyskać dostęp do mikrofonu."]},{"$i":"perm-audio-channel-content","$v":"Odtwarzanie dźwięków"},{"$i":"perm-audio-channel-notification","$v":"Odtwarzanie dźwięków powiadomień"},{"$i":"perm-audio-channel-ringer","$v":"Odtwarzanie dzwonków"},{"$i":"perm-background-sensors","$v":"Dostęp do czujników"},{"$i":"perm-bluetooth","$v":"Dostęp do Bluetooth"},{"$i":"perm-browser","$v":"Inspekcja stron"},{"$i":"perm-camera","$v":"Dostęp do aparatów"},{"$i":"perm-camera-selector-appRequest","$v":["Wybierz kamerę dla „",{"t":"idOrVar","v":"app"},"”."]},{"$i":"perm-camera-selector-webRequest","$v":["Wybierz kamerę dla „",{"t":"idOrVar","v":"site"},"”."]},{"$i":"perm-cellbroadcast","$v":"Dostęp do wiadomości sieciowych"},{"$i":"perm-contacts","$v":"Książka adresowa"},{"$i":"perm-contacts-appRequest","$v":["Aplikacja „",{"t":"idOrVar","v":"app"},"” chciałaby uzyskać dostęp do książki adresowej telefonu."]},{"$i":"perm-contacts-webRequest","$v":["Strona „",{"t":"idOrVar","v":"site"},"” chciałaby uzyskać dostęp do książki adresowej telefonu."]},{"$i":"perm-desktop-notification","$v":"Powiadomienia"},{"$i":"perm-desktop-notification-appRequest","$v":["Aplikacja „",{"t":"idOrVar","v":"app"},"” chciałaby wyświetlać powiadomienia na telefonie."]},{"$i":"perm-desktop-notification-webRequest","$v":["Strona „",{"t":"idOrVar","v":"site"},"” chciałaby wyświetlać powiadomienia na telefonie."]},{"$i":"perm-device-storage-apps","$v":"Aplikacje"},{"$i":"perm-device-storage-music","$v":"Muzyka"},{"$i":"perm-device-storage-music-appRequest","$v":["Aplikacja „",{"t":"idOrVar","v":"app"},"” chciałaby uzyskać dostęp do zgromadzonej muzyki."]},{"$i":"perm-device-storage-music-webRequest","$v":["Strona „",{"t":"idOrVar","v":"site"},"” chciałaby uzyskać dostęp do zgromadzonej muzyki."]},{"$i":"perm-device-storage-pictures","$v":"Zdjęcia"},{"$i":"perm-device-storage-pictures-appRequest","$v":["Aplikacja „",{"t":"idOrVar","v":"app"},"” chciałaby uzyskać dostęp do zgromadzonych zdjęć."]},{"$i":"perm-device-storage-pictures-webRequest","$v":["Strona „",{"t":"idOrVar","v":"site"},"” chciałaby uzyskać dostęp do zgromadzonych zdjęć."]},{"$i":"perm-device-storage-sdcard","$v":"Karta pamięci"},{"$i":"perm-device-storage-sdcard-appRequest","$v":["Aplikacja „",{"t":"idOrVar","v":"app"},"” chciałaby uzyskać dostęp do karty pamięci."]},{"$i":"perm-device-storage-sdcard-webRequest","$v":["Strona „",{"t":"idOrVar","v":"site"},"” chciałaby uzyskać dostęp do karty pamięci."]},{"$i":"perm-device-storage-videos","$v":"Filmy"},{"$i":"perm-device-storage-videos-appRequest","$v":["Aplikacja „",{"t":"idOrVar","v":"app"},"” chciałaby uzyskać dostęp do zgromadzonych filmów."]},{"$i":"perm-device-storage-videos-webRequest","$v":["Strona „",{"t":"idOrVar","v":"site"},"” chciałaby uzyskać dostęp do zgromadzonych filmów."]},{"$i":"perm-embed-apps","$v":"Osadzone aplikacje"},{"$i":"perm-fmradio","$v":"Radio"},{"$i":"perm-fmradio-appRequest","$v":["Aplikacja „",{"t":"idOrVar","v":"app"},"” chciałaby uzyskać dostęp do radia telefonu."]},{"$i":"perm-fmradio-webRequest","$v":["Strona „",{"t":"idOrVar","v":"site"},"” chciałaby uzyskać dostęp do radia telefonu."]},{"$i":"perm-geolocation","$v":"Usługi lokalizacji położenia"},{"$i":"perm-geolocation-appRequest","$v":["Aplikacja „",{"t":"idOrVar","v":"app"},"” chciałaby uzyskać dostęp do informacji o położeniu urządzenia."]},{"$i":"perm-geolocation-more-info","$v":[{"t":"idOrVar","v":"brandShortName"}," wykorzystuje dane pochodzące z GPS, z sieci komórkowych oraz Wi-Fi, aby ustalić przybliżone położenie. Dane są wysyłane do Mozilli oraz innych usługodawców i zagregowane będą wykorzystywane do doskonalenia ich baz danych położenia. Dane mogą być przechowywane na urządzeniu, a ich zbieranie może następować, nawet jeśli nie uruchomiono żadnych aplikacji."]},{"$i":"perm-geolocation-webRequest","$v":["Strona „",{"t":"idOrVar","v":"site"},"” chciałaby uzyskać dostęp dostęp do informacji o położeniu urządzenia."]},{"$i":"perm-idle","$v":"Informacje o stanie spoczynku"},{"$i":"perm-indexedDB-chrome-settings","$v":"Uprzywilejowane IndexedDB"},{"$i":"perm-indexedDB-unlimited","$v":"Nielimitowane IndexedDB"},{"$i":"perm-input-manage","$v":"Zarządzanie klawiaturami"},{"$i":"perm-input","$v":"Spełniać funkcje klawiatury"},{"$i":"perm-media-capture","$v":"Aparat i mikrofon"},{"$i":"perm-media-capture-appRequest","$v":["Aplikacja „",{"t":"idOrVar","v":"app"},"” chciałaby uzyskać dostęp do aparatu i mikrofonu."]},{"$i":"perm-media-capture-webRequest","$v":["Strona „",{"t":"idOrVar","v":"site"},"” chciałaby uzyskać dostęp do aparatu i mikrofonu."]},{"$i":"perm-mobileconnection","$v":"Połączenika komórkowe"},{"$i":"perm-mobileid","$v":"Mobile Identity"},{"$i":"perm-network-events","$v":"Zdarzenia sieciowe"},{"$i":"perm-open-remote-window","$v":"Uruchamianie aplikacji"},{"$i":"perm-permissions","$v":"Modyfikowanie uprawnień aplikacji"},{"$i":"perm-power","$v":"Ustawienia zasilania"},{"$i":"perm-settings","$v":"Modyfikowanie ustawień"},{"$i":"perm-systemXHR","$v":"Żądania do serwerów w innych domenach"},{"$i":"perm-telephony","$v":"Telefon"},{"$i":"perm-video-capture","$v":"Aparat"},{"$i":"perm-video-capture-appRequest","$v":["Aplikacja „",{"t":"idOrVar","v":"app"},"” chciałaby uzyskać dostęp do aparatu."]},{"$i":"perm-video-capture-webRequest","$v":["Strona „",{"t":"idOrVar","v":"site"},"” chciałaby uzyskać dostęp do aparatu."]},{"$i":"perm-voicemail","$v":"Poczta głosowa"},{"$i":"perm-webapps-manage","$v":"Instalowanie aplikacji"},{"$i":"perm-wifi-manage","$v":"Zarządzanie Wi-Fi"},{"$i":"perm-attention","$v":"Open Overlay Popups"},{"$i":"perm-audio-channel-alarm","$v":"Odtwarzanie dźwięków alarmów"},{"$i":"perm-audio-channel-normal","$v":"Odtwarzanie dźwięków"},{"$i":"perm-audio-channel-publicnotification","$v":"Play public notification sounds"},{"$i":"perm-audio-channel-telephony","$v":"Play Telephony Sounds"},{"$i":"perm-backgroundservice","$v":"Działanie w tle jako usługa"},{"$i":"perm-device-storage-crashes","$v":"Crash Data Storage"},{"$i":"perm-downloads","$v":"Dostęp do pobranych"},{"$i":"perm-embed-widgets","$v":"Embed Widgets"},{"$i":"perm-feature-detection","$v":"Wykrywanie funkcji"},{"$i":"perm-firefox-accounts","$v":"Firefox Accounts"},{"$i":"perm-mobilenetwork","$v":"Sieć komórkowa"},{"$i":"perm-moz-attention","$v":"Open Overlay Popups (moz)"},{"$i":"perm-moz-audio-channel-ringer","$v":"Odtwarzanie dzwonków (moz)"},{"$i":"perm-moz-audio-channel-telephony","$v":"Play Telephony Sounds (moz)"},{"$i":"perm-moz-firefox-accounts","$v":"Firefox Accounts (moz)"},{"$i":"perm-networkstats-manage","$v":"Kontrolowanie monitorowania kosztów"},{"$i":"perm-nfc","$v":"NFC"},{"$i":"perm-nfc-hci-events","$v":"Zdarzenia NFC HCI"},{"$i":"perm-nfc-manager","$v":"Zarządzanie NFC"},{"$i":"perm-phonenumberservice","$v":"Phone Number Service"},{"$i":"perm-push","$v":"Push API"},{"$i":"perm-resourcestats-manage","$v":"Statystyki zasobów"},{"$i":"perm-sms","$v":"Wysyłanie i odczytywanie wiadomości SMS"},{"$i":"perm-speaker-control","$v":"Kontrolowanie głośności"},{"$i":"perm-storage","$v":"Dostęp do plików"},{"$i":"perm-tcp-socket","$v":"TCP Sockets"},{"$i":"perm-test-permission","$v":"Testowe uprawnienie"},{"$i":"perm-time","$v":"Zmiana daty i czasu"},{"$i":"perm-udp-socket","$v":"UDP Sockets"},{"$i":"perm-wappush","$v":"WAP Push"}]