[{"$i":"brandShortName","$v":"B2G OS"},{"$i":"browserBrandShortName","$v":"Web Browser"},{"$i":"browserBrandFullName","$v":"Mozilla Web Browser"},{"$i":"ringtoneBrandName","$v":"Default"},{"$i":"ringtoneSectionBrandName","$v":"System"},{"$i":"africa","$v":"Afrika"},{"$i":"america","$v":"Amerika"},{"$i":"antarctica","$v":"Antarktída"},{"$i":"asia","$v":"Ázia"},{"$i":"atlantic-ocean","$v":"Atlantik"},{"$i":"australia","$v":"Austrália"},{"$i":"europe","$v":"Európa"},{"$i":"indian-ocean","$v":"Indický oceán"},{"$i":"pacific-ocean","$v":"Pacifik"},{"$i":"privacy-controls","$v":"Privacy Controls"},{"$i":"location-accuracy","$v":"Location Accuracy"},{"$i":"transparency-control","$v":"Transparency Control"},{"$i":"privacy-protection","$v":"Remote Protection"},{"$i":"guided-tour","$v":"Guided Tour"},{"$i":"la-panel","$v":"Location Accuracy"},{"$i":"geolocation","$v":"Geolocation"},{"$i":"location-adjustment","$v":"Location adjustment"},{"$i":"location-adjustment-info","$v":["Remember: Location Adjustment influences the location ",{"t":"idOrVar","v":"brandShortName"}," provides to apps. It will not affect your IP-address or locale settings, so some services might still be able to locate you."]},{"$i":"location-adjustment-description","$v":"Adjust the global accuracy level of your current location for all apps, define and set a permanent fixed location and add exceptions for single apps."},{"$i":"adjustment","$v":"Adjustment"},{"$i":"add-exceptions","$v":"Add exceptions"},{"$i":"app-list-description","$v":"This list shows all the apps, which are allowed to use your location."},{"$i":"type-user-defined","$v":"User defined"},{"$i":"blur-distance-km","$v":[{"t":"idOrVar","v":"value"}," km blur"]},{"$i":"blur-distance-m","$v":[{"t":"idOrVar","v":"value"}," m blur"]},{"$i":"type-precise","$v":"Precise"},{"$i":"type-no-location","$v":"No location"},{"$i":"attention","$v":"Attention!"},{"$i":"ala-custom-location-alert","$v":"You haven’t set a custom location yet. Please set this before working on other settings!"},{"$i":"custom-location","$v":"Custom Location"},{"$i":"set-custom-location","$v":"Set custom location"},{"$i":"set-location","$v":"Set location"},{"$i":"custom-location-description","$v":"Set a custom location which is used as a fixed position."},{"$i":"precise","$v":"Precise"},{"$i":"no-location","$v":"No Location"},{"$i":"exceptions-application-description","$v":"Adjust the custom location accuracy level of the following app:"},{"$i":"custom-location-ala-10","$v":"Custom location"},{"$i":"choose-a-region-city","$v":"Choose a region/city"},{"$i":"region","$v":"Region"},{"$i":"city","$v":"City"},{"$i":"enter-gps-coordinates","$v":"Enter GPS Coordinates"},{"$i":"enter-gps-description","$v":"Please enter the GPS coordinates for longitude from -180.0 to 180 and latitude from -90.0 to 90.0 degree with a dot to separate full degrees lower values."},{"$i":"latitude","$v":"Latitude"},{"$i":"longitude","$v":"Longitude"},{"$i":"global-settings","$v":"Global Settings"},{"$i":"rp-panel","$v":"Remote Protection"},{"$i":"rp-new-password-description","$v":"Please set a passphrase to secure your remote features (maximum 100 characters)."},{"$i":"new-passphrase","placeholder":"New passphrase"},{"$i":"confirm-new-passphrase","placeholder":"Confirm new passphrase"},{"$i":"rp-login-description","$v":"Please enter your passphrase."},{"$i":"rp-change-password","$v":"Forgot/Change your passphrase?"},{"$i":"passphrase","placeholder":"Passphrase"},{"$i":"rp-change-password-description","$v":"To reset your passphrase please enter Passcode lock/SIM PIN and new passphrase."},{"$i":"sim1","$v":"SIM 1"},{"$i":"sim2","$v":"SIM 2"},{"$i":"enter","placeholder":"Enter Code"},{"$i":"passphrase-wrong","$v":"Passphrase is wrong!"},{"$i":"passphrase-empty","$v":"Passphrase is empty!"},{"$i":"passphrase-too-long","$v":"Passphrase is too long!"},{"$i":"passphrase-invalid","$v":"You cannot use special characters!"},{"$i":"passphrase-different","$v":"Confirmation must match passphrase!"},{"$i":"pin-empty","$v":"Passcode lock is empty!"},{"$i":"pin-invalid","$v":"Wrong Passcode lock!"},{"$i":"passcode-long","$v":"Passcode should be 4 digits!"},{"$i":"pin-different","$v":"Wrong Passcode lock!"},{"$i":"sim-invalid","$v":"Wrong SIM PIN!"},{"$i":"pin-tries-left","$v":{"one":"Last try.","two":[{"t":"idOrVar","v":"n"}," tries left."],"few":[{"t":"idOrVar","v":"n"}," tries left."],"many":[{"t":"idOrVar","v":"n"}," tries left."],"other":[{"t":"idOrVar","v":"n"}," tries left."]},"$x":[{"t":"idOrVar","v":"plural"},"n"]},{"$i":"remote-locate","$v":"Remote Locate"},{"$i":"remote-locate-description","$v":"You can locate this device via SMS as following: RP locate YOURPASSPHRASE"},{"$i":"remote-ring","$v":"Remote Ring"},{"$i":"remote-ring-description","$v":"You can ring this device via SMS as following: RP ring YOURPASSPHRASE"},{"$i":"remote-lock","$v":"Remote Lock"},{"$i":"remote-lock-description","$v":"You can lock this device via SMS as following: RP lock YOURPASSPHRASE"},{"$i":"rp-lockscreen-alert","$v":"Please activate lockscreen AND passcode in the system settings to use the Remote Protection."},{"$i":"take-me-there","$v":"Take me there"},{"$i":"lock-screen","$v":"Screen Lock"},{"$i":"screen-lock-header","$v":"Screen Lock"},{"$i":"passcode-lock","$v":"Passcode Lock"},{"$i":"require-passcode","$v":"Require passcode"},{"$i":"immediately","$v":"Immediately"},{"$i":"after-one-minute","$v":"After 1 minute"},{"$i":"after-five-minutes","$v":"After 5 minutes"},{"$i":"after-fifteen-minutes","$v":"After 15 minutes"},{"$i":"after-thirty-minutes","$v":"After 30 minutes"},{"$i":"after-one-hour","$v":"After 1 hour"},{"$i":"change-passcode","$v":"Change passcode"},{"$i":"change","$v":"Change"},{"$i":"create","$v":"Create"},{"$i":"passcode-heading","$v":"Passcode"},{"$i":"current-passcode","$v":"Current passcode"},{"$i":"new-passcode","$v":"New passcode"},{"$i":"enter-passcode","$v":"Enter passcode"},{"$i":"create-a-passcode","$v":"Create a Passcode"},{"$i":"passcode","$v":"Passcode"},{"$i":"confirm-passcode","$v":"Confirm Passcode"},{"$i":"incorrect-passcode","$v":"Passcode is incorrect"},{"$i":"passcode-doesnt-match","$v":"Passcode doesn’t match. Try again."},{"$i":"tc-panel","$v":"Transparency Control"},{"$i":"tc-applications","$v":"Applications"},{"$i":"tc-permissions","$v":"Permissions"},{"$i":"tc-sort-alphabetical","$v":"Alphabetical"},{"$i":"tc-sort-trustLevel","$v":"Trust Level"},{"$i":"tc-sort-vendor","$v":"Vendor"},{"$i":"tc-search-apps","placeholder":"Search Apps"},{"$i":"tc-search-close","$v":"close"},{"$i":"tc-search-clear","$v":"clear"},{"$i":"tc-trust-certified","$v":"Internal Apps"},{"$i":"tc-trust-privileged","$v":"Privileged Apps"},{"$i":"tc-trust-web","$v":"Web Apps"},{"$i":"tc-explicit-permissions","$v":"Permissions"},{"$i":"tc-implicit-permissions","$v":"Implicit Permissions"},{"$i":"tc-explicit-prompt","$v":"Ask"},{"$i":"tc-explicit-deny","$v":"Deny"},{"$i":"tc-explicit-allow","$v":"Grant"},{"$i":"tc-apps-accessing-permission","$v":"Apps accessing this permission"},{"$i":"gt-main-pc-header","$v":"Welcome to the Privacy Controls!"},{"$i":"gt-main-desc","$v":"This app will help you enhance your privacy protection and enables you to lock or find your phone if it’s lost. Just have a closer look. It takes only 2 minutes!"},{"$i":"gt-ala-explain-header","$v":"What is Location Adjustment good for?"},{"$i":"gt-ala-explain-desc","$v":"Many apps access your geolocation, like the addressbook or the camera. If you don’t want to disclose your exact position, you can adjust the accuracy of your current location that is used by apps, set a custom location or hide your geolocation."},{"$i":"gt-ala-blur-header","$v":"How to set Location Adjustment?"},{"$i":"gt-ala-blur-desc","$v":"Not every app needs your exact location to work properly. Instead of sharing your exact coordinates, you can choose to effectively blur your location to e.g. 50 miles around you. This way, your weather app will still work, but you are not disclosing your exact location. Remember: Location Adjustment will not completely hide you!"},{"$i":"gt-ala-custom-header","$v":"What is Custom Location?"},{"$i":"gt-ala-custom-desc","$v":"With the custom location setting you are able to hide your real location and set it to another place worldwide. You choose where you are!"},{"$i":"gt-ala-exceptions-header","$v":"What is location per app?"},{"$i":"gt-ala-exceptions-desc","$v":"Here you will find an overview of all apps, that can access your geolocation. You can adjust the settings for each app individually. They overwrite the global location accuracy for that app."},{"$i":"gt-rp-explain-header","$v":"Remote Protection? What is it?"},{"$i":"gt-rp-explain-desc","$v":"If your phone is stolen or lost, you can use the Remote Protection. With another phone you can locate it, let it ring or even lock it remotely. You first have to set your personal passphrase and enable the features you will want to use (locate, ring and lock)."},{"$i":"gt-rp-passphrase-header","$v":"How to set your personal passphrase?"},{"$i":"gt-rp-passphrase-desc","$v":"Tap “Remote Protection” and set your passphrase to secure your remote features. If you have forgotten your actual passphrase you can reset it using your SIM PIN or lockscreen passcode."},{"$i":"gt-rp-locate-header","$v":"How to locate my phone?"},{"$i":"gt-rp-locate-desc1","$v":"If your phone is lost, just take the phone of a friend and send a SMS with"},{"$i":"gt-rp-locate-command","$v":"RP locate YOURPASSPHRASE"},{"$i":"gt-rp-locate-desc2","$v":"to your phone number and you’ll get the exact GPS coordinates via SMS in return. Make sure to set up the passphrase!"},{"$i":"gt-rp-ring-header","$v":"How to ring your phone?"},{"$i":"gt-rp-ring-desc1","$v":"It’s easy! Just send an SMS with"},{"$i":"gt-rp-ring-command","$v":"RP ring YOURPASSPHRASE"},{"$i":"gt-rp-ring-desc2","$v":"to your phone number and it will ring until you find it and unlock it."},{"$i":"gt-rp-lock-header","$v":"How to lock my phone?"},{"$i":"gt-rp-lock-desc1","$v":"If you have lost your phone and you want to lock it remotely just send an SMS with"},{"$i":"gt-rp-lock-command","$v":"RP lock YOURPASSPHRASE"},{"$i":"gt-rp-lock-desc2","$v":"to your phone number. The phone will lock itself and only you will be able to unlock it with your regular screen passcode."},{"$i":"get-started","$v":"Get Started!"},{"$i":"finish-tour","$v":"Finish Tour"},{"$i":"ok","$v":"OK"},{"$i":"back","$v":"Back"},{"$i":"next","$v":"Next"},{"$i":"sms-ring","$v":"Your device should ring now and was locked. You can unlock it with your passcode."},{"$i":"sms-lock","$v":"Your device was locked. You can unlock it with your passcode."},{"$i":"sms-locate","$v":["Your device coordinates are @",{"t":"idOrVar","v":"latitude"},",",{"t":"idOrVar","v":"longitude"}," and your device was locked. You can unlock it with your passcode."]},{"$i":"about-privacy-controls","$v":"About Privacy Controls"},{"$i":"version","$v":"Version"},{"$i":"build-id","$v":"Build-ID"},{"$i":"about-pc-header","$v":"About the Privacy Controls"},{"$i":"about-pc-desc","$v":"Together with Deutsche Telekom the Mozilla Foundation developed the Privacy Controls to enable the user to take back control of the personal data"},{"$i":"perm-alarms-description","$v":"Naplánovanie notifikácie, alebo naplánovanie spustenia aplikácie"},{"$i":"perm-audio-capture-description","$v":"Prístup k vstupným zariadeniam pre zvuk, napr. k mikrofónu"},{"$i":"perm-audio-channel-alarm-description","$v":"Spúšťanie budíkov a upozornení z kalendára"},{"$i":"perm-audio-channel-content-description","$v":"Prehrávanie hudby a videa"},{"$i":"perm-audio-channel-normal-description","$v":"Prehrávanie zvukov UI, webového obsahu, hudby, rádia"},{"$i":"perm-audio-channel-notification-description","$v":"Prehrávanie zvukov upozornení na správy"},{"$i":"perm-browser-description","$v":"Umožnenie aplikácii implementovať prehliadač ako iframe"},{"$i":"perm-camera-description","$v":"Vytváranie fotografií, nahrávanie videa či zvuku a ovládanie fotoaparátu"},{"$i":"perm-contacts-description","$v":"Pridanie, čítanie alebo úprava kontaktov v adresári v zariadení a čítanie kontaktov z karty SIM"},{"$i":"perm-contacts-readonly-description","$v":"Čítanie kontaktov z adresára v zariadení a čítanie kontaktov z karty SIM"},{"$i":"perm-contacts-readwrite-description","$v":"Čítanie alebo úprava kontaktov v adresári v zariadení a čítanie kontaktov z karty SIM"},{"$i":"perm-contacts-readcreate-description","$v":"Pridanie, čítanie alebo úprava kontaktov v adresári v zariadení a čítanie kontaktov z karty SIM"},{"$i":"perm-contacts-createonly-description","$v":"Pridanie kontaktov do adresára v zariadení"},{"$i":"perm-desktop-notification-description","$v":"Zobrazenie notifikácie na zariadení"},{"$i":"perm-device-storage-music-description","$v":"Pridanie, čítanie alebo úprava zvukových súborov uložených v zariadení"},{"$i":"perm-device-storage-music-readonly-description","$v":"Čítanie zvukových súborov uložených v zariadení"},{"$i":"perm-device-storage-music-readwrite-description","$v":"Čítanie alebo úprava zvukových súborov uložených v zariadení"},{"$i":"perm-device-storage-music-readcreate-description","$v":"Pridanie, čítanie alebo úprava zvukových súborov uložených v zariadení"},{"$i":"perm-device-storage-music-createonly-description","$v":"Uloženie nových zvukových súborov do zariadenia"},{"$i":"perm-device-storage-pictures-description","$v":"Pridanie, čítanie alebo úprava grafických súborov uložených v zariadení"},{"$i":"perm-device-storage-pictures-readonly-description","$v":"Čítanie grafických súborov uložených v zariadení"},{"$i":"perm-device-storage-pictures-readwrite-description","$v":"Čítanie alebo úprava grafických súborov uložených v zariadení"},{"$i":"perm-device-storage-pictures-readcreate-description","$v":"Pridanie, čítanie alebo úprava grafických súborov uložených v zariadení"},{"$i":"perm-device-storage-pictures-createonly-description","$v":"Uloženie nových grafických súborov do zariadenia"},{"$i":"perm-device-storage-sdcard-description","$v":"Pridanie, čítanie alebo úprava súborov uložených na karte SD"},{"$i":"perm-device-storage-sdcard-readonly-description","$v":"Čítanie súborov uložených na karte SD"},{"$i":"perm-device-storage-sdcard-readwrite-description","$v":"Čítanie alebo úprava súborov uložených na karte SD"},{"$i":"perm-device-storage-sdcard-readcreate-description","$v":"Pridanie, čítanie alebo úprava súborov uložených na karte SD"},{"$i":"perm-device-storage-sdcard-createonly-description","$v":"Uloženie nových na kartu SD"},{"$i":"perm-device-storage-videos-description","$v":"Pridanie, čítanie alebo úprava video súborov uložených v zariadení"},{"$i":"perm-device-storage-videos-readonly-description","$v":"Čítanie video súborov uložených v zariadení"},{"$i":"perm-device-storage-videos-readwrite-description","$v":"Čítanie alebo úprava video súborov uložených v zariadení"},{"$i":"perm-device-storage-videos-readcreate-description","$v":"Pridanie, čítanie alebo úprava video súborov uložených v zariadení"},{"$i":"perm-device-storage-videos-createonly-description","$v":"Uloženie nových video súborov do zariadenia"},{"$i":"perm-fmradio-description","$v":"Ovládanie FM rádia"},{"$i":"perm-geolocation-description","$v":"Získanie aktuálnej polohy"},{"$i":"perm-input-description","$v":"Povolenie aplikácii vystupovať ako virtuálna klávesnica počúvaním udalostí zmien v iných aplikáciách"},{"$i":"perm-mobilenetwork-description","$v":"Získanie informácií o mobilnej sieti (MCC, MNC atď.)"},{"$i":"perm-push-description","$v":"Povoliť aplikácii prebudenie s cieľom prijať notifikáciu"},{"$i":"perm-storage-description","$v":"Využívanie úložiska bez obmedzenia veľkosti"},{"$i":"perm-systemXHR-description","$v":"Povoliť anonymné cross-origin XHR bez toho, aby cieľová stránka mala povolené CORS"},{"$i":"perm-tcp-socket-description","$v":"Vytvorenie socketov TCP a komunikácia s ich využitím"},{"$i":"perm-video-capture-description","$v":"Prístup k vstupným zariadeniam pre video, napr. k fotoaparátu"},{"$i":"perm-attention-description","$v":"Povoliť obsahu otvárať okná nad všetkým ostatným obsahom"},{"$i":"perm-audio-channel-ringer-description","$v":"Prehrávanie zvukov upozornení na prichádzajúce hovory"},{"$i":"perm-audio-channel-telephony-description","$v":"Prehrávanie zvukov pre telefónne hovory a hovory VoIP"},{"$i":"perm-audio-channel-publicnotification-description","$v":"Prehrávanie zvukov pre verejné notifikácie"},{"$i":"perm-background-sensors-description","$v":"Počúvanie udalostí senzora vzdialenosti, na pozadí"},{"$i":"perm-backgroundservice-description","$v":"Povoliť aplikácii spustenie na pozadí"},{"$i":"perm-bluetooth-description","$v":"Nízkoúrovňový prístup k hardvéru Bluetooth"},{"$i":"perm-cellbroadcast-description","$v":"Spustenie udalosti pri prijatí špecifického typu správy od bunky (núdzová notifikácia zo siete)"},{"$i":"perm-device-storage-apps-description","$v":"Pridanie, čítanie alebo úprava súborov uložených v priečinku pre aplikácie na zariadení"},{"$i":"perm-device-storage-apps-readonly-description","$v":"Čítanie súborov uložených v priečinku pre aplikácie na zariadení"},{"$i":"perm-device-storage-apps-readwrite-description","$v":"Čítanie alebo úprava súborov uložených v priečinku pre aplikácie na zariadení"},{"$i":"perm-device-storage-apps-readcreate-description","$v":"Pridanie, čítanie alebo úprava súborov uložených v priečinku pre aplikácie na zariadení"},{"$i":"perm-device-storage-apps-createonly-description","$v":"Uloženie nových súborov v priečinku pre aplikácie na zariadení"},{"$i":"perm-embed-apps-description","$v":"Schopnosť vložiť aplikácie do rámcov mozApp"},{"$i":"perm-idle-description","$v":"Upozornenie pre aplikáciu, že používateľ je nečinný"},{"$i":"perm-mobileconnection-description","$v":"Získanie informácií o aktuálnych hlasových a dátových spojeniach"},{"$i":"perm-network-events-description","$v":"Sledovanie preberaných a odosielaných súborov v zariadení"},{"$i":"perm-networkstats-manage-description","$v":"Získanie štatistiky o využívaní dát v jednotlivých rozhraniach"},{"$i":"perm-open-remote-window-description","$v":"Otváranie okien v novom procese"},{"$i":"perm-permissions-description","$v":"Umožniť aplikácií spravovať oprávnenia iných aplikácií"},{"$i":"perm-power-description","$v":"Zapínanie a vypínanie obrazovky, ovládanie CPU, vypnutie zariadenia atď."},{"$i":"perm-settings-description","$v":"Úprava alebo čítanie nastavení zariadenia"},{"$i":"perm-settings-readonly-description","$v":"Čítanie nastavení zariadenia"},{"$i":"perm-settings-readwrite-description","$v":"Čítanie alebo zmena nastavení zariadenia"},{"$i":"perm-settings-readcreate-description","$v":"Pridanie, čítanie alebo zmena nastavení zariadenia"},{"$i":"perm-settings-createonly-description","$v":"Pridanie nastavení zariadenia"},{"$i":"perm-sms-description","$v":"Odosielanie a prijímanie správ SMS"},{"$i":"perm-telephony-description","$v":"Prístup k všetkým API vzťahujúcim sa k telefonovaniu (prijímanie a uskutočňovanie hovorov)"},{"$i":"perm-time-description","$v":"Nastavenie aktuálneho času"},{"$i":"perm-voicemail-description","$v":"Prístup k hlasovej schránke"},{"$i":"perm-webapps-manage-description","$v":"Správa nainštalovaných otvorených webových aplikácií"},{"$i":"perm-wifi-manage-description","$v":"Zisťovanie dostupných sietí Wi-Fi, sily dostupného signálu, pripojenie k sieti"},{"$i":"perm-wappush-description","$v":"Príjem správ typu WAP Push"},{"$i":"title-app","$v":"Oprávnenia aplikácie"},{"$i":"title-web","$v":"Oprávnenia webovej stránky"},{"$i":"title-cam","$v":"Voľba kamery"},{"$i":"perm-alarms","$v":"Nastavovať budíky"},{"$i":"perm-audio-capture","$v":"Mikrofón"},{"$i":"perm-audio-capture-appRequest","$v":["Chcete zdieľať váš mikrofón s aplikáciou ",{"t":"idOrVar","v":"app"},"?"]},{"$i":"perm-audio-capture-webRequest","$v":["Chcete zdieľať váš mikrofón so stránkou ",{"t":"idOrVar","v":"site"},"?"]},{"$i":"perm-audio-channel-content","$v":"Prehrávať zvuky"},{"$i":"perm-audio-channel-notification","$v":"Prehrávať zvuky upozornení"},{"$i":"perm-audio-channel-ringer","$v":"Prehrávať vyzváňania"},{"$i":"perm-background-sensors","$v":"Pristupovať k údajom zo senzorov"},{"$i":"perm-bluetooth","$v":"Bluetooth"},{"$i":"perm-browser","$v":"Prehliadať webové stránky"},{"$i":"perm-camera","$v":"Kamery"},{"$i":"perm-camera-selector-appRequest","$v":["Zvoľte kameru pre ",{"t":"idOrVar","v":"app"},"."]},{"$i":"perm-camera-selector-webRequest","$v":["Zvoľte kameru pre ",{"t":"idOrVar","v":"site"},"."]},{"$i":"perm-cellbroadcast","$v":"Správy bunky"},{"$i":"perm-contacts","$v":"Kontakty"},{"$i":"perm-contacts-appRequest","$v":[{"t":"idOrVar","v":"app"}," chce získať prístup k vašim kontaktom."]},{"$i":"perm-contacts-webRequest","$v":[{"t":"idOrVar","v":"site"}," chce získať prístup k vašim kontaktom."]},{"$i":"perm-desktop-notification","$v":"Notifikácie"},{"$i":"perm-desktop-notification-appRequest","$v":[{"t":"idOrVar","v":"app"}," chce zobrazovať notifikácie."]},{"$i":"perm-desktop-notification-webRequest","$v":[{"t":"idOrVar","v":"site"}," chce zobrazovať notifikácie."]},{"$i":"perm-device-storage-apps","$v":"Úložisko aplikácií"},{"$i":"perm-device-storage-music","$v":"Úložisko pre hudbu"},{"$i":"perm-device-storage-music-appRequest","$v":[{"t":"idOrVar","v":"app"}," chce získať prístup k vašej hudbe."]},{"$i":"perm-device-storage-music-webRequest","$v":[{"t":"idOrVar","v":"site"}," chce získať prístup k vašej hudbe."]},{"$i":"perm-device-storage-pictures","$v":"Úložisko pre obrázky"},{"$i":"perm-device-storage-pictures-appRequest","$v":[{"t":"idOrVar","v":"app"}," chce získať prístup k vašim obrázkom."]},{"$i":"perm-device-storage-pictures-webRequest","$v":[{"t":"idOrVar","v":"site"}," chce získať prístup k vašim obrázkom."]},{"$i":"perm-device-storage-sdcard","$v":"SD karta"},{"$i":"perm-device-storage-sdcard-appRequest","$v":[{"t":"idOrVar","v":"app"}," chce získať prístup k vašej pamäťovej karte."]},{"$i":"perm-device-storage-sdcard-webRequest","$v":[{"t":"idOrVar","v":"site"}," chce získať prístup k vašej pamäťovej karte."]},{"$i":"perm-device-storage-videos","$v":"Úložisko pre videá"},{"$i":"perm-device-storage-videos-appRequest","$v":[{"t":"idOrVar","v":"app"}," chce získať prístup k vašim videám."]},{"$i":"perm-device-storage-videos-webRequest","$v":[{"t":"idOrVar","v":"site"}," chce získať prístup k vašim videám."]},{"$i":"perm-embed-apps","$v":"Vložené aplikácie"},{"$i":"perm-fmradio","$v":"FM Rádio"},{"$i":"perm-fmradio-appRequest","$v":[{"t":"idOrVar","v":"app"}," chce používať vaše FM Rádio."]},{"$i":"perm-fmradio-webRequest","$v":[{"t":"idOrVar","v":"site"}," chce používať vaše FM Rádio."]},{"$i":"perm-geolocation","$v":"Zisťovanie polohy"},{"$i":"perm-geolocation-appRequest","$v":[{"t":"idOrVar","v":"app"}," chce vedieť, kde sa nachádzate."]},{"$i":"perm-geolocation-more-info","$v":[{"t":"idOrVar","v":"brandShortName"}," používa údaje ako GPS, Wi-Fi a mobilné siete vo vašom okolí na zistenie vašej približnej polohy. Údaje sú odosielané spoločnosti Mozilla a poskytovateľom služby a budú použité na zlepšenie presnosti služby. Údaje môžu byť uložené vo vašom zariadení a ich zbieranie môže prebiehať aj v prípade, že nie sú spustené žiadne aplikácie."]},{"$i":"perm-geolocation-webRequest","$v":[{"t":"idOrVar","v":"site"}," chce vedieť, kde sa nachádzate."]},{"$i":"perm-idle","$v":"Vidieť stav nečinnosti"},{"$i":"perm-indexedDB-chrome-settings","$v":"Privilegovaná IndexedDB"},{"$i":"perm-indexedDB-unlimited","$v":"Neobmedzené úložisko IndexedDB"},{"$i":"perm-input-manage","$v":"Spravovať klávesnice"},{"$i":"perm-input","$v":"Fungovať ako klávesnica"},{"$i":"perm-media-capture","$v":"Kamera a mikrofón"},{"$i":"perm-media-capture-appRequest","$v":["Chcete zdieľať vašu kameru a mikrofón s aplikáciou ",{"t":"idOrVar","v":"app"},"?"]},{"$i":"perm-media-capture-webRequest","$v":["Chcete zdieľať vašu kameru a mikrofón so stránkou ",{"t":"idOrVar","v":"site"},"?"]},{"$i":"perm-mobileconnection","$v":"Mobilné pripojenie"},{"$i":"perm-mobileid","$v":"Mobilná identita"},{"$i":"perm-network-events","$v":"Sieťové udalosti"},{"$i":"perm-open-remote-window","$v":"Spustiť aplikáciu"},{"$i":"perm-permissions","$v":"Úprava oprávnení aplikácií"},{"$i":"perm-power","$v":"Nastavenia napájania"},{"$i":"perm-settings","$v":"Zmena nastavení"},{"$i":"perm-systemXHR","$v":"Požiadavky Cross-Origin"},{"$i":"perm-telephony","$v":"Telefonovanie"},{"$i":"perm-video-capture","$v":"Kamera"},{"$i":"perm-video-capture-appRequest","$v":["Chcete zdieľať vašu kameru s aplikáciou ",{"t":"idOrVar","v":"app"},"?"]},{"$i":"perm-video-capture-webRequest","$v":["Chcete zdieľať vašu kameru so stránkou ",{"t":"idOrVar","v":"site"},"?"]},{"$i":"perm-voicemail","$v":"Ovládať hlasovú schránku"},{"$i":"perm-webapps-manage","$v":"Inštalácia webových aplikácií"},{"$i":"perm-wifi-manage","$v":"Správa Wi-Fi"},{"$i":"perm-attention","$v":"Otvárať Overlay Popups"},{"$i":"perm-audio-channel-alarm","$v":"Prehrávať zvuky budíka"},{"$i":"perm-audio-channel-normal","$v":"Prehrávať zvuky"},{"$i":"perm-audio-channel-publicnotification","$v":"Prehrávať zvuky upozornení"},{"$i":"perm-audio-channel-telephony","$v":"Prehrávať telefónne hovory"},{"$i":"perm-backgroundservice","$v":"Fungovať ako služba na pozadí"},{"$i":"perm-device-storage-crashes","$v":"Úložisko údajov o zlyhaniach"},{"$i":"perm-downloads","$v":"Pristupovať k preberaným súborom"},{"$i":"perm-embed-widgets","$v":"Vložené widgety"},{"$i":"perm-feature-detection","$v":"Detekcia funkcií"},{"$i":"perm-firefox-accounts","$v":"Účty Firefox Account"},{"$i":"perm-mobilenetwork","$v":"Mobilná sieť"},{"$i":"perm-moz-attention","$v":"Otvárať Overlay Popups (moz)"},{"$i":"perm-moz-audio-channel-ringer","$v":"Prehrávať vyzváňania (moz)"},{"$i":"perm-moz-audio-channel-telephony","$v":"Prehrávať telefónne hovory (moz)"},{"$i":"perm-moz-firefox-accounts","$v":"Účty Firefox Account (moz)"},{"$i":"perm-networkstats-manage","$v":"Ovládať štatistiky o používaní"},{"$i":"perm-nfc","$v":"NFC"},{"$i":"perm-nfc-hci-events","$v":"Udalosti NFC HCI"},{"$i":"perm-nfc-manager","$v":"Správa NFC"},{"$i":"perm-phonenumberservice","$v":"Služba mobilného čísla"},{"$i":"perm-push","$v":"Push API"},{"$i":"perm-resourcestats-manage","$v":"Štatistiky zdrojov"},{"$i":"perm-sms","$v":"Odosielanie a čítanie SMS"},{"$i":"perm-speaker-control","$v":"Ovládanie hlasitosti"},{"$i":"perm-storage","$v":"Pristupovať k úložisku"},{"$i":"perm-tcp-socket","$v":"Sockety TCP"},{"$i":"perm-test-permission","$v":"Testovacie oprávnenie"},{"$i":"perm-time","$v":"Nastavovať dátum a čas"},{"$i":"perm-udp-socket","$v":"Sockety UDP"},{"$i":"perm-wappush","$v":"WAP Push"}]