[{"$i":"brandShortName","$v":"B2G OS"},{"$i":"browserBrandShortName","$v":"Web Browser"},{"$i":"browserBrandFullName","$v":"Mozilla Web Browser"},{"$i":"ringtoneBrandName","$v":"Default"},{"$i":"ringtoneSectionBrandName","$v":"System"},{"$i":"africa","$v":"Afrikë"},{"$i":"america","$v":"Amerikë"},{"$i":"antarctica","$v":"Antarktidë"},{"$i":"asia","$v":"Azi"},{"$i":"atlantic-ocean","$v":"Oqeani Atlantike"},{"$i":"australia","$v":"Australi"},{"$i":"europe","$v":"Europë"},{"$i":"indian-ocean","$v":"Oqeani Indian"},{"$i":"pacific-ocean","$v":"Oqeani Paqësor"},{"$i":"privacy-controls","$v":"Kontrolle Privatësie"},{"$i":"location-accuracy","$v":"Përpikëri Vendi"},{"$i":"transparency-control","$v":"Kontroll Transparence"},{"$i":"privacy-protection","$v":"Mbrojtje Së Largëti"},{"$i":"guided-tour","$v":"Tur"},{"$i":"la-panel","$v":"Përpikëri Vendi"},{"$i":"geolocation","$v":"Gjeovendëzim"},{"$i":"location-adjustment","$v":"Përimtësim vendi"},{"$i":"location-adjustment-info","$v":["Mos harroni: Përimtësimi i Vendit ndikon te vendi që ",{"t":"idOrVar","v":"brandShortName"},"-i u furnizon aplikacioneve. Nuk do të prekë rregullimet tuaja për adresa IP ose ato vendore, ndaj disa shërbime prapë mund të jenë në gjendje t’ju lokalizojnë."]},{"$i":"location-adjustment-description","$v":"Përimtësoni shkallën e përgjithshme të përpikërisë së vendit tuaj të tanishëm për krejt aplikacionet, përcaktoni dhe rregulloni një vend të përhershëm të fiksuar dhe shtoni përjashtime për aplikacione të veçanta."},{"$i":"adjustment","$v":"Përimtësim"},{"$i":"add-exceptions","$v":"Shtoni përjashtime"},{"$i":"app-list-description","$v":"Kjo listë tregon krejt aplikacionet, të cilave u është lejuar përdorimi i vendit tuaj."},{"$i":"type-user-defined","$v":"Përcaktuar nga përdoruesi"},{"$i":"blur-distance-km","$v":[{"t":"idOrVar","v":"value"}," km blur"]},{"$i":"blur-distance-m","$v":[{"t":"idOrVar","v":"value"}," m blur"]},{"$i":"type-precise","$v":"I saktë"},{"$i":"type-no-location","$v":"Pa vend"},{"$i":"attention","$v":"Kujdes!"},{"$i":"ala-custom-location-alert","$v":"Nuk keni caktuar ende një vend të personalizuar. Ju lutemi, caktojeni, përpara se të merreni me rregullimet e tjera!"},{"$i":"custom-location","$v":"Vend i Personalizuar"},{"$i":"set-custom-location","$v":"Caktoni vend të personalizuar"},{"$i":"set-location","$v":"Caktoje vendin"},{"$i":"custom-location-description","$v":"Caktoni një vend të personalizuar që të përdoret si pozicion i fiksuar."},{"$i":"precise","$v":"I saktë"},{"$i":"no-location","$v":"Pa Vend"},{"$i":"exceptions-application-description","$v":"Përimtësoni shkallë përpikërie vendi të personalizuar për aplikacionet vijuese:"},{"$i":"custom-location-ala-10","$v":"Vend i personalizuar"},{"$i":"choose-a-region-city","$v":"Zgjidhni një rajon/qytet"},{"$i":"region","$v":"Rajon"},{"$i":"city","$v":"Qytet"},{"$i":"enter-gps-coordinates","$v":"Jepni Koordinata GPS"},{"$i":"enter-gps-description","$v":"Ju lutemi, jepni koordinatat GPS për gjatësi gjeografike nga -180.0 deri 180 gradë, dhe për gjerësi gjeografike nga -90.0 deri 90.0 gradë, me një pikë për ndarjen e vlerave dhjetore."},{"$i":"latitude","$v":"Gjerësi gjeografike"},{"$i":"longitude","$v":"Gjatësi gjeografike"},{"$i":"global-settings","$v":"Rregullime të Përgjithshme"},{"$i":"rp-panel","$v":"Mbrojtje Së Largëti"},{"$i":"rp-new-password-description","$v":"Ju lutemi, caktoni një fjalëkalim për sigurimin e veçorive tuaja së largëti (maksimumi 100 shenja)."},{"$i":"new-passphrase","placeholder":"Fjalëkalim i ri"},{"$i":"confirm-new-passphrase","placeholder":"Ripohoni fjalëkalimin e ri"},{"$i":"rp-login-description","$v":"Ju lutemi, jepni fjalëkalimin tuaj."},{"$i":"rp-change-password","$v":"Harruat/Ndryshuat fjalëkalimin tuaj?"},{"$i":"passphrase","placeholder":"Fjalëkalim"},{"$i":"rp-change-password-description","$v":"To reset your passphrase please enter Passcode lock/SIM PIN and new passphrase."},{"$i":"sim1","$v":"SIM 1"},{"$i":"sim2","$v":"SIM 2"},{"$i":"enter","placeholder":"Jepni Kodin"},{"$i":"passphrase-wrong","$v":"Fjalëkalimi është gabim!"},{"$i":"passphrase-empty","$v":"Fjalëkalimi është i zbrazët!"},{"$i":"passphrase-too-long","$v":"Fjalëkalimi është shumë i gjatë!"},{"$i":"passphrase-invalid","$v":"S’mund të përdorni shenja speciale!"},{"$i":"passphrase-different","$v":"Ripohimi duhet të përputhet me fjalëkalimin!"},{"$i":"pin-empty","$v":"Kodkalimi i kyçjes është i zbrazët!"},{"$i":"pin-invalid","$v":"Kodkalim kyçjeje i gabuar!"},{"$i":"passcode-long","$v":"Kodkalimi duhet të jetë 4 shifra!"},{"$i":"pin-different","$v":"Kodkalim kyçjeje i gabuar!"},{"$i":"sim-invalid","$v":"PIN i gabuar SIM-i!"},{"$i":"pin-tries-left","$v":{"one":"Last try.","two":[{"t":"idOrVar","v":"n"}," tries left."],"few":[{"t":"idOrVar","v":"n"}," tries left."],"many":[{"t":"idOrVar","v":"n"}," tries left."],"other":[{"t":"idOrVar","v":"n"}," tries left."]},"$x":[{"t":"idOrVar","v":"plural"},"n"]},{"$i":"remote-locate","$v":"Lokalizojeni Së Largëti"},{"$i":"remote-locate-description","$v":"Mund ta lokalizoni këtë pajisje përmes SMS-je, duke shkruar sa vijon: RP locate FJALËKALIMIJUAJ"},{"$i":"remote-ring","$v":"Zile Së Largëti"},{"$i":"remote-ring-description","$v":"Mund t’i bini ziles së kësaj pajisjeje përmes SMS-je, duke shkruar sa vijon: RP ring FJALËKALIMIJUAJ"},{"$i":"remote-lock","$v":"Bllokim Së Largëti"},{"$i":"remote-lock-description","$v":"Mund ta bllokoni këtë pajisje përmes SMS-je, duke shkruar sa vijon: RP lock FJALËKALIMIJUAJ"},{"$i":"rp-lockscreen-alert","$v":"Ju lutemi, që të përdorni Mbrojtje Së Largëti, aktivizoni kyçje ekrani dhe kodkalim te rregullimet e sistemit."},{"$i":"take-me-there","$v":"Shpjemëni atje"},{"$i":"lock-screen","$v":"Kyçje Ekrani"},{"$i":"screen-lock-header","$v":"Kyçje Ekrani"},{"$i":"passcode-lock","$v":"Kyçje Kodkalimi"},{"$i":"require-passcode","$v":"Kërko kodkalim"},{"$i":"immediately","$v":"Menjëherë"},{"$i":"after-one-minute","$v":"Pas një minute"},{"$i":"after-five-minutes","$v":"Pas 5 minutash"},{"$i":"after-fifteen-minutes","$v":"Pas 15 minutash"},{"$i":"after-thirty-minutes","$v":"Pas 30 minutash"},{"$i":"after-one-hour","$v":"Pas një ore"},{"$i":"change-passcode","$v":"Ndërroni kodkalimin"},{"$i":"change","$v":"Ndërroje"},{"$i":"create","$v":"Krijoje"},{"$i":"passcode-heading","$v":"Kodkalim"},{"$i":"current-passcode","$v":"Kodkalimi i tanishëm"},{"$i":"new-passcode","$v":"Kodkalimi i ri"},{"$i":"enter-passcode","$v":"Jepni kodkalimin"},{"$i":"create-a-passcode","$v":"Krijoni Kodkalim"},{"$i":"passcode","$v":"Kodkalim"},{"$i":"confirm-passcode","$v":"Ripohoni Kodkalimin"},{"$i":"incorrect-passcode","$v":"Kodkalimi është i pasaktë"},{"$i":"passcode-doesnt-match","$v":"Kodkalimi nuk përputhet. Riprovoni."},{"$i":"tc-panel","$v":"Kontroll Transparence"},{"$i":"tc-applications","$v":"Aplikacione"},{"$i":"tc-permissions","$v":"Leje"},{"$i":"tc-sort-alphabetical","$v":"Sipas Abëcë-së"},{"$i":"tc-sort-trustLevel","$v":"Sipas Shkallës së Besueshmërisë"},{"$i":"tc-sort-vendor","$v":"Sipas Tregtuesve"},{"$i":"tc-search-apps","placeholder":"Search Apps"},{"$i":"tc-search-close","$v":"close"},{"$i":"tc-search-clear","$v":"clear"},{"$i":"tc-trust-certified","$v":"Aplikacione të Brendshme"},{"$i":"tc-trust-privileged","$v":"Aplikacione të Privilegjuara"},{"$i":"tc-trust-web","$v":"Aplikacione Web"},{"$i":"tc-explicit-permissions","$v":"Leje"},{"$i":"tc-implicit-permissions","$v":"Leje Implicite"},{"$i":"tc-explicit-prompt","$v":"Pyet"},{"$i":"tc-explicit-deny","$v":"Mohoja"},{"$i":"tc-explicit-allow","$v":"Akordoja"},{"$i":"tc-apps-accessing-permission","$v":"Aplikacione që shfrytëzojnë këtë leje"},{"$i":"gt-main-pc-header","$v":"Mirë se vini te Kontrollet e Privatësisë!"},{"$i":"gt-main-desc","$v":"Ky aplikacion do t’ju ndihmojë të thelloni mbrojtjen e privatësisë suaj dhe ju lejon të bllokoni ose gjeni telefonin tuaj, nëse humbet. Hidhini një sy më nga afër. Ju duhen vetëm 2 minuta!"},{"$i":"gt-ala-explain-header","$v":"Ç’të mirë ka Përimtësimi i Vendit?"},{"$i":"gt-ala-explain-desc","$v":"Vendin ku ndodheni, e përdorin mjaft aplikacione, fjala vjen libri i adresave ose kamera. Nëse nuk dëshironi të njihet pozicioni juaj i saktë, mund të caktoni shkallën e përpikërisë së vendit tuaj, të cilin përdorin aplikacionet, të caktoni një vend të personalizuar ose ta fshihni vendin tuaj."},{"$i":"gt-ala-blur-header","$v":"Si të caktohet Përimtësimi i Vendit?"},{"$i":"gt-ala-blur-desc","$v":"Jo çdo aplikacion lyp vendin tuaj të saktë që të mund të funksionojë si duhet. Në vend që të ndani me të tjerët koordinatat tuaja të sakta, mund të vendosni ta përafroni vendin tuaj, për shembull 50 km përreth jush. Në këtë mënyrë, aplikacioni i motit prapë do t’ju japë përfundime të kënaqshme, pa dhënë vendin tuaj të saktë. Mos harroni: Përimtësimi i Vendit nuk do t’ju fshehë plotësisht!"},{"$i":"gt-ala-custom-header","$v":"Ç’është Vendi i Personalizuar?"},{"$i":"gt-ala-custom-desc","$v":"Përmes rregullimeve për personalizim vendi jeni në gjendje të fshihni vendndodhjen tuaj të vërtetë dhe ta caktoni si diku tjetër kudo në botë. Mund të zgjidhni se ku gjendeni!"},{"$i":"gt-ala-exceptions-header","$v":"Ç’janë vendet sipas aplikacionesh?"},{"$i":"gt-ala-exceptions-desc","$v":"Këtu do të gjeni një përmbledhje të krejt aplikacioneve, atyre që mund të përdorin të dhëna për vendndodhjen tuaj. Mund t’i përimtësoni rregullimet për çdo aplikacion më vete. Ato mbishkruajnë rregullimet e përgjithshme mbi përpikërinë e vendit për një aplikacion të dhënë."},{"$i":"gt-rp-explain-header","$v":"Mbrojtje Së Largëti? Ç’është kjo?"},{"$i":"gt-rp-explain-desc","$v":"Nëse telefonin tuaj jua vjedhin ose e humbni, mund të përdorni Mbrojtjen Së Largëti. Me një telefon tjetër mund ta lokalizoni, t’i bini ziles së tij, madje edhe ta bllokoni së largëti. Së pari lypset të caktoni fjalëkalimin tuaj personal dhe të aktivizoni veçoritë që dëshironi të përdorni (lokalizim, zile dhe bllokim)."},{"$i":"gt-rp-passphrase-header","$v":"Si ta caktoni fjalëkalimin tuaj personal?"},{"$i":"gt-rp-passphrase-desc","$v":"Prekni \"Mbrojtje Së Largëti\" dhe caktoni fjalëkalimin tuaj për sigurimin e veçorive së largëti. Nëse keni harruar fjalëkalimin tuaj, mund ta ricaktoni duke përdorur PIN-in e SIM-it ose fjalëkalimin për kyçjen e ekranit."},{"$i":"gt-rp-locate-header","$v":"Si ta lokalizoj telefonin tim?"},{"$i":"gt-rp-locate-desc1","$v":"Nëse keni humbur telefonin tuaj, thjesht merrni telefonin e një shoku dhe dërgoni një SMS me tekstin"},{"$i":"gt-rp-locate-command","$v":"RP locate FJALËKALIMIJUAJ"},{"$i":"gt-rp-locate-desc2","$v":"te numri juaj i telefonit dhe do të merrni me SMS koordinatat e sakta GPS. Mos harroni të caktoni fjalëkalimin!"},{"$i":"gt-rp-ring-header","$v":"Si t’i bini ziles së telefonit tuaj?"},{"$i":"gt-rp-ring-desc1","$v":"Kollaj! Thjesht dërgoni një SMS me tekstin"},{"$i":"gt-rp-ring-command","$v":"RP ring FJALËKALIMIJUAJ"},{"$i":"gt-rp-ring-desc2","$v":"te numri juaj i telefonit dhe do t’i bihet ziles deri sa ta gjeni dhe ta zhbllokoni."},{"$i":"gt-rp-lock-header","$v":"Si ta bllokoj telefonin tim?"},{"$i":"gt-rp-lock-desc1","$v":"Nëse e keni humbur telefonin tuaj dhe dëshironi ta bllokoni së largëti, thjesht dërgoni një SMS me tekstin"},{"$i":"gt-rp-lock-command","$v":"RP lock FJALËKALIMIJUAJ"},{"$i":"gt-rp-lock-desc2","$v":"te numri juaj i telefonit. Telefoni do të bllokohet dhe vetëm ju do të jeni në gjendje ta zhbllokoni me fjalëkalimin për ekranin."},{"$i":"get-started","$v":"Fillojani!"},{"$i":"finish-tour","$v":"Përfundojeni Turin"},{"$i":"ok","$v":"OK"},{"$i":"back","$v":"Mbrapsht"},{"$i":"next","$v":"Pasuesi"},{"$i":"sms-ring","$v":"Tani duhet të dëgjohet zilja e pajisjes suaj dhe pajisja vetë është bllokuar. Mund ta zhbllokoni me fjalëkalimin tuaj."},{"$i":"sms-lock","$v":"Pajisja juaj u kyç. Mund ta çkyçni me fjalëkalimin tuaj."},{"$i":"sms-locate","$v":["Koordinatat e pajisjes suaj janë @",{"t":"idOrVar","v":"latitude"},",",{"t":"idOrVar","v":"longitude"}," dhe pajisja juaj u kyç. Mund ta çkyçni me fjalëkalimin tuaj."]},{"$i":"about-privacy-controls","$v":"Mbi Kontrollet e Privatësisë"},{"$i":"version","$v":"Version"},{"$i":"build-id","$v":"ID Montimi"},{"$i":"about-pc-header","$v":"Mbi Kontrollet e Privatësisë"},{"$i":"about-pc-desc","$v":"Tok me Deutsche Telekom-in, Mozilla Foundation hartoi Kontrollet e Privatësisë për t’i lejuar përdoruesit të rifitojë kontrollin e të dhënave të veta personale"},{"$i":"perm-alarms-description","$v":"Planifikoni një njoftim, ose vënien në punë të një aplikacioni."},{"$i":"perm-audio-capture-description","$v":"Përdorni pajisje marrjeje zëri, p.sh. mikrofon."},{"$i":"perm-audio-channel-alarm-description","$v":"Luani tinguj alarmesh dhe alarmesh kalendari."},{"$i":"perm-audio-channel-content-description","$v":"Luani muzikë dhe video."},{"$i":"perm-audio-channel-normal-description","$v":"Luani tinguj UI, lëndë Web, muzikë, radio."},{"$i":"perm-audio-channel-notification-description","$v":"Luani tinguj mesazhesh njoftimesh."},{"$i":"perm-browser-description","$v":"I jep aplikacionit mundësinë të sendërtojë një shfletues në një iframe."},{"$i":"perm-camera-description","$v":"Bëni foto, regjistroni video, audio dhe kontrolloni kamerën."},{"$i":"perm-contacts-description","$v":"Shtoni, lexoni, ose modifikoni kontakte prej librit të adresave te pajisja dhe lexoni kontakte prej SIM-i."},{"$i":"perm-contacts-readonly-description","$v":"Lexoni kontakte prej librit të adresave te pajisja dhe lexoni kontakte prej SIM-i."},{"$i":"perm-contacts-readwrite-description","$v":"Lexoni ose modifikoni kontakte prej librit të adresave te pajisja dhe lexoni kontakte prej SIM-i."},{"$i":"perm-contacts-readcreate-description","$v":"Shtoni, lexoni, ose modifikoni kontakte prej librit të adresave te pajisja dhe lexoni kontakte prej SIM-i."},{"$i":"perm-contacts-createonly-description","$v":"Shtoni kontakte te libri i adresave te pajisja."},{"$i":"perm-desktop-notification-description","$v":"Shfaqni një njoftim te pajisja e përdoruesit."},{"$i":"perm-device-storage-music-description","$v":"Shtoni, lexoni, ose modifikoni kartela muzike të depozituara në pajisje."},{"$i":"perm-device-storage-music-readonly-description","$v":"Lexoni kartela muzike të depozituara në pajisje."},{"$i":"perm-device-storage-music-readwrite-description","$v":"Lexoni ose modifikoni kartela muzike të depozituara në pajisje."},{"$i":"perm-device-storage-music-readcreate-description","$v":"Shtoni, lexoni, ose modifikoni kartela muzike të depozituara në pajisje."},{"$i":"perm-device-storage-music-createonly-description","$v":"Depozitoni kartela të reja muzike në pajisje."},{"$i":"perm-device-storage-pictures-description","$v":"Shtoni, lexoni, ose modifikoni kartela fotosh të depozituara në pajisje."},{"$i":"perm-device-storage-pictures-readonly-description","$v":"Lexoni kartela fotosh të depozituara në pajisje."},{"$i":"perm-device-storage-pictures-readwrite-description","$v":"Lexoni ose modifikoni kartela fotosh të depozituara në pajisje."},{"$i":"perm-device-storage-pictures-readcreate-description","$v":"Shtoni, lexoni, ose modifikoni kartela fotosh të depozituara në pajisje."},{"$i":"perm-device-storage-pictures-createonly-description","$v":"Depozitoni kartela të reja fotosh në pajisje."},{"$i":"perm-device-storage-sdcard-description","$v":"Shtoni, lexoni, ose modifikoni kartela të depozituara në kartën SD të pajisjes."},{"$i":"perm-device-storage-sdcard-readonly-description","$v":"Lexoni kartela të depozituara në kartën SD të pajisjes."},{"$i":"perm-device-storage-sdcard-readwrite-description","$v":"Lexoni ose modifikoni kartela të depozituara në kartën SD të pajisjes."},{"$i":"perm-device-storage-sdcard-readcreate-description","$v":"Shtoni, lexoni, ose modifikoni kartela të depozituara në kartën SD të pajisjes."},{"$i":"perm-device-storage-sdcard-createonly-description","$v":"Depozitoni kartela të reja në kartën SD të pajisjes."},{"$i":"perm-device-storage-videos-description","$v":"Shtoni, lexoni, ose modifikoni kartela video të depozituara në pajisje."},{"$i":"perm-device-storage-videos-readonly-description","$v":"Lexoni kartela video të depozituara në pajisje."},{"$i":"perm-device-storage-videos-readwrite-description","$v":"Lexoni ose modifikoni kartela video të depozituara në pajisje."},{"$i":"perm-device-storage-videos-readcreate-description","$v":"Shtoni, lexoni, ose modifikoni kartela video të depozituara në pajisje."},{"$i":"perm-device-storage-videos-createonly-description","$v":"Depozitoni kartela të reja video në pajisje."},{"$i":"perm-fmradio-description","$v":"Kontrolloni radion FM."},{"$i":"perm-geolocation-description","$v":"Merr vendndodhjen e tanishme të përdoruesit."},{"$i":"perm-input-description","$v":"Lejojeni aplikacionin të veprojë si tastierë virtuale, duke ndjekur akte ndryshime fokusi në aplikacione të tjera."},{"$i":"perm-mobilenetwork-description","$v":"Merr të dhëna rrjetesh celulari (MCC, MNC, etj.)."},{"$i":"perm-push-description","$v":"Mundësoji një aplikacioni të zgjohet që të marrë njoftime."},{"$i":"perm-storage-description","$v":"Përdor depozitim pa kufi madhësie."},{"$i":"perm-systemXHR-description","$v":"Lejo XHR cross-origin anonime pa pasur sajti i synuar CORS të aktivizuar."},{"$i":"perm-tcp-socket-description","$v":"Krijoni socket-e TCP dhe komunikoni përmes tyre."},{"$i":"perm-video-capture-description","$v":"Përdorni pajisje marrjeje video, p.sh. kamera."},{"$i":"perm-attention-description","$v":"Lejojeni lëndën të hapë një dritare në ballë të krejt lëndës tjetër."},{"$i":"perm-audio-channel-ringer-description","$v":"Luaj tinguj për thirrjet telefonike që merr."},{"$i":"perm-audio-channel-telephony-description","$v":"Luaj tinguj për thirrje telefonike, thirrje VoIP."},{"$i":"perm-audio-channel-publicnotification-description","$v":"Luaj tinguj njoftimesh publike."},{"$i":"perm-background-sensors-description","$v":"Përgjo në prapaskenë akte ndjesori afërsie."},{"$i":"perm-backgroundservice-description","$v":"Mundësoji një aplikacioni xhirimin në prapaskenë."},{"$i":"perm-bluetooth-description","$v":"Low level access to Bluetooth hardware."},{"$i":"perm-cellbroadcast-description","$v":"Shkakto një akt, kur merret një lloj i caktuar mesazhi rrjeti celularësh (një njoftim urgjence rrjeti)."},{"$i":"perm-device-storage-apps-description","$v":"Shtoni, lexoni, ose modifikoni kartela të depozituara te vendi i aplikacioneve në pajisje."},{"$i":"perm-device-storage-apps-readonly-description","$v":"Lexoni kartela të depozituara te vendi i aplikacioneve në pajisje."},{"$i":"perm-device-storage-apps-readwrite-description","$v":"Lexoni ose modifikoni kartela të depozituara te vendi i aplikacioneve në pajisje."},{"$i":"perm-device-storage-apps-readcreate-description","$v":"Shtoni, lexoni, ose modifikoni kartela të depozituara te vendi i aplikacioneve në pajisje."},{"$i":"perm-device-storage-apps-createonly-description","$v":"Depozitoni kartela të reja te vendi i aplikacioneve në pajisje."},{"$i":"perm-embed-apps-description","$v":"Aftësi për të trupëzuar aplikacione në korniza mozApp."},{"$i":"perm-idle-description","$v":"Njoftoje aplikacionin nëse përdoruesi është në gjendje plogështie."},{"$i":"perm-mobileconnection-description","$v":"Merr të dhëna rreth lidhjes celulare për zë dhe të dhëna për atë çast."},{"$i":"perm-network-events-description","$v":"Mbikëqyr ngarkime dhe shkarkime rrjeti."},{"$i":"perm-networkstats-manage-description","$v":"Merr statistika përdorimi të dhënash sipas ndërfaqes."},{"$i":"perm-open-remote-window-description","$v":"Hapi dritaret në një proces të ri."},{"$i":"perm-permissions-description","$v":"Lejojini një aplikacioni të administrojë lejet për aplikacione të tjera."},{"$i":"perm-power-description","$v":"Fike dhe ndize ekranin, kontrollo CPU-në, energjinë për pajisjen, etj."},{"$i":"perm-settings-description","$v":"Formësoni ose lexoni rregullime të pajisjes."},{"$i":"perm-settings-readonly-description","$v":"Lexoni rregullime të pajisjes."},{"$i":"perm-settings-readwrite-description","$v":"Lexoni ose modifikoni rregullime të pajisjes."},{"$i":"perm-settings-readcreate-description","$v":"Shtoni, lexoni ose modifikoni rregullime të pajisjes.."},{"$i":"perm-settings-createonly-description","$v":"Shtoni rregullime pajisjeje."},{"$i":"perm-sms-description","$v":"Dërgoni dhe merrni mesazhe SMS."},{"$i":"perm-telephony-description","$v":"Përdor krejt API-t e lidhura me telefoninë, për të bërë dhe marrë thirrje telefonike."},{"$i":"perm-time-description","$v":"Cakto kohën."},{"$i":"perm-voicemail-description","$v":"Përdor mesazhe zanorë."},{"$i":"perm-webapps-manage-description","$v":"Administro Aplikacione të instaluara Web-i të Hapur."},{"$i":"perm-wifi-manage-description","$v":"Numërto rrjete Wi-Fi të gatshëm, merr fortësi sinjali, lidhu te një rrjet."},{"$i":"perm-wappush-description","$v":"Merr mesazhe WAP Push."},{"$i":"title-app","$v":"Lejim Aplikacioni"},{"$i":"title-web","$v":"Lejim Sajti Web"},{"$i":"title-cam","$v":"Përzgjidhni Kamerë"},{"$i":"perm-alarms","$v":"Planifikoni Alarme"},{"$i":"perm-audio-capture","$v":"Mikrofon"},{"$i":"perm-audio-capture-appRequest","$v":["Do të donit ta ndanit mikrofonin tuaj me ",{"t":"idOrVar","v":"app"},"?"]},{"$i":"perm-audio-capture-webRequest","$v":["Do të donit ta ndanit mikrofonin tuaj me ",{"t":"idOrVar","v":"site"},"?"]},{"$i":"perm-audio-channel-content","$v":"Luani Tinguj"},{"$i":"perm-audio-channel-notification","$v":"Luani Tinguj Njoftimesh"},{"$i":"perm-audio-channel-ringer","$v":"Luani Tinguj Zilesh"},{"$i":"perm-background-sensors","$v":"Përdorni të Dhëna Ndjesori"},{"$i":"perm-bluetooth","$v":"Bluetooth"},{"$i":"perm-browser","$v":"Mbikëqyrni Faqe Web"},{"$i":"perm-camera","$v":"Kamera"},{"$i":"perm-camera-selector-appRequest","$v":["Përzgjidhni një kamerë për ",{"t":"idOrVar","v":"app"},"."]},{"$i":"perm-camera-selector-webRequest","$v":["Përzgjidhni një kamerë për ",{"t":"idOrVar","v":"site"},"."]},{"$i":"perm-cellbroadcast","$v":"Transmetime Celulare"},{"$i":"perm-contacts","$v":"Kontakte"},{"$i":"perm-contacts-appRequest","$v":[{"t":"idOrVar","v":"app"}," dëshiron të përdorë listën e kontakteve tuaja."]},{"$i":"perm-contacts-webRequest","$v":[{"t":"idOrVar","v":"site"}," dëshiron të përdorë listën e kontakteve tuaja."]},{"$i":"perm-desktop-notification","$v":"Njoftime"},{"$i":"perm-desktop-notification-appRequest","$v":[{"t":"idOrVar","v":"app"}," dëshiron të shfaqë njoftime."]},{"$i":"perm-desktop-notification-webRequest","$v":[{"t":"idOrVar","v":"site"}," dëshiron të shfaqë njoftime."]},{"$i":"perm-device-storage-apps","$v":"Depozitim Aplikacionesh"},{"$i":"perm-device-storage-music","$v":"Depozitim Muzike"},{"$i":"perm-device-storage-music-appRequest","$v":[{"t":"idOrVar","v":"app"}," dëshiron të përdorë muzikë nga e juaja."]},{"$i":"perm-device-storage-music-webRequest","$v":[{"t":"idOrVar","v":"site"}," dëshiron të përdorë muzikë nga e juaja."]},{"$i":"perm-device-storage-pictures","$v":"Depozitim Figurash"},{"$i":"perm-device-storage-pictures-appRequest","$v":[{"t":"idOrVar","v":"app"}," dëshiron të përdorë figura nga të tuajat."]},{"$i":"perm-device-storage-pictures-webRequest","$v":[{"t":"idOrVar","v":"site"}," dëshiron të përdorë figura nga të tuajat."]},{"$i":"perm-device-storage-sdcard","$v":"Depozitim Në Kartë Kujtese"},{"$i":"perm-device-storage-sdcard-appRequest","$v":[{"t":"idOrVar","v":"app"}," dëshiron të përdorë kartën tuaj të kujtesës."]},{"$i":"perm-device-storage-sdcard-webRequest","$v":[{"t":"idOrVar","v":"site"}," dëshiron të përdorë kartën tuaj të kujtesës."]},{"$i":"perm-device-storage-videos","$v":"Depozitim Videosh"},{"$i":"perm-device-storage-videos-appRequest","$v":[{"t":"idOrVar","v":"app"}," dëshiron të përdorë video nga të tuajat."]},{"$i":"perm-device-storage-videos-webRequest","$v":[{"t":"idOrVar","v":"site"}," dëshiron të përdorë video nga të tuajat."]},{"$i":"perm-embed-apps","$v":"Trupëzim Aplikacionesh"},{"$i":"perm-fmradio","$v":"Radio FM"},{"$i":"perm-fmradio-appRequest","$v":[{"t":"idOrVar","v":"app"}," dëshiron të përdorë Radion FM."]},{"$i":"perm-fmradio-webRequest","$v":[{"t":"idOrVar","v":"site"}," dëshiron të përdorë Radion FM."]},{"$i":"perm-geolocation","$v":"Gjeovendëzim"},{"$i":"perm-geolocation-appRequest","$v":[{"t":"idOrVar","v":"app"}," dëshiron të dijë vendndodhjen tuaj."]},{"$i":"perm-geolocation-more-info","$v":["Në ndihmë të përcaktimit përafërsisht të vendndodhjes suaj, ",{"t":"idOrVar","v":"brandShortName"},"-i përdor të dhëna të tilla si GPS, Wi-Fi, dhe rrjete celularësh pranë jush. Të dhënat dërgohen te Mozilla dhe të tjerë mundësues shërbimesh dhe do të përdoren si pjesë e të dhënave për përmirësimin e këtyre bazave të të dhënave.  Të dhënat mund të depozitohen në pajisjen tuaj dhe grumbullimi i të dhënave mund të ngjasë edhe kur nuk ka aplikacione në punë e sipër."]},{"$i":"perm-geolocation-webRequest","$v":[{"t":"idOrVar","v":"site"}," dëshiron të dijë vendndodhjen tuaj."]},{"$i":"perm-idle","$v":"Shihni Gjendje Plogështie"},{"$i":"perm-indexedDB-chrome-settings","$v":"IndexedDB e Privilegjuar"},{"$i":"perm-indexedDB-unlimited","$v":"Depozitim i Pakufizuar Për IndexedDB"},{"$i":"perm-input-manage","$v":"Administroni Tastiera"},{"$i":"perm-input","$v":"Sillu si Tastierë"},{"$i":"perm-media-capture","$v":"Kamerë dhe Mikrofon"},{"$i":"perm-media-capture-appRequest","$v":["Do të donit ta ndanit kamerën dhe mikrofonin tuaj me ",{"t":"idOrVar","v":"app"},"?"]},{"$i":"perm-media-capture-webRequest","$v":["Do të donit ta ndanit kamerën dhe mikrofonin tuaj me ",{"t":"idOrVar","v":"site"},"?"]},{"$i":"perm-mobileconnection","$v":"Lidhje Celulare"},{"$i":"perm-mobileid","$v":"Identitet Celulari"},{"$i":"perm-network-events","$v":"Aktivitete Rrjeti"},{"$i":"perm-open-remote-window","$v":"Nisni një Aplikacion"},{"$i":"perm-permissions","$v":"Ndryshoni Leje Aplikacionesh"},{"$i":"perm-power","$v":"Rregullime Energjie"},{"$i":"perm-settings","$v":"Ndryshoni Rregullime"},{"$i":"perm-systemXHR","$v":"Kërkesa Cross-Origin"},{"$i":"perm-telephony","$v":"Telefoni"},{"$i":"perm-video-capture","$v":"Kamerë"},{"$i":"perm-video-capture-appRequest","$v":["Do të donit ta ndanit kamerën tuaj me ",{"t":"idOrVar","v":"app"},"?"]},{"$i":"perm-video-capture-webRequest","$v":["Do të donit ta ndanit kamerën tuaj me ",{"t":"idOrVar","v":"site"},"?"]},{"$i":"perm-voicemail","$v":"Control Voicemail"},{"$i":"perm-webapps-manage","$v":"Instaloni Aplikacione Web"},{"$i":"perm-wifi-manage","$v":"Administroni Wi-Fi-n"},{"$i":"perm-attention","$v":"Hapni Flluska Përmbledhjesh"},{"$i":"perm-audio-channel-alarm","$v":"Luani Tinguj Alarmesh"},{"$i":"perm-audio-channel-normal","$v":"Luani Tinguj"},{"$i":"perm-audio-channel-publicnotification","$v":"Luani tinguj njoftimesh publike"},{"$i":"perm-audio-channel-telephony","$v":"Luani Tinguj të Bashkëbiseduesit"},{"$i":"perm-backgroundservice","$v":"Sillu si Shërbim Në Sfond"},{"$i":"perm-device-storage-crashes","$v":"Depozitim të Dhënash Vithisjesh"},{"$i":"perm-downloads","$v":"Hyni te Shkarkimet"},{"$i":"perm-embed-widgets","$v":"Trupëzoni Widget-e"},{"$i":"perm-feature-detection","$v":"Zbulim Veçorish"},{"$i":"perm-firefox-accounts","$v":"Llogari Firefox"},{"$i":"perm-mobilenetwork","$v":"Rrjet Celular"},{"$i":"perm-moz-attention","$v":"Hapni Flluska Përmbledhjesh (moz)"},{"$i":"perm-moz-audio-channel-ringer","$v":"Luani Tinguj Zilesh (moz)"},{"$i":"perm-moz-audio-channel-telephony","$v":"Luani Tinguj Telefonie (moz)"},{"$i":"perm-moz-firefox-accounts","$v":"Llogari Firefox (moz)"},{"$i":"perm-networkstats-manage","$v":"Kontrolloni Statistika Përdorimi"},{"$i":"perm-nfc","$v":"NFC"},{"$i":"perm-nfc-hci-events","$v":"Akte NFC HCI"},{"$i":"perm-nfc-manager","$v":"Administroni NFC-në"},{"$i":"perm-phonenumberservice","$v":"Shërbim Numrash Telefoni"},{"$i":"perm-push","$v":"API Push"},{"$i":"perm-resourcestats-manage","$v":"Statistika Burimesh"},{"$i":"perm-sms","$v":"Dërgoni dhe Lexoni SMS"},{"$i":"perm-speaker-control","$v":"Kontrollo Volumin"},{"$i":"perm-storage","$v":"Hyni Në Depozitim"},{"$i":"perm-tcp-socket","$v":"Socket-e TCP"},{"$i":"perm-test-permission","$v":"Provojeni Lejen"},{"$i":"perm-time","$v":"Rregulloni Datën dhe Kohën"},{"$i":"perm-udp-socket","$v":"Socket-e UDP"},{"$i":"perm-wappush","$v":"WAP Push"}]