[{"$i":"brandShortName","$v":"B2G OS"},{"$i":"browserBrandShortName","$v":"Web Browser"},{"$i":"browserBrandFullName","$v":"Mozilla Web Browser"},{"$i":"ringtoneBrandName","$v":"Default"},{"$i":"ringtoneSectionBrandName","$v":"System"},{"$i":"africa","$v":"Африка"},{"$i":"america","$v":"Америка"},{"$i":"antarctica","$v":"Антарктик"},{"$i":"asia","$v":"Азија"},{"$i":"atlantic-ocean","$v":"Атлантски океан"},{"$i":"australia","$v":"Аустралија"},{"$i":"europe","$v":"Европа"},{"$i":"indian-ocean","$v":"Индијски океан"},{"$i":"pacific-ocean","$v":"Пацифик"},{"$i":"privacy-controls","$v":"Privacy Controls"},{"$i":"location-accuracy","$v":"Location Accuracy"},{"$i":"transparency-control","$v":"Transparency Control"},{"$i":"privacy-protection","$v":"Remote Protection"},{"$i":"guided-tour","$v":"Guided Tour"},{"$i":"la-panel","$v":"Location Accuracy"},{"$i":"geolocation","$v":"Geolocation"},{"$i":"location-adjustment","$v":"Location adjustment"},{"$i":"location-adjustment-info","$v":["Remember: Location Adjustment influences the location ",{"t":"idOrVar","v":"brandShortName"}," provides to apps. It will not affect your IP-address or locale settings, so some services might still be able to locate you."]},{"$i":"location-adjustment-description","$v":"Adjust the global accuracy level of your current location for all apps, define and set a permanent fixed location and add exceptions for single apps."},{"$i":"adjustment","$v":"Adjustment"},{"$i":"add-exceptions","$v":"Add exceptions"},{"$i":"app-list-description","$v":"This list shows all the apps, which are allowed to use your location."},{"$i":"type-user-defined","$v":"User defined"},{"$i":"blur-distance-km","$v":[{"t":"idOrVar","v":"value"}," km blur"]},{"$i":"blur-distance-m","$v":[{"t":"idOrVar","v":"value"}," m blur"]},{"$i":"type-precise","$v":"Precise"},{"$i":"type-no-location","$v":"No location"},{"$i":"attention","$v":"Attention!"},{"$i":"ala-custom-location-alert","$v":"You haven’t set a custom location yet. Please set this before working on other settings!"},{"$i":"custom-location","$v":"Custom Location"},{"$i":"set-custom-location","$v":"Set custom location"},{"$i":"set-location","$v":"Set location"},{"$i":"custom-location-description","$v":"Set a custom location which is used as a fixed position."},{"$i":"precise","$v":"Precise"},{"$i":"no-location","$v":"No Location"},{"$i":"exceptions-application-description","$v":"Adjust the custom location accuracy level of the following app:"},{"$i":"custom-location-ala-10","$v":"Custom location"},{"$i":"choose-a-region-city","$v":"Choose a region/city"},{"$i":"region","$v":"Region"},{"$i":"city","$v":"City"},{"$i":"enter-gps-coordinates","$v":"Enter GPS Coordinates"},{"$i":"enter-gps-description","$v":"Please enter the GPS coordinates for longitude from -180.0 to 180 and latitude from -90.0 to 90.0 degree with a dot to separate full degrees lower values."},{"$i":"latitude","$v":"Latitude"},{"$i":"longitude","$v":"Longitude"},{"$i":"global-settings","$v":"Global Settings"},{"$i":"rp-panel","$v":"Remote Protection"},{"$i":"rp-new-password-description","$v":"Please set a passphrase to secure your remote features (maximum 100 characters)."},{"$i":"new-passphrase","placeholder":"New passphrase"},{"$i":"confirm-new-passphrase","placeholder":"Confirm new passphrase"},{"$i":"rp-login-description","$v":"Please enter your passphrase."},{"$i":"rp-change-password","$v":"Forgot/Change your passphrase?"},{"$i":"passphrase","placeholder":"Passphrase"},{"$i":"rp-change-password-description","$v":"To reset your passphrase please enter Passcode lock/SIM PIN and new passphrase."},{"$i":"sim1","$v":"SIM 1"},{"$i":"sim2","$v":"SIM 2"},{"$i":"enter","placeholder":"Enter Code"},{"$i":"passphrase-wrong","$v":"Passphrase is wrong!"},{"$i":"passphrase-empty","$v":"Passphrase is empty!"},{"$i":"passphrase-too-long","$v":"Passphrase is too long!"},{"$i":"passphrase-invalid","$v":"You cannot use special characters!"},{"$i":"passphrase-different","$v":"Confirmation must match passphrase!"},{"$i":"pin-empty","$v":"Passcode lock is empty!"},{"$i":"pin-invalid","$v":"Wrong Passcode lock!"},{"$i":"passcode-long","$v":"Passcode should be 4 digits!"},{"$i":"pin-different","$v":"Wrong Passcode lock!"},{"$i":"sim-invalid","$v":"Wrong SIM PIN!"},{"$i":"pin-tries-left","$v":{"one":"Last try.","two":[{"t":"idOrVar","v":"n"}," tries left."],"few":[{"t":"idOrVar","v":"n"}," tries left."],"many":[{"t":"idOrVar","v":"n"}," tries left."],"other":[{"t":"idOrVar","v":"n"}," tries left."]},"$x":[{"t":"idOrVar","v":"plural"},"n"]},{"$i":"remote-locate","$v":"Remote Locate"},{"$i":"remote-locate-description","$v":"You can locate this device via SMS as following: RP locate YOURPASSPHRASE"},{"$i":"remote-ring","$v":"Remote Ring"},{"$i":"remote-ring-description","$v":"You can ring this device via SMS as following: RP ring YOURPASSPHRASE"},{"$i":"remote-lock","$v":"Remote Lock"},{"$i":"remote-lock-description","$v":"You can lock this device via SMS as following: RP lock YOURPASSPHRASE"},{"$i":"rp-lockscreen-alert","$v":"Please activate lockscreen AND passcode in the system settings to use the Remote Protection."},{"$i":"take-me-there","$v":"Take me there"},{"$i":"lock-screen","$v":"Screen Lock"},{"$i":"screen-lock-header","$v":"Screen Lock"},{"$i":"passcode-lock","$v":"Passcode Lock"},{"$i":"require-passcode","$v":"Require passcode"},{"$i":"immediately","$v":"Immediately"},{"$i":"after-one-minute","$v":"After 1 minute"},{"$i":"after-five-minutes","$v":"After 5 minutes"},{"$i":"after-fifteen-minutes","$v":"After 15 minutes"},{"$i":"after-thirty-minutes","$v":"After 30 minutes"},{"$i":"after-one-hour","$v":"After 1 hour"},{"$i":"change-passcode","$v":"Change passcode"},{"$i":"change","$v":"Change"},{"$i":"create","$v":"Create"},{"$i":"passcode-heading","$v":"Passcode"},{"$i":"current-passcode","$v":"Current passcode"},{"$i":"new-passcode","$v":"New passcode"},{"$i":"enter-passcode","$v":"Enter passcode"},{"$i":"create-a-passcode","$v":"Create a Passcode"},{"$i":"passcode","$v":"Passcode"},{"$i":"confirm-passcode","$v":"Confirm Passcode"},{"$i":"incorrect-passcode","$v":"Passcode is incorrect"},{"$i":"passcode-doesnt-match","$v":"Passcode doesn’t match. Try again."},{"$i":"tc-panel","$v":"Transparency Control"},{"$i":"tc-applications","$v":"Applications"},{"$i":"tc-permissions","$v":"Permissions"},{"$i":"tc-sort-alphabetical","$v":"Alphabetical"},{"$i":"tc-sort-trustLevel","$v":"Trust Level"},{"$i":"tc-sort-vendor","$v":"Vendor"},{"$i":"tc-search-apps","placeholder":"Search Apps"},{"$i":"tc-search-close","$v":"close"},{"$i":"tc-search-clear","$v":"clear"},{"$i":"tc-trust-certified","$v":"Internal Apps"},{"$i":"tc-trust-privileged","$v":"Privileged Apps"},{"$i":"tc-trust-web","$v":"Web Apps"},{"$i":"tc-explicit-permissions","$v":"Permissions"},{"$i":"tc-implicit-permissions","$v":"Implicit Permissions"},{"$i":"tc-explicit-prompt","$v":"Ask"},{"$i":"tc-explicit-deny","$v":"Deny"},{"$i":"tc-explicit-allow","$v":"Grant"},{"$i":"tc-apps-accessing-permission","$v":"Apps accessing this permission"},{"$i":"gt-main-pc-header","$v":"Welcome to the Privacy Controls!"},{"$i":"gt-main-desc","$v":"This app will help you enhance your privacy protection and enables you to lock or find your phone if it’s lost. Just have a closer look. It takes only 2 minutes!"},{"$i":"gt-ala-explain-header","$v":"What is Location Adjustment good for?"},{"$i":"gt-ala-explain-desc","$v":"Many apps access your geolocation, like the addressbook or the camera. If you don’t want to disclose your exact position, you can adjust the accuracy of your current location that is used by apps, set a custom location or hide your geolocation."},{"$i":"gt-ala-blur-header","$v":"How to set Location Adjustment?"},{"$i":"gt-ala-blur-desc","$v":"Not every app needs your exact location to work properly. Instead of sharing your exact coordinates, you can choose to effectively blur your location to e.g. 50 miles around you. This way, your weather app will still work, but you are not disclosing your exact location. Remember: Location Adjustment will not completely hide you!"},{"$i":"gt-ala-custom-header","$v":"What is Custom Location?"},{"$i":"gt-ala-custom-desc","$v":"With the custom location setting you are able to hide your real location and set it to another place worldwide. You choose where you are!"},{"$i":"gt-ala-exceptions-header","$v":"What is location per app?"},{"$i":"gt-ala-exceptions-desc","$v":"Here you will find an overview of all apps, that can access your geolocation. You can adjust the settings for each app individually. They overwrite the global location accuracy for that app."},{"$i":"gt-rp-explain-header","$v":"Remote Protection? What is it?"},{"$i":"gt-rp-explain-desc","$v":"If your phone is stolen or lost, you can use the Remote Protection. With another phone you can locate it, let it ring or even lock it remotely. You first have to set your personal passphrase and enable the features you will want to use (locate, ring and lock)."},{"$i":"gt-rp-passphrase-header","$v":"How to set your personal passphrase?"},{"$i":"gt-rp-passphrase-desc","$v":"Tap “Remote Protection” and set your passphrase to secure your remote features. If you have forgotten your actual passphrase you can reset it using your SIM PIN or lockscreen passcode."},{"$i":"gt-rp-locate-header","$v":"How to locate my phone?"},{"$i":"gt-rp-locate-desc1","$v":"If your phone is lost, just take the phone of a friend and send a SMS with"},{"$i":"gt-rp-locate-command","$v":"RP locate YOURPASSPHRASE"},{"$i":"gt-rp-locate-desc2","$v":"to your phone number and you’ll get the exact GPS coordinates via SMS in return. Make sure to set up the passphrase!"},{"$i":"gt-rp-ring-header","$v":"How to ring your phone?"},{"$i":"gt-rp-ring-desc1","$v":"It’s easy! Just send an SMS with"},{"$i":"gt-rp-ring-command","$v":"RP ring YOURPASSPHRASE"},{"$i":"gt-rp-ring-desc2","$v":"to your phone number and it will ring until you find it and unlock it."},{"$i":"gt-rp-lock-header","$v":"How to lock my phone?"},{"$i":"gt-rp-lock-desc1","$v":"If you have lost your phone and you want to lock it remotely just send an SMS with"},{"$i":"gt-rp-lock-command","$v":"RP lock YOURPASSPHRASE"},{"$i":"gt-rp-lock-desc2","$v":"to your phone number. The phone will lock itself and only you will be able to unlock it with your regular screen passcode."},{"$i":"get-started","$v":"Get Started!"},{"$i":"finish-tour","$v":"Finish Tour"},{"$i":"ok","$v":"OK"},{"$i":"back","$v":"Back"},{"$i":"next","$v":"Next"},{"$i":"sms-ring","$v":"Your device should ring now and was locked. You can unlock it with your passcode."},{"$i":"sms-lock","$v":"Your device was locked. You can unlock it with your passcode."},{"$i":"sms-locate","$v":["Your device coordinates are @",{"t":"idOrVar","v":"latitude"},",",{"t":"idOrVar","v":"longitude"}," and your device was locked. You can unlock it with your passcode."]},{"$i":"about-privacy-controls","$v":"About Privacy Controls"},{"$i":"version","$v":"Version"},{"$i":"build-id","$v":"Build-ID"},{"$i":"about-pc-header","$v":"About the Privacy Controls"},{"$i":"about-pc-desc","$v":"Together with Deutsche Telekom the Mozilla Foundation developed the Privacy Controls to enable the user to take back control of the personal data"},{"$i":"perm-alarms-description","$v":"Schedule a notification, or schedule an application to be started."},{"$i":"perm-audio-capture-description","$v":"Access audio input devices, e.g. microphone."},{"$i":"perm-audio-channel-alarm-description","$v":"Play clock alarms and calendar alarms."},{"$i":"perm-audio-channel-content-description","$v":"Play music and video."},{"$i":"perm-audio-channel-normal-description","$v":"Play UI sounds, Web content, music, radio."},{"$i":"perm-audio-channel-notification-description","$v":"Play notification message sounds."},{"$i":"perm-browser-description","$v":"Enables the app to implement a browser in an iframe."},{"$i":"perm-camera-description","$v":"Take photos, shoot video, record audio, and control the camera."},{"$i":"perm-contacts-description","$v":"Add, read, or modify contacts from the address book on the device and read contacts from the SIM."},{"$i":"perm-contacts-readonly-description","$v":"Read contacts from the address book on the device and read contacts from the SIM."},{"$i":"perm-contacts-readwrite-description","$v":"Read or modify contacts from the address book on the device and read contacts from the SIM."},{"$i":"perm-contacts-readcreate-description","$v":"Add, read, or modify contacts from the address book on the device and read contacts from the SIM."},{"$i":"perm-contacts-createonly-description","$v":"Add contacts to the address book on the device."},{"$i":"perm-desktop-notification-description","$v":"Display a notification on the user’s device."},{"$i":"perm-device-storage-music-description","$v":"Add, read or modify music files stored on the device."},{"$i":"perm-device-storage-music-readonly-description","$v":"Read music files stored on the device."},{"$i":"perm-device-storage-music-readwrite-description","$v":"Read or modify music files stored on the device."},{"$i":"perm-device-storage-music-readcreate-description","$v":"Add, read or modify music files stored on the device."},{"$i":"perm-device-storage-music-createonly-description","$v":"Store new music files on the device."},{"$i":"perm-device-storage-pictures-description","$v":"Add, read or modify picture files stored on the device."},{"$i":"perm-device-storage-pictures-readonly-description","$v":"Read picture files stored on the device."},{"$i":"perm-device-storage-pictures-readwrite-description","$v":"Read or modify picture files stored on the device."},{"$i":"perm-device-storage-pictures-readcreate-description","$v":"Add, read or modify picture files stored on the device."},{"$i":"perm-device-storage-pictures-createonly-description","$v":"Store new picture files on the device."},{"$i":"perm-device-storage-sdcard-description","$v":"Add, read or modify files stored on the device’s SD card."},{"$i":"perm-device-storage-sdcard-readonly-description","$v":"Read files stored on the device’s SD card."},{"$i":"perm-device-storage-sdcard-readwrite-description","$v":"Read or modify files stored on the device’s SD card."},{"$i":"perm-device-storage-sdcard-readcreate-description","$v":"Add, read or modify files stored on the device’s SD card."},{"$i":"perm-device-storage-sdcard-createonly-description","$v":"Store new files on the device’s SD card."},{"$i":"perm-device-storage-videos-description","$v":"Add, read or modify video files stored on the device."},{"$i":"perm-device-storage-videos-readonly-description","$v":"Read video files stored on the device."},{"$i":"perm-device-storage-videos-readwrite-description","$v":"Read or modify video files stored on the device."},{"$i":"perm-device-storage-videos-readcreate-description","$v":"Add, read or modify video files stored on the device."},{"$i":"perm-device-storage-videos-createonly-description","$v":"Store new video files on the device."},{"$i":"perm-fmradio-description","$v":"Control the FM radio."},{"$i":"perm-geolocation-description","$v":"Obtain the current location of the user."},{"$i":"perm-input-description","$v":"Allow the app to act as a virtual keyboard by listening to focus change events in other apps."},{"$i":"perm-mobilenetwork-description","$v":"Obtain mobile network information (MCC, MNC, etc.)."},{"$i":"perm-push-description","$v":"Enable an app to wake up to receive notification."},{"$i":"perm-storage-description","$v":"Utilize storage without size limitations."},{"$i":"perm-systemXHR-description","$v":"Allow anonymous cross-origin XHR without the target site having CORS enabled."},{"$i":"perm-tcp-socket-description","$v":"Create TCP sockets and communicate over them."},{"$i":"perm-video-capture-description","$v":"Access video input devices, e.g. camera."},{"$i":"perm-attention-description","$v":"Allow content to open a window in front of all other content."},{"$i":"perm-audio-channel-ringer-description","$v":"Play sounds for incoming phone calls."},{"$i":"perm-audio-channel-telephony-description","$v":"Play sounds for phone calls, VoIP calls."},{"$i":"perm-audio-channel-publicnotification-description","$v":"Play public notification sounds."},{"$i":"perm-background-sensors-description","$v":"Listen to proximity sensor events in the background."},{"$i":"perm-backgroundservice-description","$v":"Enable an app to run in the background."},{"$i":"perm-bluetooth-description","$v":"Low level access to Bluetooth hardware."},{"$i":"perm-cellbroadcast-description","$v":"Fires an event when a specific type of cell network message is received (an emergency network notification)."},{"$i":"perm-device-storage-apps-description","$v":"Add, read, or modify files stored in the apps location on the device."},{"$i":"perm-device-storage-apps-readonly-description","$v":"Read files stored in the apps location on the device."},{"$i":"perm-device-storage-apps-readwrite-description","$v":"Read, or modify files stored in the apps location on the device."},{"$i":"perm-device-storage-apps-readcreate-description","$v":"Add, read, or modify files stored in the apps location on the device."},{"$i":"perm-device-storage-apps-createonly-description","$v":"Store new files in the apps location on the device."},{"$i":"perm-embed-apps-description","$v":"Ability to embed apps in mozApp frames."},{"$i":"perm-idle-description","$v":"Notify the app if the user is idle."},{"$i":"perm-mobileconnection-description","$v":"Obtain information about the current mobile voice and data connection."},{"$i":"perm-network-events-description","$v":"Monitor network uploads and downloads."},{"$i":"perm-networkstats-manage-description","$v":"Obtain statistics of data usage per interface."},{"$i":"perm-open-remote-window-description","$v":"Open windows in a new process."},{"$i":"perm-permissions-description","$v":"Allow an app to manage permissions of other apps."},{"$i":"perm-power-description","$v":"Turn the screen on or off, control CPU, device power, etc."},{"$i":"perm-settings-description","$v":"Configure or read device settings."},{"$i":"perm-settings-readonly-description","$v":"Read device settings."},{"$i":"perm-settings-readwrite-description","$v":"Read or modify device settings."},{"$i":"perm-settings-readcreate-description","$v":"Add, read or modify device settings."},{"$i":"perm-settings-createonly-description","$v":"Add device settings."},{"$i":"perm-sms-description","$v":"Send and receive SMS messages."},{"$i":"perm-telephony-description","$v":"Access all telephony-related APIs to make and receive phone calls."},{"$i":"perm-time-description","$v":"Set current time."},{"$i":"perm-voicemail-description","$v":"Access voicemail."},{"$i":"perm-webapps-manage-description","$v":"Manage installed Open Web Apps."},{"$i":"perm-wifi-manage-description","$v":"Enumerate available Wi-Fi networks, get signal strength, connect to a network."},{"$i":"perm-wappush-description","$v":"Receive WAP Push messages."},{"$i":"title-app","$v":"Дозволе апл."},{"$i":"title-web","$v":"Дозволе сајтова"},{"$i":"title-cam","$v":"Изабери камеру"},{"$i":"perm-alarms","$v":"Направи будилник"},{"$i":"perm-audio-capture","$v":"Микрофон"},{"$i":"perm-audio-capture-appRequest","$v":["Да ли бисте желели да поделите Ваш микрофон са ",{"t":"idOrVar","v":"app"},"?"]},{"$i":"perm-audio-capture-webRequest","$v":["Да ли бисте желели да поделите Ваш микрофон са ",{"t":"idOrVar","v":"site"},"?"]},{"$i":"perm-audio-channel-content","$v":"Репродукуј звукове"},{"$i":"perm-audio-channel-notification","$v":"Репродукуј звукове за обавештења"},{"$i":"perm-audio-channel-ringer","$v":"Репродукуј мелодију"},{"$i":"perm-background-sensors","$v":"Приступи подацимма сензора"},{"$i":"perm-bluetooth","$v":"Bluetooth"},{"$i":"perm-browser","$v":"Прегледај веб странице"},{"$i":"perm-camera","$v":"Камере"},{"$i":"perm-camera-selector-appRequest","$v":["Изабери камеру за ",{"t":"idOrVar","v":"app"},"."]},{"$i":"perm-camera-selector-webRequest","$v":["Изабери камеру за ",{"t":"idOrVar","v":"site"},"."]},{"$i":"perm-cellbroadcast","$v":"Инфо сервис"},{"$i":"perm-contacts","$v":"Контакти"},{"$i":"perm-contacts-appRequest","$v":[{"t":"idOrVar","v":"app"}," жели да приступи Вашим контактима."]},{"$i":"perm-contacts-webRequest","$v":[{"t":"idOrVar","v":"site"}," жели да приступи Вашим контактима."]},{"$i":"perm-desktop-notification","$v":"Обавештења"},{"$i":"perm-desktop-notification-appRequest","$v":[{"t":"idOrVar","v":"app"}," жели да приказује обавештења."]},{"$i":"perm-desktop-notification-webRequest","$v":[{"t":"idOrVar","v":"site"}," жели да приказује обавештења."]},{"$i":"perm-device-storage-apps","$v":"Складиште апликације"},{"$i":"perm-device-storage-music","$v":"Складиште музике"},{"$i":"perm-device-storage-music-appRequest","$v":[{"t":"idOrVar","v":"app"}," жели да приступи Вашој музици."]},{"$i":"perm-device-storage-music-webRequest","$v":[{"t":"idOrVar","v":"site"}," жели да приступи Вашој музици."]},{"$i":"perm-device-storage-pictures","$v":"Складиште слика"},{"$i":"perm-device-storage-pictures-appRequest","$v":[{"t":"idOrVar","v":"app"}," жели да приступи Вашим сликама."]},{"$i":"perm-device-storage-pictures-webRequest","$v":[{"t":"idOrVar","v":"site"}," жели да приступи Вашим сликама."]},{"$i":"perm-device-storage-sdcard","$v":"Складиште меморијске картице"},{"$i":"perm-device-storage-sdcard-appRequest","$v":[{"t":"idOrVar","v":"app"}," жели да приступи Вашој меморијској картици."]},{"$i":"perm-device-storage-sdcard-webRequest","$v":[{"t":"idOrVar","v":"site"}," жели да приступи Вашој меморијској картици."]},{"$i":"perm-device-storage-videos","$v":"Складиште видео снимака"},{"$i":"perm-device-storage-videos-appRequest","$v":[{"t":"idOrVar","v":"app"}," жели да приступи Вашим видео снимцима."]},{"$i":"perm-device-storage-videos-webRequest","$v":[{"t":"idOrVar","v":"site"}," жели да приступи Вашим видео снимцима."]},{"$i":"perm-embed-apps","$v":"Уграђене апл."},{"$i":"perm-fmradio","$v":"FМ Радио"},{"$i":"perm-fmradio-appRequest","$v":[{"t":"idOrVar","v":"app"}," жели да користи FM радио."]},{"$i":"perm-fmradio-webRequest","$v":[{"t":"idOrVar","v":"site"}," жели да користи FM радио."]},{"$i":"perm-geolocation","$v":"Геолокација"},{"$i":"perm-geolocation-appRequest","$v":[{"t":"idOrVar","v":"app"}," жели да зна Вашу локацију."]},{"$i":"perm-geolocation-more-info","$v":[{"t":"idOrVar","v":"brandShortName"}," користи GPS податке, Wi-Fi податке и податке мобилних мрежа у Вашој близини ради утврђивања Ваше приближне локације. Подаци се шаљу Mozilla фондацији и осталим пружаоцима услуга и биће коришћени за унапређивање базе података са локацијама. Подаци могу бити смештени на Вашем уређају а прикупљање података може почети у било ком тренутку, чак и када ни једна апликација није покренута."]},{"$i":"perm-geolocation-webRequest","$v":[{"t":"idOrVar","v":"site"}," жели да зна Вашу локацију."]},{"$i":"perm-idle","$v":"Погледај статус мировања"},{"$i":"perm-indexedDB-chrome-settings","$v":"Привилегован IndexedDB"},{"$i":"perm-indexedDB-unlimited","$v":"Бесконачно IndexedDB складишта"},{"$i":"perm-input-manage","$v":"Управљај тастатурама"},{"$i":"perm-input","$v":"Понашај се као тастатура"},{"$i":"perm-media-capture","$v":"Камера и микрофон"},{"$i":"perm-media-capture-appRequest","$v":["Да ли бисте желели да поделите Вашу камеру и микрофон са ",{"t":"idOrVar","v":"app"},"?"]},{"$i":"perm-media-capture-webRequest","$v":["Да ли бисте желели да поделите Вашу камеру и микрофон са ",{"t":"idOrVar","v":"site"},"?"]},{"$i":"perm-mobileconnection","$v":"Мобилна веза"},{"$i":"perm-mobileid","$v":"Мобилни идентитет"},{"$i":"perm-network-events","$v":"Мрежни догађаји"},{"$i":"perm-open-remote-window","$v":"Покрени апликацију"},{"$i":"perm-permissions","$v":"Измени овлашћења апл."},{"$i":"perm-power","$v":"Поставке за напајање"},{"$i":"perm-settings","$v":"Измени поставке"},{"$i":"perm-systemXHR","$v":"Cross-Origin захтев"},{"$i":"perm-telephony","$v":"Телефонија"},{"$i":"perm-video-capture","$v":"Камера"},{"$i":"perm-video-capture-appRequest","$v":["Да ли бисте желели да поделите Вашу камеру са ",{"t":"idOrVar","v":"app"},"?"]},{"$i":"perm-video-capture-webRequest","$v":["Да ли бисте желели да поделите Вашу камеру са ",{"t":"idOrVar","v":"site"},"?"]},{"$i":"perm-voicemail","$v":"Управљај говорну пошту"},{"$i":"perm-webapps-manage","$v":"Инсталирај web апл."},{"$i":"perm-wifi-manage","$v":"Управљај Wi-Fi"},{"$i":"perm-attention","$v":"Отвори Overlay Popups"},{"$i":"perm-audio-channel-alarm","$v":"Репродукуј звук аларма"},{"$i":"perm-audio-channel-normal","$v":"Репродукуј звук"},{"$i":"perm-audio-channel-publicnotification","$v":"Репродукуј звукове јавног обавештења"},{"$i":"perm-audio-channel-telephony","$v":"Репродукуј звукове телефоније"},{"$i":"perm-backgroundservice","$v":"Понашај се као позадински сервис"},{"$i":"perm-device-storage-crashes","$v":"Складиште за податке пада"},{"$i":"perm-downloads","$v":"Приступи преузимањима"},{"$i":"perm-embed-widgets","$v":"Ургађени Widget-и"},{"$i":"perm-feature-detection","$v":"Детекција могућности"},{"$i":"perm-firefox-accounts","$v":"Firefox налози"},{"$i":"perm-mobilenetwork","$v":"Мобилна мрежа"},{"$i":"perm-moz-attention","$v":"Отвори Overlay Popups (moz)"},{"$i":"perm-moz-audio-channel-ringer","$v":"Репродукуј звук аларма (moz)"},{"$i":"perm-moz-audio-channel-telephony","$v":"Репродукуј звукове телефоније (moz)"},{"$i":"perm-moz-firefox-accounts","$v":"Firefox налози (moz)"},{"$i":"perm-networkstats-manage","$v":"Контролиши статистику коришћења"},{"$i":"perm-nfc","$v":"NFC"},{"$i":"perm-nfc-hci-events","$v":"NFC HCI догађаји"},{"$i":"perm-nfc-manager","$v":"Управљај NFC"},{"$i":"perm-phonenumberservice","$v":"Телефонски број сервиса"},{"$i":"perm-push","$v":"Push API"},{"$i":"perm-resourcestats-manage","$v":"Статистка ресурса"},{"$i":"perm-sms","$v":"Пошаљи и прочитај SMS"},{"$i":"perm-speaker-control","$v":"Контролиши јачину звука"},{"$i":"perm-storage","$v":"Приступи складишту"},{"$i":"perm-tcp-socket","$v":"TCP сокети"},{"$i":"perm-test-permission","$v":"Овлашћење за тест"},{"$i":"perm-time","$v":"Постави датум и време"},{"$i":"perm-udp-socket","$v":"UDP сокети"},{"$i":"perm-wappush","$v":"WAP Push"}]