[{"$i":"brandShortName","$v":"B2G OS"},{"$i":"browserBrandShortName","$v":"Web Browser"},{"$i":"browserBrandFullName","$v":"Mozilla Web Browser"},{"$i":"ringtoneBrandName","$v":"Default"},{"$i":"ringtoneSectionBrandName","$v":"System"},{"$i":"africa","$v":"非洲"},{"$i":"america","$v":"美洲"},{"$i":"antarctica","$v":"南極洲"},{"$i":"asia","$v":"亞洲"},{"$i":"atlantic-ocean","$v":"大西洋"},{"$i":"australia","$v":"澳洲"},{"$i":"europe","$v":"歐洲"},{"$i":"indian-ocean","$v":"印度洋"},{"$i":"pacific-ocean","$v":"太平洋"},{"$i":"privacy-controls","$v":"隱私控制"},{"$i":"location-accuracy","$v":"位置準確度"},{"$i":"transparency-control","$v":"控制透明度"},{"$i":"privacy-protection","$v":"遠端保護"},{"$i":"guided-tour","$v":"導覽"},{"$i":"la-panel","$v":"位置準確度"},{"$i":"geolocation","$v":"地理資訊"},{"$i":"location-adjustment","$v":"位置調整"},{"$i":"location-adjustment-info","$v":["請注意: 位置調整功能會調整 ",{"t":"idOrVar","v":"brandShortName"}," 回報給應用程式的位置，但不會影響您的 IP 地址或語系設定，所以某些服務可能還是有辦法定位您。"]},{"$i":"location-adjustment-description","$v":"為所有應用程式調整統一的定位準確度、將某個定點設定為所在位置並單獨為某些程式設定例外。"},{"$i":"adjustment","$v":"調整"},{"$i":"add-exceptions","$v":"新增例外"},{"$i":"app-list-description","$v":"此清單列出所有被允許取得您的所在位置的應用程式。"},{"$i":"type-user-defined","$v":"使用者定義"},{"$i":"blur-distance-km","$v":[{"t":"idOrVar","v":"value"}," km blur"]},{"$i":"blur-distance-m","$v":[{"t":"idOrVar","v":"value"}," m blur"]},{"$i":"type-precise","$v":"精準"},{"$i":"type-no-location","$v":"無位置"},{"$i":"attention","$v":"注意！"},{"$i":"ala-custom-location-alert","$v":"您還沒有設定自訂位置，請先設定自訂位置後再調整其他設定！"},{"$i":"custom-location","$v":"自訂位置"},{"$i":"set-custom-location","$v":"設定自訂位置"},{"$i":"set-location","$v":"設定位置"},{"$i":"custom-location-description","$v":"使用某個固定位置作為自訂位置。"},{"$i":"precise","$v":"精準"},{"$i":"no-location","$v":"無位置"},{"$i":"exceptions-application-description","$v":"為下列程式調整位置準確度:"},{"$i":"custom-location-ala-10","$v":"自訂位置"},{"$i":"choose-a-region-city","$v":"選擇地區/城市"},{"$i":"region","$v":"區域"},{"$i":"city","$v":"城市"},{"$i":"enter-gps-coordinates","$v":"輸入 GPS 經緯度"},{"$i":"enter-gps-description","$v":"請輸入 -180.0 到 180.0 間的經度與 -90.0 到 90.0 間的緯度所組成的 GPS 座標。"},{"$i":"latitude","$v":"緯度"},{"$i":"longitude","$v":"經度"},{"$i":"global-settings","$v":"預設設定"},{"$i":"rp-panel","$v":"遠端保護"},{"$i":"rp-new-password-description","$v":"請設定保護您遠端功能的的密碼（最多 100 字元）。"},{"$i":"new-passphrase","placeholder":"新密碼"},{"$i":"confirm-new-passphrase","placeholder":"確認新密碼"},{"$i":"rp-login-description","$v":"請輸入您的密碼。"},{"$i":"rp-change-password","$v":"忘記/改了密碼？"},{"$i":"passphrase","placeholder":"密碼"},{"$i":"rp-change-password-description","$v":"要重設您的密碼，請輸入您的解鎖碼或 SIM 卡 PIN 碼與新密碼。"},{"$i":"sim1","$v":"SIM 1"},{"$i":"sim2","$v":"SIM 2"},{"$i":"enter","placeholder":"輸入解鎖碼"},{"$i":"passphrase-wrong","$v":"密碼錯誤！"},{"$i":"passphrase-empty","$v":"密碼空白！"},{"$i":"passphrase-too-long","$v":"密碼太長！"},{"$i":"passphrase-invalid","$v":"您不能使用特殊字元！"},{"$i":"passphrase-different","$v":"兩次輸入的解鎖碼必須相同！"},{"$i":"pin-empty","$v":"解鎖碼空白！"},{"$i":"pin-invalid","$v":"解鎖碼錯誤！"},{"$i":"passcode-long","$v":"解鎖碼應為 4 位數！"},{"$i":"pin-different","$v":"解鎖碼錯誤！"},{"$i":"sim-invalid","$v":"SIM PIN 碼錯誤！"},{"$i":"pin-tries-left","$v":{"one":"最後一次機會。","two":["還有 ",{"t":"idOrVar","v":"n"}," 次機會。"],"few":["還有 ",{"t":"idOrVar","v":"n"}," 次機會。"],"many":["還有 ",{"t":"idOrVar","v":"n"}," 次機會。"],"other":["還有 ",{"t":"idOrVar","v":"n"}," 次機會。"]},"$x":[{"t":"idOrVar","v":"plural"},"n"]},{"$i":"remote-locate","$v":"遠端定位"},{"$i":"remote-locate-description","$v":"您可以傳送簡訊到此裝置來進行定位: RP locate 您的密碼"},{"$i":"remote-ring","$v":"遠端響鈴"},{"$i":"remote-ring-description","$v":"您可以傳送簡訊到此裝置來進行響鈴: RP ring 您的密碼"},{"$i":"remote-lock","$v":"遠端鎖定"},{"$i":"remote-lock-description","$v":"您可以傳送簡訊來鎖定此裝置: RP lock 您的密碼"},{"$i":"rp-lockscreen-alert","$v":"請在系統設定中開啟鎖定畫面「與」解鎖碼後才能使用遠端保護功能。"},{"$i":"take-me-there","$v":"帶我過去"},{"$i":"lock-screen","$v":"螢幕鎖"},{"$i":"screen-lock-header","$v":"螢幕鎖"},{"$i":"passcode-lock","$v":"密碼鎖"},{"$i":"require-passcode","$v":"關閉螢幕後鎖定時間"},{"$i":"immediately","$v":"立即"},{"$i":"after-one-minute","$v":"1 分鐘後"},{"$i":"after-five-minutes","$v":"5 分鐘後"},{"$i":"after-fifteen-minutes","$v":"15 分鐘後"},{"$i":"after-thirty-minutes","$v":"30 分鐘後"},{"$i":"after-one-hour","$v":"1 小時後"},{"$i":"change-passcode","$v":"修改解鎖碼"},{"$i":"change","$v":"變更"},{"$i":"create","$v":"建立"},{"$i":"passcode-heading","$v":"解鎖碼"},{"$i":"current-passcode","$v":"目前的解鎖碼"},{"$i":"new-passcode","$v":"新的解鎖碼"},{"$i":"enter-passcode","$v":"輸入解鎖碼"},{"$i":"create-a-passcode","$v":"建立解鎖碼"},{"$i":"passcode","$v":"解鎖碼"},{"$i":"confirm-passcode","$v":"確認解鎖碼"},{"$i":"incorrect-passcode","$v":"解鎖碼不正確。"},{"$i":"passcode-doesnt-match","$v":"輸入的解鎖碼不同，請重試。"},{"$i":"tc-panel","$v":"控制透明度"},{"$i":"tc-applications","$v":"應用程式"},{"$i":"tc-permissions","$v":"權限"},{"$i":"tc-sort-alphabetical","$v":"字母排序"},{"$i":"tc-sort-trustLevel","$v":"信任等級"},{"$i":"tc-sort-vendor","$v":"廠商"},{"$i":"tc-search-apps","placeholder":"搜尋應用程式"},{"$i":"tc-search-close","$v":"關閉"},{"$i":"tc-search-clear","$v":"清除"},{"$i":"tc-trust-certified","$v":"內部應用程式"},{"$i":"tc-trust-privileged","$v":"已授權的應用程式"},{"$i":"tc-trust-web","$v":"Web App"},{"$i":"tc-explicit-permissions","$v":"權限"},{"$i":"tc-implicit-permissions","$v":"隱含權限"},{"$i":"tc-explicit-prompt","$v":"詢問"},{"$i":"tc-explicit-deny","$v":"拒絕"},{"$i":"tc-explicit-allow","$v":"允許"},{"$i":"tc-apps-accessing-permission","$v":"使用此權限的應用程式"},{"$i":"gt-main-pc-header","$v":"歡迎使用隱私控制功能！"},{"$i":"gt-main-desc","$v":"此程式將幫助您加強保護您的隱私，並讓您在遺失手機時能鎖定或尋找您的手機。請繼續往下看，只要兩分鐘就能搞定！"},{"$i":"gt-ala-explain-header","$v":"位置調整功能有什麼好處？"},{"$i":"gt-ala-explain-desc","$v":"許多程式，例如通訊錄或相機都會使用您的地理位置。若您不想透露您的準確位置，您可以在此調整要回報給程式的位置的準確度、設定自訂位置或隱藏位置。"},{"$i":"gt-ala-blur-header","$v":"如何設定位置調整功能？"},{"$i":"gt-ala-blur-desc","$v":"不是每套程式都需要您的準確位置才能使用。舉例來說，與其分享您的準確經緯度，您也可以將您的位置模糊到半徑 10 公里內。這樣您的天氣軟體還是能正常使用，但您就不必透露您的準確位置。但請記住，位置調整功能還是無法完全把您隱藏起來！"},{"$i":"gt-ala-custom-header","$v":"自訂位置是什麼？"},{"$i":"gt-ala-custom-desc","$v":"透過自訂位置的設定，您將可以隱藏您的真實位置，或是將其設定到世界上的任何角落。自己的位置自己選！"},{"$i":"gt-ala-exceptions-header","$v":"「針對每套程式設定位置」是什麼意思？"},{"$i":"gt-ala-exceptions-desc","$v":"您可以在此找到所有能取得您的地理位置的應用程式。您可以為單一套程式調整設定，這樣會為該應用程式覆寫預設設定。"},{"$i":"gt-rp-explain-header","$v":"遠端保護？這是什麼？"},{"$i":"gt-rp-explain-desc","$v":"若您搞丟手機，您可以使用遠端保護功能。您可以透過其他手機來定位遺失的手機、讓手機響鈴、甚至鎖定手機。首先您需要設定個人的解鎖碼，並啟用您要用的功能（定位、響鈴或鎖定）。"},{"$i":"gt-rp-passphrase-header","$v":"如何設定個人密碼？"},{"$i":"gt-rp-passphrase-desc","$v":"點擊「遠端保護」並設定您的密碼來保護您的遠端功能。若您忘記了實際的密碼，您可以使用 SIM 卡的 PIN 碼或鎖定畫面的解鎖碼來重設。"},{"$i":"gt-rp-locate-header","$v":"如何定位我的手機？"},{"$i":"gt-rp-locate-desc1","$v":"若您的手機不見了，只要跟朋友借個手機，然後傳送下列簡訊「"},{"$i":"gt-rp-locate-command","$v":"RP locate 您的密碼"},{"$i":"gt-rp-locate-desc2","$v":"」到您的號碼，您就會收到手機回傳所在位置的準確 GPS 經緯度。記得先設好密碼！"},{"$i":"gt-rp-ring-header","$v":"如何讓手機響鈴？"},{"$i":"gt-rp-ring-desc1","$v":"很簡單，只要傳送包含下列文字的簡訊：「"},{"$i":"gt-rp-ring-command","$v":"RP ring 您的密碼"},{"$i":"gt-rp-ring-desc2","$v":"」到您的手機號碼，它就會持續響鈴到您找到並解鎖為止。"},{"$i":"gt-rp-lock-header","$v":"如何鎖定我的手機？"},{"$i":"gt-rp-lock-desc1","$v":"若您的手機不見了，想要從遠端鎖起來，只要跟朋友借個手機，然後傳送下列簡訊「"},{"$i":"gt-rp-lock-command","$v":"RP lock 您的密碼"},{"$i":"gt-rp-lock-desc2","$v":"」到您的號碼，手機自動鎖上，只有您才能使用您平常的畫面解鎖碼來解鎖。"},{"$i":"get-started","$v":"開始使用！"},{"$i":"finish-tour","$v":"完成導覽"},{"$i":"ok","$v":"確定"},{"$i":"back","$v":"上一頁"},{"$i":"next","$v":"下一頁"},{"$i":"sms-ring","$v":"您的裝置現在應該已被鎖上並開始響鈴，您可以使用解鎖碼解鎖。"},{"$i":"sms-lock","$v":"您的裝置已被鎖定，您可以使用解鎖碼解鎖。"},{"$i":"sms-locate","$v":["您的裝置已鎖定，經緯度為 @",{"t":"idOrVar","v":"latitude"},",",{"t":"idOrVar","v":"longitude"},"。您可以使用解鎖碼解鎖。"]},{"$i":"about-privacy-controls","$v":"關於隱私控制"},{"$i":"version","$v":"版本"},{"$i":"build-id","$v":"Build-ID"},{"$i":"about-pc-header","$v":"關於隱私控制"},{"$i":"about-pc-desc","$v":"Deutsche Telekom 與 Mozilla 基金會合作開發了隱私保護功能，讓使用者能自行控制自己的個人資料"},{"$i":"perm-alarms-description","$v":"排定通知，或排定執行程式。"},{"$i":"perm-audio-capture-description","$v":"存取音效輸入裝置，例如麥克風。"},{"$i":"perm-audio-channel-alarm-description","$v":"播放鬧鈴與行事曆提醒。"},{"$i":"perm-audio-channel-content-description","$v":"播放音樂與音效。"},{"$i":"perm-audio-channel-normal-description","$v":"播放介面音效、Web 內容、音樂、收音機。"},{"$i":"perm-audio-channel-notification-description","$v":"播放訊息通知音效。"},{"$i":"perm-browser-description","$v":"讓程式可在 iframe 中實作瀏覽器。"},{"$i":"perm-camera-description","$v":"拍照、錄影、錄音、控制攝影機。"},{"$i":"perm-contacts-description","$v":"新增、讀取或修改通訊錄中的聯絡人，並自 SIM 卡讀取聯絡人。"},{"$i":"perm-contacts-readonly-description","$v":"讀取通訊錄中的聯絡人，並自 SIM 卡讀取聯絡人。"},{"$i":"perm-contacts-readwrite-description","$v":"讀取或修改通訊錄中的聯絡人，並自 SIM 卡讀取聯絡人。"},{"$i":"perm-contacts-readcreate-description","$v":"新增、讀取或修改通訊錄中的聯絡人，並自 SIM 卡讀取聯絡人。"},{"$i":"perm-contacts-createonly-description","$v":"新增聯絡人至裝置中的通訊錄。"},{"$i":"perm-desktop-notification-description","$v":"在使用者裝置中顯示通知。"},{"$i":"perm-device-storage-music-description","$v":"新增、讀取或修改儲存於裝置中的音樂檔案。"},{"$i":"perm-device-storage-music-readonly-description","$v":"讀取儲存於裝置中的音樂檔案。"},{"$i":"perm-device-storage-music-readwrite-description","$v":"讀取或修改儲存於裝置中的音樂檔案。"},{"$i":"perm-device-storage-music-readcreate-description","$v":"新增、讀取或修改儲存於裝置中的音樂檔案。"},{"$i":"perm-device-storage-music-createonly-description","$v":"儲存新音樂檔案到裝置中。"},{"$i":"perm-device-storage-pictures-description","$v":"新增、讀取或修改儲存於裝置中的相片。"},{"$i":"perm-device-storage-pictures-readonly-description","$v":"讀取儲存於裝置中的相片。"},{"$i":"perm-device-storage-pictures-readwrite-description","$v":"讀取或修改儲存於裝置中的相片。"},{"$i":"perm-device-storage-pictures-readcreate-description","$v":"新增、讀取或修改儲存於裝置中的相片。"},{"$i":"perm-device-storage-pictures-createonly-description","$v":"儲存新相片檔案到裝置中。"},{"$i":"perm-device-storage-sdcard-description","$v":"新增、讀取或修改儲存於裝置 SD 卡中的檔案。"},{"$i":"perm-device-storage-sdcard-readonly-description","$v":"讀取儲存於裝置 SD 卡中的檔案。"},{"$i":"perm-device-storage-sdcard-readwrite-description","$v":"讀取或修改儲存於裝置 SD 卡中的檔案。"},{"$i":"perm-device-storage-sdcard-readcreate-description","$v":"新增、讀取或修改儲存於裝置 SD 卡中的檔案。"},{"$i":"perm-device-storage-sdcard-createonly-description","$v":"儲存新檔案到裝置的 SD 卡。"},{"$i":"perm-device-storage-videos-description","$v":"新增、讀取或修改儲存於裝置中的視訊檔案。"},{"$i":"perm-device-storage-videos-readonly-description","$v":"讀取儲存於裝置中的視訊檔案。"},{"$i":"perm-device-storage-videos-readwrite-description","$v":"讀取或修改儲存於裝置中的視訊檔案。"},{"$i":"perm-device-storage-videos-readcreate-description","$v":"新增、讀取或修改儲存於裝置中的視訊檔案。"},{"$i":"perm-device-storage-videos-createonly-description","$v":"儲存新視訊檔案到裝置中。"},{"$i":"perm-fmradio-description","$v":"控制 FM 收音機。"},{"$i":"perm-geolocation-description","$v":"取得使用者目前位置。"},{"$i":"perm-input-description","$v":"允許程式監聽其他程式中的輸入焦點變更事件，以作為虛擬鍵盤使用。"},{"$i":"perm-mobilenetwork-description","$v":"取得行動網路資訊（MCC、MNC 等等）。"},{"$i":"perm-push-description","$v":"讓應用程式可喚醒裝置接收通知。"},{"$i":"perm-storage-description","$v":"無限制使用儲存空間。"},{"$i":"perm-systemXHR-description","$v":"允許對未啟用 CORS 的網站進行匿名跨來源 XHR。"},{"$i":"perm-tcp-socket-description","$v":"建立 TCP socket 並透過其溝通。"},{"$i":"perm-video-capture-description","$v":"存取視訊輸入裝置，例如攝影機。"},{"$i":"perm-attention-description","$v":"允許內容開啟覆蓋於所有其他內容之上的視窗。"},{"$i":"perm-audio-channel-ringer-description","$v":"播放來電音效。"},{"$i":"perm-audio-channel-telephony-description","$v":"播放電話、VoIP 通話語音。"},{"$i":"perm-audio-channel-publicnotification-description","$v":"播放公開通知音效。"},{"$i":"perm-background-sensors-description","$v":"在背景監聽距離感應器事件。"},{"$i":"perm-backgroundservice-description","$v":"讓應用程式可於背景執行。"},{"$i":"perm-bluetooth-description","$v":"低階存取藍芽裝置。"},{"$i":"perm-cellbroadcast-description","$v":"在收到某種通訊網路訊息（例如緊急網路通知）時觸發事件。"},{"$i":"perm-device-storage-apps-description","$v":"新增、讀取或修改儲存於裝置中應用程式位置的檔案。"},{"$i":"perm-device-storage-apps-readonly-description","$v":"讀取儲存於裝置中應用程式位置的檔案。"},{"$i":"perm-device-storage-apps-readwrite-description","$v":"讀取或修改儲存於裝置中應用程式位置的檔案。"},{"$i":"perm-device-storage-apps-readcreate-description","$v":"新增、讀取或修改儲存於裝置中應用程式位置的檔案。"},{"$i":"perm-device-storage-apps-createonly-description","$v":"儲存新檔案到裝置的應用程式位置中。"},{"$i":"perm-embed-apps-description","$v":"可於 mozApp 畫框中嵌入應用程式。"},{"$i":"perm-idle-description","$v":"通知程式使用者目前閒置中。"},{"$i":"perm-mobileconnection-description","$v":"取得關於目前的行動語音與數據連線的相關資訊。"},{"$i":"perm-network-events-description","$v":"監控網路上傳與下載。"},{"$i":"perm-networkstats-manage-description","$v":"取得各介面的數據用量統計。"},{"$i":"perm-open-remote-window-description","$v":"用新程序開啟視窗。"},{"$i":"perm-permissions-description","$v":"允許程式管理其他程式的權限。"},{"$i":"perm-power-description","$v":"開關螢幕、控制 CPU、裝置電力等等。"},{"$i":"perm-settings-description","$v":"設定或讀取裝置選項。"},{"$i":"perm-settings-readonly-description","$v":"讀取裝置選項。"},{"$i":"perm-settings-readwrite-description","$v":"讀取或修改裝置選項。"},{"$i":"perm-settings-readcreate-description","$v":"新增、讀取或修改裝置選項。"},{"$i":"perm-settings-createonly-description","$v":"新增裝置選項。"},{"$i":"perm-sms-description","$v":"收發簡訊。"},{"$i":"perm-telephony-description","$v":"存取所有通話相關 API 以撥打或接聽電話。"},{"$i":"perm-time-description","$v":"設定時間。"},{"$i":"perm-voicemail-description","$v":"存取語音信箱。"},{"$i":"perm-webapps-manage-description","$v":"管理已安裝的 Open Web App。"},{"$i":"perm-wifi-manage-description","$v":"列舉可用的 Wi-Fi 網路、取得信號強度、連線至網路。"},{"$i":"perm-wappush-description","$v":"接收 WAP 推送訊息。"},{"$i":"title-app","$v":"應用程式權限"},{"$i":"title-web","$v":"網站權限"},{"$i":"title-cam","$v":"選擇相機"},{"$i":"perm-alarms","$v":"設定鬧鐘"},{"$i":"perm-audio-capture","$v":"麥克風"},{"$i":"perm-audio-capture-appRequest","$v":["您想要與 ",{"t":"idOrVar","v":"app"}," 分享您的麥克風嗎？"]},{"$i":"perm-audio-capture-webRequest","$v":["您想要與 ",{"t":"idOrVar","v":"site"}," 分享您的麥克風嗎？"]},{"$i":"perm-audio-channel-content","$v":"播放音效"},{"$i":"perm-audio-channel-notification","$v":"播放通知音效"},{"$i":"perm-audio-channel-ringer","$v":"播放鈴聲"},{"$i":"perm-background-sensors","$v":"存取感測器資料"},{"$i":"perm-bluetooth","$v":"藍牙"},{"$i":"perm-browser","$v":"檢測網頁"},{"$i":"perm-camera","$v":"相機"},{"$i":"perm-camera-selector-appRequest","$v":["為 ",{"t":"idOrVar","v":"app"}," 選擇相機。"]},{"$i":"perm-camera-selector-webRequest","$v":["為 ",{"t":"idOrVar","v":"site"}," 選擇相機。"]},{"$i":"perm-cellbroadcast","$v":"區域廣播"},{"$i":"perm-contacts","$v":"聯絡人"},{"$i":"perm-contacts-appRequest","$v":[{"t":"idOrVar","v":"app"}," 想要存取您的聯絡人清單。"]},{"$i":"perm-contacts-webRequest","$v":[{"t":"idOrVar","v":"site"}," 想要存取您的聯絡人清單。"]},{"$i":"perm-desktop-notification","$v":"通知"},{"$i":"perm-desktop-notification-appRequest","$v":[{"t":"idOrVar","v":"app"}," 想要顯示通知。"]},{"$i":"perm-desktop-notification-webRequest","$v":[{"t":"idOrVar","v":"site"}," 想要顯示通知。"]},{"$i":"perm-device-storage-apps","$v":"應用程式儲存空間"},{"$i":"perm-device-storage-music","$v":"音樂儲存空間"},{"$i":"perm-device-storage-music-appRequest","$v":[{"t":"idOrVar","v":"app"}," 想要存取您的音樂。"]},{"$i":"perm-device-storage-music-webRequest","$v":[{"t":"idOrVar","v":"site"}," 想要存取您的音樂。"]},{"$i":"perm-device-storage-pictures","$v":"圖片儲存空間"},{"$i":"perm-device-storage-pictures-appRequest","$v":[{"t":"idOrVar","v":"app"}," 想要存取您的圖片。"]},{"$i":"perm-device-storage-pictures-webRequest","$v":[{"t":"idOrVar","v":"site"}," 想要存取您的圖片。"]},{"$i":"perm-device-storage-sdcard","$v":"記憶卡儲存空間"},{"$i":"perm-device-storage-sdcard-appRequest","$v":[{"t":"idOrVar","v":"app"}," 想要存取您的記憶卡。"]},{"$i":"perm-device-storage-sdcard-webRequest","$v":[{"t":"idOrVar","v":"site"}," 想要存取您的記憶卡。"]},{"$i":"perm-device-storage-videos","$v":"影片儲存空間"},{"$i":"perm-device-storage-videos-appRequest","$v":[{"t":"idOrVar","v":"app"}," 想要存取您的影片庫。"]},{"$i":"perm-device-storage-videos-webRequest","$v":[{"t":"idOrVar","v":"site"}," 想要存取您的影片庫。"]},{"$i":"perm-embed-apps","$v":"內嵌應用程式"},{"$i":"perm-fmradio","$v":"FM 收音機"},{"$i":"perm-fmradio-appRequest","$v":[{"t":"idOrVar","v":"app"}," 想要使用 FM 收音機。"]},{"$i":"perm-fmradio-webRequest","$v":[{"t":"idOrVar","v":"site"}," 想要使用 FM 收音機。"]},{"$i":"perm-geolocation","$v":"地理資訊"},{"$i":"perm-geolocation-appRequest","$v":[{"t":"idOrVar","v":"app"}," 想要知道您所在的地理位置。"]},{"$i":"perm-geolocation-more-info","$v":[{"t":"idOrVar","v":"brandShortName"}," 將會使用諸如 GPS、Wi-Fi、與您附近的數據網路基地台等資料來幫助判斷您的大略位置。這些資料將會傳送到 Mozilla 與其他的服務提供者，並結合起來改善位置資料庫的準確度。這些資料可能也會儲存在您的裝置上；就算沒有執行程式時也可能會收集這些資料。"]},{"$i":"perm-geolocation-webRequest","$v":[{"t":"idOrVar","v":"site"}," 想要知道您所在的地理位置。"]},{"$i":"perm-idle","$v":"檢視閒置狀態"},{"$i":"perm-indexedDB-chrome-settings","$v":"有權限的 IndexedDB"},{"$i":"perm-indexedDB-unlimited","$v":"無限 IndexedDB 儲存空間"},{"$i":"perm-input-manage","$v":"管理鍵盤"},{"$i":"perm-input","$v":"輸入文字"},{"$i":"perm-media-capture","$v":"相機與麥克風"},{"$i":"perm-media-capture-appRequest","$v":["您想要與 ",{"t":"idOrVar","v":"app"}," 分享您的相機與麥克風嗎？"]},{"$i":"perm-media-capture-webRequest","$v":["您想要與 ",{"t":"idOrVar","v":"site"}," 分享您的相機與麥克風嗎？"]},{"$i":"perm-mobileconnection","$v":"行動連線"},{"$i":"perm-mobileid","$v":"行動識別"},{"$i":"perm-network-events","$v":"網路事件"},{"$i":"perm-open-remote-window","$v":"啟動程式"},{"$i":"perm-permissions","$v":"修改應用程式權限"},{"$i":"perm-power","$v":"電源設定"},{"$i":"perm-settings","$v":"修改設定"},{"$i":"perm-systemXHR","$v":"跨來源請求"},{"$i":"perm-telephony","$v":"通話"},{"$i":"perm-video-capture","$v":"相機"},{"$i":"perm-video-capture-appRequest","$v":["您想要與 ",{"t":"idOrVar","v":"app"}," 分享您的相機嗎？"]},{"$i":"perm-video-capture-webRequest","$v":["您想要與 ",{"t":"idOrVar","v":"site"}," 分享您的相機嗎？"]},{"$i":"perm-voicemail","$v":"控制語音信箱"},{"$i":"perm-webapps-manage","$v":"安裝 Webapp"},{"$i":"perm-wifi-manage","$v":"管理 Wi-Fi"},{"$i":"perm-attention","$v":"覆疊視窗"},{"$i":"perm-audio-channel-alarm","$v":"播放警示音效"},{"$i":"perm-audio-channel-normal","$v":"播放音效"},{"$i":"perm-audio-channel-publicnotification","$v":"播放公開通知音效"},{"$i":"perm-audio-channel-telephony","$v":"播放通話語音"},{"$i":"perm-backgroundservice","$v":"成為背景服務"},{"$i":"perm-device-storage-crashes","$v":"儲存錯誤資料"},{"$i":"perm-downloads","$v":"存取下載項目"},{"$i":"perm-embed-widgets","$v":"嵌入小工具"},{"$i":"perm-feature-detection","$v":"功能偵測"},{"$i":"perm-firefox-accounts","$v":"Firefox 帳號"},{"$i":"perm-mobilenetwork","$v":"行動網路"},{"$i":"perm-moz-attention","$v":"覆疊視窗 (moz)"},{"$i":"perm-moz-audio-channel-ringer","$v":"播放鈴聲 (moz)"},{"$i":"perm-moz-audio-channel-telephony","$v":"播放通話語音 (moz)"},{"$i":"perm-moz-firefox-accounts","$v":"Firefox 帳號 (moz)"},{"$i":"perm-networkstats-manage","$v":"控制使用量統計資料"},{"$i":"perm-nfc","$v":"NFC"},{"$i":"perm-nfc-hci-events","$v":"NFC HCI 事件"},{"$i":"perm-nfc-manager","$v":"管理 NFC"},{"$i":"perm-phonenumberservice","$v":"電話號碼服務"},{"$i":"perm-push","$v":"推送 API"},{"$i":"perm-resourcestats-manage","$v":"資源統計"},{"$i":"perm-sms","$v":"收發簡訊"},{"$i":"perm-speaker-control","$v":"控制音量"},{"$i":"perm-storage","$v":"存取儲存空間"},{"$i":"perm-tcp-socket","$v":"TCP Sockets"},{"$i":"perm-test-permission","$v":"測試用權限"},{"$i":"perm-time","$v":"設定日期與時間"},{"$i":"perm-udp-socket","$v":"UDP Sockets"},{"$i":"perm-wappush","$v":"WAP 推播"}]