[
  {
    "id": "de",
    "name": "Deutsch",
    "imEngineId": "latin",
    "types": [
      "email",
      "password",
      "text",
      "url"
    ],
    "dictFileSize": 2344627,
    "preloaded": true,
    "dictFilename": "de.dict",
    "dictFilePath": "dictionaries/de.dict"
  },
  {
    "id": "en",
    "name": "English",
    "imEngineId": "latin",
    "types": [
      "email",
      "password",
      "text",
      "url"
    ],
    "dictFileSize": 1451390,
    "preloaded": true,
    "dictFilename": "en_us.dict",
    "dictFilePath": "dictionaries/en_us.dict"
  },
  {
    "id": "en-Dvorak",
    "name": "Dvorak",
    "imEngineId": "latin",
    "types": [
      "email",
      "password",
      "text",
      "url"
    ],
    "dictFileSize": 1451390,
    "preloaded": true,
    "dictFilename": "en_us.dict",
    "dictFilePath": "dictionaries/en_us.dict"
  },
  {
    "id": "es",
    "name": "Español",
    "imEngineId": "latin",
    "types": [
      "email",
      "password",
      "text",
      "url"
    ],
    "dictFileSize": 1564842,
    "preloaded": true,
    "dictFilename": "es.dict",
    "dictFilePath": "dictionaries/es.dict"
  },
  {
    "id": "fr",
    "name": "Français",
    "imEngineId": "latin",
    "types": [
      "email",
      "password",
      "text",
      "url"
    ],
    "dictFileSize": 1874745,
    "preloaded": true,
    "dictFilename": "fr.dict",
    "dictFilePath": "dictionaries/fr.dict"
  },
  {
    "id": "fr-CA",
    "name": "Français (Canadien)",
    "imEngineId": "latin",
    "types": [
      "email",
      "password",
      "text",
      "url"
    ],
    "dictFileSize": 1874745,
    "preloaded": true,
    "dictFilename": "fr.dict",
    "dictFilePath": "dictionaries/fr.dict"
  },
  {
    "id": "ko",
    "name": "한국어",
    "imEngineId": "jshangul",
    "types": [
      "email",
      "text",
      "url"
    ],
    "dictFileSize": 9642,
    "preloaded": true
  },
  {
    "id": "pl",
    "name": "Polski",
    "imEngineId": "latin",
    "types": [
      "email",
      "password",
      "text",
      "url"
    ],
    "dictFileSize": 1644422,
    "preloaded": true,
    "dictFilename": "pl.dict",
    "dictFilePath": "dictionaries/pl.dict"
  },
  {
    "id": "pt-BR",
    "name": "Português (do Brasil)",
    "imEngineId": "latin",
    "types": [
      "email",
      "password",
      "text",
      "url"
    ],
    "dictFileSize": 1524964,
    "preloaded": true,
    "dictFilename": "pt_br.dict",
    "dictFilePath": "dictionaries/pt_br.dict"
  },
  {
    "id": "zh-Hans-Pinyin",
    "name": "拼音",
    "imEngineId": "jspinyin",
    "types": [
      "email",
      "text",
      "url"
    ],
    "dictFileSize": 2139384,
    "preloaded": true
  }
]