[{"$i":"wrapper-search-name","$v":[{"t":"idOrVar","v":"topic"}," على ",{"t":"idOrVar","v":"name"}]},{"$i":"contextmenu-add-wallpaper","$v":"تغيير صورة الخلفية"},{"$i":"contextmenu-add-smart-collections","$v":"إضافة مجموعات ذكية"},{"$i":"delete-title","$v":["حذف ",{"t":"idOrVar","v":"name"}]},{"$i":"delete-body","$v":["سيتم حذف ",{"t":"idOrVar","v":"name"}," وجميع المعلومات الخاصة به."]},{"$i":"delete","$v":"حذف"},{"$i":"cancel","$v":"إلغاء"},{"$i":"remove-title-2","$v":["حذف ",{"t":"idOrVar","v":"name"}]},{"$i":"remove-body","$v":["حذف ",{"t":"idOrVar","v":"name"}," من الشاشة الرئيسية؟"]},{"$i":"remove","$v":"إزالة"},{"$i":"longDateFormat","$v":"%A, %B %e"},{"$i":"download","$v":"تنزيل"},{"$i":"restart-download-title","$v":"إعادة تشغيل التنزيل"},{"$i":"restart-download-body","$v":["هل تريد تنزيل ",{"t":"idOrVar","v":"name"},"؟"]},{"$i":"paginationBarText","$v":["الصفحة ",{"t":"idOrVar","v":"current"},"  من مجموع ",{"t":"idOrVar","v":"total"}," "]},{"$i":"paginationScroller","ariaLabel":"الشّاشة الرّئيسية"},{"$i":"loadingEvme2","$v":"جارِ التحميل..."},{"$i":"evme-searchbar-default","$v":"كل شيء....","placeholder":"أفكّر في…"},{"$i":"evme-searchbar-default2","$v":"أفكّر في…","placeholder":"أفكّر في…"},{"$i":"evme-searchbar-clear","$v":"العودة"},{"$i":"evme-searchbar-title","$v":"كل شيء"},{"$i":"evme-helper-default","$v":"أدخل أي موضوع أو اي جمل للبحث"},{"$i":"evme-helper-default2","$v":"أدخل أي موضوع أو كلمة"},{"$i":"evme-helper-dismiss","$v":"صرف"},{"$i":"evme-helper-no-refine","$v":"لم يتم العثور على خيارات"},{"$i":"evme-helper-history-title","$v":"تأريخ:"},{"$i":"evme-helper-history-link","$v":"تأريخ"},{"$i":"evme-helper-history-clear","$v":"امسح التأريخ"},{"$i":"evme-helper-didyoumean-title","$v":"هل تقصد:"},{"$i":"evme-helper-refine-title","$v":"هل تقصد:"},{"$i":"evme-helper-title-prefix","$v":"كل شيء"},{"$i":"evme-helper-title-empty","$v":"كل شيء"},{"$i":"evme-helper-save-search","$v":"أضف إلى الشّاشة الرّئيسية"},{"$i":"evme-helper-unsave-search","$v":"أزل من الشّاشة الرّئيسية"},{"$i":"evme-apps-market-download","$v":"نزّل"},{"$i":"evme-apps-market-more-apps","$v":"المزيد من التطبيقات"},{"$i":"evme-apps-loading-app","$v":"جارِ التحميل..."},{"$i":"evme-appsmore-loading","$v":"جارِ التحميل..."},{"$i":"evme-alert-app-install-confirm","$v":["أضِف ",{"t":"idOrVar","v":"name"}," على الشاشة الرئيسية؟"]},{"$i":"evme-alert-app-install-exists","$v":[{"t":"idOrVar","v":"name"}," تم إضافته مسبقا على الشاشة الرئيسية"]},{"$i":"evme-alert-offline-smart-collections-more","$v":"اتصل بالانترنت لاضافة اختصارات اكثر"},{"$i":"evme-alert-save-wallpaper","$v":"تعيين كخلفية"},{"$i":"evme-alert-no-more-smart-collections","$v":"لا يوجد مجموعات ذكية لإضافتها"},{"$i":"evme-banner-app-install-success","$v":[{"t":"idOrVar","v":"name"}," تم إضافته على الشاشة الرئيسية"]},{"$i":"evme-banner-save-wallpaper","$v":"تم تعيين الخلفية بنجاح"},{"$i":"evme-shortcuts-more","$v":"المزيد"},{"$i":"evme-collectionssuggest-loading","$v":"جارِ التحميل..."},{"$i":"evme-collectionssuggest-loading-cancel","$v":"ألغِ"},{"$i":"evme-collectionssuggest-prompt-create-custom","$v":"إنشاء مجموعتك الذكية"},{"$i":"evme-backgroundimage-source-label","$v":"المصدر:"},{"$i":"evme-collection-title-prefix","$v":"كل شيء"},{"$i":"evme-collection-title-suffix","$v":"هاتف"},{"$i":"evme-collection-loading-more","$v":"جارِ التحميل..."},{"$i":"evme-connectionmessage-apps","$v":["اتصل بالانترنت لايجاد تطبيقات ل‍",{"t":"idOrVar","v":"query"}]},{"$i":"evme-connectionmessage-apps-has-installed","$v":["اتصل بالانترنت لايجاد تطبيقات اكثر ل‍",{"t":"idOrVar","v":"query"}]},{"$i":"evme-tips-app-explain","innerHTML":"جِد الاشياء التي تحبها من خلال التطبيقات المميزة."},{"$i":"evme-tips-searchbar-focus","innerHTML":"مثال: ابحث عن مطربك المُفضل أو فرقتك المُفضلة..."},{"$i":"evme-tips-exact-results","innerHTML":["يوجد تطبيق ل‍<b>",{"t":"idOrVar","v":"query"},"</b>,<br /><br /> انقر فوق أي رمز لفتحه."]},{"$i":"evme-shortcut-custom","$v":"مخصّص…"},{"$i":"evme-shortcut-id-astrology","$v":"فَلَك"},{"$i":"evme-shortcut-id-autos","$v":"سيارات"},{"$i":"evme-shortcut-id-beauty","$v":"جمال"},{"$i":"evme-shortcut-id-books","$v":"كتب"},{"$i":"evme-shortcut-id-celebs","$v":"مشاهير"},{"$i":"evme-shortcut-id-daily-deals","$v":"عروض يومية"},{"$i":"evme-shortcut-id-dating","$v":"مواعدة"},{"$i":"evme-shortcut-id-electronics","$v":"إلكترونيات"},{"$i":"evme-shortcut-id-email","$v":"بريد الكتروني"},{"$i":"evme-shortcut-id-entertainment","$v":"ترفيه"},{"$i":"evme-shortcut-id-environment","$v":"بيئة"},{"$i":"evme-shortcut-id-fashion","$v":"أزياء"},{"$i":"evme-shortcut-id-funny","$v":"مَرَح"},{"$i":"evme-shortcut-id-games","$v":"ألعاب"},{"$i":"evme-shortcut-id-government","$v":"حكومة"},{"$i":"evme-shortcut-id-health","$v":"صِّحة"},{"$i":"evme-shortcut-id-jobs","$v":"وظائف"},{"$i":"evme-shortcut-id-local","$v":"محلِّي"},{"$i":"evme-shortcut-id-maps","$v":"خرائط"},{"$i":"evme-shortcut-id-movies","$v":"أفلام"},{"$i":"evme-shortcut-id-music","$v":"موسيقى"},{"$i":"evme-shortcut-id-new-apps","$v":"تطبيقات جديدة"},{"$i":"evme-shortcut-id-news","$v":"أخبار"},{"$i":"evme-shortcut-id-photography","$v":"التصوير الفوتوغرافي"},{"$i":"evme-shortcut-id-recipes","$v":"وصفات"},{"$i":"evme-shortcut-id-restaurants","$v":"مطاعم"},{"$i":"evme-shortcut-id-shopping","$v":"تسوق"},{"$i":"evme-shortcut-id-social","$v":"اجتماعي"},{"$i":"evme-shortcut-id-sports","$v":"رياضة"},{"$i":"evme-shortcut-id-tech-news","$v":"اخبار تقنية"},{"$i":"evme-shortcut-id-top-apps","$v":"أفضل التطبيقات"},{"$i":"evme-shortcut-id-travel","$v":"سفر"},{"$i":"evme-shortcut-id-tv","$v":"تلفزيون"},{"$i":"evme-shortcut-id-video","$v":"ڤيديو"},{"$i":"evme-shortcut-id-utilities","$v":"أدوات"},{"$i":"evme-shortcut-id-weather","$v":"طقس"},{"$i":"evme-add-to-top-of-collection","$v":"إضافة إلى أعلى المجموعة"},{"$i":"evme-save-to-homescreen","$v":"إضافة الى الشاشة الرئيسية"},{"$i":"edit-dialog-header","$v":"حرّر"},{"$i":"edit-dialog-name","$v":"اسم الموقع"},{"$i":"edit-dialog-url","$v":"العنوان"},{"$i":"edit-dialog-cancel","$v":"ألغِ"},{"$i":"edit-dialog-done","$v":"تم"},{"$i":"evme-close","ariaLabel":"أغلق"},{"$i":"evme-done","ariaLabel":"احفظ"},{"$i":"Showbiz","$v":"الترفيه"},{"$i":"Social","$v":"اجتماعي"},{"$i":"Games","$v":"الألعاب"},{"$i":"Music","$v":"موسيقى"}]