[{"$i":"wrapper-search-name","$v":[{"t":"idOrVar","v":"topic"}," на ",{"t":"idOrVar","v":"name"}]},{"$i":"contextmenu-add-wallpaper","$v":"Смяна на тапет"},{"$i":"contextmenu-add-smart-collections","$v":"Добавяне на умни колекции"},{"$i":"delete-title","$v":["Изтриване на ",{"t":"idOrVar","v":"name"}]},{"$i":"delete-body","$v":[{"t":"idOrVar","v":"name"}," и данните му ще бъдат изтрити."]},{"$i":"delete","$v":"Изтриване"},{"$i":"cancel","$v":"Отказ"},{"$i":"remove-title-2","$v":["Премахване на ",{"t":"idOrVar","v":"name"}]},{"$i":"remove-body","$v":["Премахване на ",{"t":"idOrVar","v":"name"}," от началния екран?"]},{"$i":"remove","$v":"Премахване"},{"$i":"longDateFormat","$v":"%e %B, %a"},{"$i":"download","$v":"Изтегляне"},{"$i":"restart-download-title","$v":"Рестартиране на изтеглянето"},{"$i":"restart-download-body","$v":["Искате ли да изтеглите ",{"t":"idOrVar","v":"name"},"?"]},{"$i":"paginationBarText","$v":["Страница ",{"t":"idOrVar","v":"current"}," от ",{"t":"idOrVar","v":"total"}]},{"$i":"paginationScroller","ariaLabel":"Начален екран"},{"$i":"loadingEvme2","$v":"Зареждане…"},{"$i":"evme-searchbar-default","$v":"Всичко…","placeholder":"Мисля за…"},{"$i":"evme-searchbar-default2","$v":"Мисля за…","placeholder":"Мисля за…"},{"$i":"evme-searchbar-clear","$v":"Връщане"},{"$i":"evme-searchbar-title","$v":"Всичко"},{"$i":"evme-helper-default","$v":"Въведете каквато и да е тема или заявка за търсене"},{"$i":"evme-helper-default2","$v":"Въведете каквато и да е тема или ключова дума"},{"$i":"evme-helper-dismiss","$v":"Прекратяване"},{"$i":"evme-helper-no-refine","$v":"Няма намерени опции"},{"$i":"evme-helper-history-title","$v":"История:"},{"$i":"evme-helper-history-link","$v":"История"},{"$i":"evme-helper-history-clear","$v":"Изчистване на история"},{"$i":"evme-helper-didyoumean-title","$v":"Може би имахте предвид:"},{"$i":"evme-helper-refine-title","$v":"Може би имахте предвид:"},{"$i":"evme-helper-title-prefix","$v":"Всичко"},{"$i":"evme-helper-title-empty","$v":"Всичко"},{"$i":"evme-helper-save-search","$v":"Добавяне към началния екран"},{"$i":"evme-helper-unsave-search","$v":"Премахване от началния екран"},{"$i":"evme-apps-market-download","$v":"Изтегляне"},{"$i":"evme-apps-market-more-apps","$v":"Още приложения"},{"$i":"evme-apps-loading-app","$v":"Зареждане…"},{"$i":"evme-appsmore-loading","$v":"Зареждане…"},{"$i":"evme-alert-app-install-confirm","$v":["Добавяне на ",{"t":"idOrVar","v":"name"}," към началния екран?"]},{"$i":"evme-alert-app-install-exists","$v":[{"t":"idOrVar","v":"name"}," е вече на началния екран"]},{"$i":"evme-alert-offline-smart-collections-more","$v":"Свържете се с Интернет, за да добавите още Умни колекции"},{"$i":"evme-alert-save-wallpaper","$v":"Поставяне като фон?"},{"$i":"evme-alert-no-more-smart-collections","$v":"Липсват умни колекции за добавяне"},{"$i":"evme-banner-app-install-success","$v":[{"t":"idOrVar","v":"name"}," е добавено към началния екран"]},{"$i":"evme-banner-save-wallpaper","$v":"Фонът е поставен успешно"},{"$i":"evme-shortcuts-more","$v":"Повече"},{"$i":"evme-collectionssuggest-loading","$v":"Зареждане…"},{"$i":"evme-collectionssuggest-loading-cancel","$v":"Отказ"},{"$i":"evme-collectionssuggest-prompt-create-custom","$v":"Създайте своя умна колекция"},{"$i":"evme-backgroundimage-source-label","$v":"Източник:"},{"$i":"evme-collection-title-prefix","$v":"Всичко"},{"$i":"evme-collection-title-suffix","$v":"Телефон"},{"$i":"evme-collection-loading-more","$v":"Зареждане…"},{"$i":"evme-connectionmessage-apps","$v":["Свържете се с Интернет, за да изтеглите приложения за ",{"t":"idOrVar","v":"query"}]},{"$i":"evme-connectionmessage-apps-has-installed","$v":["Свържете се с Интернет, за да изтеглите дори повече приложения за ",{"t":"idOrVar","v":"query"}]},{"$i":"evme-tips-app-explain","innerHTML":"Намерете любимите си неща, с най-готините приложения."},{"$i":"evme-tips-searchbar-focus","innerHTML":"Например – намерете любимия си изпълнител или група…"},{"$i":"evme-tips-exact-results","innerHTML":["Това са приложенията за <b>",{"t":"idOrVar","v":"query"},"</b>,<br /><br /> докоснете някоя икона, за да я отворите."]},{"$i":"evme-shortcut-custom","$v":"Персонализирана..."},{"$i":"evme-shortcut-id-astrology","$v":"Астрология"},{"$i":"evme-shortcut-id-autos","$v":"Автомобили"},{"$i":"evme-shortcut-id-beauty","$v":"Красота"},{"$i":"evme-shortcut-id-books","$v":"Книги"},{"$i":"evme-shortcut-id-celebs","$v":"Знаменитости"},{"$i":"evme-shortcut-id-daily-deals","$v":"Дневни оферти"},{"$i":"evme-shortcut-id-dating","$v":"Запознанства"},{"$i":"evme-shortcut-id-electronics","$v":"Електроника"},{"$i":"evme-shortcut-id-email","$v":"Ел. поща"},{"$i":"evme-shortcut-id-entertainment","$v":"Забавление"},{"$i":"evme-shortcut-id-environment","$v":"Околна среда"},{"$i":"evme-shortcut-id-fashion","$v":"Мода"},{"$i":"evme-shortcut-id-funny","$v":"Забавно"},{"$i":"evme-shortcut-id-games","$v":"Игри"},{"$i":"evme-shortcut-id-government","$v":"Правителство"},{"$i":"evme-shortcut-id-health","$v":"Здраве"},{"$i":"evme-shortcut-id-jobs","$v":"Работа"},{"$i":"evme-shortcut-id-local","$v":"Местни"},{"$i":"evme-shortcut-id-maps","$v":"Карти"},{"$i":"evme-shortcut-id-movies","$v":"Филми"},{"$i":"evme-shortcut-id-music","$v":"Музика"},{"$i":"evme-shortcut-id-new-apps","$v":"Нови приложения"},{"$i":"evme-shortcut-id-news","$v":"Новини"},{"$i":"evme-shortcut-id-photography","$v":"Фотография"},{"$i":"evme-shortcut-id-recipes","$v":"Рецепти"},{"$i":"evme-shortcut-id-restaurants","$v":"Ресторанти"},{"$i":"evme-shortcut-id-shopping","$v":"Пазаруване"},{"$i":"evme-shortcut-id-social","$v":"Социално"},{"$i":"evme-shortcut-id-sports","$v":"Спортове"},{"$i":"evme-shortcut-id-tech-news","$v":"Технически новини"},{"$i":"evme-shortcut-id-top-apps","$v":"Най-добри приложения"},{"$i":"evme-shortcut-id-travel","$v":"Пътуване"},{"$i":"evme-shortcut-id-tv","$v":"Телевизия"},{"$i":"evme-shortcut-id-video","$v":"Видео"},{"$i":"evme-shortcut-id-utilities","$v":"Инструменти"},{"$i":"evme-shortcut-id-weather","$v":"Времето"},{"$i":"evme-add-to-top-of-collection","$v":"Добавяне в началото на колекцията"},{"$i":"evme-save-to-homescreen","$v":"Поставяне в началния екран"},{"$i":"edit-dialog-header","$v":"Редактиране"},{"$i":"edit-dialog-name","$v":"Име на страница"},{"$i":"edit-dialog-url","$v":"Адрес"},{"$i":"edit-dialog-cancel","$v":"Отказ"},{"$i":"edit-dialog-done","$v":"Готово"},{"$i":"evme-close","ariaLabel":"Затваряне"},{"$i":"evme-done","ariaLabel":"Запис"},{"$i":"Showbiz","$v":"Шоубизнес"},{"$i":"Social","$v":"Социални"},{"$i":"Games","$v":"Игри"},{"$i":"Music","$v":"Музика"}]