[{"$i":"wrapper-search-name","$v":[{"t":"idOrVar","v":"topic"},", ",{"t":"idOrVar","v":"name"}]},{"$i":"contextmenu-add-wallpaper","$v":"ওয়ালপেপার পরিবর্তন"},{"$i":"contextmenu-add-smart-collections","$v":"স্মার্ট সংগ্রহ হিসেবে যোগ করুন"},{"$i":"delete-title","$v":[{"t":"idOrVar","v":"name"}," অপসারণ"]},{"$i":"delete-body","$v":[{"t":"idOrVar","v":"name"}," ও এর সব তথ্য অপসারিত হবে।"]},{"$i":"delete","$v":"অপসারণ"},{"$i":"cancel","$v":"বাতিল"},{"$i":"remove-title-2","$v":[{"t":"idOrVar","v":"name"}," অপসারণ"]},{"$i":"remove-body","$v":[{"t":"idOrVar","v":"name"}," মূল স্ক্রিন থেকে অপসারণ করবেন?"]},{"$i":"remove","$v":"অপসারণ"},{"$i":"longDateFormat","$v":"%A, %B %e"},{"$i":"download","$v":"ডাউনলোড"},{"$i":"restart-download-title","$v":"পুনরায় ডাউনলোড শুরু করুন"},{"$i":"restart-download-body","$v":["আপনি কি ",{"t":"idOrVar","v":"name"}," ডাউনলোড করবেন?"]},{"$i":"paginationBarText","$v":["পৃষ্ঠা ",{"t":"idOrVar","v":"total"}," এর ",{"t":"idOrVar","v":"current"}]},{"$i":"paginationScroller","ariaLabel":"হোমস্ক্রিন"},{"$i":"loadingEvme2","$v":"লোড করা হচ্ছে..."},{"$i":"evme-searchbar-default","$v":"সব…","placeholder":"দেখি তো…"},{"$i":"evme-searchbar-default2","$v":"দেখি তো…","placeholder":"দেখি তো…"},{"$i":"evme-searchbar-clear","$v":"পূর্ববর্তী"},{"$i":"evme-searchbar-title","$v":"সবকিছু"},{"$i":"evme-helper-default","$v":"যেকোন বিষয় বা অনুসন্ধান এর শব্দ দিন"},{"$i":"evme-helper-default2","$v":"যেকোনো বিষয় বা শব্দ দিন"},{"$i":"evme-helper-dismiss","$v":"বাতিল"},{"$i":"evme-helper-no-refine","$v":"কোনো বিষয় পাওয়া যায়নি"},{"$i":"evme-helper-history-title","$v":"ইতিহাস:"},{"$i":"evme-helper-history-link","$v":"ইতিহাস"},{"$i":"evme-helper-history-clear","$v":"ইতিহাস পরিষ্কার কর"},{"$i":"evme-helper-didyoumean-title","$v":"আপনি কি বোঝাতে চাচ্ছেন:"},{"$i":"evme-helper-refine-title","$v":"আপনি কি বোঝাতে চাচ্ছেন:"},{"$i":"evme-helper-title-prefix","$v":"সবকিছু"},{"$i":"evme-helper-title-empty","$v":"সবকিছু"},{"$i":"evme-helper-save-search","$v":"হোমস্ক্রিনে যোগ"},{"$i":"evme-helper-unsave-search","$v":"হোমস্ক্রিন হতে অপসারণ"},{"$i":"evme-apps-market-download","$v":"ডাউনলোড"},{"$i":"evme-apps-market-more-apps","$v":"আরো অ্যাপ"},{"$i":"evme-apps-loading-app","$v":"লোড করা হচ্ছ…"},{"$i":"evme-appsmore-loading","$v":"লোড করা হচ্ছে…"},{"$i":"evme-alert-app-install-confirm","$v":["মূল স্ক্রিনে ",{"t":"idOrVar","v":"name"}," যোগ করবেন?"]},{"$i":"evme-alert-app-install-exists","$v":[{"t":"idOrVar","v":"name"}," নামটি ইতিমধ্যে মূল স্ক্রিনে আছে"]},{"$i":"evme-alert-offline-smart-collections-more","$v":"আরো স্মার্ট সংগ্রহ যোগ করতে ইন্টারনেটে সংযুক্ত হোন"},{"$i":"evme-alert-save-wallpaper","$v":"ওয়ালপেপার হিসেবে নির্ধারণ করবেন?"},{"$i":"evme-alert-no-more-smart-collections","$v":"যোগ করার জন্য কোনো স্মার্ট সংগ্রহ নেই"},{"$i":"evme-banner-app-install-success","$v":[{"t":"idOrVar","v":"name"}," মূল স্ক্রিনে যুক্ত"]},{"$i":"evme-banner-save-wallpaper","$v":"ওয়ালপেপার নির্ধারণ সফল হয়েছে"},{"$i":"evme-shortcuts-more","$v":"আরো"},{"$i":"evme-collectionssuggest-loading","$v":"লোড করা হচ্ছে…"},{"$i":"evme-collectionssuggest-loading-cancel","$v":"বাতিল"},{"$i":"evme-collectionssuggest-prompt-create-custom","$v":"আপনার নিজস্ব স্মার্ট সংগ্রহ তৈরি করুন"},{"$i":"evme-backgroundimage-source-label","$v":"উৎস:"},{"$i":"evme-collection-title-prefix","$v":"সবকিছু"},{"$i":"evme-collection-title-suffix","$v":"ফোন"},{"$i":"evme-collection-loading-more","$v":"লোড করা হচ্ছে…"},{"$i":"evme-connectionmessage-apps","$v":[{"t":"idOrVar","v":"query"}," এর অ্যাপ পেতে ইন্টারনেটে যুক্ত হন"]},{"$i":"evme-connectionmessage-apps-has-installed","$v":[{"t":"idOrVar","v":"query"}," এর আরো অ্যাপ পেতে ইন্টারনেটে যুক্ত হন"]},{"$i":"evme-tips-app-explain","innerHTML":"অ্যাপগুলো সব বিষয় যা আপনার প্রিয় সেগুলো দেখুন।"},{"$i":"evme-tips-searchbar-focus","innerHTML":"উদাহরন স্বরুপ, আপনার প্রিয় গায়ক বা ব্যন্ড খুজুন…"},{"$i":"evme-tips-exact-results","innerHTML":["<b>",{"t":"idOrVar","v":"query"},"</b>,<br /><br /> এর জন্য অ্যাপ হচ্ছে এগুলো, ওপেন করতে যেকোনটি ট্যাপ করুন।"]},{"$i":"evme-shortcut-custom","$v":"স্বনির্ধারিত..."},{"$i":"evme-shortcut-id-astrology","$v":"জ্যোতিষশাস্ত্র"},{"$i":"evme-shortcut-id-autos","$v":"গাড়ি"},{"$i":"evme-shortcut-id-beauty","$v":"সৌন্দর্য্য"},{"$i":"evme-shortcut-id-books","$v":"বই"},{"$i":"evme-shortcut-id-celebs","$v":"সেলিব্রেটি"},{"$i":"evme-shortcut-id-daily-deals","$v":"প্রতিদিনের সবকিছু"},{"$i":"evme-shortcut-id-dating","$v":"ডেটিং"},{"$i":"evme-shortcut-id-electronics","$v":"ইলেকট্রনিক সামগ্রী"},{"$i":"evme-shortcut-id-email","$v":"ই-মেইল"},{"$i":"evme-shortcut-id-entertainment","$v":"বিনোদন"},{"$i":"evme-shortcut-id-environment","$v":"পরিবেশ"},{"$i":"evme-shortcut-id-fashion","$v":"ফ্যাশন"},{"$i":"evme-shortcut-id-funny","$v":"মজার"},{"$i":"evme-shortcut-id-games","$v":"খেলা"},{"$i":"evme-shortcut-id-government","$v":"সরকার"},{"$i":"evme-shortcut-id-health","$v":"স্বাস্থ্য"},{"$i":"evme-shortcut-id-jobs","$v":"চাকরী"},{"$i":"evme-shortcut-id-local","$v":"স্থানীয়"},{"$i":"evme-shortcut-id-maps","$v":"মানচিত্র"},{"$i":"evme-shortcut-id-movies","$v":"চলচ্চিত্র"},{"$i":"evme-shortcut-id-music","$v":"সঙ্গীত"},{"$i":"evme-shortcut-id-new-apps","$v":"নতুন অ্যাপ"},{"$i":"evme-shortcut-id-news","$v":"সংবাদ"},{"$i":"evme-shortcut-id-photography","$v":"ফটোগ্রাফি"},{"$i":"evme-shortcut-id-recipes","$v":"রান্না"},{"$i":"evme-shortcut-id-restaurants","$v":"রেষ্টুরেন্ট"},{"$i":"evme-shortcut-id-shopping","$v":"কেনাকাটা"},{"$i":"evme-shortcut-id-social","$v":"সামাজিক"},{"$i":"evme-shortcut-id-sports","$v":"খেলাধুলা"},{"$i":"evme-shortcut-id-tech-news","$v":"প্রযুক্তি বার্তা"},{"$i":"evme-shortcut-id-top-apps","$v":"শীর্ষ অ্যাপ"},{"$i":"evme-shortcut-id-travel","$v":"ভ্রমণ"},{"$i":"evme-shortcut-id-tv","$v":"টিভি"},{"$i":"evme-shortcut-id-video","$v":"ভিডিও"},{"$i":"evme-shortcut-id-utilities","$v":"আনুষঙ্গিক"},{"$i":"evme-shortcut-id-weather","$v":"আবহাওয়া"},{"$i":"evme-add-to-top-of-collection","$v":"তালিকার উপরে যোগ কর"},{"$i":"evme-save-to-homescreen","$v":"হোমস্ক্রিনে সংরক্ষণ কর"},{"$i":"edit-dialog-header","$v":"সম্পাদন"},{"$i":"edit-dialog-name","$v":"ওয়েবসাইটের নাম"},{"$i":"edit-dialog-url","$v":"ঠিকানা"},{"$i":"edit-dialog-cancel","$v":"বাতিল"},{"$i":"edit-dialog-done","$v":"সম্পন্ন"},{"$i":"evme-close","ariaLabel":"বন্ধ"},{"$i":"evme-done","ariaLabel":"সংরক্ষণ"},{"$i":"Showbiz","$v":"শোবিজ"},{"$i":"Social","$v":"সামাজিক"},{"$i":"Games","$v":"গেমস"},{"$i":"Music","$v":"গান"}]