[{"$i":"wrapper-search-name","$v":[{"t":"idOrVar","v":"topic"}," a ",{"t":"idOrVar","v":"name"}]},{"$i":"contextmenu-add-wallpaper","$v":"Canvia el fons de pantalla"},{"$i":"contextmenu-add-smart-collections","$v":"Afegeix col·leccions intel·ligents"},{"$i":"delete-title","$v":["Elimina ",{"t":"idOrVar","v":"name"}]},{"$i":"delete-body","$v":["S'eliminarà «",{"t":"idOrVar","v":"name"},"» i totes les seves dades."]},{"$i":"delete","$v":"Elimina"},{"$i":"cancel","$v":"Cancel·la"},{"$i":"remove-title-2","$v":["Elimina ",{"t":"idOrVar","v":"name"}]},{"$i":"remove-body","$v":["Voleu eliminar «",{"t":"idOrVar","v":"name"},"» de la pantalla d'inici?"]},{"$i":"remove","$v":"Elimina"},{"$i":"longDateFormat","$v":"%A %e %Eb"},{"$i":"download","$v":"Baixa"},{"$i":"restart-download-title","$v":"Reinicia la baixada"},{"$i":"restart-download-body","$v":["Voleu baixar ",{"t":"idOrVar","v":"name"},"?"]},{"$i":"paginationBarText","$v":["Pàgina ",{"t":"idOrVar","v":"current"}," de ",{"t":"idOrVar","v":"total"}]},{"$i":"paginationScroller","ariaLabel":"Pantalla d'inici"},{"$i":"loadingEvme2","$v":"S'està carregant…"},{"$i":"evme-searchbar-default","$v":"Tot…","placeholder":"Estic interessat en…"},{"$i":"evme-searchbar-default2","$v":"Estic interessat en…","placeholder":"Estic interessat en…"},{"$i":"evme-searchbar-clear","$v":"Torna"},{"$i":"evme-searchbar-title","$v":"Tot"},{"$i":"evme-helper-default","$v":"Introduïu un tema o consulta"},{"$i":"evme-helper-default2","$v":"Introduïu un tema o paraula clau"},{"$i":"evme-helper-dismiss","$v":"Descarta"},{"$i":"evme-helper-no-refine","$v":"No s'ha trobat cap opció"},{"$i":"evme-helper-history-title","$v":"Historial:"},{"$i":"evme-helper-history-link","$v":"Historial"},{"$i":"evme-helper-history-clear","$v":"Esborra l'historial"},{"$i":"evme-helper-didyoumean-title","$v":"Potser volíeu dir:"},{"$i":"evme-helper-refine-title","$v":"Potser volíeu dir:"},{"$i":"evme-helper-title-prefix","$v":"Tot"},{"$i":"evme-helper-title-empty","$v":"Tot"},{"$i":"evme-helper-save-search","$v":"Afegeix a la pantalla d'inici"},{"$i":"evme-helper-unsave-search","$v":"Elimina de la pantalla d'inici"},{"$i":"evme-apps-market-download","$v":"Baixa"},{"$i":"evme-apps-market-more-apps","$v":"Més aplicacions"},{"$i":"evme-apps-loading-app","$v":"S'està carregant…"},{"$i":"evme-appsmore-loading","$v":"S'està carregant…"},{"$i":"evme-alert-app-install-confirm","$v":["Voleu afegir «",{"t":"idOrVar","v":"name"},"» a la pantalla d'inici?"]},{"$i":"evme-alert-app-install-exists","$v":["«",{"t":"idOrVar","v":"name"},"» ja existeix a la pantalla d'inici"]},{"$i":"evme-alert-offline-smart-collections-more","$v":"Connecteu-vos a Internet per afegir més col·leccions intel·ligents"},{"$i":"evme-alert-save-wallpaper","$v":"Voleu definir com a fons de pantalla?"},{"$i":"evme-alert-no-more-smart-collections","$v":"No hi ha cap col·lecció intel·ligent per afegir"},{"$i":"evme-banner-app-install-success","$v":["S'ha afegit «",{"t":"idOrVar","v":"name"},"» a la pantalla d'inici"]},{"$i":"evme-banner-save-wallpaper","$v":"El fons de pantalla s'ha definit correctament"},{"$i":"evme-shortcuts-more","$v":"Més"},{"$i":"evme-collectionssuggest-loading","$v":"S'està carregant…"},{"$i":"evme-collectionssuggest-loading-cancel","$v":"Cancel·la"},{"$i":"evme-collectionssuggest-prompt-create-custom","$v":"Creeu la vostra col·lecció intel·ligent"},{"$i":"evme-backgroundimage-source-label","$v":"Codi font:"},{"$i":"evme-collection-title-prefix","$v":"Tot"},{"$i":"evme-collection-title-suffix","$v":"Telèfon"},{"$i":"evme-collection-loading-more","$v":"S'està carregant…"},{"$i":"evme-connectionmessage-apps","$v":["Connecteu-vos a Internet per obtenir aplicacions per a ",{"t":"idOrVar","v":"query"}]},{"$i":"evme-connectionmessage-apps-has-installed","$v":["Connecteu-vos a Internet per obtenir encara més aplicacions per a ",{"t":"idOrVar","v":"query"}]},{"$i":"evme-tips-app-explain","innerHTML":"Trobeu les coses que us agraden amb les millors aplicacions."},{"$i":"evme-tips-searchbar-focus","innerHTML":"Per exemple, cerqueu el vostre cantant o grup preferits…"},{"$i":"evme-tips-exact-results","innerHTML":["Aquestes són les aplicacions per a <b>",{"t":"idOrVar","v":"query"},"</b>.<br /><br /> Toqueu qualsevol icona per obrir-la."]},{"$i":"evme-shortcut-custom","$v":"Personalitzat…"},{"$i":"evme-shortcut-id-astrology","$v":"Astrologia"},{"$i":"evme-shortcut-id-autos","$v":"Cotxes"},{"$i":"evme-shortcut-id-beauty","$v":"Bellesa"},{"$i":"evme-shortcut-id-books","$v":"Llibres"},{"$i":"evme-shortcut-id-celebs","$v":"Famosos"},{"$i":"evme-shortcut-id-daily-deals","$v":"Ofertes"},{"$i":"evme-shortcut-id-dating","$v":"Cites"},{"$i":"evme-shortcut-id-electronics","$v":"Electrònica"},{"$i":"evme-shortcut-id-email","$v":"Correu"},{"$i":"evme-shortcut-id-entertainment","$v":"Entreteniment"},{"$i":"evme-shortcut-id-environment","$v":"Medi ambient"},{"$i":"evme-shortcut-id-fashion","$v":"Moda"},{"$i":"evme-shortcut-id-funny","$v":"Divertit"},{"$i":"evme-shortcut-id-games","$v":"Jocs"},{"$i":"evme-shortcut-id-government","$v":"Governamental"},{"$i":"evme-shortcut-id-health","$v":"Salut"},{"$i":"evme-shortcut-id-jobs","$v":"Feina"},{"$i":"evme-shortcut-id-local","$v":"Local"},{"$i":"evme-shortcut-id-maps","$v":"Mapes"},{"$i":"evme-shortcut-id-movies","$v":"Pel·lícules"},{"$i":"evme-shortcut-id-music","$v":"Música"},{"$i":"evme-shortcut-id-new-apps","$v":"Noves aplicacions"},{"$i":"evme-shortcut-id-news","$v":"Notícies"},{"$i":"evme-shortcut-id-photography","$v":"Fotografia"},{"$i":"evme-shortcut-id-recipes","$v":"Receptes"},{"$i":"evme-shortcut-id-restaurants","$v":"Restaurants"},{"$i":"evme-shortcut-id-shopping","$v":"Compres"},{"$i":"evme-shortcut-id-social","$v":"Social"},{"$i":"evme-shortcut-id-sports","$v":"Esports"},{"$i":"evme-shortcut-id-tech-news","$v":"Notícies tecnològiques"},{"$i":"evme-shortcut-id-top-apps","$v":"Populars"},{"$i":"evme-shortcut-id-travel","$v":"Viatges"},{"$i":"evme-shortcut-id-tv","$v":"TV"},{"$i":"evme-shortcut-id-video","$v":"Vídeo"},{"$i":"evme-shortcut-id-utilities","$v":"Utilitats"},{"$i":"evme-shortcut-id-weather","$v":"Temps"},{"$i":"evme-add-to-top-of-collection","$v":"Afegeix a l'inici de la col·lecció"},{"$i":"evme-save-to-homescreen","$v":"Desa a la pantalla d'inici"},{"$i":"edit-dialog-header","$v":"Edita"},{"$i":"edit-dialog-name","$v":"Nom del lloc web"},{"$i":"edit-dialog-url","$v":"Adreça"},{"$i":"edit-dialog-cancel","$v":"Cancel·la"},{"$i":"edit-dialog-done","$v":"Fet"},{"$i":"evme-close","ariaLabel":"Tanca"},{"$i":"evme-done","ariaLabel":"Desa"},{"$i":"Showbiz","$v":"Espectacles"},{"$i":"Social","$v":"Social"},{"$i":"Games","$v":"Jocs"},{"$i":"Music","$v":"Música"}]