[{"$i":"wrapper-search-name","$v":[{"t":"idOrVar","v":"topic"}," v ",{"t":"idOrVar","v":"name"}]},{"$i":"contextmenu-add-wallpaper","$v":"Změna tapety"},{"$i":"contextmenu-add-smart-collections","$v":"Přidání chytré sbírky"},{"$i":"delete-title","$v":["Smazat ",{"t":"idOrVar","v":"name"}]},{"$i":"delete-body","$v":["Aplikace ",{"t":"idOrVar","v":"name"}," a všechna související data budou smazána."]},{"$i":"delete","$v":"Smazat"},{"$i":"cancel","$v":"Zrušit"},{"$i":"remove-title-2","$v":["Odebrání ",{"t":"idOrVar","v":"name"}]},{"$i":"remove-body","$v":["Odebrat web ",{"t":"idOrVar","v":"name"}," z domovské obrazovky?"]},{"$i":"remove","$v":"Odebrat"},{"$i":"longDateFormat","$v":"%A, %e. %Eb "},{"$i":"download","$v":"Stáhnout"},{"$i":"restart-download-title","$v":"Obnovit stahování"},{"$i":"restart-download-body","$v":["Chcete stáhnout aplikaci ",{"t":"idOrVar","v":"name"},"?"]},{"$i":"paginationBarText","$v":["Stránka ",{"t":"idOrVar","v":"current"}," z ",{"t":"idOrVar","v":"total"}]},{"$i":"paginationScroller","ariaLabel":"Domovská obrazovka"},{"$i":"loadingEvme2","$v":"Nahrávání…"},{"$i":"evme-searchbar-default","$v":"Vše…","placeholder":"Myslím na…"},{"$i":"evme-searchbar-default2","$v":"Myslím na…","placeholder":"Myslím na…"},{"$i":"evme-searchbar-clear","$v":"Zpět"},{"$i":"evme-searchbar-title","$v":"Vše"},{"$i":"evme-helper-default","$v":"Vložte téma nebo klíčové slovo"},{"$i":"evme-helper-default2","$v":"Vložte téma nebo klíčové slovo"},{"$i":"evme-helper-dismiss","$v":"Odmítnout"},{"$i":"evme-helper-no-refine","$v":"Nebyly nalezeny žádné možnosti"},{"$i":"evme-helper-history-title","$v":"Historie:"},{"$i":"evme-helper-history-link","$v":"Historie"},{"$i":"evme-helper-history-clear","$v":"Smazat historii"},{"$i":"evme-helper-didyoumean-title","$v":"Mysleli jste:"},{"$i":"evme-helper-refine-title","$v":"Mysleli jste:"},{"$i":"evme-helper-title-prefix","$v":"Vše v"},{"$i":"evme-helper-title-empty","$v":"Všechno"},{"$i":"evme-helper-save-search","$v":"Přidat na domovskou obrazovku"},{"$i":"evme-helper-unsave-search","$v":"Odebrat z domovské obrazovky"},{"$i":"evme-apps-market-download","$v":"Stáhnout"},{"$i":"evme-apps-market-more-apps","$v":"Více aplikací"},{"$i":"evme-apps-loading-app","$v":"Nahrávání…"},{"$i":"evme-appsmore-loading","$v":"Nahrávání…"},{"$i":"evme-alert-app-install-confirm","$v":["Přidat ",{"t":"idOrVar","v":"name"}," na domovskou obrazovku?"]},{"$i":"evme-alert-app-install-exists","$v":["Aplikace ",{"t":"idOrVar","v":"name"}," již byla přidána na domovskou obrazovku"]},{"$i":"evme-alert-offline-smart-collections-more","$v":"Pro přidání více chytrých sbírek se připojte k Internetu"},{"$i":"evme-alert-save-wallpaper","$v":"Nastavit jako tapetu?"},{"$i":"evme-alert-no-more-smart-collections","$v":"Žádné chytré sbírky k přidání"},{"$i":"evme-banner-app-install-success","$v":[{"t":"idOrVar","v":"name"}," byl(a) přidána na domovskou obrazovku"]},{"$i":"evme-banner-save-wallpaper","$v":"Tapeta byla úspěšně nastavena"},{"$i":"evme-shortcuts-more","$v":"Více"},{"$i":"evme-collectionssuggest-loading","$v":"Nahrávání…"},{"$i":"evme-collectionssuggest-loading-cancel","$v":"Zrušit"},{"$i":"evme-collectionssuggest-prompt-create-custom","$v":"Vytvořit svou vlastní chytrou sbírku"},{"$i":"evme-backgroundimage-source-label","$v":"Zdroj:"},{"$i":"evme-collection-title-prefix","$v":"Všechno"},{"$i":"evme-collection-title-suffix","$v":"Telefon"},{"$i":"evme-collection-loading-more","$v":"Nahrávání…"},{"$i":"evme-connectionmessage-apps","$v":["Pro získání aplikací pro „",{"t":"idOrVar","v":"query"},"“ je nutné se připojit k Internetu"]},{"$i":"evme-connectionmessage-apps-has-installed","$v":["Pro získání dalších aplikací pro „",{"t":"idOrVar","v":"query"},"“ je nutné se připojit k Internetu"]},{"$i":"evme-tips-app-explain","innerHTML":"Nalezněte pomocí skvělých aplikací věci, které máte rádi."},{"$i":"evme-tips-searchbar-focus","innerHTML":"Nalezněte například svého oblíbeného zpěváka či skupinu…"},{"$i":"evme-tips-exact-results","innerHTML":["Pro dotaz <b>",{"t":"idOrVar","v":"query"}," byly nalezeny tyto aplikace</b>,<br /><br /> pro spuštění klepněte na ikonu."]},{"$i":"evme-shortcut-custom","$v":"Vlastní..."},{"$i":"evme-shortcut-id-astrology","$v":"Astrologie"},{"$i":"evme-shortcut-id-autos","$v":"Auta"},{"$i":"evme-shortcut-id-beauty","$v":"Krása"},{"$i":"evme-shortcut-id-books","$v":"Knihy"},{"$i":"evme-shortcut-id-celebs","$v":"Celebrity"},{"$i":"evme-shortcut-id-daily-deals","$v":"Slevomaty"},{"$i":"evme-shortcut-id-dating","$v":"Seznamka"},{"$i":"evme-shortcut-id-electronics","$v":"Elektronika"},{"$i":"evme-shortcut-id-email","$v":"Pošta"},{"$i":"evme-shortcut-id-entertainment","$v":"Zábava"},{"$i":"evme-shortcut-id-environment","$v":"Prostředí"},{"$i":"evme-shortcut-id-fashion","$v":"Móda"},{"$i":"evme-shortcut-id-funny","$v":"Zábava"},{"$i":"evme-shortcut-id-games","$v":"Hry"},{"$i":"evme-shortcut-id-government","$v":"Stát"},{"$i":"evme-shortcut-id-health","$v":"Zdraví"},{"$i":"evme-shortcut-id-jobs","$v":"Práce"},{"$i":"evme-shortcut-id-local","$v":"Místní"},{"$i":"evme-shortcut-id-maps","$v":"Mapy"},{"$i":"evme-shortcut-id-movies","$v":"Filmy"},{"$i":"evme-shortcut-id-music","$v":"Hudba"},{"$i":"evme-shortcut-id-new-apps","$v":"Aplikace"},{"$i":"evme-shortcut-id-news","$v":"Novinky"},{"$i":"evme-shortcut-id-photography","$v":"Fotografie"},{"$i":"evme-shortcut-id-recipes","$v":"Recepty"},{"$i":"evme-shortcut-id-restaurants","$v":"Restaurace"},{"$i":"evme-shortcut-id-shopping","$v":"Nákup"},{"$i":"evme-shortcut-id-social","$v":"Sociální sítě"},{"$i":"evme-shortcut-id-sports","$v":"Sport"},{"$i":"evme-shortcut-id-tech-news","$v":"Technologie"},{"$i":"evme-shortcut-id-top-apps","$v":"Nejlepší aplikace"},{"$i":"evme-shortcut-id-travel","$v":"Cestování"},{"$i":"evme-shortcut-id-tv","$v":"Televize"},{"$i":"evme-shortcut-id-video","$v":"Video"},{"$i":"evme-shortcut-id-utilities","$v":"Nástroje"},{"$i":"evme-shortcut-id-weather","$v":"Počasí"},{"$i":"evme-add-to-top-of-collection","$v":"Přidat navrch sbírky"},{"$i":"evme-save-to-homescreen","$v":"Uložit na úvodní obrazovku"},{"$i":"edit-dialog-header","$v":"Upravit"},{"$i":"edit-dialog-name","$v":"Název webové stránky"},{"$i":"edit-dialog-url","$v":"Adresa"},{"$i":"edit-dialog-cancel","$v":"Zrušit"},{"$i":"edit-dialog-done","$v":"Hotovo"},{"$i":"evme-close","ariaLabel":"Zavřít"},{"$i":"evme-done","ariaLabel":"Uložit"},{"$i":"Showbiz","$v":"Showbiz"},{"$i":"Social","$v":"Sociální"},{"$i":"Games","$v":"Hry"},{"$i":"Music","$v":"Hudba"}]