[{"$i":"wrapper-search-name","$v":[{"t":"idOrVar","v":"topic"}," på ",{"t":"idOrVar","v":"name"}]},{"$i":"contextmenu-add-wallpaper","$v":"Skift baggrundsbillede"},{"$i":"contextmenu-add-smart-collections","$v":"Tilføj smarte samlinger"},{"$i":"delete-title","$v":["Slet ",{"t":"idOrVar","v":"name"}]},{"$i":"delete-body","$v":[{"t":"idOrVar","v":"name"}," og alle app'ens data vil blive slettet."]},{"$i":"delete","$v":"Slet"},{"$i":"cancel","$v":"Annuller"},{"$i":"remove-title-2","$v":["Fjern ",{"t":"idOrVar","v":"name"}]},{"$i":"remove-body","$v":["Fjern ",{"t":"idOrVar","v":"name"}," fra startskærmen?"]},{"$i":"remove","$v":"Fjern"},{"$i":"longDateFormat","$v":"%A d. %e. %B"},{"$i":"download","$v":"Hent"},{"$i":"restart-download-title","$v":"Genstart hentning"},{"$i":"restart-download-body","$v":["Vil du hente ",{"t":"idOrVar","v":"name"},"?"]},{"$i":"paginationBarText","$v":["Side ",{"t":"idOrVar","v":"current"}," af ",{"t":"idOrVar","v":"total"}]},{"$i":"paginationScroller","ariaLabel":"Startskærm"},{"$i":"loadingEvme2","$v":"Indlæser…"},{"$i":"evme-searchbar-default","$v":"Alle…","placeholder":"Søg i alle…"},{"$i":"evme-searchbar-default2","$v":"Søg i alle…","placeholder":"Søg i alle…"},{"$i":"evme-searchbar-clear","$v":"Tilbage"},{"$i":"evme-searchbar-title","$v":"Alle"},{"$i":"evme-helper-default","$v":"Indtast et emne eller en søgeterm"},{"$i":"evme-helper-default2","$v":"Indtast et emne eller en søgeterm"},{"$i":"evme-helper-dismiss","$v":"Slå fra"},{"$i":"evme-helper-no-refine","$v":"Ingen indstillinger"},{"$i":"evme-helper-history-title","$v":"Historik:"},{"$i":"evme-helper-history-link","$v":"Historik"},{"$i":"evme-helper-history-clear","$v":"Ryd historik"},{"$i":"evme-helper-didyoumean-title","$v":"Mente du:"},{"$i":"evme-helper-refine-title","$v":"Mente du:"},{"$i":"evme-helper-title-prefix","$v":"Alle"},{"$i":"evme-helper-title-empty","$v":"Alt"},{"$i":"evme-helper-save-search","$v":"Føj til startskærm"},{"$i":"evme-helper-unsave-search","$v":"Fjern fra startskærm"},{"$i":"evme-apps-market-download","$v":"Hent"},{"$i":"evme-apps-market-more-apps","$v":"Flere apps"},{"$i":"evme-apps-loading-app","$v":"Indlæser…"},{"$i":"evme-appsmore-loading","$v":"Indlæser…"},{"$i":"evme-alert-app-install-confirm","$v":["Føj ",{"t":"idOrVar","v":"name"}," til startskærmen?"]},{"$i":"evme-alert-app-install-exists","$v":[{"t":"idOrVar","v":"name"}," er allerede føjet til startskærmen"]},{"$i":"evme-alert-offline-smart-collections-more","$v":"Forbind til internettet for at tilføje flere smarte samlinger"},{"$i":"evme-alert-save-wallpaper","$v":"Brug som baggrundsbillede?"},{"$i":"evme-alert-no-more-smart-collections","$v":"Ingen smarte samlinger at tilføje"},{"$i":"evme-banner-app-install-success","$v":[{"t":"idOrVar","v":"name"}," er føjet til startskærmen"]},{"$i":"evme-banner-save-wallpaper","$v":"Baggrundsbillede opdateret"},{"$i":"evme-shortcuts-more","$v":"Flere"},{"$i":"evme-collectionssuggest-loading","$v":"Indlæser…"},{"$i":"evme-collectionssuggest-loading-cancel","$v":"Annuller"},{"$i":"evme-collectionssuggest-prompt-create-custom","$v":"Opret din egen smarte samling"},{"$i":"evme-backgroundimage-source-label","$v":"Kilde:"},{"$i":"evme-collection-title-prefix","$v":"Alle"},{"$i":"evme-collection-title-suffix","$v":"Telefon"},{"$i":"evme-collection-loading-more","$v":"Indlæser…"},{"$i":"evme-connectionmessage-apps","$v":["Søgeterm: ",{"t":"idOrVar","v":"query"},". Forbind til internettet for at finde apps"]},{"$i":"evme-connectionmessage-apps-has-installed","$v":["Søgeterm: ",{"t":"idOrVar","v":"query"},". Forbind til internettet for at finde flere apps"]},{"$i":"evme-tips-app-explain","innerHTML":"Find ting af interesse med de bedste apps."},{"$i":"evme-tips-searchbar-focus","innerHTML":"Find fx din yndlingssanger eller band…"},{"$i":"evme-tips-exact-results","innerHTML":["Disse apps er til <b>",{"t":"idOrVar","v":"query"},"</b>,<br /><br /> tryk på en ikon for at åbne app'en."]},{"$i":"evme-shortcut-custom","$v":"Brugerdefineret..."},{"$i":"evme-shortcut-id-astrology","$v":"Astrologi"},{"$i":"evme-shortcut-id-autos","$v":"Biler"},{"$i":"evme-shortcut-id-beauty","$v":"Skønhed"},{"$i":"evme-shortcut-id-books","$v":"Bøger"},{"$i":"evme-shortcut-id-celebs","$v":"Kendte"},{"$i":"evme-shortcut-id-daily-deals","$v":"Daglige tilbud"},{"$i":"evme-shortcut-id-dating","$v":"Dating"},{"$i":"evme-shortcut-id-electronics","$v":"Elektronik"},{"$i":"evme-shortcut-id-email","$v":"Mail"},{"$i":"evme-shortcut-id-entertainment","$v":"Underholdning"},{"$i":"evme-shortcut-id-environment","$v":"Miljø"},{"$i":"evme-shortcut-id-fashion","$v":"Mode"},{"$i":"evme-shortcut-id-funny","$v":"Sjovt"},{"$i":"evme-shortcut-id-games","$v":"Spil"},{"$i":"evme-shortcut-id-government","$v":"Myndigheder"},{"$i":"evme-shortcut-id-health","$v":"Helbred"},{"$i":"evme-shortcut-id-jobs","$v":"Arbejde"},{"$i":"evme-shortcut-id-local","$v":"Lokal"},{"$i":"evme-shortcut-id-maps","$v":"Kort"},{"$i":"evme-shortcut-id-movies","$v":"Film"},{"$i":"evme-shortcut-id-music","$v":"Musik"},{"$i":"evme-shortcut-id-new-apps","$v":"Nye apps"},{"$i":"evme-shortcut-id-news","$v":"Nyheder"},{"$i":"evme-shortcut-id-photography","$v":"Fotografering"},{"$i":"evme-shortcut-id-recipes","$v":"Opskrifter"},{"$i":"evme-shortcut-id-restaurants","$v":"Restauranter"},{"$i":"evme-shortcut-id-shopping","$v":"Indkøb"},{"$i":"evme-shortcut-id-social","$v":"Sociale"},{"$i":"evme-shortcut-id-sports","$v":"Sport"},{"$i":"evme-shortcut-id-tech-news","$v":"Teknologiske nyheder"},{"$i":"evme-shortcut-id-top-apps","$v":"Mest populære apps"},{"$i":"evme-shortcut-id-travel","$v":"Rejse"},{"$i":"evme-shortcut-id-tv","$v":"TV"},{"$i":"evme-shortcut-id-video","$v":"Video"},{"$i":"evme-shortcut-id-utilities","$v":"Hjælpeprogrammer"},{"$i":"evme-shortcut-id-weather","$v":"Vejr"},{"$i":"evme-add-to-top-of-collection","$v":"Tilføj øverst i samlingen"},{"$i":"evme-save-to-homescreen","$v":"Gem på startskærm"},{"$i":"edit-dialog-header","$v":"Rediger"},{"$i":"edit-dialog-name","$v":"Webstedets navn"},{"$i":"edit-dialog-url","$v":"Adresse"},{"$i":"edit-dialog-cancel","$v":"Annuller"},{"$i":"edit-dialog-done","$v":"Færdig"},{"$i":"evme-close","ariaLabel":"Luk"},{"$i":"evme-done","ariaLabel":"Gem"},{"$i":"Showbiz","$v":"Showbiz"},{"$i":"Social","$v":"Sociale"},{"$i":"Games","$v":"Spil"},{"$i":"Music","$v":"Musik"}]