[{"$i":"wrapper-search-name","$v":[{"t":"idOrVar","v":"topic"}," auf ",{"t":"idOrVar","v":"name"}]},{"$i":"contextmenu-add-wallpaper","$v":"Hintergrund ändern"},{"$i":"contextmenu-add-smart-collections","$v":"Intelligente Sammlungen hinzufügen"},{"$i":"delete-title","$v":[{"t":"idOrVar","v":"name"}," deinstallieren"]},{"$i":"delete-body","$v":[{"t":"idOrVar","v":"name"}," und seine Daten werden gelöscht."]},{"$i":"delete","$v":"Löschen"},{"$i":"cancel","$v":"Abbrechen"},{"$i":"remove-title-2","$v":[{"t":"idOrVar","v":"name"}," entfernen"]},{"$i":"remove-body","$v":[{"t":"idOrVar","v":"name"}," vom Startbildschirm entfernen?"]},{"$i":"remove","$v":"Entfernen"},{"$i":"longDateFormat","$v":"%A, %e. %B"},{"$i":"download","$v":"Herunterladen"},{"$i":"restart-download-title","$v":"Download neu starten"},{"$i":"restart-download-body","$v":["Soll ",{"t":"idOrVar","v":"name"}," heruntergeladen werden?"]},{"$i":"paginationBarText","$v":["Seite ",{"t":"idOrVar","v":"current"}," von ",{"t":"idOrVar","v":"total"}]},{"$i":"paginationScroller","ariaLabel":"Startbildschirm"},{"$i":"loadingEvme2","$v":"Wird geladen…"},{"$i":"evme-searchbar-default","$v":"Everything…","placeholder":"Ich suche nach…"},{"$i":"evme-searchbar-default2","$v":"Ich suche nach…","placeholder":"Ich suche nach…"},{"$i":"evme-searchbar-clear","$v":"Zurück"},{"$i":"evme-searchbar-title","$v":"Everything"},{"$i":"evme-helper-default","$v":"Thema oder Suchanfrage eingeben"},{"$i":"evme-helper-default2","$v":"Thema oder Stichwort eingeben"},{"$i":"evme-helper-dismiss","$v":"Ignorieren"},{"$i":"evme-helper-no-refine","$v":"Keine Vorschläge gefunden"},{"$i":"evme-helper-history-title","$v":"Chronik:"},{"$i":"evme-helper-history-link","$v":"Chronik"},{"$i":"evme-helper-history-clear","$v":"Chronik löschen"},{"$i":"evme-helper-didyoumean-title","$v":"Meinten Sie:"},{"$i":"evme-helper-refine-title","$v":"Meinten Sie:"},{"$i":"evme-helper-title-prefix","$v":"Everything"},{"$i":"evme-helper-title-empty","$v":"Everything"},{"$i":"evme-helper-save-search","$v":"Zum Startbildschirm hinzufügen"},{"$i":"evme-helper-unsave-search","$v":"Vom Startbildschirm entfernen"},{"$i":"evme-apps-market-download","$v":"Herunterladen"},{"$i":"evme-apps-market-more-apps","$v":"Mehr Apps"},{"$i":"evme-apps-loading-app","$v":"Wird geladen…"},{"$i":"evme-appsmore-loading","$v":"Wird geladen…"},{"$i":"evme-alert-app-install-confirm","$v":[{"t":"idOrVar","v":"name"}," zum Startbildschirm hinzufügen?"]},{"$i":"evme-alert-app-install-exists","$v":[{"t":"idOrVar","v":"name"}," wurde bereits zum Startbildschirm hinzugefügt"]},{"$i":"evme-alert-offline-smart-collections-more","$v":"Stellen Sie eine Internetverbindung her, um mehr Intelligente Sammlungen anzuzeigen."},{"$i":"evme-alert-save-wallpaper","$v":"Als Hintergrundbild verwenden?"},{"$i":"evme-alert-no-more-smart-collections","$v":"Keine weiteren Intelligenten Sammlungen zum Hinzufügen"},{"$i":"evme-banner-app-install-success","$v":[{"t":"idOrVar","v":"name"}," wurde zum Startbildschirm hinzugefügt"]},{"$i":"evme-banner-save-wallpaper","$v":"Hintergrundbild erfolgreich übernommen"},{"$i":"evme-shortcuts-more","$v":"Mehr"},{"$i":"evme-collectionssuggest-loading","$v":"Wird geladen…"},{"$i":"evme-collectionssuggest-loading-cancel","$v":"Abbrechen"},{"$i":"evme-collectionssuggest-prompt-create-custom","$v":"Erstellen Sie Ihre eigene Intelligente Sammlung"},{"$i":"evme-backgroundimage-source-label","$v":"Quelle:"},{"$i":"evme-collection-title-prefix","$v":"Everything"},{"$i":"evme-collection-title-suffix","$v":"Handy"},{"$i":"evme-collection-loading-more","$v":"Wird geladen…"},{"$i":"evme-connectionmessage-apps","$v":["Stellen Sie eine Internetverbindung her, um Apps für ",{"t":"idOrVar","v":"query"}," zu erhalten."]},{"$i":"evme-connectionmessage-apps-has-installed","$v":["Stellen Sie eine Internetverbindung her, um noch mehr Apps für ",{"t":"idOrVar","v":"query"}," zu erhalten."]},{"$i":"evme-tips-app-explain","innerHTML":"Finden Sie mit den coolsten Apps die Dinge, die Sie am meisten mögen."},{"$i":"evme-tips-searchbar-focus","innerHTML":"Finden Sie zum Beispiel Ihren Lieblingssänger oder Ihre Lieblingsband…"},{"$i":"evme-tips-exact-results","innerHTML":["Das sind die Apps für <b>",{"t":"idOrVar","v":"query"},"</b>,<br /><br /> klicken Sie auf ein Symbol, um sie zu öffnen."]},{"$i":"evme-shortcut-custom","$v":"Eigene…"},{"$i":"evme-shortcut-id-astrology","$v":"Astrologie"},{"$i":"evme-shortcut-id-autos","$v":"Autos"},{"$i":"evme-shortcut-id-beauty","$v":"Aussehen"},{"$i":"evme-shortcut-id-books","$v":"Bücher"},{"$i":"evme-shortcut-id-celebs","$v":"Promis"},{"$i":"evme-shortcut-id-daily-deals","$v":"Tägliche Angebote"},{"$i":"evme-shortcut-id-dating","$v":"Partnersuche"},{"$i":"evme-shortcut-id-electronics","$v":"Elektronik"},{"$i":"evme-shortcut-id-email","$v":"E-Mail"},{"$i":"evme-shortcut-id-entertainment","$v":"Unterhaltung"},{"$i":"evme-shortcut-id-environment","$v":"Umwelt"},{"$i":"evme-shortcut-id-fashion","$v":"Mode"},{"$i":"evme-shortcut-id-funny","$v":"Spaß"},{"$i":"evme-shortcut-id-games","$v":"Spiele"},{"$i":"evme-shortcut-id-government","$v":"Staat"},{"$i":"evme-shortcut-id-health","$v":"Gesundheit"},{"$i":"evme-shortcut-id-jobs","$v":"Jobs"},{"$i":"evme-shortcut-id-local","$v":"Lokal"},{"$i":"evme-shortcut-id-maps","$v":"Karten"},{"$i":"evme-shortcut-id-movies","$v":"Filme"},{"$i":"evme-shortcut-id-music","$v":"Musik"},{"$i":"evme-shortcut-id-new-apps","$v":"Neue Apps"},{"$i":"evme-shortcut-id-news","$v":"Nachrichten"},{"$i":"evme-shortcut-id-photography","$v":"Fotografie"},{"$i":"evme-shortcut-id-recipes","$v":"Rezepte"},{"$i":"evme-shortcut-id-restaurants","$v":"Restaurants"},{"$i":"evme-shortcut-id-shopping","$v":"Einkaufen"},{"$i":"evme-shortcut-id-social","$v":"Sozial"},{"$i":"evme-shortcut-id-sports","$v":"Sport"},{"$i":"evme-shortcut-id-tech-news","$v":"Technik Nachrichten"},{"$i":"evme-shortcut-id-top-apps","$v":"Top-Apps"},{"$i":"evme-shortcut-id-travel","$v":"Reisen"},{"$i":"evme-shortcut-id-tv","$v":"TV"},{"$i":"evme-shortcut-id-video","$v":"Video"},{"$i":"evme-shortcut-id-utilities","$v":"Werkzeuge"},{"$i":"evme-shortcut-id-weather","$v":"Wetter"},{"$i":"evme-add-to-top-of-collection","$v":"An Anfang der Sammlung verschieben"},{"$i":"evme-save-to-homescreen","$v":"Zum Startbildschirm hinzufügen"},{"$i":"edit-dialog-header","$v":"Bearbeiten"},{"$i":"edit-dialog-name","$v":"Webseitenname"},{"$i":"edit-dialog-url","$v":"Adresse"},{"$i":"edit-dialog-cancel","$v":"Abbrechen"},{"$i":"edit-dialog-done","$v":"Fertig"},{"$i":"evme-close","ariaLabel":"Schließen"},{"$i":"evme-done","ariaLabel":"Speichern"},{"$i":"Showbiz","$v":"Showbiz"},{"$i":"Social","$v":"Sozial"},{"$i":"Games","$v":"Spiele"},{"$i":"Music","$v":"Musik"}]