[{"$i":"wrapper-search-name","$v":[{"t":"idOrVar","v":"topic"}," στο ",{"t":"idOrVar","v":"name"}]},{"$i":"contextmenu-add-wallpaper","$v":"Αλλαγή ταπετσαρίας"},{"$i":"contextmenu-add-smart-collections","$v":"Προσθήκη έξυπνων συλλογών"},{"$i":"delete-title","$v":"Διαγραφή εφαρμογής"},{"$i":"delete-body","$v":["Η εφαρμογή «",{"t":"idOrVar","v":"name"},"» και όλα της τα δεδομένα θα διαγραφούν."]},{"$i":"delete","$v":"Διαγραφή"},{"$i":"cancel","$v":"Ακύρωση"},{"$i":"remove-title-2","$v":"Αφαίρεση συνδέσμου"},{"$i":"remove-body","$v":["Αφαίρεση του συνδέσμου «",{"t":"idOrVar","v":"name"},"» από την αρχική οθόνη;"]},{"$i":"remove","$v":"Αφαίρεση"},{"$i":"longDateFormat","$v":"%A, %e %Eb %Y"},{"$i":"download","$v":"Λήψη"},{"$i":"restart-download-title","$v":"Επανεκκίνηση λήψης"},{"$i":"restart-download-body","$v":["Επιθυμείτε να κατεβάσετε το ",{"t":"idOrVar","v":"name"},";"]},{"$i":"paginationBarText","$v":["Σελίδα ",{"t":"idOrVar","v":"current"}," από ",{"t":"idOrVar","v":"total"}]},{"$i":"paginationScroller","ariaLabel":"Αρχική οθόνη"},{"$i":"loadingEvme2","$v":"Φόρτωση…"},{"$i":"evme-searchbar-default","$v":"Τα πάντα για…","placeholder":"Ψάχνω για…"},{"$i":"evme-searchbar-default2","$v":"Ψάχνω για…","placeholder":"Ψάχνω για… "},{"$i":"evme-searchbar-clear","$v":"Πίσω"},{"$i":"evme-searchbar-title","$v":"Τα πάντα για"},{"$i":"evme-helper-default","$v":"Εισάγετε θέμα ή ερώτημα αναζήτησης"},{"$i":"evme-helper-default2","$v":"Εισάγετε θέμα ή λέξη κλειδί"},{"$i":"evme-helper-dismiss","$v":"Απόρριψη"},{"$i":"evme-helper-no-refine","$v":"Δεν βρέθηκαν επιλογές"},{"$i":"evme-helper-history-title","$v":"Ιστορικό:"},{"$i":"evme-helper-history-link","$v":"Ιστορικό"},{"$i":"evme-helper-history-clear","$v":"Εκκαθάριση ιστορικού"},{"$i":"evme-helper-didyoumean-title","$v":"Μήπως εννοείτε:"},{"$i":"evme-helper-refine-title","$v":"Μήπως εννοείτε:"},{"$i":"evme-helper-title-prefix","$v":"Τα πάντα:"},{"$i":"evme-helper-title-empty","$v":"Τα πάντα:"},{"$i":"evme-helper-save-search","$v":"Προσθήκη στην αρχική οθόνη"},{"$i":"evme-helper-unsave-search","$v":"Αφαίρεση από την αρχική οθόνη"},{"$i":"evme-apps-market-download","$v":"Λήψη"},{"$i":"evme-apps-market-more-apps","$v":"Περισσότερες εφαρμογές"},{"$i":"evme-apps-loading-app","$v":"Φόρτωση…"},{"$i":"evme-appsmore-loading","$v":"Φόρτωση…"},{"$i":"evme-alert-app-install-confirm","$v":["Προσθήκη ",{"t":"idOrVar","v":"name"}," στην αρχική οθόνη;"]},{"$i":"evme-alert-app-install-exists","$v":["Η εφαρμογή ",{"t":"idOrVar","v":"name"}," έχει ήδη προστεθεί στην αρχική οθόνη"]},{"$i":"evme-alert-offline-smart-collections-more","$v":"Συνδεθείτε στο διαδίκτυο για να προσθέσετε περισσότερες έξυπνες συλλογές"},{"$i":"evme-alert-save-wallpaper","$v":"Ορισμός ως ταπετσαρία"},{"$i":"evme-alert-no-more-smart-collections","$v":"Δεν υπάρχουν έξυπνες συλλογές για προσθήκη"},{"$i":"evme-banner-app-install-success","$v":["Το ",{"t":"idOrVar","v":"name"}," προστέθηκε στην αρχική οθόνη"]},{"$i":"evme-banner-save-wallpaper","$v":"Η ταπετσαρία ορίστηκε επιτυχώς"},{"$i":"evme-shortcuts-more","$v":"Περισσότερα"},{"$i":"evme-collectionssuggest-loading","$v":"Φόρτωση…"},{"$i":"evme-collectionssuggest-loading-cancel","$v":"Ακύρωση"},{"$i":"evme-collectionssuggest-prompt-create-custom","$v":"Δημιουργήστε τη δική σας έξυπνη συλλογή"},{"$i":"evme-backgroundimage-source-label","$v":"Προέλευση:"},{"$i":"evme-collection-title-prefix","$v":"Τα πάντα:"},{"$i":"evme-collection-title-suffix","$v":"Τηλέφωνο"},{"$i":"evme-collection-loading-more","$v":"Φόρτωση…"},{"$i":"evme-connectionmessage-apps","$v":["Συνδεθείτε στο διαδίκτυο για να λάβετε εφαρμογές για «",{"t":"idOrVar","v":"query"},"»"]},{"$i":"evme-connectionmessage-apps-has-installed","$v":["Συνδεθείτε στο διαδίκτυο για να λάβετε περισσότερες εφαρμογές για «",{"t":"idOrVar","v":"query"},"»"]},{"$i":"evme-tips-app-explain","innerHTML":"Βρείτε πράγματα που σας αρέσουν με τις καλύτερες εφαρμογές."},{"$i":"evme-tips-searchbar-focus","innerHTML":"Για παράδειγμα, αναζητήστε τον αγαπημένο σας καλλιτέχνη ή συγκρότημα…"},{"$i":"evme-tips-exact-results","innerHTML":["Αυτές είναι οι εφαρμογές για <b>",{"t":"idOrVar","v":"query"},"</b>,<br /><br /> πατήστε ένα εικονίδιο για να το ανοίξετε."]},{"$i":"evme-shortcut-custom","$v":"Προσαρμοσμένο..."},{"$i":"evme-shortcut-id-astrology","$v":"Αστρολογία"},{"$i":"evme-shortcut-id-autos","$v":"Αυτοκίνητα"},{"$i":"evme-shortcut-id-beauty","$v":"Ομορφιά"},{"$i":"evme-shortcut-id-books","$v":"Βιβλία"},{"$i":"evme-shortcut-id-celebs","$v":"Διασημότητες"},{"$i":"evme-shortcut-id-daily-deals","$v":"Προσφορές"},{"$i":"evme-shortcut-id-dating","$v":"Ραντεβού"},{"$i":"evme-shortcut-id-electronics","$v":"Ηλεκτρονικά"},{"$i":"evme-shortcut-id-email","$v":"Ηλ. Ταχυδρομείο"},{"$i":"evme-shortcut-id-entertainment","$v":"Διασκέδαση"},{"$i":"evme-shortcut-id-environment","$v":"Περιβάλλον"},{"$i":"evme-shortcut-id-fashion","$v":"Μόδα"},{"$i":"evme-shortcut-id-funny","$v":"Αστεία"},{"$i":"evme-shortcut-id-games","$v":"Παιχνίδια"},{"$i":"evme-shortcut-id-government","$v":"Κυβέρνηση"},{"$i":"evme-shortcut-id-health","$v":"Υγεία"},{"$i":"evme-shortcut-id-jobs","$v":"Δουλειές"},{"$i":"evme-shortcut-id-local","$v":"Τοπικά"},{"$i":"evme-shortcut-id-maps","$v":"Χάρτες"},{"$i":"evme-shortcut-id-movies","$v":"Ταινίες"},{"$i":"evme-shortcut-id-music","$v":"Μουσική"},{"$i":"evme-shortcut-id-new-apps","$v":"Νέες εφαρμογές"},{"$i":"evme-shortcut-id-news","$v":"Ειδήσεις"},{"$i":"evme-shortcut-id-photography","$v":"Φωτογραφία"},{"$i":"evme-shortcut-id-recipes","$v":"Συνταγές"},{"$i":"evme-shortcut-id-restaurants","$v":"Εστιατόρια"},{"$i":"evme-shortcut-id-shopping","$v":"Αγορές"},{"$i":"evme-shortcut-id-social","$v":"Κοινωνικά"},{"$i":"evme-shortcut-id-sports","$v":"Αθλητικά"},{"$i":"evme-shortcut-id-tech-news","$v":"Ειδήσεις Τεχνολογίας"},{"$i":"evme-shortcut-id-top-apps","$v":"Δημοφιλείς εφαρμογές"},{"$i":"evme-shortcut-id-travel","$v":"Ταξίδια"},{"$i":"evme-shortcut-id-tv","$v":"Τηλεόραση"},{"$i":"evme-shortcut-id-video","$v":"Βίντεο"},{"$i":"evme-shortcut-id-utilities","$v":"Χρήσιμα"},{"$i":"evme-shortcut-id-weather","$v":"Καιρός"},{"$i":"evme-add-to-top-of-collection","$v":"Προσθήκη στην κορυφή της συλλογής"},{"$i":"evme-save-to-homescreen","$v":"Προσθήκη στην αρχική οθόνη"},{"$i":"edit-dialog-header","$v":"Επεξεργασία"},{"$i":"edit-dialog-name","$v":"Όνομα ιστοσελίδας"},{"$i":"edit-dialog-url","$v":"Διεύθυνση"},{"$i":"edit-dialog-cancel","$v":"Ακύρωση"},{"$i":"edit-dialog-done","$v":"ΟΚ"},{"$i":"evme-close","ariaLabel":"Κλείσιμο"},{"$i":"evme-done","ariaLabel":"Αποθήκευση"},{"$i":"Showbiz","$v":"Showbiz"},{"$i":"Social","$v":"Επικοινωνία"},{"$i":"Games","$v":"Παιχνίδια"},{"$i":"Music","$v":"Μουσική"}]