[{"$i":"wrapper-search-name","$v":[{"t":"idOrVar","v":"topic"}," en ",{"t":"idOrVar","v":"name"}]},{"$i":"contextmenu-add-wallpaper","$v":"Cambiar fondo de pantalla"},{"$i":"contextmenu-add-smart-collections","$v":"Añadir colecciones inteligentes"},{"$i":"delete-title","$v":["Borrar ",{"t":"idOrVar","v":"name"}]},{"$i":"delete-body","$v":[{"t":"idOrVar","v":"name"}," y todos sus datos serán borrados."]},{"$i":"delete","$v":"Borrar"},{"$i":"cancel","$v":"Cancelar"},{"$i":"remove-title-2","$v":["Eliminar ",{"t":"idOrVar","v":"name"}]},{"$i":"remove-body","$v":["¿Eliminar ",{"t":"idOrVar","v":"name"}," de la pantalla de inicio?"]},{"$i":"remove","$v":"Eliminar"},{"$i":"longDateFormat","$v":"%A %e de %B"},{"$i":"download","$v":"Descargar"},{"$i":"restart-download-title","$v":"Reiniciar descarga"},{"$i":"restart-download-body","$v":["¿Quiere descargar ",{"t":"idOrVar","v":"name"},"?"]},{"$i":"paginationBarText","$v":["Página ",{"t":"idOrVar","v":"current"}," de ",{"t":"idOrVar","v":"total"}]},{"$i":"paginationScroller","ariaLabel":"Pantalla de inicio"},{"$i":"loadingEvme2","$v":"Cargando…"},{"$i":"evme-searchbar-default","$v":"Todo…","placeholder":"Estoy pensando en…"},{"$i":"evme-searchbar-default2","$v":"Estoy pensando en…","placeholder":"Estoy pensando en…"},{"$i":"evme-searchbar-clear","$v":"Atrás"},{"$i":"evme-searchbar-title","$v":"Todo"},{"$i":"evme-helper-default","$v":"Escriba un tema o una búsqueda"},{"$i":"evme-helper-default2","$v":"Escriba cualquier tema o palabra clave"},{"$i":"evme-helper-dismiss","$v":"Descartar"},{"$i":"evme-helper-no-refine","$v":"No se encontró ninguna opción"},{"$i":"evme-helper-history-title","$v":"Historial:"},{"$i":"evme-helper-history-link","$v":"Historial"},{"$i":"evme-helper-history-clear","$v":"Limpiar historial"},{"$i":"evme-helper-didyoumean-title","$v":"Quiso decir:"},{"$i":"evme-helper-refine-title","$v":"Quiso decir:"},{"$i":"evme-helper-title-prefix","$v":"Todo"},{"$i":"evme-helper-title-empty","$v":"Todo"},{"$i":"evme-helper-save-search","$v":"Añadir a pantalla de inicio"},{"$i":"evme-helper-unsave-search","$v":"Eliminar de pantalla de inicio"},{"$i":"evme-apps-market-download","$v":"Descargar"},{"$i":"evme-apps-market-more-apps","$v":"Más apps"},{"$i":"evme-apps-loading-app","$v":"Cargando…"},{"$i":"evme-appsmore-loading","$v":"Cargando…"},{"$i":"evme-alert-app-install-confirm","$v":["¿Agregar ",{"t":"idOrVar","v":"name"}," a la pantalla de inicio?"]},{"$i":"evme-alert-app-install-exists","$v":[{"t":"idOrVar","v":"name"}," ya estaba agregada a la pantalla de inicio"]},{"$i":"evme-alert-offline-smart-collections-more","$v":"Conéctese a Internet para agregar más colecciones inteligentes"},{"$i":"evme-alert-save-wallpaper","$v":"¿Usar como fondo de pantalla?"},{"$i":"evme-alert-no-more-smart-collections","$v":"No hay ninguna colección inteligente que agregar"},{"$i":"evme-banner-app-install-success","$v":[{"t":"idOrVar","v":"name"}," agregada a la pantalla de inicio"]},{"$i":"evme-banner-save-wallpaper","$v":"Fondo de pantalla establecido correctamente"},{"$i":"evme-shortcuts-more","$v":"Más"},{"$i":"evme-collectionssuggest-loading","$v":"Cargando"},{"$i":"evme-collectionssuggest-loading-cancel","$v":"Cancelar"},{"$i":"evme-collectionssuggest-prompt-create-custom","$v":"Cree su propia colección inteligente"},{"$i":"evme-backgroundimage-source-label","$v":"Origen:"},{"$i":"evme-collection-title-prefix","$v":"Todo"},{"$i":"evme-collection-title-suffix","$v":"Teléfono"},{"$i":"evme-collection-loading-more","$v":"Cargando..."},{"$i":"evme-connectionmessage-apps","$v":["Conéctese a Internet para obtener apps para ",{"t":"idOrVar","v":"query"}]},{"$i":"evme-connectionmessage-apps-has-installed","$v":["Conéctese a Internet para obtener más apps para ",{"t":"idOrVar","v":"query"}]},{"$i":"evme-tips-app-explain","innerHTML":"Encuentre todo lo que le encanta con las apps más increíbles."},{"$i":"evme-tips-searchbar-focus","innerHTML":"Por ejemplo, encuentre a su cantante o grupo favorito…"},{"$i":"evme-tips-exact-results","innerHTML":["Estas son las apps para <b>",{"t":"idOrVar","v":"query"},"</b>,<br /><br /> toque en cualquier icono para abrirla."]},{"$i":"evme-shortcut-custom","$v":"Personalizar..."},{"$i":"evme-shortcut-id-astrology","$v":"Astrología"},{"$i":"evme-shortcut-id-autos","$v":"Autos"},{"$i":"evme-shortcut-id-beauty","$v":"Belleza"},{"$i":"evme-shortcut-id-books","$v":"Libros"},{"$i":"evme-shortcut-id-celebs","$v":"Famosos"},{"$i":"evme-shortcut-id-daily-deals","$v":"Ofertas"},{"$i":"evme-shortcut-id-dating","$v":"Amistad"},{"$i":"evme-shortcut-id-electronics","$v":"Electrónica"},{"$i":"evme-shortcut-id-email","$v":"Correo"},{"$i":"evme-shortcut-id-entertainment","$v":"Entretenimiento"},{"$i":"evme-shortcut-id-environment","$v":"Naturaleza"},{"$i":"evme-shortcut-id-fashion","$v":"Moda"},{"$i":"evme-shortcut-id-funny","$v":"Diversión"},{"$i":"evme-shortcut-id-games","$v":"Juegos"},{"$i":"evme-shortcut-id-government","$v":"Gobierno"},{"$i":"evme-shortcut-id-health","$v":"Salud"},{"$i":"evme-shortcut-id-jobs","$v":"Trabajo"},{"$i":"evme-shortcut-id-local","$v":"Local"},{"$i":"evme-shortcut-id-maps","$v":"Mapas"},{"$i":"evme-shortcut-id-movies","$v":"Películas"},{"$i":"evme-shortcut-id-music","$v":"Música"},{"$i":"evme-shortcut-id-new-apps","$v":"Nuevas apps"},{"$i":"evme-shortcut-id-news","$v":"Noticias"},{"$i":"evme-shortcut-id-photography","$v":"Fotografía"},{"$i":"evme-shortcut-id-recipes","$v":"Recetas"},{"$i":"evme-shortcut-id-restaurants","$v":"Restaurantes"},{"$i":"evme-shortcut-id-shopping","$v":"Compras"},{"$i":"evme-shortcut-id-social","$v":"Social"},{"$i":"evme-shortcut-id-sports","$v":"Deportes"},{"$i":"evme-shortcut-id-tech-news","$v":"Tecnología"},{"$i":"evme-shortcut-id-top-apps","$v":"Apps destacadas"},{"$i":"evme-shortcut-id-travel","$v":"Viajes"},{"$i":"evme-shortcut-id-tv","$v":"TV"},{"$i":"evme-shortcut-id-video","$v":"Vídeo"},{"$i":"evme-shortcut-id-utilities","$v":"Utilidades"},{"$i":"evme-shortcut-id-weather","$v":"Tiempo"},{"$i":"evme-add-to-top-of-collection","$v":"Añadir a destacados de colección"},{"$i":"evme-save-to-homescreen","$v":"Guardar en pantalla de inicio"},{"$i":"edit-dialog-header","$v":"Editar"},{"$i":"edit-dialog-name","$v":"Nombre del sitio web"},{"$i":"edit-dialog-url","$v":"Dirección"},{"$i":"edit-dialog-cancel","$v":"Cancelar"},{"$i":"edit-dialog-done","$v":"Hecho"},{"$i":"evme-close","ariaLabel":"Cerrar"},{"$i":"evme-done","ariaLabel":"Guardar"},{"$i":"Showbiz","$v":"Espectáculo"},{"$i":"Social","$v":"Social"},{"$i":"Games","$v":"Juegos"},{"$i":"Music","$v":"Música"}]