[{"$i":"wrapper-search-name","$v":[{"t":"idOrVar","v":"topic"}," ",{"t":"idOrVar","v":"name"},"(r)i buruz"]},{"$i":"contextmenu-add-wallpaper","$v":"Aldatu horma-papera"},{"$i":"contextmenu-add-smart-collections","$v":"Gehitu bilduma dinamikoak"},{"$i":"delete-title","$v":["Ezabatu ",{"t":"idOrVar","v":"name"}]},{"$i":"delete-body","$v":[{"t":"idOrVar","v":"name"}," eta bere datu guztiak ezabatuko dira."]},{"$i":"delete","$v":"Ezabatu"},{"$i":"cancel","$v":"Utzi"},{"$i":"remove-title-2","$v":["Kendu ",{"t":"idOrVar","v":"name"}]},{"$i":"remove-body","$v":["Kendu ",{"t":"idOrVar","v":"name"}," hasierako pantailatik?"]},{"$i":"remove","$v":"Kendu"},{"$i":"longDateFormat","$v":"%A, %Bk %e"},{"$i":"download","$v":"Deskargatu"},{"$i":"restart-download-title","$v":"Berrabiarazi deskarga"},{"$i":"restart-download-body","$v":[{"t":"idOrVar","v":"name"}," deskargatu nahi duzu?"]},{"$i":"paginationBarText","$v":[{"t":"idOrVar","v":"current"},". orria ",{"t":"idOrVar","v":"total"}," orritik"]},{"$i":"paginationScroller","ariaLabel":"Hasierako pantaila"},{"$i":"loadingEvme2","$v":"Kargatzen…"},{"$i":"evme-searchbar-default","$v":"Dena…","placeholder":"Zera ari naiz pentsatzen…"},{"$i":"evme-searchbar-default2","$v":"Zera ari naiz pentsatzen…","placeholder":"Zera ari naiz pentsatzen…"},{"$i":"evme-searchbar-clear","$v":"Atzera"},{"$i":"evme-searchbar-title","$v":"Dena"},{"$i":"evme-helper-default","$v":"Idatzi edozein gai edo bilaketa"},{"$i":"evme-helper-default2","$v":"Sartu edozein gai edo gako-hitz"},{"$i":"evme-helper-dismiss","$v":"Itxi"},{"$i":"evme-helper-no-refine","$v":"Ez da aukerarik aurkitu"},{"$i":"evme-helper-history-title","$v":"Historia:"},{"$i":"evme-helper-history-link","$v":"Historia"},{"$i":"evme-helper-history-clear","$v":"Garbitu historia"},{"$i":"evme-helper-didyoumean-title","$v":"Hau esan nahi zenuen:"},{"$i":"evme-helper-refine-title","$v":"Hau esan nahi zenuen:"},{"$i":"evme-helper-title-prefix","$v":"Dena"},{"$i":"evme-helper-title-empty","$v":"Dena"},{"$i":"evme-helper-save-search","$v":"Gehitu hasierako pantailari"},{"$i":"evme-helper-unsave-search","$v":"Kendu hasierako pantailatik"},{"$i":"evme-apps-market-download","$v":"Deskargatu"},{"$i":"evme-apps-market-more-apps","$v":"Aplikazio gehiago"},{"$i":"evme-apps-loading-app","$v":"Kargatzen…"},{"$i":"evme-appsmore-loading","$v":"Kargatzen…"},{"$i":"evme-alert-app-install-confirm","$v":["Gehitu ",{"t":"idOrVar","v":"name"}," hasierako pantailara?"]},{"$i":"evme-alert-app-install-exists","$v":[{"t":"idOrVar","v":"name"}," dagoeneko hasierako pantailan zegoen"]},{"$i":"evme-alert-offline-smart-collections-more","$v":"Konektatu Internetera bilduma dinamiko gehiago gehitzeko"},{"$i":"evme-alert-save-wallpaper","$v":"Ezarri horma-paper gisa?"},{"$i":"evme-alert-no-more-smart-collections","$v":"Gehitzeko bilduma dinamikorik ez"},{"$i":"evme-banner-app-install-success","$v":[{"t":"idOrVar","v":"name"}," hasierako pantailara gehituta"]},{"$i":"evme-banner-save-wallpaper","$v":"Horma-papera ondo ezarri da"},{"$i":"evme-shortcuts-more","$v":"Gehiago"},{"$i":"evme-collectionssuggest-loading","$v":"Kargatzen…"},{"$i":"evme-collectionssuggest-loading-cancel","$v":"Utzi"},{"$i":"evme-collectionssuggest-prompt-create-custom","$v":"Sortu zure bilduma dinamikoa propioa"},{"$i":"evme-backgroundimage-source-label","$v":"Iturburua:"},{"$i":"evme-collection-title-prefix","$v":"Dena"},{"$i":"evme-collection-title-suffix","$v":"Telefonoa"},{"$i":"evme-collection-loading-more","$v":"Kargatzen…"},{"$i":"evme-connectionmessage-apps","$v":["Konektatu Internetera ",{"t":"idOrVar","v":"query"},"(r)entzat aplikazioak lortzeko"]},{"$i":"evme-connectionmessage-apps-has-installed","$v":["Konektatu Internetera oraindik eta aplikazio gehiago lortzeko ",{"t":"idOrVar","v":"query"},"(r)entzat"]},{"$i":"evme-tips-app-explain","innerHTML":"Bilatu gustuko dituzun gauzak primerako aplikazioekin."},{"$i":"evme-tips-searchbar-focus","innerHTML":"Adibidez, bilatu zure abeslari edo talde gogokoena…"},{"$i":"evme-tips-exact-results","innerHTML":["Hauek dira <b>",{"t":"idOrVar","v":"query"},"</b> bilaketarako aplikazioak,<br /><br /> irekitzeko sakatu edozein ikono."]},{"$i":"evme-shortcut-custom","$v":"Pertsonalizatua…"},{"$i":"evme-shortcut-id-astrology","$v":"Astrologia"},{"$i":"evme-shortcut-id-autos","$v":"Autoak"},{"$i":"evme-shortcut-id-beauty","$v":"Edertasuna"},{"$i":"evme-shortcut-id-books","$v":"Liburuak"},{"$i":"evme-shortcut-id-celebs","$v":"Famatuak"},{"$i":"evme-shortcut-id-daily-deals","$v":"Maukak"},{"$i":"evme-shortcut-id-dating","$v":"Hitzorduak"},{"$i":"evme-shortcut-id-electronics","$v":"Elektronika"},{"$i":"evme-shortcut-id-email","$v":"Posta elektronikoa"},{"$i":"evme-shortcut-id-entertainment","$v":"Aisialdia"},{"$i":"evme-shortcut-id-environment","$v":"Ingurunea"},{"$i":"evme-shortcut-id-fashion","$v":"Moda"},{"$i":"evme-shortcut-id-funny","$v":"Barregarria"},{"$i":"evme-shortcut-id-games","$v":"Jokoak"},{"$i":"evme-shortcut-id-government","$v":"Gobernua"},{"$i":"evme-shortcut-id-health","$v":"Osasuna"},{"$i":"evme-shortcut-id-jobs","$v":"Lanak"},{"$i":"evme-shortcut-id-local","$v":"Bertakoa"},{"$i":"evme-shortcut-id-maps","$v":"Mapak"},{"$i":"evme-shortcut-id-movies","$v":"Filmak"},{"$i":"evme-shortcut-id-music","$v":"Musika"},{"$i":"evme-shortcut-id-new-apps","$v":"Aplikazio berriak"},{"$i":"evme-shortcut-id-news","$v":"Albisteak"},{"$i":"evme-shortcut-id-photography","$v":"Argazkigintza"},{"$i":"evme-shortcut-id-recipes","$v":"Errezetak"},{"$i":"evme-shortcut-id-restaurants","$v":"Jatetxeak"},{"$i":"evme-shortcut-id-shopping","$v":"Erosketak"},{"$i":"evme-shortcut-id-social","$v":"Soziala"},{"$i":"evme-shortcut-id-sports","$v":"Kirolak"},{"$i":"evme-shortcut-id-tech-news","$v":"Teknologia-albisteak"},{"$i":"evme-shortcut-id-top-apps","$v":"Aplikazio deskargatuenak"},{"$i":"evme-shortcut-id-travel","$v":"Bidaiak"},{"$i":"evme-shortcut-id-tv","$v":"TB"},{"$i":"evme-shortcut-id-video","$v":"Bideoa"},{"$i":"evme-shortcut-id-utilities","$v":"Tresnak"},{"$i":"evme-shortcut-id-weather","$v":"Eguraldia"},{"$i":"evme-add-to-top-of-collection","$v":"Gehitu bildumaren goian"},{"$i":"evme-save-to-homescreen","$v":"Gorde hasierako pantailan"},{"$i":"edit-dialog-header","$v":"Editatu"},{"$i":"edit-dialog-name","$v":"Webgunearen izena"},{"$i":"edit-dialog-url","$v":"Helbidea"},{"$i":"edit-dialog-cancel","$v":"Utzi"},{"$i":"edit-dialog-done","$v":"Eginda"},{"$i":"evme-close","ariaLabel":"Itxi"},{"$i":"evme-done","ariaLabel":"Gorde"},{"$i":"Showbiz","$v":"Ikuskizuna"},{"$i":"Social","$v":"Soziala"},{"$i":"Games","$v":"Jokoak"},{"$i":"Music","$v":"Musika"}]