[{"$i":"wrapper-search-name","$v":[{"t":"idOrVar","v":"topic"}," sur ",{"t":"idOrVar","v":"name"}]},{"$i":"contextmenu-add-wallpaper","$v":"Changer le fond d’écran"},{"$i":"contextmenu-add-smart-collections","$v":"Ajouter des collections intelligentes"},{"$i":"delete-title","$v":["Supprimer ",{"t":"idOrVar","v":"name"}]},{"$i":"delete-body","$v":[{"t":"idOrVar","v":"name"}," et toutes ses données seront supprimés."]},{"$i":"delete","$v":"Supprimer"},{"$i":"cancel","$v":"Annuler"},{"$i":"remove-title-2","$v":["Retirer ",{"t":"idOrVar","v":"name"}]},{"$i":"remove-body","$v":["Retirer ",{"t":"idOrVar","v":"name"}," de l’écran d’accueil ?"]},{"$i":"remove","$v":"Retirer"},{"$i":"longDateFormat","$v":"%A %e %Eb"},{"$i":"download","$v":"Télécharger"},{"$i":"restart-download-title","$v":"Redémarrer le téléchargement"},{"$i":"restart-download-body","$v":["Voulez-vous télécharger ",{"t":"idOrVar","v":"name"}," ?"]},{"$i":"paginationBarText","$v":["Page ",{"t":"idOrVar","v":"current"}," sur ",{"t":"idOrVar","v":"total"}]},{"$i":"paginationScroller","ariaLabel":"Écran d’accueil"},{"$i":"loadingEvme2","$v":"Chargement…"},{"$i":"evme-searchbar-default","$v":"Everything…","placeholder":"Je pense à…"},{"$i":"evme-searchbar-default2","$v":"Je pense à…","placeholder":"Je pense à…"},{"$i":"evme-searchbar-clear","$v":"Retour"},{"$i":"evme-searchbar-title","$v":"Everything"},{"$i":"evme-helper-default","$v":"Saisir un sujet ou une recherche"},{"$i":"evme-helper-default2","$v":"Saisir un sujet ou un mot-clé"},{"$i":"evme-helper-dismiss","$v":"Désactiver"},{"$i":"evme-helper-no-refine","$v":"Aucune option trouvée"},{"$i":"evme-helper-history-title","$v":"Historique :"},{"$i":"evme-helper-history-link","$v":"Historique"},{"$i":"evme-helper-history-clear","$v":"Effacer l’historique"},{"$i":"evme-helper-didyoumean-title","$v":"Vouliez-vous dire :"},{"$i":"evme-helper-refine-title","$v":"Vouliez-vous dire :"},{"$i":"evme-helper-title-prefix","$v":"Everything"},{"$i":"evme-helper-title-empty","$v":"Everything"},{"$i":"evme-helper-save-search","$v":"Ajouter à l’écran d’accueil"},{"$i":"evme-helper-unsave-search","$v":"Retirer de l’écran d’accueil"},{"$i":"evme-apps-market-download","$v":"Télécharger"},{"$i":"evme-apps-market-more-apps","$v":"Plus d’applications"},{"$i":"evme-apps-loading-app","$v":"Chargement…"},{"$i":"evme-appsmore-loading","$v":"Chargement…"},{"$i":"evme-alert-app-install-confirm","$v":["Ajouter ",{"t":"idOrVar","v":"name"}," à l’écran d’accueil ?"]},{"$i":"evme-alert-app-install-exists","$v":[{"t":"idOrVar","v":"name"}," a déjà été ajouté à l’écran d’accueil"]},{"$i":"evme-alert-offline-smart-collections-more","$v":"Veuillez vous connecter à Internet afin d’ajouter plus de collections intelligentes"},{"$i":"evme-alert-save-wallpaper","$v":"Définir comme fond d’écran ?"},{"$i":"evme-alert-no-more-smart-collections","$v":"Aucune collection intelligente à ajouter"},{"$i":"evme-banner-app-install-success","$v":[{"t":"idOrVar","v":"name"}," ajouté à l’écran d’accueil"]},{"$i":"evme-banner-save-wallpaper","$v":"Fond d’écran correctement défini"},{"$i":"evme-shortcuts-more","$v":"Plus"},{"$i":"evme-collectionssuggest-loading","$v":"Chargement…"},{"$i":"evme-collectionssuggest-loading-cancel","$v":"Annuler"},{"$i":"evme-collectionssuggest-prompt-create-custom","$v":"Créer votre propre collection intelligente"},{"$i":"evme-backgroundimage-source-label","$v":"Source :"},{"$i":"evme-collection-title-prefix","$v":"Everything"},{"$i":"evme-collection-title-suffix","$v":"téléphone"},{"$i":"evme-collection-loading-more","$v":"Chargement…"},{"$i":"evme-connectionmessage-apps","$v":["Veuillez vous connecter à Internet afin d’obtenir des applications pour ",{"t":"idOrVar","v":"query"}]},{"$i":"evme-connectionmessage-apps-has-installed","$v":["Veuillez vous connecter à Internet afin d’obtenir encore plus d’applications pour ",{"t":"idOrVar","v":"query"}]},{"$i":"evme-tips-app-explain","innerHTML":"Trouvez exactement ce que vous aimez avec les applications les plus sympas."},{"$i":"evme-tips-searchbar-focus","innerHTML":"Par exemple, recherchez votre chanteur ou groupe préféré…"},{"$i":"evme-tips-exact-results","innerHTML":["Voici les applications pour <b>",{"t":"idOrVar","v":"query"},"</b>.<br /><br />Pour les ouvrir, appuyez sur leur icône."]},{"$i":"evme-shortcut-custom","$v":"Personnalisée…"},{"$i":"evme-shortcut-id-astrology","$v":"Astrologie"},{"$i":"evme-shortcut-id-autos","$v":"Voitures"},{"$i":"evme-shortcut-id-beauty","$v":"Beauté"},{"$i":"evme-shortcut-id-books","$v":"Livres"},{"$i":"evme-shortcut-id-celebs","$v":"Célébrités"},{"$i":"evme-shortcut-id-daily-deals","$v":"Bons plans"},{"$i":"evme-shortcut-id-dating","$v":"Rencontres"},{"$i":"evme-shortcut-id-electronics","$v":"Électronique"},{"$i":"evme-shortcut-id-email","$v":"Courriel"},{"$i":"evme-shortcut-id-entertainment","$v":"Divertissement"},{"$i":"evme-shortcut-id-environment","$v":"Environnement"},{"$i":"evme-shortcut-id-fashion","$v":"Mode"},{"$i":"evme-shortcut-id-funny","$v":"Humour"},{"$i":"evme-shortcut-id-games","$v":"Jeux"},{"$i":"evme-shortcut-id-government","$v":"Politique"},{"$i":"evme-shortcut-id-health","$v":"Santé"},{"$i":"evme-shortcut-id-jobs","$v":"Emplois"},{"$i":"evme-shortcut-id-local","$v":"Local"},{"$i":"evme-shortcut-id-maps","$v":"Cartes"},{"$i":"evme-shortcut-id-movies","$v":"Films"},{"$i":"evme-shortcut-id-music","$v":"Musique"},{"$i":"evme-shortcut-id-new-apps","$v":"Nouveautés"},{"$i":"evme-shortcut-id-news","$v":"Actualités"},{"$i":"evme-shortcut-id-photography","$v":"Photographie"},{"$i":"evme-shortcut-id-recipes","$v":"Recettes"},{"$i":"evme-shortcut-id-restaurants","$v":"Restaurants"},{"$i":"evme-shortcut-id-shopping","$v":"Achats"},{"$i":"evme-shortcut-id-social","$v":"Social"},{"$i":"evme-shortcut-id-sports","$v":"Sport"},{"$i":"evme-shortcut-id-tech-news","$v":"Actu. technologique"},{"$i":"evme-shortcut-id-top-apps","$v":"Meilleures applications"},{"$i":"evme-shortcut-id-travel","$v":"Voyages"},{"$i":"evme-shortcut-id-tv","$v":"TV"},{"$i":"evme-shortcut-id-video","$v":"Vidéos"},{"$i":"evme-shortcut-id-utilities","$v":"Utilitaires"},{"$i":"evme-shortcut-id-weather","$v":"Météo"},{"$i":"evme-add-to-top-of-collection","$v":"Ajouter au début de la collection"},{"$i":"evme-save-to-homescreen","$v":"Enregistrer sur l’écran d’accueil"},{"$i":"edit-dialog-header","$v":"Modifier"},{"$i":"edit-dialog-name","$v":"Nom du site"},{"$i":"edit-dialog-url","$v":"Adresse"},{"$i":"edit-dialog-cancel","$v":"Annuler"},{"$i":"edit-dialog-done","$v":"Terminé"},{"$i":"evme-close","ariaLabel":"Fermer"},{"$i":"evme-done","ariaLabel":"Enregistrer"},{"$i":"Showbiz","$v":"Divertissement"},{"$i":"Social","$v":"Social"},{"$i":"Games","$v":"Jeux"},{"$i":"Music","$v":"Musique"}]