[{"$i":"wrapper-search-name","$v":[{"t":"idOrVar","v":"topic"}," en ",{"t":"idOrVar","v":"name"}]},{"$i":"contextmenu-add-wallpaper","$v":"Cambiar fondo de pantalla"},{"$i":"contextmenu-add-smart-collections","$v":"Engadir coleccións intelixentes"},{"$i":"delete-title","$v":["Eliminar",{"t":"idOrVar","v":"name"}]},{"$i":"delete-body","$v":["Eliminarase ",{"t":"idOrVar","v":"name"}," e todos os seus datos."]},{"$i":"delete","$v":"Eliminar"},{"$i":"cancel","$v":"Cancelar"},{"$i":"remove-title-2","$v":["Retirar ",{"t":"idOrVar","v":"name"}]},{"$i":"remove-body","$v":["Quere retirar ",{"t":"idOrVar","v":"name"}," da pantalla inicial?"]},{"$i":"remove","$v":"Retirar"},{"$i":"longDateFormat","$v":"%A, %e de %B"},{"$i":"download","$v":"Descargar"},{"$i":"restart-download-title","$v":"Reiniciar a descarga"},{"$i":"restart-download-body","$v":["Quere descargar ",{"t":"idOrVar","v":"name"},"?"]},{"$i":"paginationBarText","$v":["Páxina ",{"t":"idOrVar","v":"current"}," de ",{"t":"idOrVar","v":"total"}]},{"$i":"paginationScroller","ariaLabel":"Pantalla inicial"},{"$i":"loadingEvme2","$v":"Cargando…"},{"$i":"evme-searchbar-default","$v":"Todo…","placeholder":"Estou interesado en…"},{"$i":"evme-searchbar-default2","$v":"Estou interesado en…","placeholder":"Estou interesado en…"},{"$i":"evme-searchbar-clear","$v":"Atrás"},{"$i":"evme-searchbar-title","$v":"Todo"},{"$i":"evme-helper-default","$v":"Escriba un tema ou unha busca"},{"$i":"evme-helper-default2","$v":"Escriba calquera tema ou palabra clave"},{"$i":"evme-helper-dismiss","$v":"Rexeitar"},{"$i":"evme-helper-no-refine","$v":"Non se atoparon opcións"},{"$i":"evme-helper-history-title","$v":"Historial:"},{"$i":"evme-helper-history-link","$v":"Historial"},{"$i":"evme-helper-history-clear","$v":"Limpar historial"},{"$i":"evme-helper-didyoumean-title","$v":"Quizais quixo dicir:"},{"$i":"evme-helper-refine-title","$v":"Quizais quixo dicir:"},{"$i":"evme-helper-title-prefix","$v":"Todo"},{"$i":"evme-helper-title-empty","$v":"Todo"},{"$i":"evme-helper-save-search","$v":"Engadir á pantalla inicial"},{"$i":"evme-helper-unsave-search","$v":"Retirar da pantalla inicial"},{"$i":"evme-apps-market-download","$v":"Descargar"},{"$i":"evme-apps-market-more-apps","$v":"Máis aplicativos"},{"$i":"evme-apps-loading-app","$v":"Cargando…"},{"$i":"evme-appsmore-loading","$v":"Cargando…"},{"$i":"evme-alert-app-install-confirm","$v":["Quere engadir ",{"t":"idOrVar","v":"name"}," á pantalla inicial?"]},{"$i":"evme-alert-app-install-exists","$v":[{"t":"idOrVar","v":"name"}," xa estaba engadida á pantalla inicial"]},{"$i":"evme-alert-offline-smart-collections-more","$v":"Conéctese á Internet para engadir máis coleccións intelixentes"},{"$i":"evme-alert-save-wallpaper","$v":"Establecer como fondo?"},{"$i":"evme-alert-no-more-smart-collections","$v":"Ningunha colección intelixente para engadir"},{"$i":"evme-banner-app-install-success","$v":["Engadiuse ",{"t":"idOrVar","v":"name"}," á pantalla inicial"]},{"$i":"evme-banner-save-wallpaper","$v":"Fondo estabelecido correctamente"},{"$i":"evme-shortcuts-more","$v":"Máis"},{"$i":"evme-collectionssuggest-loading","$v":"Cargando…"},{"$i":"evme-collectionssuggest-loading-cancel","$v":"Cancelar"},{"$i":"evme-collectionssuggest-prompt-create-custom","$v":"Crear a súa propia colección intelixente"},{"$i":"evme-backgroundimage-source-label","$v":"Orixe:"},{"$i":"evme-collection-title-prefix","$v":"Todo"},{"$i":"evme-collection-title-suffix","$v":"Teléfono"},{"$i":"evme-collection-loading-more","$v":"Cargando…"},{"$i":"evme-connectionmessage-apps","$v":["Conéctese á Internet para obter aplicativos para ",{"t":"idOrVar","v":"query"}]},{"$i":"evme-connectionmessage-apps-has-installed","$v":["Conéctese á Internet para obter máis aplicativos para ",{"t":"idOrVar","v":"query"}]},{"$i":"evme-tips-app-explain","innerHTML":"Atope as cousas que quere cos mellores aplicativos."},{"$i":"evme-tips-searchbar-focus","innerHTML":"Por exemplo, atope ao seu cantante ou grupo favorito…"},{"$i":"evme-tips-exact-results","innerHTML":["Estes son os aplicativos para <b>",{"t":"idOrVar","v":"query"},"</b>,<br /><br /> toque calquera icona para abrilo."]},{"$i":"evme-shortcut-custom","$v":"Personalizar…"},{"$i":"evme-shortcut-id-astrology","$v":"Astroloxía"},{"$i":"evme-shortcut-id-autos","$v":"Coches"},{"$i":"evme-shortcut-id-beauty","$v":"Beleza"},{"$i":"evme-shortcut-id-books","$v":"Libros"},{"$i":"evme-shortcut-id-celebs","$v":"Famosos"},{"$i":"evme-shortcut-id-daily-deals","$v":"Ofertas"},{"$i":"evme-shortcut-id-dating","$v":"Citas"},{"$i":"evme-shortcut-id-electronics","$v":"Electrónica"},{"$i":"evme-shortcut-id-email","$v":"Correo"},{"$i":"evme-shortcut-id-entertainment","$v":"Entretemento"},{"$i":"evme-shortcut-id-environment","$v":"Natureza"},{"$i":"evme-shortcut-id-fashion","$v":"Moda"},{"$i":"evme-shortcut-id-funny","$v":"Diversión"},{"$i":"evme-shortcut-id-games","$v":"Xogos"},{"$i":"evme-shortcut-id-government","$v":"Política"},{"$i":"evme-shortcut-id-health","$v":"Saúde"},{"$i":"evme-shortcut-id-jobs","$v":"Traballo"},{"$i":"evme-shortcut-id-local","$v":"Local"},{"$i":"evme-shortcut-id-maps","$v":"Mapas"},{"$i":"evme-shortcut-id-movies","$v":"Películas"},{"$i":"evme-shortcut-id-music","$v":"Música"},{"$i":"evme-shortcut-id-new-apps","$v":"Novos aplicativos"},{"$i":"evme-shortcut-id-news","$v":"Noticias"},{"$i":"evme-shortcut-id-photography","$v":"Fotografía"},{"$i":"evme-shortcut-id-recipes","$v":"Receitas"},{"$i":"evme-shortcut-id-restaurants","$v":"Restaurantes"},{"$i":"evme-shortcut-id-shopping","$v":"Compras"},{"$i":"evme-shortcut-id-social","$v":"Social"},{"$i":"evme-shortcut-id-sports","$v":"Deportes"},{"$i":"evme-shortcut-id-tech-news","$v":"Tecnoloxía"},{"$i":"evme-shortcut-id-top-apps","$v":"Populares"},{"$i":"evme-shortcut-id-travel","$v":"Viaxes"},{"$i":"evme-shortcut-id-tv","$v":"TV"},{"$i":"evme-shortcut-id-video","$v":"Vídeo"},{"$i":"evme-shortcut-id-utilities","$v":"Utilidades"},{"$i":"evme-shortcut-id-weather","$v":"Tempo"},{"$i":"evme-add-to-top-of-collection","$v":"Engadir ao inicio da colección"},{"$i":"evme-save-to-homescreen","$v":"Gardar na pantalla inicial"},{"$i":"edit-dialog-header","$v":"Editar"},{"$i":"edit-dialog-name","$v":"Nome do sitio web"},{"$i":"edit-dialog-url","$v":"Enderezo"},{"$i":"edit-dialog-cancel","$v":"Cancelar"},{"$i":"edit-dialog-done","$v":"Feito"},{"$i":"evme-close","ariaLabel":"Pechar"},{"$i":"evme-done","ariaLabel":"Gardar"},{"$i":"Showbiz","$v":"Espectáculos"},{"$i":"Social","$v":"Social"},{"$i":"Games","$v":"Xogos"},{"$i":"Music","$v":"Música"}]