[{"$i":"wrapper-search-name","$v":[{"t":"idOrVar","v":"topic"}," pri ",{"t":"idOrVar","v":"name"}]},{"$i":"contextmenu-add-wallpaper","$v":"Promijeni pozadinsku sliku"},{"$i":"contextmenu-add-smart-collections","$v":"Dodaj pametnu kolekciju"},{"$i":"delete-title","$v":["Obriši ",{"t":"idOrVar","v":"name"}]},{"$i":"delete-body","$v":[{"t":"idOrVar","v":"name"}," i svi pripadajući podaci će biti obrisani."]},{"$i":"delete","$v":"Obriši"},{"$i":"cancel","$v":"Otkaži"},{"$i":"remove-title-2","$v":["Uklanjanje ",{"t":"idOrVar","v":"name"}]},{"$i":"remove-body","$v":["Ukloniti ",{"t":"idOrVar","v":"name"}," s početnog zaslona?"]},{"$i":"remove","$v":"Ukloni"},{"$i":"longDateFormat","$v":"%A, %e %B"},{"$i":"download","$v":"Preuzmi"},{"$i":"restart-download-title","$v":"Ponovno pokretanje preuzimanja"},{"$i":"restart-download-body","$v":["Želite li preuzeti ",{"t":"idOrVar","v":"name"},"?"]},{"$i":"paginationBarText","$v":["Page ",{"t":"idOrVar","v":"current"}," of ",{"t":"idOrVar","v":"total"}]},{"$i":"paginationScroller","ariaLabel":"Homescreen"},{"$i":"loadingEvme2","$v":"Učitavanje…"},{"$i":"evme-searchbar-default","$v":"Everything…","placeholder":"I’m thinking of…"},{"$i":"evme-searchbar-default2","$v":"I’m thinking of…","placeholder":"I’m thinking of…"},{"$i":"evme-searchbar-clear","$v":"Natrag"},{"$i":"evme-searchbar-title","$v":"Sve"},{"$i":"evme-helper-default","$v":"Upišite bilo koju temu ili pojam"},{"$i":"evme-helper-default2","$v":"Upišite bilo koju temu ili pojam"},{"$i":"evme-helper-dismiss","$v":"Zanemari"},{"$i":"evme-helper-no-refine","$v":"Mogućnosti nisu pronađene"},{"$i":"evme-helper-history-title","$v":"Povijest:"},{"$i":"evme-helper-history-link","$v":"Povijest"},{"$i":"evme-helper-history-clear","$v":"Očisti povijest"},{"$i":"evme-helper-didyoumean-title","$v":"Jeste li mislili:"},{"$i":"evme-helper-refine-title","$v":"Jeste li mislili:"},{"$i":"evme-helper-title-prefix","$v":"Sve"},{"$i":"evme-helper-title-empty","$v":"Sve"},{"$i":"evme-helper-save-search","$v":"Add to homescreen"},{"$i":"evme-helper-unsave-search","$v":"Remove from homescreen"},{"$i":"evme-apps-market-download","$v":"Preuzmi"},{"$i":"evme-apps-market-more-apps","$v":"Više aplikacija"},{"$i":"evme-apps-loading-app","$v":"Učitavanje…"},{"$i":"evme-appsmore-loading","$v":"Učitavanje…"},{"$i":"evme-alert-app-install-confirm","$v":["Dodati ",{"t":"idOrVar","v":"name"}," na početni zaslon?"]},{"$i":"evme-alert-app-install-exists","$v":[{"t":"idOrVar","v":"name"}," je već dodan na početni zaslon"]},{"$i":"evme-alert-offline-smart-collections-more","$v":"Povežite se na Internet da biste dodali više pametnih kolekcija"},{"$i":"evme-alert-save-wallpaper","$v":"Postaviti kao pozadinu?"},{"$i":"evme-alert-no-more-smart-collections","$v":"Nema pametne kolekcije za dodati"},{"$i":"evme-banner-app-install-success","$v":[{"t":"idOrVar","v":"name"}," je dodan na početni zaslon"]},{"$i":"evme-banner-save-wallpaper","$v":"Pozadina uspješno postavljena"},{"$i":"evme-shortcuts-more","$v":"Više"},{"$i":"evme-collectionssuggest-loading","$v":"Učitavanje…"},{"$i":"evme-collectionssuggest-loading-cancel","$v":"Otkaži"},{"$i":"evme-collectionssuggest-prompt-create-custom","$v":"Stvorite vlastitu pametnu kolekciju"},{"$i":"evme-backgroundimage-source-label","$v":"Izvor:"},{"$i":"evme-collection-title-prefix","$v":"Sve"},{"$i":"evme-collection-title-suffix","$v":"Telefon"},{"$i":"evme-collection-loading-more","$v":"Učitavanje…"},{"$i":"evme-connectionmessage-apps","$v":["Da biste dobili aplikacije za ",{"t":"idOrVar","v":"query"},", trebate se povezati na Internet"]},{"$i":"evme-connectionmessage-apps-has-installed","$v":["Povežite se na Internet da biste dobili još više aplikacija za ",{"t":"idOrVar","v":"query"}]},{"$i":"evme-tips-app-explain","innerHTML":"Pronađite stvari koje volite s najboljim aplikacijama."},{"$i":"evme-tips-searchbar-focus","innerHTML":"Na primjer, pronađite svojeg omiljenog pjevača ili bend…"},{"$i":"evme-tips-exact-results","innerHTML":["Ovo su aplikacije za <b>",{"t":"idOrVar","v":"query"},"</b>,<br /><br /> pritisnite bilo koju ikonu za otvaranje."]},{"$i":"evme-shortcut-custom","$v":"Custom…"},{"$i":"evme-shortcut-id-astrology","$v":"Astrologija"},{"$i":"evme-shortcut-id-autos","$v":"Automobili"},{"$i":"evme-shortcut-id-beauty","$v":"Ljepota"},{"$i":"evme-shortcut-id-books","$v":"Knjige"},{"$i":"evme-shortcut-id-celebs","$v":"Slavni"},{"$i":"evme-shortcut-id-daily-deals","$v":"Dnevne ponude"},{"$i":"evme-shortcut-id-dating","$v":"Spojevi"},{"$i":"evme-shortcut-id-electronics","$v":"Elektronika"},{"$i":"evme-shortcut-id-email","$v":"E-pošta"},{"$i":"evme-shortcut-id-entertainment","$v":"Zabava"},{"$i":"evme-shortcut-id-environment","$v":"Okoliš"},{"$i":"evme-shortcut-id-fashion","$v":"Moda"},{"$i":"evme-shortcut-id-funny","$v":"Zabava"},{"$i":"evme-shortcut-id-games","$v":"Igre"},{"$i":"evme-shortcut-id-government","$v":"Vlada"},{"$i":"evme-shortcut-id-health","$v":"Zdravlje"},{"$i":"evme-shortcut-id-jobs","$v":"Posao"},{"$i":"evme-shortcut-id-local","$v":"Lokalno"},{"$i":"evme-shortcut-id-maps","$v":"Karte"},{"$i":"evme-shortcut-id-movies","$v":"Filmovi"},{"$i":"evme-shortcut-id-music","$v":"Glazba"},{"$i":"evme-shortcut-id-new-apps","$v":"Nove aplikacije"},{"$i":"evme-shortcut-id-news","$v":"Vijesti"},{"$i":"evme-shortcut-id-photography","$v":"Fotografija"},{"$i":"evme-shortcut-id-recipes","$v":"Recepti"},{"$i":"evme-shortcut-id-restaurants","$v":"Restorani"},{"$i":"evme-shortcut-id-shopping","$v":"Kupovina"},{"$i":"evme-shortcut-id-social","$v":"Društveno"},{"$i":"evme-shortcut-id-sports","$v":"Sportovi"},{"$i":"evme-shortcut-id-tech-news","$v":"Tehnološke vijesti"},{"$i":"evme-shortcut-id-top-apps","$v":"Najpopularnije aplikacije"},{"$i":"evme-shortcut-id-travel","$v":"Putovanja"},{"$i":"evme-shortcut-id-tv","$v":"TV"},{"$i":"evme-shortcut-id-video","$v":"Video"},{"$i":"evme-shortcut-id-utilities","$v":"Alati"},{"$i":"evme-shortcut-id-weather","$v":"Vremenska prognoza"},{"$i":"evme-add-to-top-of-collection","$v":"Dodaj na vrh kolekcije"},{"$i":"evme-save-to-homescreen","$v":"Spremi na početni ekran"},{"$i":"edit-dialog-header","$v":"Edit"},{"$i":"edit-dialog-name","$v":"Website name"},{"$i":"edit-dialog-url","$v":"Address"},{"$i":"edit-dialog-cancel","$v":"Cancel"},{"$i":"edit-dialog-done","$v":"Done"},{"$i":"evme-close","ariaLabel":"Close"},{"$i":"evme-done","ariaLabel":"Save"},{"$i":"Showbiz","$v":"Showbiz"},{"$i":"Social","$v":"Društveno"},{"$i":"Games","$v":"Igre"},{"$i":"Music","$v":"Glazba"}]