[{"$i":"wrapper-search-name","$v":[{"t":"idOrVar","v":"topic"}," ezen: ",{"t":"idOrVar","v":"name"}]},{"$i":"contextmenu-add-wallpaper","$v":"Háttér módosítása"},{"$i":"contextmenu-add-smart-collections","$v":"Okos gyűjtemény felvétele"},{"$i":"delete-title","$v":[{"t":"idOrVar","v":"name"}," törlése"]},{"$i":"delete-body","$v":[{"t":"idOrVar","v":"name"}," és minden adata törlésre kerül."]},{"$i":"delete","$v":"Törlés"},{"$i":"cancel","$v":"Mégse"},{"$i":"remove-title-2","$v":[{"t":"idOrVar","v":"name"}," eltávolítása"]},{"$i":"remove-body","$v":[{"t":"idOrVar","v":"name"}," eltávolítása a kezdőképernyőről?"]},{"$i":"remove","$v":"Eltávolítás"},{"$i":"longDateFormat","$v":"%B %e., %A"},{"$i":"download","$v":"Download"},{"$i":"restart-download-title","$v":"Letöltés újraindítása"},{"$i":"restart-download-body","$v":["Szeretné letölteni ezt: ",{"t":"idOrVar","v":"name"},"?"]},{"$i":"paginationBarText","$v":[{"t":"idOrVar","v":"current"},". oldal, összesen: ",{"t":"idOrVar","v":"total"}]},{"$i":"paginationScroller","ariaLabel":"Kezdőképernyő"},{"$i":"loadingEvme2","$v":"Betöltés…"},{"$i":"evme-searchbar-default","$v":"Minden…","placeholder":"Erre gondolok…"},{"$i":"evme-searchbar-default2","$v":"Erre gondolok…","placeholder":"Erre gondolok…"},{"$i":"evme-searchbar-clear","$v":"Vissza"},{"$i":"evme-searchbar-title","$v":"Minden:"},{"$i":"evme-helper-default","$v":"Írjon be egy témát vagy keresőszót"},{"$i":"evme-helper-default2","$v":"Írjon be egy témát/kulcsszót"},{"$i":"evme-helper-dismiss","$v":"Bezárás"},{"$i":"evme-helper-no-refine","$v":"Nem találhatók lehetőségek"},{"$i":"evme-helper-history-title","$v":"Előzmények:"},{"$i":"evme-helper-history-link","$v":"Előzmények"},{"$i":"evme-helper-history-clear","$v":"Előzmények törlése"},{"$i":"evme-helper-didyoumean-title","$v":"Talán erre gondolt:"},{"$i":"evme-helper-refine-title","$v":"Talán erre gondolt:"},{"$i":"evme-helper-title-prefix","$v":"Minden:"},{"$i":"evme-helper-title-empty","$v":"Minden:"},{"$i":"evme-helper-save-search","$v":"Kezdőképernyőhöz adás"},{"$i":"evme-helper-unsave-search","$v":"Eltávolítás a kezdőképernyőről"},{"$i":"evme-apps-market-download","$v":"Letöltés"},{"$i":"evme-apps-market-more-apps","$v":"Több app"},{"$i":"evme-apps-loading-app","$v":"Betöltés…"},{"$i":"evme-appsmore-loading","$v":"Betöltés…"},{"$i":"evme-alert-app-install-confirm","$v":["Felveszi a kezdőképernyőre ezt: ",{"t":"idOrVar","v":"name"}]},{"$i":"evme-alert-app-install-exists","$v":[{"t":"idOrVar","v":"name"}," már fel van véve a kezdőképernyőre"]},{"$i":"evme-alert-offline-smart-collections-more","$v":"Csatlakozzon az internetre több okos gyűjtemény felvételéhez"},{"$i":"evme-alert-save-wallpaper","$v":"Beállítja háttérképként"},{"$i":"evme-alert-no-more-smart-collections","$v":"Nincs felvehető okos gyűjtemény"},{"$i":"evme-banner-app-install-success","$v":[{"t":"idOrVar","v":"name"}," felvéve a kezdőképernyőre"]},{"$i":"evme-banner-save-wallpaper","$v":"Háttérkép beállítva"},{"$i":"evme-shortcuts-more","$v":"Több"},{"$i":"evme-collectionssuggest-loading","$v":"Betöltés…"},{"$i":"evme-collectionssuggest-loading-cancel","$v":"Mégse"},{"$i":"evme-collectionssuggest-prompt-create-custom","$v":"Saját okos gyűjtemény létrehozása"},{"$i":"evme-backgroundimage-source-label","$v":"Forrás:"},{"$i":"evme-collection-title-prefix","$v":"Minden:"},{"$i":"evme-collection-title-suffix","$v":"Telefon"},{"$i":"evme-collection-loading-more","$v":"Betöltés…"},{"$i":"evme-connectionmessage-apps","$v":["Csatlakozzon az internetre további appok beszerzéséhez ",{"t":"idOrVar","v":"query"}," témában"]},{"$i":"evme-connectionmessage-apps-has-installed","$v":["Csatlakozzon az internetre még több app beszerzéséhez beszerzéséhez ",{"t":"idOrVar","v":"query"}," témában"]},{"$i":"evme-tips-app-explain","innerHTML":"Keresse meg amit szeret a legmenőbb appokkal."},{"$i":"evme-tips-searchbar-focus","innerHTML":"Például a kedvenc énekesét vagy zenekarát…"},{"$i":"evme-tips-exact-results","innerHTML":["Az alábbi appok felelnek meg ennek: <b>",{"t":"idOrVar","v":"query"},"</b>,<br /><br /> koppintson az ikonra a megnyitásához."]},{"$i":"evme-shortcut-custom","$v":"Egyéni…"},{"$i":"evme-shortcut-id-astrology","$v":"Asztrológia"},{"$i":"evme-shortcut-id-autos","$v":"Autó"},{"$i":"evme-shortcut-id-beauty","$v":"Szépség"},{"$i":"evme-shortcut-id-books","$v":"Könyv"},{"$i":"evme-shortcut-id-celebs","$v":"Celeb"},{"$i":"evme-shortcut-id-daily-deals","$v":"Kupon"},{"$i":"evme-shortcut-id-dating","$v":"Randizás"},{"$i":"evme-shortcut-id-electronics","$v":"Elektronika"},{"$i":"evme-shortcut-id-email","$v":"E-mail"},{"$i":"evme-shortcut-id-entertainment","$v":"Szórakozás"},{"$i":"evme-shortcut-id-environment","$v":"Környezet"},{"$i":"evme-shortcut-id-fashion","$v":"Divat"},{"$i":"evme-shortcut-id-funny","$v":"Vicces"},{"$i":"evme-shortcut-id-games","$v":"Játék"},{"$i":"evme-shortcut-id-government","$v":"Kormányzat"},{"$i":"evme-shortcut-id-health","$v":"Egészség"},{"$i":"evme-shortcut-id-jobs","$v":"Állás"},{"$i":"evme-shortcut-id-local","$v":"Helyi"},{"$i":"evme-shortcut-id-maps","$v":"Térkép"},{"$i":"evme-shortcut-id-movies","$v":"Film"},{"$i":"evme-shortcut-id-music","$v":"Zene"},{"$i":"evme-shortcut-id-new-apps","$v":"Új app"},{"$i":"evme-shortcut-id-news","$v":"Hírek"},{"$i":"evme-shortcut-id-photography","$v":"Fotók"},{"$i":"evme-shortcut-id-recipes","$v":"Recept"},{"$i":"evme-shortcut-id-restaurants","$v":"Étterem"},{"$i":"evme-shortcut-id-shopping","$v":"Vásárlás"},{"$i":"evme-shortcut-id-social","$v":"Közösség"},{"$i":"evme-shortcut-id-sports","$v":"Sport"},{"$i":"evme-shortcut-id-tech-news","$v":"Tech hírek"},{"$i":"evme-shortcut-id-top-apps","$v":"Menő app"},{"$i":"evme-shortcut-id-travel","$v":"Utazás"},{"$i":"evme-shortcut-id-tv","$v":"TV"},{"$i":"evme-shortcut-id-video","$v":"Videó"},{"$i":"evme-shortcut-id-utilities","$v":"Eszközök"},{"$i":"evme-shortcut-id-weather","$v":"Időjárás"},{"$i":"evme-add-to-top-of-collection","$v":"Gyűjtemény tetejéhez adás"},{"$i":"evme-save-to-homescreen","$v":"Kezdőképernyőre mentés"},{"$i":"edit-dialog-header","$v":"Szerkesztés"},{"$i":"edit-dialog-name","$v":"Webhely neve"},{"$i":"edit-dialog-url","$v":"Cím"},{"$i":"edit-dialog-cancel","$v":"Mégse"},{"$i":"edit-dialog-done","$v":"Kész"},{"$i":"evme-close","ariaLabel":"Bezárás"},{"$i":"evme-done","ariaLabel":"Mentés"},{"$i":"Showbiz","$v":"Szórakozás"},{"$i":"Social","$v":"Közösség"},{"$i":"Games","$v":"Játék"},{"$i":"Music","$v":"Zene"}]