[{"$i":"wrapper-search-name","$v":[{"t":"idOrVar","v":"topic"}," su ",{"t":"idOrVar","v":"name"}]},{"$i":"contextmenu-add-wallpaper","$v":"Cambia sfondo"},{"$i":"contextmenu-add-smart-collections","$v":"Aggiungi Raccolte smart"},{"$i":"delete-title","$v":["Elimina ",{"t":"idOrVar","v":"name"}]},{"$i":"delete-body","$v":[{"t":"idOrVar","v":"name"}," e tutti i relativi dati verranno eliminati."]},{"$i":"delete","$v":"Elimina"},{"$i":"cancel","$v":"Annulla"},{"$i":"remove-title-2","$v":["Elimina ",{"t":"idOrVar","v":"name"}]},{"$i":"remove-body","$v":["Eliminare ",{"t":"idOrVar","v":"name"}," dalla schermata principale?"]},{"$i":"remove","$v":"Elimina"},{"$i":"longDateFormat","$v":"%A %e %B"},{"$i":"download","$v":"Download"},{"$i":"restart-download-title","$v":"Riavvia download"},{"$i":"restart-download-body","$v":["Procedere con il download di ",{"t":"idOrVar","v":"name"},"?"]},{"$i":"paginationBarText","$v":["Pagina ",{"t":"idOrVar","v":"current"}," di ",{"t":"idOrVar","v":"total"}]},{"$i":"paginationScroller","ariaLabel":"Schermata principale"},{"$i":"loadingEvme2","$v":"Caricamento…"},{"$i":"evme-searchbar-default","$v":"Everything…","placeholder":"Pensavo a…"},{"$i":"evme-searchbar-default2","$v":"Pensavo a…","placeholder":"Pensavo a…"},{"$i":"evme-searchbar-clear","$v":"Indietro"},{"$i":"evme-searchbar-title","$v":"Everything"},{"$i":"evme-helper-default","$v":"Inserire un argomento o una chiave di ricerca"},{"$i":"evme-helper-default2","$v":"Inserire un argomento"},{"$i":"evme-helper-dismiss","$v":"Chiudi"},{"$i":"evme-helper-no-refine","$v":"Nessuna opzione disponibile"},{"$i":"evme-helper-history-title","$v":"Cronologia:"},{"$i":"evme-helper-history-link","$v":"Cronologia"},{"$i":"evme-helper-history-clear","$v":"Cancella cronologia"},{"$i":"evme-helper-didyoumean-title","$v":"Forse intendevi:"},{"$i":"evme-helper-refine-title","$v":"Forse intendevi:"},{"$i":"evme-helper-title-prefix","$v":"Tutto"},{"$i":"evme-helper-title-empty","$v":"Tutto"},{"$i":"evme-helper-save-search","$v":"Aggiungi alla schermata principale"},{"$i":"evme-helper-unsave-search","$v":"Rimuovi dalla schermata principale"},{"$i":"evme-apps-market-download","$v":"Scarica"},{"$i":"evme-apps-market-more-apps","$v":"Altre app"},{"$i":"evme-apps-loading-app","$v":"Caricamento…"},{"$i":"evme-appsmore-loading","$v":"Caricamento…"},{"$i":"evme-alert-app-install-confirm","$v":["Aggiungere ",{"t":"idOrVar","v":"name"}," alla schermata principale?"]},{"$i":"evme-alert-app-install-exists","$v":[{"t":"idOrVar","v":"name"}," è già presente sulla schermata principale"]},{"$i":"evme-alert-offline-smart-collections-more","$v":"Connettersi a Internet per aggiungere altre Raccolte smart"},{"$i":"evme-alert-save-wallpaper","$v":"Impostare come sfondo?"},{"$i":"evme-alert-no-more-smart-collections","$v":"Nessuna Raccolta smart da aggiungere"},{"$i":"evme-banner-app-install-success","$v":[{"t":"idOrVar","v":"name"}," aggiunto alla schermata principale"]},{"$i":"evme-banner-save-wallpaper","$v":"Sfondo impostato correttamente"},{"$i":"evme-shortcuts-more","$v":"Altro"},{"$i":"evme-collectionssuggest-loading","$v":"Caricamento…"},{"$i":"evme-collectionssuggest-loading-cancel","$v":"Annulla"},{"$i":"evme-collectionssuggest-prompt-create-custom","$v":"Crea una Raccolta smart personalizzata"},{"$i":"evme-backgroundimage-source-label","$v":"Sorgente:"},{"$i":"evme-collection-title-prefix","$v":"Everything"},{"$i":"evme-collection-title-suffix","$v":"Telefono"},{"$i":"evme-collection-loading-more","$v":"Caricamento…"},{"$i":"evme-connectionmessage-apps","$v":["Connettersi a Internet per scaricare app per ",{"t":"idOrVar","v":"query"}]},{"$i":"evme-connectionmessage-apps-has-installed","$v":["Connettersi a Internet per scaricare altre app per ",{"t":"idOrVar","v":"query"}]},{"$i":"evme-tips-app-explain","innerHTML":"Trova tutto ciò che ami grazie alle migliori app."},{"$i":"evme-tips-searchbar-focus","innerHTML":"Ad esempio, il tuo cantante o il tuo gruppo preferito…"},{"$i":"evme-tips-exact-results","innerHTML":["Queste sono le app per <b>",{"t":"idOrVar","v":"query"},"</b>,<br /><br /> tocca qualsiasi icona per aprirla."]},{"$i":"evme-shortcut-custom","$v":"Personalizzata…"},{"$i":"evme-shortcut-id-astrology","$v":"Astrologia"},{"$i":"evme-shortcut-id-autos","$v":"Auto"},{"$i":"evme-shortcut-id-beauty","$v":"Bellezza"},{"$i":"evme-shortcut-id-books","$v":"Libri"},{"$i":"evme-shortcut-id-celebs","$v":"Celebrità"},{"$i":"evme-shortcut-id-daily-deals","$v":"Occasioni"},{"$i":"evme-shortcut-id-dating","$v":"Appuntamenti"},{"$i":"evme-shortcut-id-electronics","$v":"Elettronica"},{"$i":"evme-shortcut-id-email","$v":"Email"},{"$i":"evme-shortcut-id-entertainment","$v":"Intrattenimento"},{"$i":"evme-shortcut-id-environment","$v":"Ambiente"},{"$i":"evme-shortcut-id-fashion","$v":"Moda"},{"$i":"evme-shortcut-id-funny","$v":"Divertenti"},{"$i":"evme-shortcut-id-games","$v":"Giochi"},{"$i":"evme-shortcut-id-government","$v":"Governo"},{"$i":"evme-shortcut-id-health","$v":"Salute"},{"$i":"evme-shortcut-id-jobs","$v":"Lavoro"},{"$i":"evme-shortcut-id-local","$v":"Locali"},{"$i":"evme-shortcut-id-maps","$v":"Mappe"},{"$i":"evme-shortcut-id-movies","$v":"Film"},{"$i":"evme-shortcut-id-music","$v":"Musica"},{"$i":"evme-shortcut-id-new-apps","$v":"Nuove app"},{"$i":"evme-shortcut-id-news","$v":"Notizie"},{"$i":"evme-shortcut-id-photography","$v":"Fotografia"},{"$i":"evme-shortcut-id-recipes","$v":"Ricette"},{"$i":"evme-shortcut-id-restaurants","$v":"Ristoranti"},{"$i":"evme-shortcut-id-shopping","$v":"Shopping"},{"$i":"evme-shortcut-id-social","$v":"Social"},{"$i":"evme-shortcut-id-sports","$v":"Sport"},{"$i":"evme-shortcut-id-tech-news","$v":"Notizie tech"},{"$i":"evme-shortcut-id-top-apps","$v":"Top app"},{"$i":"evme-shortcut-id-travel","$v":"Viaggi"},{"$i":"evme-shortcut-id-tv","$v":"TV"},{"$i":"evme-shortcut-id-video","$v":"Video"},{"$i":"evme-shortcut-id-utilities","$v":"Utilità"},{"$i":"evme-shortcut-id-weather","$v":"Meteo"},{"$i":"evme-add-to-top-of-collection","$v":"Aggiungi all’inizio della raccolta"},{"$i":"evme-save-to-homescreen","$v":"Aggiungi alla schermata principale"},{"$i":"edit-dialog-header","$v":"Modifica"},{"$i":"edit-dialog-name","$v":"Nome sito web"},{"$i":"edit-dialog-url","$v":"Indirizzo"},{"$i":"edit-dialog-cancel","$v":"Annulla"},{"$i":"edit-dialog-done","$v":"Fine"},{"$i":"evme-close","ariaLabel":"Chiudi"},{"$i":"evme-done","ariaLabel":"Salva"},{"$i":"Showbiz","$v":"Showbiz"},{"$i":"Social","$v":"Social"},{"$i":"Games","$v":"Giochi"},{"$i":"Music","$v":"Musica"}]