[{"$i":"wrapper-search-name","$v":[{"t":"idOrVar","v":"name"}," の ",{"t":"idOrVar","v":"topic"}]},{"$i":"contextmenu-add-wallpaper","$v":"壁紙を変更"},{"$i":"contextmenu-add-smart-collections","$v":"スマートコレクションを追加"},{"$i":"delete-title","$v":[{"t":"idOrVar","v":"name"}," を削除します"]},{"$i":"delete-body","$v":[{"t":"idOrVar","v":"name"}," とそのデータを削除しますか？"]},{"$i":"delete","$v":"削除"},{"$i":"cancel","$v":"キャンセル"},{"$i":"remove-title-2","$v":[{"t":"idOrVar","v":"name"}," を削除します"]},{"$i":"remove-body","$v":["ホーム画面から ",{"t":"idOrVar","v":"name"}," を削除しますか？"]},{"$i":"remove","$v":"削除"},{"$i":"longDateFormat","$v":"%B%e日(%a)"},{"$i":"download","$v":"ダウンロード"},{"$i":"restart-download-title","$v":"ダウンロード再開"},{"$i":"restart-download-body","$v":[{"t":"idOrVar","v":"name"}," をダウンロードしますか？"]},{"$i":"paginationBarText","$v":[{"t":"idOrVar","v":"current"}," / ",{"t":"idOrVar","v":"total"}," ページ"]},{"$i":"paginationScroller","ariaLabel":"ホーム画面"},{"$i":"loadingEvme2","$v":"読み込み中…"},{"$i":"evme-searchbar-default","$v":"Everything…","placeholder":"I’m thinking of…"},{"$i":"evme-searchbar-default2","$v":"I’m thinking of…","placeholder":"I’m thinking of…"},{"$i":"evme-searchbar-clear","$v":"戻る"},{"$i":"evme-searchbar-title","$v":"Everything"},{"$i":"evme-helper-default","$v":"トピックまたは検索語を入力してください"},{"$i":"evme-helper-default2","$v":"トピックまたはキーワードを入力してください"},{"$i":"evme-helper-dismiss","$v":"消去"},{"$i":"evme-helper-no-refine","$v":"オプションが見つかりません"},{"$i":"evme-helper-history-title","$v":"履歴:"},{"$i":"evme-helper-history-link","$v":"履歴"},{"$i":"evme-helper-history-clear","$v":"履歴を消去"},{"$i":"evme-helper-didyoumean-title","$v":"もしかして:"},{"$i":"evme-helper-refine-title","$v":"もしかして:"},{"$i":"evme-helper-title-prefix","$v":"Everything"},{"$i":"evme-helper-title-empty","$v":"Everything"},{"$i":"evme-helper-save-search","$v":"ホーム画面に追加"},{"$i":"evme-helper-unsave-search","$v":"ホーム画面から削除"},{"$i":"evme-apps-market-download","$v":"ダウンロード"},{"$i":"evme-apps-market-more-apps","$v":"他のアプリ"},{"$i":"evme-apps-loading-app","$v":"読み込み中…"},{"$i":"evme-appsmore-loading","$v":"読み込み中…"},{"$i":"evme-alert-app-install-confirm","$v":[{"t":"idOrVar","v":"name"}," をホーム画面に追加しますか？"]},{"$i":"evme-alert-app-install-exists","$v":[{"t":"idOrVar","v":"name"}," は既にホーム画面に追加されています"]},{"$i":"evme-alert-offline-smart-collections-more","$v":"スマートコレクションを追加するにはインターネットに接続してください"},{"$i":"evme-alert-save-wallpaper","$v":"壁紙に設定しますか？"},{"$i":"evme-alert-no-more-smart-collections","$v":"追加するスマートコレクションはありません"},{"$i":"evme-banner-app-install-success","$v":[{"t":"idOrVar","v":"name"}," をホーム画面に追加しました"]},{"$i":"evme-banner-save-wallpaper","$v":"壁紙に設定しました"},{"$i":"evme-shortcuts-more","$v":"その他"},{"$i":"evme-collectionssuggest-loading","$v":"読み込み中…"},{"$i":"evme-collectionssuggest-loading-cancel","$v":"キャンセル"},{"$i":"evme-collectionssuggest-prompt-create-custom","$v":"独自のスマートコレクションを作成してください"},{"$i":"evme-backgroundimage-source-label","$v":"ソース:"},{"$i":"evme-collection-title-prefix","$v":"Everything"},{"$i":"evme-collection-title-suffix","$v":"Phone"},{"$i":"evme-collection-loading-more","$v":"読み込み中…"},{"$i":"evme-connectionmessage-apps","$v":[{"t":"idOrVar","v":"query"}," のアプリを検索するにはインターネットに接続してください"]},{"$i":"evme-connectionmessage-apps-has-installed","$v":[{"t":"idOrVar","v":"query"}," のアプリをさらに検索するにはインターネットに接続してください"]},{"$i":"evme-tips-app-explain","innerHTML":"すてきなアプリで好きなことを見つけましょう。"},{"$i":"evme-tips-searchbar-focus","innerHTML":"例えば、お気に入りの歌手やバンドを見つけてみましょう…"},{"$i":"evme-tips-exact-results","innerHTML":["これらは <b>",{"t":"idOrVar","v":"query"},"</b> のアプリです。<br /><br /> アイコンをタップしてアプリを開いてください。"]},{"$i":"evme-shortcut-custom","$v":"カスタマイズ…"},{"$i":"evme-shortcut-id-astrology","$v":"占星術"},{"$i":"evme-shortcut-id-autos","$v":"自動車"},{"$i":"evme-shortcut-id-beauty","$v":"美容"},{"$i":"evme-shortcut-id-books","$v":"書籍"},{"$i":"evme-shortcut-id-celebs","$v":"有名人"},{"$i":"evme-shortcut-id-daily-deals","$v":"お得情報"},{"$i":"evme-shortcut-id-dating","$v":"デート"},{"$i":"evme-shortcut-id-electronics","$v":"家電"},{"$i":"evme-shortcut-id-email","$v":"メール"},{"$i":"evme-shortcut-id-entertainment","$v":"娯楽"},{"$i":"evme-shortcut-id-environment","$v":"環境"},{"$i":"evme-shortcut-id-fashion","$v":"ファッション"},{"$i":"evme-shortcut-id-funny","$v":"コミック"},{"$i":"evme-shortcut-id-games","$v":"ゲーム"},{"$i":"evme-shortcut-id-government","$v":"政府"},{"$i":"evme-shortcut-id-health","$v":"健康"},{"$i":"evme-shortcut-id-jobs","$v":"仕事"},{"$i":"evme-shortcut-id-local","$v":"地域"},{"$i":"evme-shortcut-id-maps","$v":"地図"},{"$i":"evme-shortcut-id-movies","$v":"映画"},{"$i":"evme-shortcut-id-music","$v":"音楽"},{"$i":"evme-shortcut-id-new-apps","$v":"新着アプリ"},{"$i":"evme-shortcut-id-news","$v":"ニュース"},{"$i":"evme-shortcut-id-photography","$v":"写真集"},{"$i":"evme-shortcut-id-recipes","$v":"料理"},{"$i":"evme-shortcut-id-restaurants","$v":"レストラン"},{"$i":"evme-shortcut-id-shopping","$v":"買い物"},{"$i":"evme-shortcut-id-social","$v":"ソーシャル"},{"$i":"evme-shortcut-id-sports","$v":"スポーツ"},{"$i":"evme-shortcut-id-tech-news","$v":"技術ニュース"},{"$i":"evme-shortcut-id-top-apps","$v":"人気のアプリ"},{"$i":"evme-shortcut-id-travel","$v":"旅行"},{"$i":"evme-shortcut-id-tv","$v":"TV"},{"$i":"evme-shortcut-id-video","$v":"動画"},{"$i":"evme-shortcut-id-utilities","$v":"ユーティリティ"},{"$i":"evme-shortcut-id-weather","$v":"天気"},{"$i":"evme-add-to-top-of-collection","$v":"コレクションの上位に追加"},{"$i":"evme-save-to-homescreen","$v":"ホーム画面に保存"},{"$i":"edit-dialog-header","$v":"編集"},{"$i":"edit-dialog-name","$v":"Web サイト名"},{"$i":"edit-dialog-url","$v":"URL"},{"$i":"edit-dialog-cancel","$v":"キャンセル"},{"$i":"edit-dialog-done","$v":"完了"},{"$i":"evme-close","ariaLabel":"閉じる"},{"$i":"evme-done","ariaLabel":"保存"},{"$i":"Showbiz","$v":"Showbiz"},{"$i":"Social","$v":"ソーシャル"},{"$i":"Games","$v":"ゲーム"},{"$i":"Music","$v":"音楽"}]