[{"$i":"wrapper-search-name","$v":[{"t":"idOrVar","v":"topic"}," លើ ",{"t":"idOrVar","v":"name"}]},{"$i":"contextmenu-add-wallpaper","$v":"ប្ដូរ​ផ្ទាំង​រូបភាព"},{"$i":"contextmenu-add-smart-collections","$v":"បន្ថែម​សម្រាំង​ឆ្លាត​វៃ"},{"$i":"delete-title","$v":["លុប ",{"t":"idOrVar","v":"name"}]},{"$i":"delete-body","$v":[{"t":"idOrVar","v":"name"}," និង​ទិន្នន័យ​ទាំងអស់​របស់​វា​នឹង​ត្រូវ​លុប។"]},{"$i":"delete","$v":"លុប"},{"$i":"cancel","$v":"បោះបង់"},{"$i":"remove-title-2","$v":["យក​ចេញ ",{"t":"idOrVar","v":"name"}]},{"$i":"remove-body","$v":["យក​ចេញ ",{"t":"idOrVar","v":"name"}," ពី​អេក្រង់​ដើម​ឬ?"]},{"$i":"remove","$v":"យក​ចេញ"},{"$i":"longDateFormat","$v":"%A, %B %e"},{"$i":"download","$v":"ទាញ​យក"},{"$i":"restart-download-title","$v":"ចាប់ផ្ដើម​ទាញយក​ឡើ​ងវិញ"},{"$i":"restart-download-body","$v":["តើ​អ្នក​ចង់​ទាញ​យក ",{"t":"idOrVar","v":"name"},"​ឬ?"]},{"$i":"paginationBarText","$v":[{"t":"idOrVar","v":"current"}," ទំព័រ​នៃ ",{"t":"idOrVar","v":"total"}]},{"$i":"paginationScroller","ariaLabel":"អេក្រង់​ដើម"},{"$i":"loadingEvme2","$v":"កំពុង​ផ្ទុក..."},{"$i":"evme-searchbar-default","$v":"អ្វី​​គ្រប់យ៉ាង...","placeholder":"ខ្ញុំ​កំពុង​គិត​អំពី…"},{"$i":"evme-searchbar-default2","$v":"ខ្ញុំ​កំពុង​គិត​អំពី…","placeholder":"ខ្ញុំ​កំពុង​គិត​អំពី…"},{"$i":"evme-searchbar-clear","$v":"ថយក្រោយ"},{"$i":"evme-searchbar-title","$v":"អ្វី​គ្រប់យ៉ាង"},{"$i":"evme-helper-default","$v":"បញ្ចូល​សំណួរ​ស្វែងរក ឬ​ប្រធានបទ​ណា​មួយ"},{"$i":"evme-helper-default2","$v":"បញ្ចូល​ប្រធាន​បទ​មួយ​ចំនួន ឬ​ពាក្យ​គន្លឹះ"},{"$i":"evme-helper-dismiss","$v":"បោះបង់​ចោល"},{"$i":"evme-helper-no-refine","$v":"រក​មិន​ឃើញ​ជម្រើស"},{"$i":"evme-helper-history-title","$v":"ប្រវត្តិ ៖"},{"$i":"evme-helper-history-link","$v":"ប្រវត្តិ"},{"$i":"evme-helper-history-clear","$v":"សម្អាត​​ប្រវត្តិ"},{"$i":"evme-helper-didyoumean-title","$v":"តើ​អ្នក​ចង់​មាន​ន័យ៖"},{"$i":"evme-helper-refine-title","$v":"តើ​អ្នក​ចង់​មាន​ន័យ៖"},{"$i":"evme-helper-title-prefix","$v":"អ្វី​គ្រប់យ៉ាង"},{"$i":"evme-helper-title-empty","$v":"អ្វី​គ្រប់យ៉ាង"},{"$i":"evme-helper-save-search","$v":"បន្ថែម​ទៅ​អេក្រង់​ដើម"},{"$i":"evme-helper-unsave-search","$v":"លុប​ចេញ​ពី​អេក្រង់​ដើម"},{"$i":"evme-apps-market-download","$v":"ទាញ​យក"},{"$i":"evme-apps-market-more-apps","$v":"កម្មវិធី​ច្រើន​ទៀត"},{"$i":"evme-apps-loading-app","$v":"កំពុង​ផ្ទុក..."},{"$i":"evme-appsmore-loading","$v":"កំពុង​ផ្ទុក..."},{"$i":"evme-alert-app-install-confirm","$v":["បន្ថែម ",{"t":"idOrVar","v":"name"}," ទៅ​អេក្រង់​ដើម?"]},{"$i":"evme-alert-app-install-exists","$v":[{"t":"idOrVar","v":"name"}," បាន​បន្ថែម​រួច​ហើយ​ទៅ​អេក្រង់​ដើម"]},{"$i":"evme-alert-offline-smart-collections-more","$v":"ភ្ជាប់​​អ៊ីនធឺណិត​ ដើម្បី​បន្ថែ​ម​​ Smart Collections បន្ថែម"},{"$i":"evme-alert-save-wallpaper","$v":"កំណត់​ជា​ផ្ទាំង​រូបភាព"},{"$i":"evme-alert-no-more-smart-collections","$v":"គ្មាន Smart Collections ដើម្បី​បន្ថែម"},{"$i":"evme-banner-app-install-success","$v":[{"t":"idOrVar","v":"name"}," បាន​បន្ថែម​ទៅ​អេក្រង់​ដើម"]},{"$i":"evme-banner-save-wallpaper","$v":"ការ​កំណត់​ផ្ទាំង​រូបភាព​ដោយ​ជោគជ័យ"},{"$i":"evme-shortcuts-more","$v":"ច្រើន​ទៀត"},{"$i":"evme-collectionssuggest-loading","$v":"កំពុង​ផ្ទុក..."},{"$i":"evme-collectionssuggest-loading-cancel","$v":"បោះបង់"},{"$i":"evme-collectionssuggest-prompt-create-custom","$v":"បង្កើត Smart Collection ផ្ទាល់ខ្លួន​របស់​អ្នក"},{"$i":"evme-backgroundimage-source-label","$v":"ប្រភព៖"},{"$i":"evme-collection-title-prefix","$v":"អ្វី​គ្រប់យ៉ាង"},{"$i":"evme-collection-title-suffix","$v":"ទូរស័ព្ទ​"},{"$i":"evme-collection-loading-more","$v":"កំពុង​ផ្ទុក..."},{"$i":"evme-connectionmessage-apps","$v":["ភ្ជាប់​ទៅ​អ៊ីនធឺណិត​ដើម្បី​ទទួល​បាន​កម្មវិធី​សម្រាប់ ",{"t":"idOrVar","v":"query"}]},{"$i":"evme-connectionmessage-apps-has-installed","$v":["ភ្ជាប់​ទៅ​អ៊ីនធឺណិត​ដើម្បី​ទទួល​បាន​កម្មវិធី​​ច្រើន​ទៀត​សម្រាប់ ",{"t":"idOrVar","v":"query"}]},{"$i":"evme-tips-app-explain","innerHTML":"រក​អ្វី​ដែល​អ្នក​ចូលចិត្ត​ជាមួយ​កម្មវិធី​ដែល​អស្ចារ្យ។"},{"$i":"evme-tips-searchbar-focus","innerHTML":"ឧទាហរណ៍ រក​អ្នក​ចម្រៀង​​ ឬ​​ក្រុម​ភ្លេង​ដ៏​ពេញនិយម..."},{"$i":"evme-tips-exact-results","innerHTML":["ទាំងនេះ​ជា​កម្មវិធី​សម្រាប់ <b>",{"t":"idOrVar","v":"query"},"</b>,<br /><br /> ចុច​រូបតំណាង​ណាមួយ​ដើម្បី​បើក​វា។"]},{"$i":"evme-shortcut-custom","$v":"ផ្ទាល់ខ្លួន…"},{"$i":"evme-shortcut-id-astrology","$v":"ហោរាសាស្ត្រ"},{"$i":"evme-shortcut-id-autos","$v":"ស្វ័យ​ប្រវត្តិ"},{"$i":"evme-shortcut-id-beauty","$v":"សំអាង"},{"$i":"evme-shortcut-id-books","$v":"សៀវភៅ"},{"$i":"evme-shortcut-id-celebs","$v":"Celebs"},{"$i":"evme-shortcut-id-daily-deals","$v":"ការ​លក់​ប្រចាំថ្ងៃ"},{"$i":"evme-shortcut-id-dating","$v":"ការ​ណាត់"},{"$i":"evme-shortcut-id-electronics","$v":"អេឡិចត្រូនិក"},{"$i":"evme-shortcut-id-email","$v":"អ៊ីមែល"},{"$i":"evme-shortcut-id-entertainment","$v":"ការ​​កម្សាន្ត​"},{"$i":"evme-shortcut-id-environment","$v":"បរិស្ថាន"},{"$i":"evme-shortcut-id-fashion","$v":"ម៉ូត"},{"$i":"evme-shortcut-id-funny","$v":"កំប្លែង"},{"$i":"evme-shortcut-id-games","$v":"ល្បែង"},{"$i":"evme-shortcut-id-government","$v":"រដ្ឋាភិបាល"},{"$i":"evme-shortcut-id-health","$v":"សុខភាព"},{"$i":"evme-shortcut-id-jobs","$v":"ការងារ"},{"$i":"evme-shortcut-id-local","$v":"មូលដ្ឋាន"},{"$i":"evme-shortcut-id-maps","$v":"ផែនទី"},{"$i":"evme-shortcut-id-movies","$v":"ភាពយន្ត"},{"$i":"evme-shortcut-id-music","$v":"តន្ត្រី"},{"$i":"evme-shortcut-id-new-apps","$v":"កម្មវិធី​ថ្មី"},{"$i":"evme-shortcut-id-news","$v":"ដំណឹង"},{"$i":"evme-shortcut-id-photography","$v":"រូបថត"},{"$i":"evme-shortcut-id-recipes","$v":"រូបមន្ត​ម្ហូប"},{"$i":"evme-shortcut-id-restaurants","$v":"ភោជនីយដ្ឋាន"},{"$i":"evme-shortcut-id-shopping","$v":"ការ​ទិញ"},{"$i":"evme-shortcut-id-social","$v":"សង្គម"},{"$i":"evme-shortcut-id-sports","$v":"កីឡា"},{"$i":"evme-shortcut-id-tech-news","$v":"ព័ត៌មាន​បច្ចេកវិទ្យា"},{"$i":"evme-shortcut-id-top-apps","$v":"កម្មវិធី​ពេញនិយម"},{"$i":"evme-shortcut-id-travel","$v":"ធ្វើដំណើរ"},{"$i":"evme-shortcut-id-tv","$v":"TV"},{"$i":"evme-shortcut-id-video","$v":"វីដេអូ"},{"$i":"evme-shortcut-id-utilities","$v":"ឧបករណ៍​ប្រើប្រាស់"},{"$i":"evme-shortcut-id-weather","$v":"អាកាសធាតុ"},{"$i":"evme-add-to-top-of-collection","$v":"បន្ថែម​ទៅ​ផ្នែកខាង​លើសម្រាំង"},{"$i":"evme-save-to-homescreen","$v":"រក្សាទុក​ទៅ​អេក្រង់​ដើម"},{"$i":"edit-dialog-header","$v":"កែសម្រួល​"},{"$i":"edit-dialog-name","$v":"ឈ្មោះ​តំបន់បណ្ដាញ"},{"$i":"edit-dialog-url","$v":"អាសយដ្ឋាន"},{"$i":"edit-dialog-cancel","$v":"បោះបង់"},{"$i":"edit-dialog-done","$v":"រួចរាល់"},{"$i":"evme-close","ariaLabel":"បិទ"},{"$i":"evme-done","ariaLabel":"រក្សាទុក​"},{"$i":"Showbiz","$v":"Showbiz"},{"$i":"Social","$v":"សង្គម"},{"$i":"Games","$v":"ល្បែង"},{"$i":"Music","$v":"តន្ត្រី"}]