[{"$i":"wrapper-search-name","$v":[{"t":"idOrVar","v":"name"},"- ",{"t":"idOrVar","v":"topic"}]},{"$i":"contextmenu-add-wallpaper","$v":"배경 화면 변경"},{"$i":"contextmenu-add-smart-collections","$v":"스마트 모음 추가"},{"$i":"delete-title","$v":[{"t":"idOrVar","v":"name"}," 삭제"]},{"$i":"delete-body","$v":[{"t":"idOrVar","v":"name"},"과 데이터가 모두 삭제됩니다."]},{"$i":"delete","$v":"삭제"},{"$i":"cancel","$v":"취소"},{"$i":"remove-title-2","$v":[{"t":"idOrVar","v":"name"}," 제거"]},{"$i":"remove-body","$v":["홈 화면에서 ",{"t":"idOrVar","v":"name"},"앱을 제거하시겠습니가?"]},{"$i":"remove","$v":"제거"},{"$i":"longDateFormat","$v":"%B %e일 %A"},{"$i":"download","$v":"다운로드"},{"$i":"restart-download-title","$v":"다운로드 다시 시작"},{"$i":"restart-download-body","$v":[{"t":"idOrVar","v":"name"},"를 다운로드하시겠습니까?"]},{"$i":"paginationBarText","$v":["전체 ",{"t":"idOrVar","v":"total"}," 중 ",{"t":"idOrVar","v":"current"}," 페이지"]},{"$i":"paginationScroller","ariaLabel":"홈스크린"},{"$i":"loadingEvme2","$v":"시작하는 중…"},{"$i":"evme-searchbar-default","$v":"전체…","placeholder":"지금 나는…"},{"$i":"evme-searchbar-default2","$v":"앱 검색…","placeholder":"앱 검색…"},{"$i":"evme-searchbar-clear","$v":"뒤로"},{"$i":"evme-searchbar-title","$v":"전체"},{"$i":"evme-helper-default","$v":"주제나 검색어 입력"},{"$i":"evme-helper-default2","$v":"주제나 검색어를 입력하세요"},{"$i":"evme-helper-dismiss","$v":"해제"},{"$i":"evme-helper-no-refine","$v":"선택 사항 없음"},{"$i":"evme-helper-history-title","$v":"검색 기록:"},{"$i":"evme-helper-history-link","$v":"검색 기록"},{"$i":"evme-helper-history-clear","$v":"검색 기록 지우기"},{"$i":"evme-helper-didyoumean-title","$v":"추천:"},{"$i":"evme-helper-refine-title","$v":"추천:"},{"$i":"evme-helper-title-prefix","$v":"전체"},{"$i":"evme-helper-title-empty","$v":"전체"},{"$i":"evme-helper-save-search","$v":"홈스크린에 추가"},{"$i":"evme-helper-unsave-search","$v":"홈스크린에서 제거"},{"$i":"evme-apps-market-download","$v":"다운로드"},{"$i":"evme-apps-market-more-apps","$v":"더 많은 앱"},{"$i":"evme-apps-loading-app","$v":"시작하는 중…"},{"$i":"evme-appsmore-loading","$v":"시작하는 중…"},{"$i":"evme-alert-app-install-confirm","$v":[{"t":"idOrVar","v":"name"},"을 홈 화면에 추가하시겠습니까?"]},{"$i":"evme-alert-app-install-exists","$v":[{"t":"idOrVar","v":"name"},"은 이미 홈 화면에 있습니다."]},{"$i":"evme-alert-offline-smart-collections-more","$v":"더 많은 스마트 컬렉션을 추가하기 위해 인터넷에 연결"},{"$i":"evme-alert-save-wallpaper","$v":"배경 화면으로 설정하시겠습니까?"},{"$i":"evme-alert-no-more-smart-collections","$v":"추가할 스마트 컬렉션 없음"},{"$i":"evme-banner-app-install-success","$v":["홈 화면에 ",{"t":"idOrVar","v":"name"}," 추가 완료"]},{"$i":"evme-banner-save-wallpaper","$v":"바탕화면 설정 완료"},{"$i":"evme-shortcuts-more","$v":"더 보기"},{"$i":"evme-collectionssuggest-loading","$v":"시작하는 중…"},{"$i":"evme-collectionssuggest-loading-cancel","$v":"취소"},{"$i":"evme-collectionssuggest-prompt-create-custom","$v":"맞춤형 스마트 컬렉션 만들기"},{"$i":"evme-backgroundimage-source-label","$v":"출처:"},{"$i":"evme-collection-title-prefix","$v":"전체"},{"$i":"evme-collection-title-suffix","$v":"전화번호"},{"$i":"evme-collection-loading-more","$v":"가져오는 중…"},{"$i":"evme-connectionmessage-apps","$v":[{"t":"idOrVar","v":"query"},"에 대한 앱을 가져오기 위해 인터넷에 연결"]},{"$i":"evme-connectionmessage-apps-has-installed","$v":[{"t":"idOrVar","v":"query"},"에 대한 더 많은 앱을 가져오기 위해 인터넷에 연결"]},{"$i":"evme-tips-app-explain","innerHTML":"멋진 앱으로 좋아하는 걸 찾아보십시오."},{"$i":"evme-tips-searchbar-focus","innerHTML":"예를 들면, 좋아하는 가수나 밴드 등등…"},{"$i":"evme-tips-exact-results","innerHTML":["<b>",{"t":"idOrVar","v":"query"},"</b>에 대한 앱입니다.<br /><br /> 탭하면 열립니다."]},{"$i":"evme-shortcut-custom","$v":"사용자 정의…"},{"$i":"evme-shortcut-id-astrology","$v":"운세"},{"$i":"evme-shortcut-id-autos","$v":"자동차"},{"$i":"evme-shortcut-id-beauty","$v":"미용"},{"$i":"evme-shortcut-id-books","$v":"책"},{"$i":"evme-shortcut-id-celebs","$v":"유명 인사"},{"$i":"evme-shortcut-id-daily-deals","$v":"할인 정보"},{"$i":"evme-shortcut-id-dating","$v":"소개팅"},{"$i":"evme-shortcut-id-electronics","$v":"전자기기"},{"$i":"evme-shortcut-id-email","$v":"이메일"},{"$i":"evme-shortcut-id-entertainment","$v":"엔터테인먼트"},{"$i":"evme-shortcut-id-environment","$v":"환경"},{"$i":"evme-shortcut-id-fashion","$v":"패션"},{"$i":"evme-shortcut-id-funny","$v":"재미"},{"$i":"evme-shortcut-id-games","$v":"게임"},{"$i":"evme-shortcut-id-government","$v":"정부기관"},{"$i":"evme-shortcut-id-health","$v":"건강"},{"$i":"evme-shortcut-id-jobs","$v":"직업"},{"$i":"evme-shortcut-id-local","$v":"위치"},{"$i":"evme-shortcut-id-maps","$v":"지도"},{"$i":"evme-shortcut-id-movies","$v":"영화"},{"$i":"evme-shortcut-id-music","$v":"음악"},{"$i":"evme-shortcut-id-new-apps","$v":"신규 앱"},{"$i":"evme-shortcut-id-news","$v":"뉴스"},{"$i":"evme-shortcut-id-photography","$v":"사진"},{"$i":"evme-shortcut-id-recipes","$v":"요리"},{"$i":"evme-shortcut-id-restaurants","$v":"식당"},{"$i":"evme-shortcut-id-shopping","$v":"쇼핑"},{"$i":"evme-shortcut-id-social","$v":"소셜"},{"$i":"evme-shortcut-id-sports","$v":"스포츠"},{"$i":"evme-shortcut-id-tech-news","$v":"IT뉴스"},{"$i":"evme-shortcut-id-top-apps","$v":"인기 앱"},{"$i":"evme-shortcut-id-travel","$v":"여행"},{"$i":"evme-shortcut-id-tv","$v":"TV"},{"$i":"evme-shortcut-id-video","$v":"동영상"},{"$i":"evme-shortcut-id-utilities","$v":"유틸리티"},{"$i":"evme-shortcut-id-weather","$v":"날씨"},{"$i":"evme-add-to-top-of-collection","$v":"위쪽 컬렉션에 추가"},{"$i":"evme-save-to-homescreen","$v":"홈 화면에 추가"},{"$i":"edit-dialog-header","$v":"편집"},{"$i":"edit-dialog-name","$v":"웹사이트 이름"},{"$i":"edit-dialog-url","$v":"주소"},{"$i":"edit-dialog-cancel","$v":"취소"},{"$i":"edit-dialog-done","$v":"완료"},{"$i":"evme-close","ariaLabel":"닫기"},{"$i":"evme-done","ariaLabel":"저장"},{"$i":"Showbiz","$v":"연예"},{"$i":"Social","$v":"소셜"},{"$i":"Games","$v":"게임"},{"$i":"Music","$v":"음악"}]