[{"$i":"wrapper-search-name","$v":["Ieškoti „",{"t":"idOrVar","v":"name"},"“: ",{"t":"idOrVar","v":"topic"}]},{"$i":"contextmenu-add-wallpaper","$v":"Keisti ekrano foną"},{"$i":"contextmenu-add-smart-collections","$v":"Pridėti išmaniųjų rinkinių"},{"$i":"delete-title","$v":["„",{"t":"idOrVar","v":"name"},"“ šalinimas"]},{"$i":"delete-body","$v":["Bus pašalinta programa „",{"t":"idOrVar","v":"name"},"“ ir visi jos duomenys."]},{"$i":"delete","$v":"Šalinti"},{"$i":"cancel","$v":"Atsisakyti"},{"$i":"remove-title-2","$v":["„",{"t":"idOrVar","v":"name"},"“ šalinimas"]},{"$i":"remove-body","$v":["Pašalinti „",{"t":"idOrVar","v":"name"},"“ iš Pradžios ekrano?"]},{"$i":"remove","$v":"Šalinti"},{"$i":"longDateFormat","$v":"%A, %Eb %e d."},{"$i":"download","$v":"Parsiųsti"},{"$i":"restart-download-title","$v":"Parsiųsti iš naujo"},{"$i":"restart-download-body","$v":["Ar norite parsiųsti programą „",{"t":"idOrVar","v":"name"},"“?"]},{"$i":"paginationBarText","$v":[{"t":"idOrVar","v":"current"}," puslapis iš ",{"t":"idOrVar","v":"total"}]},{"$i":"paginationScroller","ariaLabel":"Pradžios ekranas"},{"$i":"loadingEvme2","$v":"Įkeliama…"},{"$i":"evme-searchbar-default","$v":"Viskas…","placeholder":"Aš mąstau apie…"},{"$i":"evme-searchbar-default2","$v":"Aš mąstau apie…","placeholder":"Aš mąstau apie…"},{"$i":"evme-searchbar-clear","$v":"Grįžti"},{"$i":"evme-searchbar-title","$v":"Viskas"},{"$i":"evme-helper-default","$v":"Įveskite temą arba paieškos užklausą"},{"$i":"evme-helper-default2","$v":"Įveskite temą arba paieškos žodžius"},{"$i":"evme-helper-dismiss","$v":"Atšaukti"},{"$i":"evme-helper-no-refine","$v":"Parinkčių nerasta"},{"$i":"evme-helper-history-title","$v":"Žurnalas:"},{"$i":"evme-helper-history-link","$v":"Žurnalas"},{"$i":"evme-helper-history-clear","$v":"Valyti žurnalą"},{"$i":"evme-helper-didyoumean-title","$v":"Ar turėjote omenyje:"},{"$i":"evme-helper-refine-title","$v":"Ar turėjote omenyje:"},{"$i":"evme-helper-title-prefix","$v":"Viskas"},{"$i":"evme-helper-title-empty","$v":"Viskas"},{"$i":"evme-helper-save-search","$v":"Pridėti į Pradžios ekraną"},{"$i":"evme-helper-unsave-search","$v":"Šalinti iš Pradžios ekrano"},{"$i":"evme-apps-market-download","$v":"Parsiųsti"},{"$i":"evme-apps-market-more-apps","$v":"Daugiau programų"},{"$i":"evme-apps-loading-app","$v":"Įkeliama…"},{"$i":"evme-appsmore-loading","$v":"Įkeliama…"},{"$i":"evme-alert-app-install-confirm","$v":["Pridėti „",{"t":"idOrVar","v":"name"},"“ į Pradžios ekraną?"]},{"$i":"evme-alert-app-install-exists","$v":["Programa „",{"t":"idOrVar","v":"name"},"“ jau buvo Pradžios ekrane"]},{"$i":"evme-alert-offline-smart-collections-more","$v":"Prisijunkite prie interneto, jeigu norite pridėti daugiau išmaniųjų rinkinių"},{"$i":"evme-alert-save-wallpaper","$v":"Naudoti kaip ekrano foną?"},{"$i":"evme-alert-no-more-smart-collections","$v":"Nėra galimų pridėti išmaniųjų rinkinių"},{"$i":"evme-banner-app-install-success","$v":["Programa „",{"t":"idOrVar","v":"name"},"“ pridėta į Pradžios ekraną"]},{"$i":"evme-banner-save-wallpaper","$v":"Ekrano fonas pakeistas"},{"$i":"evme-shortcuts-more","$v":"Daugiau"},{"$i":"evme-collectionssuggest-loading","$v":"Įkeliama…"},{"$i":"evme-collectionssuggest-loading-cancel","$v":"Atsisakyti"},{"$i":"evme-collectionssuggest-prompt-create-custom","$v":"Sukurkite savo išmanųjį rinkinį"},{"$i":"evme-backgroundimage-source-label","$v":"Šaltinis:"},{"$i":"evme-collection-title-prefix","$v":"Viskas"},{"$i":"evme-collection-title-suffix","$v":"Telefonas"},{"$i":"evme-collection-loading-more","$v":"Įkeliama…"},{"$i":"evme-connectionmessage-apps","$v":["Prisijungti prie interneto ir gauti programų, atitinkančių užklausą „",{"t":"idOrVar","v":"query"},"“"]},{"$i":"evme-connectionmessage-apps-has-installed","$v":["Prisijungti prie interneto ir gauti daugiau programų, atitinkančių užklausą „",{"t":"idOrVar","v":"query"},"“"]},{"$i":"evme-tips-app-explain","innerHTML":"Raskite mėgstamus dalykus geriausiose programose."},{"$i":"evme-tips-searchbar-focus","innerHTML":"Pavyzdžiui, galite ieškoti savo mėgstamo atlikėjo ar grupės…"},{"$i":"evme-tips-exact-results","innerHTML":["Šios programos atitinka užklausą <b>",{"t":"idOrVar","v":"query"},"</b>,<br /><br /> bakstelėkite bet kurią programą, jei norite ją atverti."]},{"$i":"evme-shortcut-custom","$v":"Kita…"},{"$i":"evme-shortcut-id-astrology","$v":"Astrologija"},{"$i":"evme-shortcut-id-autos","$v":"Automobiliai"},{"$i":"evme-shortcut-id-beauty","$v":"Grožis"},{"$i":"evme-shortcut-id-books","$v":"Knygos"},{"$i":"evme-shortcut-id-celebs","$v":"Įžymybės"},{"$i":"evme-shortcut-id-daily-deals","$v":"Dienos akcijos"},{"$i":"evme-shortcut-id-dating","$v":"Pažintys"},{"$i":"evme-shortcut-id-electronics","$v":"Elektronika"},{"$i":"evme-shortcut-id-email","$v":"El. paštas"},{"$i":"evme-shortcut-id-entertainment","$v":"Pramogos"},{"$i":"evme-shortcut-id-environment","$v":"Aplinka"},{"$i":"evme-shortcut-id-fashion","$v":"Mada"},{"$i":"evme-shortcut-id-funny","$v":"Pokštai"},{"$i":"evme-shortcut-id-games","$v":"Žaidimai"},{"$i":"evme-shortcut-id-government","$v":"Valdžia"},{"$i":"evme-shortcut-id-health","$v":"Sveikata"},{"$i":"evme-shortcut-id-jobs","$v":"Darbas"},{"$i":"evme-shortcut-id-local","$v":"Vietinės"},{"$i":"evme-shortcut-id-maps","$v":"Žemėlapiai"},{"$i":"evme-shortcut-id-movies","$v":"Filmai"},{"$i":"evme-shortcut-id-music","$v":"Muzika"},{"$i":"evme-shortcut-id-new-apps","$v":"Naujos programos"},{"$i":"evme-shortcut-id-news","$v":"Naujienos"},{"$i":"evme-shortcut-id-photography","$v":"Fotografija"},{"$i":"evme-shortcut-id-recipes","$v":"Receptai"},{"$i":"evme-shortcut-id-restaurants","$v":"Restoranai"},{"$i":"evme-shortcut-id-shopping","$v":"Apsipirkimas"},{"$i":"evme-shortcut-id-social","$v":"Socialinės"},{"$i":"evme-shortcut-id-sports","$v":"Sportas"},{"$i":"evme-shortcut-id-tech-news","$v":"Technikos naujienos"},{"$i":"evme-shortcut-id-top-apps","$v":"Populiariausios programos"},{"$i":"evme-shortcut-id-travel","$v":"Kelionės"},{"$i":"evme-shortcut-id-tv","$v":"TV"},{"$i":"evme-shortcut-id-video","$v":"Video"},{"$i":"evme-shortcut-id-utilities","$v":"Paslaugų programos"},{"$i":"evme-shortcut-id-weather","$v":"Orai"},{"$i":"evme-add-to-top-of-collection","$v":"Pridėti į rinkinio viršų"},{"$i":"evme-save-to-homescreen","$v":"Pridėti į Pradžios ekraną"},{"$i":"edit-dialog-header","$v":"Taisymas"},{"$i":"edit-dialog-name","$v":"Svetainės pavadinimas"},{"$i":"edit-dialog-url","$v":"Adresas"},{"$i":"edit-dialog-cancel","$v":"Atsisakyti"},{"$i":"edit-dialog-done","$v":"Atlikta"},{"$i":"evme-close","ariaLabel":"Užverti"},{"$i":"evme-done","ariaLabel":"Įrašyti"},{"$i":"Showbiz","$v":"Pramogos"},{"$i":"Social","$v":"Socialinės"},{"$i":"Games","$v":"Žaidimai"},{"$i":"Music","$v":"Muzika"}]