[{"$i":"wrapper-search-name","$v":[{"t":"idOrVar","v":"topic"}," на ",{"t":"idOrVar","v":"name"}]},{"$i":"contextmenu-add-wallpaper","$v":"Промени тапет"},{"$i":"contextmenu-add-smart-collections","$v":"Додај Паметни збирки"},{"$i":"delete-title","$v":["Избриши ",{"t":"idOrVar","v":"name"}]},{"$i":"delete-body","$v":[{"t":"idOrVar","v":"name"}," и сите негови податоци ќе бидат избришани."]},{"$i":"delete","$v":"Избриши"},{"$i":"cancel","$v":"Откажи"},{"$i":"remove-title-2","$v":["Отстрани ",{"t":"idOrVar","v":"name"}]},{"$i":"remove-body","$v":["Отстрани ",{"t":"idOrVar","v":"name"}," од домашниот екран?"]},{"$i":"remove","$v":"Отстрани"},{"$i":"longDateFormat","$v":"%A, %e %B"},{"$i":"download","$v":"Преземи"},{"$i":"restart-download-title","$v":"Рестартирај преземање"},{"$i":"restart-download-body","$v":["Дали сакате да преземете ",{"t":"idOrVar","v":"name"},"?"]},{"$i":"paginationBarText","$v":["Page ",{"t":"idOrVar","v":"current"}," of ",{"t":"idOrVar","v":"total"}]},{"$i":"paginationScroller","ariaLabel":"Homescreen"},{"$i":"loadingEvme2","$v":"Се вчитува…"},{"$i":"evme-searchbar-default","$v":"Сѐ…","placeholder":"Размислувам за…"},{"$i":"evme-searchbar-default2","$v":"Размислувам за…","placeholder":"Размислувам за…"},{"$i":"evme-searchbar-clear","$v":"Назад"},{"$i":"evme-searchbar-title","$v":"Сѐ"},{"$i":"evme-helper-default","$v":"Внесете тема или пребарување"},{"$i":"evme-helper-default2","$v":"Внесете тема или клучен збор"},{"$i":"evme-helper-dismiss","$v":"Заборави"},{"$i":"evme-helper-no-refine","$v":"Не се најдени опции"},{"$i":"evme-helper-history-title","$v":"Историја:"},{"$i":"evme-helper-history-link","$v":"Историја"},{"$i":"evme-helper-history-clear","$v":"Исчисти ја историјата"},{"$i":"evme-helper-didyoumean-title","$v":"Дали мислевте:"},{"$i":"evme-helper-refine-title","$v":"Дали мислевте:"},{"$i":"evme-helper-title-prefix","$v":"Сѐ"},{"$i":"evme-helper-title-empty","$v":"Сѐ"},{"$i":"evme-helper-save-search","$v":"Add to homescreen"},{"$i":"evme-helper-unsave-search","$v":"Remove from homescreen"},{"$i":"evme-apps-market-download","$v":"Преземи"},{"$i":"evme-apps-market-more-apps","$v":"Повеќе апликации"},{"$i":"evme-apps-loading-app","$v":"Сѐ вчитува…"},{"$i":"evme-appsmore-loading","$v":"Сѐ вчитува…"},{"$i":"evme-alert-app-install-confirm","$v":["Додај ",{"t":"idOrVar","v":"name"}," на домашниот екран?"]},{"$i":"evme-alert-app-install-exists","$v":[{"t":"idOrVar","v":"name"}," веќе постои на домашниот екран"]},{"$i":"evme-alert-offline-smart-collections-more","$v":"Врзете се на Интернет за додавање на повеќе Паметни збирки"},{"$i":"evme-alert-save-wallpaper","$v":"Да поставам како тапет?"},{"$i":"evme-alert-no-more-smart-collections","$v":"Нема Паметни збирки за додавање"},{"$i":"evme-banner-app-install-success","$v":[{"t":"idOrVar","v":"name"}," е додаден на домашниот екран"]},{"$i":"evme-banner-save-wallpaper","$v":"Тапетот е успешно поставен"},{"$i":"evme-shortcuts-more","$v":"Повеќе"},{"$i":"evme-collectionssuggest-loading","$v":"Се вчитува…"},{"$i":"evme-collectionssuggest-loading-cancel","$v":"Откажи"},{"$i":"evme-collectionssuggest-prompt-create-custom","$v":"Создадете сопствени Паметни збирки"},{"$i":"evme-backgroundimage-source-label","$v":"Извор:"},{"$i":"evme-collection-title-prefix","$v":"Сѐ"},{"$i":"evme-collection-title-suffix","$v":"Телефон"},{"$i":"evme-collection-loading-more","$v":"Се вчитува…"},{"$i":"evme-connectionmessage-apps","$v":["Поврзете се на интернет за да земете апликации за ",{"t":"idOrVar","v":"query"}]},{"$i":"evme-connectionmessage-apps-has-installed","$v":["Поврзете се на интернет за да земете повеќе апликации за ",{"t":"idOrVar","v":"query"}]},{"$i":"evme-tips-app-explain","innerHTML":"Најдете ги нештата што ги саката со најдобрите апликации."},{"$i":"evme-tips-searchbar-focus","innerHTML":"На пример, најдете го Вашиот омилен пејач или бенд…"},{"$i":"evme-tips-exact-results","innerHTML":["Ова се апликациите за <b>",{"t":"idOrVar","v":"query"},"</b>,<br /><br /> притиснете на било која икона за да ги отворите."]},{"$i":"evme-shortcut-custom","$v":"По избор..."},{"$i":"evme-shortcut-id-astrology","$v":"Астрологија"},{"$i":"evme-shortcut-id-autos","$v":"Автомобили"},{"$i":"evme-shortcut-id-beauty","$v":"Убавина"},{"$i":"evme-shortcut-id-books","$v":"Книги"},{"$i":"evme-shortcut-id-celebs","$v":"Славни лица"},{"$i":"evme-shortcut-id-daily-deals","$v":"Дневни зделки"},{"$i":"evme-shortcut-id-dating","$v":"Љубовни средби"},{"$i":"evme-shortcut-id-electronics","$v":"Електроника"},{"$i":"evme-shortcut-id-email","$v":"Е-пошта"},{"$i":"evme-shortcut-id-entertainment","$v":"Забава"},{"$i":"evme-shortcut-id-environment","$v":"Животна средина"},{"$i":"evme-shortcut-id-fashion","$v":"Мода"},{"$i":"evme-shortcut-id-funny","$v":"Смешки"},{"$i":"evme-shortcut-id-games","$v":"Игри"},{"$i":"evme-shortcut-id-government","$v":"Влада"},{"$i":"evme-shortcut-id-health","$v":"Здравје"},{"$i":"evme-shortcut-id-jobs","$v":"Работа"},{"$i":"evme-shortcut-id-local","$v":"Локално"},{"$i":"evme-shortcut-id-maps","$v":"Мапи"},{"$i":"evme-shortcut-id-movies","$v":"Филмови"},{"$i":"evme-shortcut-id-music","$v":"Музика"},{"$i":"evme-shortcut-id-new-apps","$v":"Нови апликации"},{"$i":"evme-shortcut-id-news","$v":"Вести"},{"$i":"evme-shortcut-id-photography","$v":"Фотографија"},{"$i":"evme-shortcut-id-recipes","$v":"Рецепти"},{"$i":"evme-shortcut-id-restaurants","$v":"Ресторани"},{"$i":"evme-shortcut-id-shopping","$v":"Шопинг"},{"$i":"evme-shortcut-id-social","$v":"Социјални мрежи"},{"$i":"evme-shortcut-id-sports","$v":"Спорт"},{"$i":"evme-shortcut-id-tech-news","$v":"Вести од технологијата"},{"$i":"evme-shortcut-id-top-apps","$v":"Најдобри апликации"},{"$i":"evme-shortcut-id-travel","$v":"Патувања"},{"$i":"evme-shortcut-id-tv","$v":"ТВ"},{"$i":"evme-shortcut-id-video","$v":"Видео"},{"$i":"evme-shortcut-id-utilities","$v":"Алатки"},{"$i":"evme-shortcut-id-weather","$v":"Време"},{"$i":"evme-add-to-top-of-collection","$v":"Додај на врвот на збирката"},{"$i":"evme-save-to-homescreen","$v":"Зачувај на Домашен екран"},{"$i":"edit-dialog-header","$v":"Уреди"},{"$i":"edit-dialog-name","$v":"Име на веб сајт"},{"$i":"edit-dialog-url","$v":"Адреса"},{"$i":"edit-dialog-cancel","$v":"Откажи"},{"$i":"edit-dialog-done","$v":"Готово"},{"$i":"evme-close","ariaLabel":"Close"},{"$i":"evme-done","ariaLabel":"Save"},{"$i":"Showbiz","$v":"Шоу-бизнис"},{"$i":"Social","$v":"Друштвени"},{"$i":"Games","$v":"Игри"},{"$i":"Music","$v":"Музика"}]