[{"$i":"wrapper-search-name","$v":[{"t":"idOrVar","v":"topic"}," pada ",{"t":"idOrVar","v":"name"}]},{"$i":"contextmenu-add-wallpaper","$v":"Tukar Kertas Dinding"},{"$i":"contextmenu-add-smart-collections","$v":"Tambah Koleksi Pintar"},{"$i":"delete-title","$v":["Hapus ",{"t":"idOrVar","v":"name"}]},{"$i":"delete-body","$v":[{"t":"idOrVar","v":"name"}," dan semua datanya akan dihapuskan."]},{"$i":"delete","$v":"Hapus"},{"$i":"cancel","$v":"Batal"},{"$i":"remove-title-2","$v":["Singkir ",{"t":"idOrVar","v":"name"}]},{"$i":"remove-body","$v":["Singkir ",{"t":"idOrVar","v":"name"}," daripada laman utama?"]},{"$i":"remove","$v":"Singkir"},{"$i":"longDateFormat","$v":"%A, %B %e"},{"$i":"download","$v":"Muat turun"},{"$i":"restart-download-title","$v":"Ulang mula muat turun"},{"$i":"restart-download-body","$v":["Adakah anda ingin muat turun ",{"t":"idOrVar","v":"name"},"?"]},{"$i":"paginationBarText","$v":["Laman ",{"t":"idOrVar","v":"current"}," daripada ",{"t":"idOrVar","v":"total"}]},{"$i":"paginationScroller","ariaLabel":"Skrin Utama"},{"$i":"loadingEvme2","$v":"Memuatkan..."},{"$i":"evme-searchbar-default","$v":"Kesemuanya…","placeholder":"Saya memikirkan…"},{"$i":"evme-searchbar-default2","$v":"Saya memikirkan…","placeholder":"Saya memikirkan…"},{"$i":"evme-searchbar-clear","$v":"Undur"},{"$i":"evme-searchbar-title","$v":"Kesemuanya"},{"$i":"evme-helper-default","$v":"Masukkan pertanyaan untuk sebarang topik atau carian"},{"$i":"evme-helper-default2","$v":"Masukkan sebarang topik atau kata kunci"},{"$i":"evme-helper-dismiss","$v":"Bersurai"},{"$i":"evme-helper-no-refine","$v":"Tiada pilihan ditemui"},{"$i":"evme-helper-history-title","$v":"Sejarah:"},{"$i":"evme-helper-history-link","$v":"Sejarah"},{"$i":"evme-helper-history-clear","$v":"Lapangkan sejarah"},{"$i":"evme-helper-didyoumean-title","$v":"Adakah anda maksudkan:"},{"$i":"evme-helper-refine-title","$v":"Adakah anda maksudkan:"},{"$i":"evme-helper-title-prefix","$v":"Kesemuanya"},{"$i":"evme-helper-title-empty","$v":"Kesemuanya"},{"$i":"evme-helper-save-search","$v":"Tambah ke skrin utama"},{"$i":"evme-helper-unsave-search","$v":"Singkir dari skrin utama"},{"$i":"evme-apps-market-download","$v":"Muat turun"},{"$i":"evme-apps-market-more-apps","$v":"Lagi App"},{"$i":"evme-apps-loading-app","$v":"Memuat…"},{"$i":"evme-appsmore-loading","$v":"Memuat…"},{"$i":"evme-alert-app-install-confirm","$v":["Tambah ",{"t":"idOrVar","v":"name"}," ke Skrin Utama?"]},{"$i":"evme-alert-app-install-exists","$v":[{"t":"idOrVar","v":"name"}," sudah ditambah ke Skrin Utama"]},{"$i":"evme-alert-offline-smart-collections-more","$v":"Sambung ke Internet untuk menambah lagi Koleksi Pintar"},{"$i":"evme-alert-save-wallpaper","$v":"Tetapkan sebagai kertas dinding?"},{"$i":"evme-alert-no-more-smart-collections","$v":"Tiada Koleksi Pintar untuk ditambah"},{"$i":"evme-banner-app-install-success","$v":[{"t":"idOrVar","v":"name"}," ditambah ke Skrin Utama"]},{"$i":"evme-banner-save-wallpaper","$v":"Kertas Dinding berjaya ditetapkan"},{"$i":"evme-shortcuts-more","$v":"Lagi"},{"$i":"evme-collectionssuggest-loading","$v":"Memuat…"},{"$i":"evme-collectionssuggest-loading-cancel","$v":"Batal"},{"$i":"evme-collectionssuggest-prompt-create-custom","$v":"Cipta Koleksi Pintar anda sendiri"},{"$i":"evme-backgroundimage-source-label","$v":"Sumber:"},{"$i":"evme-collection-title-prefix","$v":"Kesemuanya"},{"$i":"evme-collection-title-suffix","$v":"Telefon"},{"$i":"evme-collection-loading-more","$v":"Memuat…"},{"$i":"evme-connectionmessage-apps","$v":["Sambung ke Internet untuk mendapatkan app untuk ",{"t":"idOrVar","v":"query"}]},{"$i":"evme-connectionmessage-apps-has-installed","$v":["Sambung ke Internet untuk mendapatkan lebih banyak app untuk ",{"t":"idOrVar","v":"query"}]},{"$i":"evme-tips-app-explain","innerHTML":"Cari perkara y ang anda sukai dengan app terhebat."},{"$i":"evme-tips-searchbar-focus","innerHTML":"Sebagai contoh, cari penyanyi atau kumpulan kegemaran..."},{"$i":"evme-tips-exact-results","innerHTML":["Berikut adalah app untuk <b>",{"t":"idOrVar","v":"query"},"</b>.<br/><br/> tap sebarang ikon untuk membukanya."]},{"$i":"evme-shortcut-custom","$v":"Suaian..."},{"$i":"evme-shortcut-id-astrology","$v":"Astrologi"},{"$i":"evme-shortcut-id-autos","$v":"Auto"},{"$i":"evme-shortcut-id-beauty","$v":"Kecantikan"},{"$i":"evme-shortcut-id-books","$v":"Buku"},{"$i":"evme-shortcut-id-celebs","$v":"Selebriti"},{"$i":"evme-shortcut-id-daily-deals","$v":"Janji Harian"},{"$i":"evme-shortcut-id-dating","$v":"Pertemuan"},{"$i":"evme-shortcut-id-electronics","$v":"Elektronik"},{"$i":"evme-shortcut-id-email","$v":"Emel"},{"$i":"evme-shortcut-id-entertainment","$v":"Hiburan"},{"$i":"evme-shortcut-id-environment","$v":"Persekitaran"},{"$i":"evme-shortcut-id-fashion","$v":"Fesyen"},{"$i":"evme-shortcut-id-funny","$v":"Jenaka"},{"$i":"evme-shortcut-id-games","$v":"Permainan"},{"$i":"evme-shortcut-id-government","$v":"Kerajaan"},{"$i":"evme-shortcut-id-health","$v":"Kesihatan"},{"$i":"evme-shortcut-id-jobs","$v":"Kerja"},{"$i":"evme-shortcut-id-local","$v":"Lokal"},{"$i":"evme-shortcut-id-maps","$v":"Peta"},{"$i":"evme-shortcut-id-movies","$v":"Wayang"},{"$i":"evme-shortcut-id-music","$v":"Muzik"},{"$i":"evme-shortcut-id-new-apps","$v":"App Baru"},{"$i":"evme-shortcut-id-news","$v":"Berita"},{"$i":"evme-shortcut-id-photography","$v":"Fotografi"},{"$i":"evme-shortcut-id-recipes","$v":"Resepi"},{"$i":"evme-shortcut-id-restaurants","$v":"Restoran"},{"$i":"evme-shortcut-id-shopping","$v":"Membeli-belah"},{"$i":"evme-shortcut-id-social","$v":"Sosial"},{"$i":"evme-shortcut-id-sports","$v":"Sukan"},{"$i":"evme-shortcut-id-tech-news","$v":"Berita Tek"},{"$i":"evme-shortcut-id-top-apps","$v":"App Popular"},{"$i":"evme-shortcut-id-travel","$v":"Pelancongan"},{"$i":"evme-shortcut-id-tv","$v":"TV"},{"$i":"evme-shortcut-id-video","$v":"Video"},{"$i":"evme-shortcut-id-utilities","$v":"Utiliti"},{"$i":"evme-shortcut-id-weather","$v":"Cuaca"},{"$i":"evme-add-to-top-of-collection","$v":"Tambah ke koleksi terbaik"},{"$i":"evme-save-to-homescreen","$v":"Simpan ke Skrin Utama"},{"$i":"edit-dialog-header","$v":"Sunting"},{"$i":"edit-dialog-name","$v":"Nama tapak web"},{"$i":"edit-dialog-url","$v":"Alamat"},{"$i":"edit-dialog-cancel","$v":"Batal"},{"$i":"edit-dialog-done","$v":"Selesai"},{"$i":"evme-close","ariaLabel":"Tutup"},{"$i":"evme-done","ariaLabel":"Simpan"},{"$i":"Showbiz","$v":"Dunia Hiburan"},{"$i":"Social","$v":"Sosial"},{"$i":"Games","$v":"Permainan"},{"$i":"Music","$v":"Muzik"}]