[{"$i":"wrapper-search-name","$v":[{"t":"idOrVar","v":"name"}," मा ",{"t":"idOrVar","v":"topic"}," "]},{"$i":"contextmenu-add-wallpaper","$v":"वालपपेर बदल्नुहोस"},{"$i":"contextmenu-add-smart-collections","$v":"छरितो संङ्कलनहरु थप्नुहोस्"},{"$i":"delete-title","$v":[{"t":"idOrVar","v":"name"}," मेट"]},{"$i":"delete-body","$v":[{"t":"idOrVar","v":"name"}," र यसका सम्पूर्ण डाटाहरु मेटाइनेछ।"]},{"$i":"delete","$v":"मेट्नुहोस्"},{"$i":"cancel","$v":"रद्द गर"},{"$i":"remove-title-2","$v":[{"t":"idOrVar","v":"name"}," हटाउनुहोस्"]},{"$i":"remove-body","$v":["गृहपर्दाबाट ",{"t":"idOrVar","v":"name"}," हटाउने?"]},{"$i":"remove","$v":"हटाउनुहोस्"},{"$i":"longDateFormat","$v":"%A, %B %e"},{"$i":"download","$v":"डाउनलोड गर्नुहोस्"},{"$i":"restart-download-title","$v":"डाउनलोड पुन: सुरु गर्नुहोस"},{"$i":"restart-download-body","$v":["के तपाई ",{"t":"idOrVar","v":"name"}," डाउनलोड गर्न चाहनुहुन्छ?"]},{"$i":"paginationBarText","$v":[{"t":"idOrVar","v":"total"}," को पृष्ठ ",{"t":"idOrVar","v":"current"}]},{"$i":"paginationScroller","ariaLabel":"गृहपर्दा"},{"$i":"loadingEvme2","$v":"लोड हुँदैछ..."},{"$i":"evme-searchbar-default","$v":"सबै...","placeholder":"म यसको बारेमा सोच्दै छु..."},{"$i":"evme-searchbar-default2","$v":"म यसको बारेमा सोच्दै छु...","placeholder":"म यसको बारेमा सोच्दै छु..."},{"$i":"evme-searchbar-clear","$v":"पछाडि"},{"$i":"evme-searchbar-title","$v":"सबै"},{"$i":"evme-helper-default","$v":"कुनै विषय वा प्रस्न खोज्न प्रविष्ट गर्नुहोस्"},{"$i":"evme-helper-default2","$v":"कुनै विषय वा शब्दकुञ्जी प्रविष्ट गर्नुहोस्"},{"$i":"evme-helper-dismiss","$v":"खारेज गर"},{"$i":"evme-helper-no-refine","$v":"कुनै विकल्पहरु भेटिएन"},{"$i":"evme-helper-history-title","$v":"इतिहास:"},{"$i":"evme-helper-history-link","$v":"इतिहास"},{"$i":"evme-helper-history-clear","$v":"इतिहास खाली गर्नुहोस्"},{"$i":"evme-helper-didyoumean-title","$v":"तपाईले भन्न खोज्नुभाको: "},{"$i":"evme-helper-refine-title","$v":"के तपाईले यहीभन्नुभाको:"},{"$i":"evme-helper-title-prefix","$v":"सबै"},{"$i":"evme-helper-title-empty","$v":"सबै"},{"$i":"evme-helper-save-search","$v":"गृहपर्दामा थप्नुहोस्"},{"$i":"evme-helper-unsave-search","$v":"गृहपर्दाबाट हटाउनुहोस्"},{"$i":"evme-apps-market-download","$v":"डाउनलोड गर्नुहोस्"},{"$i":"evme-apps-market-more-apps","$v":"धेरै एप्स्"},{"$i":"evme-apps-loading-app","$v":"लोड हुँदैछ..."},{"$i":"evme-appsmore-loading","$v":"लोड हुँदैछ..."},{"$i":"evme-alert-app-install-confirm","$v":["गृहपर्दामा ",{"t":"idOrVar","v":"name"}," थप्ने?"]},{"$i":"evme-alert-app-install-exists","$v":[{"t":"idOrVar","v":"name"}," गृहपर्दामा थपिसकेको छ"]},{"$i":"evme-alert-offline-smart-collections-more","$v":"थप सङ्कलनहरु थप्नको लागि इन्टरनेट जडान गर्नुहोस्"},{"$i":"evme-alert-save-wallpaper","$v":"वालपेपरका रुपमा सेट गर्नुहुन्छ?"},{"$i":"evme-alert-no-more-smart-collections","$v":"थप गर्न कुनै संङ्कलनहरु छैनन् "},{"$i":"evme-banner-app-install-success","$v":[{"t":"idOrVar","v":"name"}," गृह पर्दामा थपियो"]},{"$i":"evme-banner-save-wallpaper","$v":"वालपेपर सफलतापूर्वक चयन गरियो"},{"$i":"evme-shortcuts-more","$v":"बढी"},{"$i":"evme-collectionssuggest-loading","$v":"लोड हुँदैछ..."},{"$i":"evme-collectionssuggest-loading-cancel","$v":"रद्द गर्नुहोस्"},{"$i":"evme-collectionssuggest-prompt-create-custom","$v":"आफ्नै छरितो संकलन सिर्जना गर्नुहोस्"},{"$i":"evme-backgroundimage-source-label","$v":"स्रोत:"},{"$i":"evme-collection-title-prefix","$v":"सबै कुरा"},{"$i":"evme-collection-title-suffix","$v":"फोन"},{"$i":"evme-collection-loading-more","$v":"लोड हुँदैछ..."},{"$i":"evme-connectionmessage-apps","$v":[{"t":"idOrVar","v":"query"},"का लागि एप पाउन इन्टरनेट जडान गर्नुहोस्"]},{"$i":"evme-connectionmessage-apps-has-installed","$v":[" ",{"t":"idOrVar","v":"query"},"का लागि अज धेरै एपहरु पाउनका लागि इन्टरनेट जडान गर्नुहोस्"]},{"$i":"evme-tips-app-explain","innerHTML":"कुल एपहरुको माध्यमबाट तपाईलाई मनपर्ने कुराहरु पत्ता लगाउनुहोस् |"},{"$i":"evme-tips-searchbar-focus","innerHTML":"जस्तै, तपाईलाई मनपर्ने गायक वा ब्याड पत्ता लगाउनुहोस्…"},{"$i":"evme-tips-exact-results","innerHTML":["यि एपहरु <b>",{"t":"idOrVar","v":"query"},"</b>का लागि हुन्, <br /><br /> खोल्नका लागि कुनै आईकन थिच्नूहोस् | "]},{"$i":"evme-shortcut-custom","$v":"अनुकूल…"},{"$i":"evme-shortcut-id-astrology","$v":"ज्योतिष"},{"$i":"evme-shortcut-id-autos","$v":"स्वत"},{"$i":"evme-shortcut-id-beauty","$v":"सुन्दरता"},{"$i":"evme-shortcut-id-books","$v":"पुस्तकहरु "},{"$i":"evme-shortcut-id-celebs","$v":"सेलेबस्  "},{"$i":"evme-shortcut-id-daily-deals","$v":"दैनिक समझौता"},{"$i":"evme-shortcut-id-dating","$v":"डेटिंग"},{"$i":"evme-shortcut-id-electronics","$v":"विद्युतीय"},{"$i":"evme-shortcut-id-email","$v":"इमेल"},{"$i":"evme-shortcut-id-entertainment","$v":"मनोरन्जन"},{"$i":"evme-shortcut-id-environment","$v":"परिवेश"},{"$i":"evme-shortcut-id-fashion","$v":"फेसन"},{"$i":"evme-shortcut-id-funny","$v":"रमाइलो"},{"$i":"evme-shortcut-id-games","$v":"खेलहरू"},{"$i":"evme-shortcut-id-government","$v":"सरकार"},{"$i":"evme-shortcut-id-health","$v":"स्वास्थ्य"},{"$i":"evme-shortcut-id-jobs","$v":"कार्यहरू"},{"$i":"evme-shortcut-id-local","$v":"स्थानीय"},{"$i":"evme-shortcut-id-maps","$v":"नक्सा"},{"$i":"evme-shortcut-id-movies","$v":"चलचित्र"},{"$i":"evme-shortcut-id-music","$v":"सङ्गीत"},{"$i":"evme-shortcut-id-new-apps","$v":"नँया एपहरु"},{"$i":"evme-shortcut-id-news","$v":"समाचार"},{"$i":"evme-shortcut-id-photography","$v":"फोटोग्राफी"},{"$i":"evme-shortcut-id-recipes","$v":"ब्यन्जन"},{"$i":"evme-shortcut-id-restaurants","$v":"रेस्टुराहरु"},{"$i":"evme-shortcut-id-shopping","$v":"किनमेल"},{"$i":"evme-shortcut-id-social","$v":"सामाजिक"},{"$i":"evme-shortcut-id-sports","$v":"खेलकुद"},{"$i":"evme-shortcut-id-tech-news","$v":"प्राविधिक समाचार "},{"$i":"evme-shortcut-id-top-apps","$v":"शीर्ष एपहरु"},{"$i":"evme-shortcut-id-travel","$v":"यात्रा"},{"$i":"evme-shortcut-id-tv","$v":"टि भि"},{"$i":"evme-shortcut-id-video","$v":"भिडियो"},{"$i":"evme-shortcut-id-utilities","$v":"युटिलिटी"},{"$i":"evme-shortcut-id-weather","$v":"हावापानी"},{"$i":"evme-add-to-top-of-collection","$v":"माथिल्लो सङ्कलनमा थप्नुहोस्"},{"$i":"evme-save-to-homescreen","$v":"गृहपर्दामा बचत गर्नुहोस्"},{"$i":"edit-dialog-header","$v":"सम्पादन गर्नुहोस्"},{"$i":"edit-dialog-name","$v":"वेबसाइटको नाम"},{"$i":"edit-dialog-url","$v":"ठेगाना"},{"$i":"edit-dialog-cancel","$v":"रद्द गर्नुहोस्"},{"$i":"edit-dialog-done","$v":"पूरा भयो"},{"$i":"evme-close","ariaLabel":"बन्द गर्नुहोस्"},{"$i":"evme-done","ariaLabel":"सेभ"},{"$i":"Showbiz","$v":"सो बिज्"},{"$i":"Social","$v":"सामाजिक"},{"$i":"Games","$v":"खेलहरू"},{"$i":"Music","$v":"सङ्गीत"}]