[{"$i":"wrapper-search-name","$v":[{"t":"idOrVar","v":"topic"}," op ",{"t":"idOrVar","v":"name"}]},{"$i":"contextmenu-add-wallpaper","$v":"Achtergrond wijzigen"},{"$i":"contextmenu-add-smart-collections","$v":"Slimme collecties toevoegen"},{"$i":"delete-title","$v":[{"t":"idOrVar","v":"name"}," verwijderen"]},{"$i":"delete-body","$v":[{"t":"idOrVar","v":"name"}," en alle gegevens ervan zullen worden verwijderd."]},{"$i":"delete","$v":"Verwijderen"},{"$i":"cancel","$v":"Annuleren"},{"$i":"remove-title-2","$v":[{"t":"idOrVar","v":"name"}," verwijderen"]},{"$i":"remove-body","$v":[{"t":"idOrVar","v":"name"}," van het startscherm verwijderen?"]},{"$i":"remove","$v":"Verwijderen"},{"$i":"longDateFormat","$v":"%A %e %B"},{"$i":"download","$v":"Downloaden"},{"$i":"restart-download-title","$v":"Download herstarten"},{"$i":"restart-download-body","$v":["Wilt u ",{"t":"idOrVar","v":"name"}," downloaden?"]},{"$i":"paginationBarText","$v":["Pagina ",{"t":"idOrVar","v":"current"}," van ",{"t":"idOrVar","v":"total"}]},{"$i":"paginationScroller","ariaLabel":"Startscherm"},{"$i":"loadingEvme2","$v":"Laden…"},{"$i":"evme-searchbar-default","$v":"Alles…","placeholder":"Ik denk aan …"},{"$i":"evme-searchbar-default2","$v":"Ik denk aan …","placeholder":"Ik denk aan …"},{"$i":"evme-searchbar-clear","$v":"Terug"},{"$i":"evme-searchbar-title","$v":"Alles"},{"$i":"evme-helper-default","$v":"Voer een onderwerp of zoekterm in"},{"$i":"evme-helper-default2","$v":"Voer een onderwerp of trefwoord in"},{"$i":"evme-helper-dismiss","$v":"Verwijderen"},{"$i":"evme-helper-no-refine","$v":"Geen opties gevonden"},{"$i":"evme-helper-history-title","$v":"Geschiedenis:"},{"$i":"evme-helper-history-link","$v":"Geschiedenis"},{"$i":"evme-helper-history-clear","$v":"Geschiedenis wissen"},{"$i":"evme-helper-didyoumean-title","$v":"Bedoelde u:"},{"$i":"evme-helper-refine-title","$v":"Bedoelde u:"},{"$i":"evme-helper-title-prefix","$v":"Alles"},{"$i":"evme-helper-title-empty","$v":"Alles"},{"$i":"evme-helper-save-search","$v":"Toevoegen aan startscherm"},{"$i":"evme-helper-unsave-search","$v":"Verwijderen van startscherm"},{"$i":"evme-apps-market-download","$v":"Downloaden"},{"$i":"evme-apps-market-more-apps","$v":"Meer apps"},{"$i":"evme-apps-loading-app","$v":"Laden…"},{"$i":"evme-appsmore-loading","$v":"Laden…"},{"$i":"evme-alert-app-install-confirm","$v":[{"t":"idOrVar","v":"name"}," aan startscherm toevoegen?"]},{"$i":"evme-alert-app-install-exists","$v":[{"t":"idOrVar","v":"name"}," is al aan startscherm toegevoegd"]},{"$i":"evme-alert-offline-smart-collections-more","$v":"Maak verbinding met het internet om meer Slimme collecties toe te voegen"},{"$i":"evme-alert-save-wallpaper","$v":"Instellen als achtergrond?"},{"$i":"evme-alert-no-more-smart-collections","$v":"Geen Slimme collecties om toe te voegen"},{"$i":"evme-banner-app-install-success","$v":[{"t":"idOrVar","v":"name"}," aan startscherm toegevoegd"]},{"$i":"evme-banner-save-wallpaper","$v":"Achtergrond met succes ingesteld"},{"$i":"evme-shortcuts-more","$v":"Meer"},{"$i":"evme-collectionssuggest-loading","$v":"Laden…"},{"$i":"evme-collectionssuggest-loading-cancel","$v":"Annuleren"},{"$i":"evme-collectionssuggest-prompt-create-custom","$v":"Uw eigen Slimme collectie maken"},{"$i":"evme-backgroundimage-source-label","$v":"Bron:"},{"$i":"evme-collection-title-prefix","$v":"Alles"},{"$i":"evme-collection-title-suffix","$v":"Telefoon"},{"$i":"evme-collection-loading-more","$v":"Laden…"},{"$i":"evme-connectionmessage-apps","$v":["Maak verbinding met het internet om apps voor ",{"t":"idOrVar","v":"query"}," te verkrijgen"]},{"$i":"evme-connectionmessage-apps-has-installed","$v":["Maak verbinding met het internet om nog meer apps voor ",{"t":"idOrVar","v":"query"}," te verkrijgen"]},{"$i":"evme-tips-app-explain","innerHTML":"Vind de dingen die u leuk vindt met de leukste apps."},{"$i":"evme-tips-searchbar-focus","innerHTML":"Vind bijvoorbeeld uw favoriete zanger of band…"},{"$i":"evme-tips-exact-results","innerHTML":["Dit zijn de apps voor <b>",{"t":"idOrVar","v":"query"},"</b>,<br /><br /> tik op een pictogram om het te openen."]},{"$i":"evme-shortcut-custom","$v":"Aangepast…"},{"$i":"evme-shortcut-id-astrology","$v":"Astrologie"},{"$i":"evme-shortcut-id-autos","$v":"Auto’s"},{"$i":"evme-shortcut-id-beauty","$v":"Beauty"},{"$i":"evme-shortcut-id-books","$v":"Boeken"},{"$i":"evme-shortcut-id-celebs","$v":"Celebrity"},{"$i":"evme-shortcut-id-daily-deals","$v":"Dagelijkse deals"},{"$i":"evme-shortcut-id-dating","$v":"Dating"},{"$i":"evme-shortcut-id-electronics","$v":"Elektronica"},{"$i":"evme-shortcut-id-email","$v":"E-mail"},{"$i":"evme-shortcut-id-entertainment","$v":"Entertainment"},{"$i":"evme-shortcut-id-environment","$v":"Milieu"},{"$i":"evme-shortcut-id-fashion","$v":"Mode"},{"$i":"evme-shortcut-id-funny","$v":"Humor"},{"$i":"evme-shortcut-id-games","$v":"Games"},{"$i":"evme-shortcut-id-government","$v":"Overheid"},{"$i":"evme-shortcut-id-health","$v":"Gezondheid"},{"$i":"evme-shortcut-id-jobs","$v":"Banen"},{"$i":"evme-shortcut-id-local","$v":"Lokaal"},{"$i":"evme-shortcut-id-maps","$v":"Kaarten"},{"$i":"evme-shortcut-id-movies","$v":"Films"},{"$i":"evme-shortcut-id-music","$v":"Muziek"},{"$i":"evme-shortcut-id-new-apps","$v":"Nieuwe apps"},{"$i":"evme-shortcut-id-news","$v":"Nieuws"},{"$i":"evme-shortcut-id-photography","$v":"Fotografie"},{"$i":"evme-shortcut-id-recipes","$v":"Recepten"},{"$i":"evme-shortcut-id-restaurants","$v":"Restaurants"},{"$i":"evme-shortcut-id-shopping","$v":"Winkelen"},{"$i":"evme-shortcut-id-social","$v":"Sociaal"},{"$i":"evme-shortcut-id-sports","$v":"Sport"},{"$i":"evme-shortcut-id-tech-news","$v":"Technieuws"},{"$i":"evme-shortcut-id-top-apps","$v":"Topapps"},{"$i":"evme-shortcut-id-travel","$v":"Reizen"},{"$i":"evme-shortcut-id-tv","$v":"TV"},{"$i":"evme-shortcut-id-video","$v":"Video"},{"$i":"evme-shortcut-id-utilities","$v":"Hulpprogramma’s"},{"$i":"evme-shortcut-id-weather","$v":"Weer"},{"$i":"evme-add-to-top-of-collection","$v":"Toevoegen aan bovenkant van collectie"},{"$i":"evme-save-to-homescreen","$v":"Opslaan naar startscherm"},{"$i":"edit-dialog-header","$v":"Bewerken"},{"$i":"edit-dialog-name","$v":"Websitenaam"},{"$i":"edit-dialog-url","$v":"Adres"},{"$i":"edit-dialog-cancel","$v":"Annuleren"},{"$i":"edit-dialog-done","$v":"Gereed"},{"$i":"evme-close","ariaLabel":"Sluiten"},{"$i":"evme-done","ariaLabel":"Opslaan"},{"$i":"Showbiz","$v":"Showbiz"},{"$i":"Social","$v":"Sociaal"},{"$i":"Games","$v":"Games"},{"$i":"Music","$v":"Muziek"}]