[{"$i":"wrapper-search-name","$v":[{"t":"idOrVar","v":"name"}," ਉੱਤੇ ",{"t":"idOrVar","v":"topic"}]},{"$i":"contextmenu-add-wallpaper","$v":"ਵਾਲਪੇਪਰ ਬਦਲੋ"},{"$i":"contextmenu-add-smart-collections","$v":"ਚੁਸਤ ਭੰਡਾਰ ਵਿੱਚ ਜੋੜੋ"},{"$i":"delete-title","$v":[{"t":"idOrVar","v":"name"}," ਹਟਾਓ"]},{"$i":"delete-body","$v":[{"t":"idOrVar","v":"name"}," ਅਤੇ ਇਸ ਦਾ ਸਾਰਾ ਡਾਟਾ ਹਟਾਇਆ ਜਾਵੇਗਾ।"]},{"$i":"delete","$v":"ਹਟਾਓ"},{"$i":"cancel","$v":"ਰੱਦ ਕਰੋ"},{"$i":"remove-title-2","$v":[{"t":"idOrVar","v":"name"}," ਹਟਾਓ"]},{"$i":"remove-body","$v":["ਮੁੱਖ ਸਕਰੀਨ ਤੋਂ ",{"t":"idOrVar","v":"name"}," ਨੂੰ ਹਟਾਉਣਾ ਹੈ?"]},{"$i":"remove","$v":"ਹਟਾਓ"},{"$i":"longDateFormat","$v":"%A %e %B "},{"$i":"download","$v":"ਡਾਊਨਲੋਡ"},{"$i":"restart-download-title","$v":"ਡਾਊਨਲੋਡ ਮੁੜ-ਸ਼ੁਰੂ"},{"$i":"restart-download-body","$v":["ਕੀ ਤੁਸੀਂ ",{"t":"idOrVar","v":"name"}," ਡਾਊਨਲੋਡ ਕਰਨਾ ਚਾਹੁੰਦੇ ਹੋ?"]},{"$i":"paginationBarText","$v":["Page ",{"t":"idOrVar","v":"current"}," of ",{"t":"idOrVar","v":"total"}]},{"$i":"paginationScroller","ariaLabel":"Homescreen"},{"$i":"loadingEvme2","$v":"…ਲੋਡ ਕੀਤਾ ਜਾ ਰਿਹਾ ਹੈ"},{"$i":"evme-searchbar-default","$v":"…ਹਰ ਚੀਜ਼","placeholder":"…ਬਾਰੇ ਮੈਂ ਸੋਚਿਆ ਹੈ"},{"$i":"evme-searchbar-default2","$v":"…ਬਾਰੇ ਮੈਂ ਸੋਚਿਆ ਹੈ","placeholder":"…ਬਾਰੇ ਮੈਂ ਸੋਚਿਆ ਹੈ"},{"$i":"evme-searchbar-clear","$v":"ਵਾਪਿਸ"},{"$i":"evme-searchbar-title","$v":"ਹਰ ਚੀਜ਼"},{"$i":"evme-helper-default","$v":"ਕੋਈ ਵਿਸ਼ਾ ਜਾਂ ਖੋਜ ਸਵਾਲ ਦਿਉ"},{"$i":"evme-helper-default2","$v":"ਕੋਈ ਵਿਸ਼ਾ ਜਾਂ ਸ਼ਬਦ ਦਿਓ"},{"$i":"evme-helper-dismiss","$v":"ਰੱਦ"},{"$i":"evme-helper-no-refine","$v":"ਕੋਈ ਚੋਣ ਨਹੀਂ ਲੱਭੀ"},{"$i":"evme-helper-history-title","$v":"ਅਤੀਤ:"},{"$i":"evme-helper-history-link","$v":"ਅਤੀਤ"},{"$i":"evme-helper-history-clear","$v":"ਅਤੀਤ ਸਾਫ਼ ਕਰੋ"},{"$i":"evme-helper-didyoumean-title","$v":"ਤੁਹਾਡਾ ਭਾਵ ਸੀ:"},{"$i":"evme-helper-refine-title","$v":"ਤੁਹਾਡਾ ਭਾਵ ਸੀ:"},{"$i":"evme-helper-title-prefix","$v":"ਹਰ-ਚੀਜ਼"},{"$i":"evme-helper-title-empty","$v":"ਹਰ-ਚੀਜ਼"},{"$i":"evme-helper-save-search","$v":"Add to homescreen"},{"$i":"evme-helper-unsave-search","$v":"Remove from homescreen"},{"$i":"evme-apps-market-download","$v":"ਡਾਊਨਲੋਡ"},{"$i":"evme-apps-market-more-apps","$v":"ਹੋਰ ਐਪਸ"},{"$i":"evme-apps-loading-app","$v":"…ਲੋਡ ਕੀਤੀ ਜਾ ਰਹੀ ਹੈ"},{"$i":"evme-appsmore-loading","$v":"…ਲੋਡ ਕੀਤੀ ਜਾ ਰਹੀ ਹੈ"},{"$i":"evme-alert-app-install-confirm","$v":[{"t":"idOrVar","v":"name"}," ਨੂੰ ਮੁੱਖ ਸਕਰੀਨ ਉੱਤੇ ਜੋੜਨਾ ਹੈ?"]},{"$i":"evme-alert-app-install-exists","$v":[{"t":"idOrVar","v":"name"}," ਪਹਿਲਾਂ ਹੀ ਮੁੱਕ ਸਕਰੀਨ ਉੱਤੇ ਜੋੜਿਆ ਗਿਆ ਸੀ"]},{"$i":"evme-alert-offline-smart-collections-more","$v":"ਹੋਰ ਚੁਸਤ ਭੰਡਾਰ ਜੋੜਨ ਲਈ ਇੰਟਰਨੈੱਟ ਨਾਲ ਕੁਨੈਕਟ ਕਰੋ"},{"$i":"evme-alert-save-wallpaper","$v":"ਵਾਲਪੇਪਰ ਲਗਾਉਣਾ ਹੈ?"},{"$i":"evme-alert-no-more-smart-collections","$v":"ਜੋੜਨ ਲਈ ਕੋਈ ਚੁਸਤ ਭੰਡਾਰ ਨਹੀਂ ਹੈ"},{"$i":"evme-banner-app-install-success","$v":[{"t":"idOrVar","v":"name"}," ਨੂੰ ਮੁੱਖ ਸਫ਼ੇ ਉੱਤੇ ਜੋੜਿਆ ਗਿਆ"]},{"$i":"evme-banner-save-wallpaper","$v":"ਵਾਲਪੇਪਰ ਠੀਕ ਤਰ੍ਹਾਂ ਲਗਾਇਆ ਗਿਆ ਹੈ"},{"$i":"evme-shortcuts-more","$v":"ਹੋਰ"},{"$i":"evme-collectionssuggest-loading","$v":"…ਲੋਡ ਕੀਤੀ ਜਾ ਰਹੀ ਹੈ"},{"$i":"evme-collectionssuggest-loading-cancel","$v":"ਰੱਦ ਕਰੋ"},{"$i":"evme-collectionssuggest-prompt-create-custom","$v":"ਆਪਣਾ ਚੁਸਤ ਭੰਡਾਰ ਬਣਾਓ"},{"$i":"evme-backgroundimage-source-label","$v":"ਸਰੋਤ:"},{"$i":"evme-collection-title-prefix","$v":"ਹਰ ਚੀਜ਼"},{"$i":"evme-collection-title-suffix","$v":"ਫੋਨ"},{"$i":"evme-collection-loading-more","$v":"…ਲੋਡ ਕੀਤਾ ਜਾ ਰਿਹਾ ਹੈ"},{"$i":"evme-connectionmessage-apps","$v":[{"t":"idOrVar","v":"query"}," ਲਈ ਐਪਸ ਲੈਣ ਲਈ ਇੰਟਰਨੈੱਟ ਨਾਲ ਕੁਨੈਕਟ ਕਰੋ"]},{"$i":"evme-connectionmessage-apps-has-installed","$v":[{"t":"idOrVar","v":"query"}," ਲਈ ਹੋਰ ਵੀ ਐਪਸ ਲੈਣ ਲਈ ਇੰਟਰਨੈੱਟ ਨਾਲ ਕੁਨੈਕਟ ਕਰੋ"]},{"$i":"evme-tips-app-explain","innerHTML":"ਸਭ ਤੋਂ ਵਧੀਆ ਐਪਸ ਨਾਲ ਆਪਣੀ ਪਸੰਦ ਦੀਆਂ ਚੀਜ਼ਾਂ ਲੱਭੋ।"},{"$i":"evme-tips-searchbar-focus","innerHTML":"ਉਦਾਹਰਨ ਲਈ ਆਪਣੀ ਪਸੰਦ ਦਾ ਗਾਇਕ ਜਾਂ ਵੀਡੀਓ…"},{"$i":"evme-tips-exact-results","innerHTML":["<b>",{"t":"idOrVar","v":"query"},"</b> ਲਈ ਐਪਸ ਹਨ,<br /><br /> ਇਸ ਨੂੰ ਖੋਲ੍ਹਣ ਲਈ ਕਿਸੇ ਆਈਕਾਨ ਨੂੰ ਛੂਹੋ।"]},{"$i":"evme-shortcut-custom","$v":"…ਪਸੰਦੀਦਾ"},{"$i":"evme-shortcut-id-astrology","$v":"ਜੋਤਸ਼"},{"$i":"evme-shortcut-id-autos","$v":"ਆਟੋ"},{"$i":"evme-shortcut-id-beauty","$v":"ਖੂਬਸੂਰਤੀ"},{"$i":"evme-shortcut-id-books","$v":"ਕਿਤਾਬਾਂ"},{"$i":"evme-shortcut-id-celebs","$v":"ਨਾਮਵਰ ਹਸਤੀਆਂ"},{"$i":"evme-shortcut-id-daily-deals","$v":"ਰੋਜ਼ਾਨਾ ਸੌਦੇ"},{"$i":"evme-shortcut-id-dating","$v":"ਡੇਟਿੰਗ"},{"$i":"evme-shortcut-id-electronics","$v":"ਇਲੈਕਟ੍ਰੋਨਿਕਸ"},{"$i":"evme-shortcut-id-email","$v":"ਈਮੇਲ"},{"$i":"evme-shortcut-id-entertainment","$v":"ਮਨੋਰੰਜਨ"},{"$i":"evme-shortcut-id-environment","$v":"ਵਾਤਾਵਰਨ"},{"$i":"evme-shortcut-id-fashion","$v":"ਫੈਸ਼ਨ"},{"$i":"evme-shortcut-id-funny","$v":"ਮਖੌਲ"},{"$i":"evme-shortcut-id-games","$v":"ਖੇਡਾਂ"},{"$i":"evme-shortcut-id-government","$v":"ਸਰਕਾਰ"},{"$i":"evme-shortcut-id-health","$v":"ਸਿਹਤ"},{"$i":"evme-shortcut-id-jobs","$v":"ਕੰਮ"},{"$i":"evme-shortcut-id-local","$v":"ਲੋਕਲ"},{"$i":"evme-shortcut-id-maps","$v":"ਨਕਸ਼ੇ"},{"$i":"evme-shortcut-id-movies","$v":"ਫਿਲਮਾਂ"},{"$i":"evme-shortcut-id-music","$v":"ਸੰਗੀਤ"},{"$i":"evme-shortcut-id-new-apps","$v":"ਨਵੇਂ ਐਪਸ"},{"$i":"evme-shortcut-id-news","$v":"ਖ਼ਬਰਾਂ"},{"$i":"evme-shortcut-id-photography","$v":"ਫੋਟੋਗਰਾਫ਼ੀ"},{"$i":"evme-shortcut-id-recipes","$v":"ਖਾਣੇ ਦੇ ਗੁਰ"},{"$i":"evme-shortcut-id-restaurants","$v":"ਰੈਸਟੋਰੈਂਟ"},{"$i":"evme-shortcut-id-shopping","$v":"ਖਰੀਦਦਾਰੀ"},{"$i":"evme-shortcut-id-social","$v":"ਸਮਾਿਜਕ"},{"$i":"evme-shortcut-id-sports","$v":"ਖੇਡਾਂ"},{"$i":"evme-shortcut-id-tech-news","$v":"ਤਕਨੀਕੀ ਖ਼ਬਰਾਂ"},{"$i":"evme-shortcut-id-top-apps","$v":"ਚੋਟੀਆਂ ਦੀਆਂ ਐਪਸ"},{"$i":"evme-shortcut-id-travel","$v":"ਯਾਤਰਾ"},{"$i":"evme-shortcut-id-tv","$v":"ਟੀਵੀ"},{"$i":"evme-shortcut-id-video","$v":"ਵੀਡੀਓ"},{"$i":"evme-shortcut-id-utilities","$v":"ਸਹੂਲਤਾਂ"},{"$i":"evme-shortcut-id-weather","$v":"ਮੌਸਮ"},{"$i":"evme-add-to-top-of-collection","$v":"ਭੰਡਾਰ ਵਿੱਚ ਜੋੜੋ"},{"$i":"evme-save-to-homescreen","$v":"ਮੁੱਖ ਸਕਰੀਨ ਉੱਤੇ ਜੋੜੋ"},{"$i":"edit-dialog-header","$v":"ਸੋਧ"},{"$i":"edit-dialog-name","$v":"ਵੈੱਬਸਾਈਟ ਨਾਂ"},{"$i":"edit-dialog-url","$v":"ਸਿਰਨਾਵਾਂ"},{"$i":"edit-dialog-cancel","$v":"ਰੱਦ ਕਰੋ"},{"$i":"edit-dialog-done","$v":"ਮੁਕੰਮਲ"},{"$i":"evme-close","ariaLabel":"ਬੰਦ ਕਰੋ"},{"$i":"evme-done","ariaLabel":"ਸੰਭਾਲੋ"},{"$i":"Showbiz","$v":"ਸ਼ੋ-ਬਿਜ਼"},{"$i":"Social","$v":"ਸਮਾਜਿਕ"},{"$i":"Games","$v":"ਖੇਡਾਂ"},{"$i":"Music","$v":"ਸੰਗੀਤ"}]