[{"$i":"wrapper-search-name","$v":["„",{"t":"idOrVar","v":"topic"},"” w „",{"t":"idOrVar","v":"name"},"”"]},{"$i":"contextmenu-add-wallpaper","$v":"Zmień tło ekranu"},{"$i":"contextmenu-add-smart-collections","$v":"Dodaj folder wyszukiwania"},{"$i":"delete-title","$v":["Usuwanie „",{"t":"idOrVar","v":"name"},"”"]},{"$i":"delete-body","$v":["Aplikacja „",{"t":"idOrVar","v":"name"},"” i wszystkie powiązane z nią dane zostaną usunięte."]},{"$i":"delete","$v":"Usuń"},{"$i":"cancel","$v":"Anuluj"},{"$i":"remove-title-2","$v":["Usuwanie „",{"t":"idOrVar","v":"name"},"”"]},{"$i":"remove-body","$v":["Usunąć „",{"t":"idOrVar","v":"name"},"” z ekranu głównego?"]},{"$i":"remove","$v":"Usuń"},{"$i":"longDateFormat","$v":"%A, %e %Eb"},{"$i":"download","$v":"Pobierz"},{"$i":"restart-download-title","$v":"Wznawianie pobierania"},{"$i":"restart-download-body","$v":["Pobrać aplikację „",{"t":"idOrVar","v":"name"},"”?"]},{"$i":"paginationBarText","$v":["Strona ",{"t":"idOrVar","v":"current"}," z ",{"t":"idOrVar","v":"total"}]},{"$i":"paginationScroller","ariaLabel":"Ekran główny"},{"$i":"loadingEvme2","$v":"Wczytywanie…"},{"$i":"evme-searchbar-default","$v":"Wyszukaj cokolwiek…","placeholder":"Wyszukaj cokolwiek…"},{"$i":"evme-searchbar-default2","$v":"Wyszukaj cokolwiek…","placeholder":"Wyszukaj cokolwiek…"},{"$i":"evme-searchbar-clear","$v":"Wstecz"},{"$i":"evme-searchbar-title","$v":"Wszystko"},{"$i":"evme-helper-default","$v":"Wprowadź dowolny temat lub zapytanie"},{"$i":"evme-helper-default2","$v":"Wprowadź temat lub słowo kluczowe"},{"$i":"evme-helper-dismiss","$v":"Odrzuć"},{"$i":"evme-helper-no-refine","$v":"Nie znaleziono ustawień"},{"$i":"evme-helper-history-title","$v":"Historia:"},{"$i":"evme-helper-history-link","$v":"Historia"},{"$i":"evme-helper-history-clear","$v":"Wyczyść historię"},{"$i":"evme-helper-didyoumean-title","$v":"Czy chodziło o:"},{"$i":"evme-helper-refine-title","$v":"Czy chodziło o:"},{"$i":"evme-helper-title-prefix","$v":"Wszystko"},{"$i":"evme-helper-title-empty","$v":"Wszystko"},{"$i":"evme-helper-save-search","$v":"Dodaj do ekranu głównego"},{"$i":"evme-helper-unsave-search","$v":"Usuń z ekranu głównego"},{"$i":"evme-apps-market-download","$v":"Pobierz"},{"$i":"evme-apps-market-more-apps","$v":"Więcej aplikacji"},{"$i":"evme-apps-loading-app","$v":"Wczytywanie…"},{"$i":"evme-appsmore-loading","$v":"Wczytywanie…"},{"$i":"evme-alert-app-install-confirm","$v":["Dodać aplikację „",{"t":"idOrVar","v":"name"},"” do ekranu głównego?"]},{"$i":"evme-alert-app-install-exists","$v":["Aplikacja „",{"t":"idOrVar","v":"name"},"” znajduje się już na ekranie głównym"]},{"$i":"evme-alert-offline-smart-collections-more","$v":"Połącz się z Internetem, aby dodać więcej folderów wyszukiwania"},{"$i":"evme-alert-save-wallpaper","$v":"Ustawić jako tło ekranu?"},{"$i":"evme-alert-no-more-smart-collections","$v":"Brak folderów wyszukiwania do dodania"},{"$i":"evme-banner-app-install-success","$v":["Aplikacja „",{"t":"idOrVar","v":"name"},"” została dodana do ekranu głównego"]},{"$i":"evme-banner-save-wallpaper","$v":"Ustawiono jako tło"},{"$i":"evme-shortcuts-more","$v":"Więcej"},{"$i":"evme-collectionssuggest-loading","$v":"Wczytywanie…"},{"$i":"evme-collectionssuggest-loading-cancel","$v":"Anuluj"},{"$i":"evme-collectionssuggest-prompt-create-custom","$v":"Utwórz własny folder wyszukiwania"},{"$i":"evme-backgroundimage-source-label","$v":"Źródło:"},{"$i":"evme-collection-title-prefix","$v":"Wszystko"},{"$i":"evme-collection-title-suffix","$v":"Telefon"},{"$i":"evme-collection-loading-more","$v":"Wczytywanie…"},{"$i":"evme-connectionmessage-apps","$v":["Połącz się z internetem, aby pobrać aplikacje dla „",{"t":"idOrVar","v":"query"},"”"]},{"$i":"evme-connectionmessage-apps-has-installed","$v":["Połącz się z internetem, aby pobrać jeszcze więcej aplikacji dla „",{"t":"idOrVar","v":"query"},"”"]},{"$i":"evme-tips-app-explain","innerHTML":"Wyszukuj ulubione rzeczy dzięki najlepszym aplikacjom."},{"$i":"evme-tips-searchbar-focus","innerHTML":"Przykładowo, wyszukaj swoją ulubioną muzykę…"},{"$i":"evme-tips-exact-results","innerHTML":["Wybrane aplikacje dla zapytania „<b>",{"t":"idOrVar","v":"query"},"</b>”,<br /><br /> stuknij w ikonę, aby otworzyć aplikację."]},{"$i":"evme-shortcut-custom","$v":"Użytkownika"},{"$i":"evme-shortcut-id-astrology","$v":"Astrologia"},{"$i":"evme-shortcut-id-autos","$v":"Samochody"},{"$i":"evme-shortcut-id-beauty","$v":"Uroda"},{"$i":"evme-shortcut-id-books","$v":"Książki"},{"$i":"evme-shortcut-id-celebs","$v":"Gwiazdy"},{"$i":"evme-shortcut-id-daily-deals","$v":"Promocje dnia"},{"$i":"evme-shortcut-id-dating","$v":"Randki"},{"$i":"evme-shortcut-id-electronics","$v":"Elektronika"},{"$i":"evme-shortcut-id-email","$v":"E-mail"},{"$i":"evme-shortcut-id-entertainment","$v":"Rozrywka"},{"$i":"evme-shortcut-id-environment","$v":"Środowisko"},{"$i":"evme-shortcut-id-fashion","$v":"Moda"},{"$i":"evme-shortcut-id-funny","$v":"Śmieszne"},{"$i":"evme-shortcut-id-games","$v":"Gry"},{"$i":"evme-shortcut-id-government","$v":"Polityka"},{"$i":"evme-shortcut-id-health","$v":"Zdrowie"},{"$i":"evme-shortcut-id-jobs","$v":"Praca"},{"$i":"evme-shortcut-id-local","$v":"Lokalne"},{"$i":"evme-shortcut-id-maps","$v":"Mapy"},{"$i":"evme-shortcut-id-movies","$v":"Filmy"},{"$i":"evme-shortcut-id-music","$v":"Muzyka"},{"$i":"evme-shortcut-id-new-apps","$v":"Nowe aplikacje"},{"$i":"evme-shortcut-id-news","$v":"Wiadomości"},{"$i":"evme-shortcut-id-photography","$v":"Fotografie"},{"$i":"evme-shortcut-id-recipes","$v":"Przepisy"},{"$i":"evme-shortcut-id-restaurants","$v":"Restauracje"},{"$i":"evme-shortcut-id-shopping","$v":"Zakupy"},{"$i":"evme-shortcut-id-social","$v":"Sieci społecznościowe"},{"$i":"evme-shortcut-id-sports","$v":"Sport"},{"$i":"evme-shortcut-id-tech-news","$v":"Wiadomości technologiczne"},{"$i":"evme-shortcut-id-top-apps","$v":"Popularne aplikacje"},{"$i":"evme-shortcut-id-travel","$v":"Podróże"},{"$i":"evme-shortcut-id-tv","$v":"TV"},{"$i":"evme-shortcut-id-video","$v":"Wideo"},{"$i":"evme-shortcut-id-utilities","$v":"Narzędzia"},{"$i":"evme-shortcut-id-weather","$v":"Pogoda"},{"$i":"evme-add-to-top-of-collection","$v":"Przypnij na górze folderu wyszukiwania"},{"$i":"evme-save-to-homescreen","$v":"Dodaj do ekranu głównego"},{"$i":"edit-dialog-header","$v":"Edycja"},{"$i":"edit-dialog-name","$v":"Nazwa"},{"$i":"edit-dialog-url","$v":"Adres"},{"$i":"edit-dialog-cancel","$v":"Anuluj"},{"$i":"edit-dialog-done","$v":"Gotowe"},{"$i":"evme-close","ariaLabel":"Zamknij"},{"$i":"evme-done","ariaLabel":"Zapisz"},{"$i":"Showbiz","$v":"Rozrywka"},{"$i":"Social","$v":"Społecznościowe"},{"$i":"Games","$v":"Gry"},{"$i":"Music","$v":"Muzyka"}]