[{"$i":"wrapper-search-name","$v":[{"t":"idOrVar","v":"topic"}," em ",{"t":"idOrVar","v":"name"}]},{"$i":"contextmenu-add-wallpaper","$v":"Mudar papel de parede"},{"$i":"contextmenu-add-smart-collections","$v":"Adicionar coleção inteligente"},{"$i":"delete-title","$v":["Apagar ",{"t":"idOrVar","v":"name"}]},{"$i":"delete-body","$v":[{"t":"idOrVar","v":"name"}," e todos os seus dados serão apagados."]},{"$i":"delete","$v":"Apagar"},{"$i":"cancel","$v":"Cancelar"},{"$i":"remove-title-2","$v":["Remover ",{"t":"idOrVar","v":"name"}]},{"$i":"remove-body","$v":["Remover ",{"t":"idOrVar","v":"name"}," da tela inicial?"]},{"$i":"remove","$v":"Remover"},{"$i":"longDateFormat","$v":"%A, %e de %B"},{"$i":"download","$v":"Baixar"},{"$i":"restart-download-title","$v":"Reiniciar download"},{"$i":"restart-download-body","$v":["Deseja baixar ",{"t":"idOrVar","v":"name"},"?"]},{"$i":"paginationBarText","$v":["Pagina ",{"t":"idOrVar","v":"current"}," de ",{"t":"idOrVar","v":"total"}]},{"$i":"paginationScroller","ariaLabel":"Tela inicial"},{"$i":"loadingEvme2","$v":"Carregando…"},{"$i":"evme-searchbar-default","$v":"Tudo…","placeholder":"Estou pensando em…"},{"$i":"evme-searchbar-default2","$v":"Estou pensando em…","placeholder":"Estou pensando em…"},{"$i":"evme-searchbar-clear","$v":"Voltar"},{"$i":"evme-searchbar-title","$v":"Tudo"},{"$i":"evme-helper-default","$v":"Insira um assunto para pesquisar"},{"$i":"evme-helper-default2","$v":"Insira um assunto ou palavra-chave"},{"$i":"evme-helper-dismiss","$v":"Esconder"},{"$i":"evme-helper-no-refine","$v":"Nenhuma opção encontrada"},{"$i":"evme-helper-history-title","$v":"Histórico:"},{"$i":"evme-helper-history-link","$v":"Histórico"},{"$i":"evme-helper-history-clear","$v":"Limpar histórico"},{"$i":"evme-helper-didyoumean-title","$v":"Você quis dizer:"},{"$i":"evme-helper-refine-title","$v":"Você quis dizer:"},{"$i":"evme-helper-title-prefix","$v":"Tudo"},{"$i":"evme-helper-title-empty","$v":"Tudo"},{"$i":"evme-helper-save-search","$v":"Adicionar a tela inicial"},{"$i":"evme-helper-unsave-search","$v":"Remover da tela inicial"},{"$i":"evme-apps-market-download","$v":"Baixar"},{"$i":"evme-apps-market-more-apps","$v":"Mais aplicativos"},{"$i":"evme-apps-loading-app","$v":"Carregando…"},{"$i":"evme-appsmore-loading","$v":"Carregando…"},{"$i":"evme-alert-app-install-confirm","$v":["Adicionar ",{"t":"idOrVar","v":"name"}," à Tela Inicial?"]},{"$i":"evme-alert-app-install-exists","$v":[{"t":"idOrVar","v":"name"}," já foi adicionado à Tela Inicial"]},{"$i":"evme-alert-offline-smart-collections-more","$v":"Conecte-se à Internet para adicionar mais coleções inteligentes"},{"$i":"evme-alert-save-wallpaper","$v":"Definir como papel de parede?"},{"$i":"evme-alert-no-more-smart-collections","$v":"Nenhuma coleção inteligente para adicionar"},{"$i":"evme-banner-app-install-success","$v":[{"t":"idOrVar","v":"name"}," adicionado à Tela Inicial"]},{"$i":"evme-banner-save-wallpaper","$v":"Papel de parede definido com sucesso"},{"$i":"evme-shortcuts-more","$v":"Mais"},{"$i":"evme-collectionssuggest-loading","$v":"Carregando…"},{"$i":"evme-collectionssuggest-loading-cancel","$v":"Cancelar"},{"$i":"evme-collectionssuggest-prompt-create-custom","$v":"Crie sua própria coleção inteligente"},{"$i":"evme-backgroundimage-source-label","$v":"Fonte:"},{"$i":"evme-collection-title-prefix","$v":"Tudo"},{"$i":"evme-collection-title-suffix","$v":"Telefone"},{"$i":"evme-collection-loading-more","$v":"Carregando…"},{"$i":"evme-connectionmessage-apps","$v":["Conecte-se à Internet para achar um aplicativo para ",{"t":"idOrVar","v":"query"}]},{"$i":"evme-connectionmessage-apps-has-installed","$v":["Conecte-se à Internet para achar ainda mais aplicativos para ",{"t":"idOrVar","v":"query"}]},{"$i":"evme-tips-app-explain","innerHTML":"Encontre as coisas que você ama com os aplicativos mais legais."},{"$i":"evme-tips-searchbar-focus","innerHTML":"Por exemplo, encontre sua banda ou cantor favorito…"},{"$i":"evme-tips-exact-results","innerHTML":["Esses são os aplicativos para <b>",{"t":"idOrVar","v":"query"},"</b>,<br /><br /> toque qualquer ícone para abrir."]},{"$i":"evme-shortcut-custom","$v":"Customizado"},{"$i":"evme-shortcut-id-astrology","$v":"Astrologia"},{"$i":"evme-shortcut-id-autos","$v":"Carros"},{"$i":"evme-shortcut-id-beauty","$v":"Beleza"},{"$i":"evme-shortcut-id-books","$v":"Livros"},{"$i":"evme-shortcut-id-celebs","$v":"Celebridades"},{"$i":"evme-shortcut-id-daily-deals","$v":"Promoções"},{"$i":"evme-shortcut-id-dating","$v":"Namoro"},{"$i":"evme-shortcut-id-electronics","$v":"Eletrônicos"},{"$i":"evme-shortcut-id-email","$v":"E-mail"},{"$i":"evme-shortcut-id-entertainment","$v":"Entretenimento"},{"$i":"evme-shortcut-id-environment","$v":"Ambiente"},{"$i":"evme-shortcut-id-fashion","$v":"Moda"},{"$i":"evme-shortcut-id-funny","$v":"Comédia"},{"$i":"evme-shortcut-id-games","$v":"Jogos"},{"$i":"evme-shortcut-id-government","$v":"Governo"},{"$i":"evme-shortcut-id-health","$v":"Saúde"},{"$i":"evme-shortcut-id-jobs","$v":"Empregos"},{"$i":"evme-shortcut-id-local","$v":"Notícias Locais"},{"$i":"evme-shortcut-id-maps","$v":"Mapas"},{"$i":"evme-shortcut-id-movies","$v":"Filmes"},{"$i":"evme-shortcut-id-music","$v":"Música"},{"$i":"evme-shortcut-id-new-apps","$v":"Aplicativos novos"},{"$i":"evme-shortcut-id-news","$v":"Notícias"},{"$i":"evme-shortcut-id-photography","$v":"Fotografia"},{"$i":"evme-shortcut-id-recipes","$v":"Receitas"},{"$i":"evme-shortcut-id-restaurants","$v":"Restaurantes"},{"$i":"evme-shortcut-id-shopping","$v":"Compras"},{"$i":"evme-shortcut-id-social","$v":"Social"},{"$i":"evme-shortcut-id-sports","$v":"Esportes"},{"$i":"evme-shortcut-id-tech-news","$v":"Tecnologia"},{"$i":"evme-shortcut-id-top-apps","$v":"Aplicativos populares"},{"$i":"evme-shortcut-id-travel","$v":"Viagens"},{"$i":"evme-shortcut-id-tv","$v":"TV"},{"$i":"evme-shortcut-id-video","$v":"Vídeo"},{"$i":"evme-shortcut-id-utilities","$v":"Utilidades"},{"$i":"evme-shortcut-id-weather","$v":"Clima"},{"$i":"evme-add-to-top-of-collection","$v":"Adicionar ao topo da coleção"},{"$i":"evme-save-to-homescreen","$v":"Salvar na Tela Inicial"},{"$i":"edit-dialog-header","$v":"Editar"},{"$i":"edit-dialog-name","$v":"Nome do site"},{"$i":"edit-dialog-url","$v":"Endereço"},{"$i":"edit-dialog-cancel","$v":"Cancelar"},{"$i":"edit-dialog-done","$v":"Pronto"},{"$i":"evme-close","ariaLabel":"Fechar"},{"$i":"evme-done","ariaLabel":"Salvar"},{"$i":"Showbiz","$v":"Entretenimento"},{"$i":"Social","$v":"Social"},{"$i":"Games","$v":"Jogos"},{"$i":"Music","$v":"Música"}]