[{"$i":"wrapper-search-name","$v":[{"t":"idOrVar","v":"topic"}," pe ",{"t":"idOrVar","v":"name"}]},{"$i":"contextmenu-add-wallpaper","$v":"Schimbă fundalul"},{"$i":"contextmenu-add-smart-collections","$v":"Adaugă colecții inteligente"},{"$i":"delete-title","$v":["Șterge ",{"t":"idOrVar","v":"name"}]},{"$i":"delete-body","$v":[{"t":"idOrVar","v":"name"}," și toate datele sale vor fi șterse."]},{"$i":"delete","$v":"Șterge"},{"$i":"cancel","$v":"Renunță"},{"$i":"remove-title-2","$v":["Elimină ",{"t":"idOrVar","v":"name"}]},{"$i":"remove-body","$v":["Elimini ",{"t":"idOrVar","v":"name"}," de pe ecranul principal?"]},{"$i":"remove","$v":"Elimină"},{"$i":"longDateFormat","$v":"%A, %e %B"},{"$i":"download","$v":"Descarcă"},{"$i":"restart-download-title","$v":"Repornește descărcarea"},{"$i":"restart-download-body","$v":["Dorești să descarci ",{"t":"idOrVar","v":"name"},"?"]},{"$i":"paginationBarText","$v":["Page ",{"t":"idOrVar","v":"current"}," of ",{"t":"idOrVar","v":"total"}]},{"$i":"paginationScroller","ariaLabel":"Homescreen"},{"$i":"loadingEvme2","$v":"Se încarcă…"},{"$i":"evme-searchbar-default","$v":"Totul…","placeholder":"Mă gândesc la…"},{"$i":"evme-searchbar-default2","$v":"Mă gândesc la…","placeholder":"Mă gândesc la…"},{"$i":"evme-searchbar-clear","$v":"Înapoi"},{"$i":"evme-searchbar-title","$v":"Totul"},{"$i":"evme-helper-default","$v":"Introdu orice subiect sau căutare"},{"$i":"evme-helper-default2","$v":"Introdu orice subiect sau cuvânt cheie"},{"$i":"evme-helper-dismiss","$v":"Înlătură"},{"$i":"evme-helper-no-refine","$v":"Nicio opțiune găsită"},{"$i":"evme-helper-history-title","$v":"Istoric:"},{"$i":"evme-helper-history-link","$v":"Istoric"},{"$i":"evme-helper-history-clear","$v":"Curăță istoricul"},{"$i":"evme-helper-didyoumean-title","$v":"Ai vrut să spui:"},{"$i":"evme-helper-refine-title","$v":"Ai vrut să spui:"},{"$i":"evme-helper-title-prefix","$v":"Totul"},{"$i":"evme-helper-title-empty","$v":"Totul"},{"$i":"evme-helper-save-search","$v":"Add to homescreen"},{"$i":"evme-helper-unsave-search","$v":"Remove from homescreen"},{"$i":"evme-apps-market-download","$v":"Descarcă"},{"$i":"evme-apps-market-more-apps","$v":"Mai multe aplicații"},{"$i":"evme-apps-loading-app","$v":"Se încarcă…"},{"$i":"evme-appsmore-loading","$v":"Se încarcă…"},{"$i":"evme-alert-app-install-confirm","$v":["Adaugi ",{"t":"idOrVar","v":"name"}," la ecranul principal?"]},{"$i":"evme-alert-app-install-exists","$v":[{"t":"idOrVar","v":"name"}," a fost deja adăugat la ecranul principal"]},{"$i":"evme-alert-offline-smart-collections-more","$v":"Conectează-te la net pentru a adăuga mai multe colecții inteligente"},{"$i":"evme-alert-save-wallpaper","$v":"Setezi ca imagine de fundal?"},{"$i":"evme-alert-no-more-smart-collections","$v":"Nicio colecție inteligentă de adăugat"},{"$i":"evme-banner-app-install-success","$v":[{"t":"idOrVar","v":"name"}," adăugat la ecranul principal"]},{"$i":"evme-banner-save-wallpaper","$v":"Imagine de fundal setată cu succes"},{"$i":"evme-shortcuts-more","$v":"Mai multe"},{"$i":"evme-collectionssuggest-loading","$v":"Se încarcă…"},{"$i":"evme-collectionssuggest-loading-cancel","$v":"Renunță"},{"$i":"evme-collectionssuggest-prompt-create-custom","$v":"Creează-ți propria colecție inteligentă"},{"$i":"evme-backgroundimage-source-label","$v":"Sursă:"},{"$i":"evme-collection-title-prefix","$v":"Totul"},{"$i":"evme-collection-title-suffix","$v":"Telefon"},{"$i":"evme-collection-loading-more","$v":"Se încarcă…"},{"$i":"evme-connectionmessage-apps","$v":["Conectează-te la net pentru a obține aplicații pentru ",{"t":"idOrVar","v":"query"}]},{"$i":"evme-connectionmessage-apps-has-installed","$v":["Conectează-te la net pentru a obține și mai multe aplicații pentru ",{"t":"idOrVar","v":"query"}]},{"$i":"evme-tips-app-explain","innerHTML":"Găsește lucrurile îndrăgite cu cele mai grozave aplicații."},{"$i":"evme-tips-searchbar-focus","innerHTML":"De exemplu, găsește cântărețul sau trupa favorită…"},{"$i":"evme-tips-exact-results","innerHTML":["Acestea sunt aplicațiile pentru <b>",{"t":"idOrVar","v":"query"},"</b>,<br /><br />Atinge orice icoană pentru a le deschide."]},{"$i":"evme-shortcut-custom","$v":"Personalizat..."},{"$i":"evme-shortcut-id-astrology","$v":"Astrologie"},{"$i":"evme-shortcut-id-autos","$v":"Auto"},{"$i":"evme-shortcut-id-beauty","$v":"Frumusețe"},{"$i":"evme-shortcut-id-books","$v":"Cărți"},{"$i":"evme-shortcut-id-celebs","$v":"Celebrități"},{"$i":"evme-shortcut-id-daily-deals","$v":"Oferte zilnice"},{"$i":"evme-shortcut-id-dating","$v":"Întâlniri"},{"$i":"evme-shortcut-id-electronics","$v":"Electronice"},{"$i":"evme-shortcut-id-email","$v":"E-mail"},{"$i":"evme-shortcut-id-entertainment","$v":"Divertisment"},{"$i":"evme-shortcut-id-environment","$v":"Mediu înconjurător"},{"$i":"evme-shortcut-id-fashion","$v":"Modă"},{"$i":"evme-shortcut-id-funny","$v":"Amuzament"},{"$i":"evme-shortcut-id-games","$v":"Jocuri"},{"$i":"evme-shortcut-id-government","$v":"Guvernământ"},{"$i":"evme-shortcut-id-health","$v":"Sănătate"},{"$i":"evme-shortcut-id-jobs","$v":"Locuri de muncă"},{"$i":"evme-shortcut-id-local","$v":"Local"},{"$i":"evme-shortcut-id-maps","$v":"Hărți"},{"$i":"evme-shortcut-id-movies","$v":"Videoclipuri"},{"$i":"evme-shortcut-id-music","$v":"Muzică"},{"$i":"evme-shortcut-id-new-apps","$v":"Aplicații noi"},{"$i":"evme-shortcut-id-news","$v":"Noutăți"},{"$i":"evme-shortcut-id-photography","$v":"Fotografie"},{"$i":"evme-shortcut-id-recipes","$v":"Rețete"},{"$i":"evme-shortcut-id-restaurants","$v":"Restaurante"},{"$i":"evme-shortcut-id-shopping","$v":"Cumpărături"},{"$i":"evme-shortcut-id-social","$v":"Socializare"},{"$i":"evme-shortcut-id-sports","$v":"Sporturi"},{"$i":"evme-shortcut-id-tech-news","$v":"Noutăți tehnologice"},{"$i":"evme-shortcut-id-top-apps","$v":"Aplicații de top"},{"$i":"evme-shortcut-id-travel","$v":"Călătorie"},{"$i":"evme-shortcut-id-tv","$v":"TV"},{"$i":"evme-shortcut-id-video","$v":"Video"},{"$i":"evme-shortcut-id-utilities","$v":"Utilități"},{"$i":"evme-shortcut-id-weather","$v":"Meteo"},{"$i":"evme-add-to-top-of-collection","$v":"Adaugă în fruntea colecției"},{"$i":"evme-save-to-homescreen","$v":"Salvează la ecran"},{"$i":"edit-dialog-header","$v":"Editează"},{"$i":"edit-dialog-name","$v":"Website name"},{"$i":"edit-dialog-url","$v":"Address"},{"$i":"edit-dialog-cancel","$v":"Renunță"},{"$i":"edit-dialog-done","$v":"Gata"},{"$i":"evme-close","ariaLabel":"Close"},{"$i":"evme-done","ariaLabel":"Save"},{"$i":"Showbiz","$v":"Showbiz"},{"$i":"Social","$v":"Social"},{"$i":"Games","$v":"Jocuri"},{"$i":"Music","$v":"Muzică"}]