[{"$i":"wrapper-search-name","$v":[{"t":"idOrVar","v":"topic"}," на ",{"t":"idOrVar","v":"name"}]},{"$i":"contextmenu-add-wallpaper","$v":"Сменить обои"},{"$i":"contextmenu-add-smart-collections","$v":"Добавить Умные подборки"},{"$i":"delete-title","$v":["Удаление ",{"t":"idOrVar","v":"name"}]},{"$i":"delete-body","$v":[{"t":"idOrVar","v":"name"}," и все его данные будут удалены."]},{"$i":"delete","$v":"Удалить"},{"$i":"cancel","$v":"Отмена"},{"$i":"remove-title-2","$v":["Удаление ",{"t":"idOrVar","v":"name"}]},{"$i":"remove-body","$v":["Удалить ",{"t":"idOrVar","v":"name"}," с домашнего экрана?"]},{"$i":"remove","$v":"Удалить"},{"$i":"longDateFormat","$v":"%A, %e %Eb"},{"$i":"download","$v":"Загрузить"},{"$i":"restart-download-title","$v":"Перезапуск загрузки"},{"$i":"restart-download-body","$v":["Вы хотите загрузить ",{"t":"idOrVar","v":"name"},"?"]},{"$i":"paginationBarText","$v":["Страница ",{"t":"idOrVar","v":"current"}," из ",{"t":"idOrVar","v":"total"}]},{"$i":"paginationScroller","ariaLabel":"Домашний экран"},{"$i":"loadingEvme2","$v":"Загрузка…"},{"$i":"evme-searchbar-default","$v":"Весь…","placeholder":"Я думаю о…"},{"$i":"evme-searchbar-default2","$v":"Я думаю о…","placeholder":"Я думаю о…"},{"$i":"evme-searchbar-clear","$v":"Назад"},{"$i":"evme-searchbar-title","$v":"Весь"},{"$i":"evme-helper-default","$v":"Введите любую тему или поисковый запрос"},{"$i":"evme-helper-default2","$v":"Введите любую тему или ключевое слово"},{"$i":"evme-helper-dismiss","$v":"Отклонить"},{"$i":"evme-helper-no-refine","$v":"Вариантов не найдено"},{"$i":"evme-helper-history-title","$v":"История:"},{"$i":"evme-helper-history-link","$v":"История"},{"$i":"evme-helper-history-clear","$v":"Очистить историю"},{"$i":"evme-helper-didyoumean-title","$v":"Вы имели в виду:"},{"$i":"evme-helper-refine-title","$v":"Вы имели в виду:"},{"$i":"evme-helper-title-prefix","$v":"Всё"},{"$i":"evme-helper-title-empty","$v":"Всё"},{"$i":"evme-helper-save-search","$v":"Добавить на домашний экран"},{"$i":"evme-helper-unsave-search","$v":"Удалить с домашнего экрана"},{"$i":"evme-apps-market-download","$v":"Загрузить"},{"$i":"evme-apps-market-more-apps","$v":"Больше приложений"},{"$i":"evme-apps-loading-app","$v":"Загрузка…"},{"$i":"evme-appsmore-loading","$v":"Загрузка…"},{"$i":"evme-alert-app-install-confirm","$v":["Добавить ",{"t":"idOrVar","v":"name"}," на домашний экран?"]},{"$i":"evme-alert-app-install-exists","$v":[{"t":"idOrVar","v":"name"}," уже было добавлено на домашний экран"]},{"$i":"evme-alert-offline-smart-collections-more","$v":"Для добавления других Умных подборок подсоединитесь к Интернету"},{"$i":"evme-alert-save-wallpaper","$v":"Установить как обои?"},{"$i":"evme-alert-no-more-smart-collections","$v":"Нет Умных подборок для добавления"},{"$i":"evme-banner-app-install-success","$v":[{"t":"idOrVar","v":"name"}," добавлено на домашний экран"]},{"$i":"evme-banner-save-wallpaper","$v":"Обои успешно установлены"},{"$i":"evme-shortcuts-more","$v":"Ещё"},{"$i":"evme-collectionssuggest-loading","$v":"Загрузка…"},{"$i":"evme-collectionssuggest-loading-cancel","$v":"Отмена"},{"$i":"evme-collectionssuggest-prompt-create-custom","$v":"Создайте свою Умную подборку"},{"$i":"evme-backgroundimage-source-label","$v":"Источник:"},{"$i":"evme-collection-title-prefix","$v":"Всё"},{"$i":"evme-collection-title-suffix","$v":"Телефон"},{"$i":"evme-collection-loading-more","$v":"Загрузка…"},{"$i":"evme-connectionmessage-apps","$v":["Соединитесь с Интернетом, чтобы получить приложения для ",{"t":"idOrVar","v":"query"}]},{"$i":"evme-connectionmessage-apps-has-installed","$v":["Соединитесь с Интернетом, чтобы получить ещё больше приложений для ",{"t":"idOrVar","v":"query"}]},{"$i":"evme-tips-app-explain","innerHTML":"Найдите то, что вам нравится, с помощью отличных приложений."},{"$i":"evme-tips-searchbar-focus","innerHTML":"Например, найдите вашу любимую певицу или группу…"},{"$i":"evme-tips-exact-results","innerHTML":["Это приложения для <b>",{"t":"idOrVar","v":"query"},"</b>,<br /><br /> для его открытия нажмите на любой значок."]},{"$i":"evme-shortcut-custom","$v":"Настроить…"},{"$i":"evme-shortcut-id-astrology","$v":"Астрология"},{"$i":"evme-shortcut-id-autos","$v":"Авто"},{"$i":"evme-shortcut-id-beauty","$v":"Красота"},{"$i":"evme-shortcut-id-books","$v":"Книги"},{"$i":"evme-shortcut-id-celebs","$v":"Шоу-бизнес"},{"$i":"evme-shortcut-id-daily-deals","$v":"Ежедневные предложения"},{"$i":"evme-shortcut-id-dating","$v":"Знакомства"},{"$i":"evme-shortcut-id-electronics","$v":"Электроника"},{"$i":"evme-shortcut-id-email","$v":"Эл. почта"},{"$i":"evme-shortcut-id-entertainment","$v":"Развлечения"},{"$i":"evme-shortcut-id-environment","$v":"Природа"},{"$i":"evme-shortcut-id-fashion","$v":"Мода"},{"$i":"evme-shortcut-id-funny","$v":"Юмор"},{"$i":"evme-shortcut-id-games","$v":"Игры"},{"$i":"evme-shortcut-id-government","$v":"Правительство"},{"$i":"evme-shortcut-id-health","$v":"Здоровье"},{"$i":"evme-shortcut-id-jobs","$v":"Работа"},{"$i":"evme-shortcut-id-local","$v":"Местные"},{"$i":"evme-shortcut-id-maps","$v":"Карты"},{"$i":"evme-shortcut-id-movies","$v":"Кино"},{"$i":"evme-shortcut-id-music","$v":"Музыка"},{"$i":"evme-shortcut-id-new-apps","$v":"Новые приложения"},{"$i":"evme-shortcut-id-news","$v":"Новости"},{"$i":"evme-shortcut-id-photography","$v":"Фотография"},{"$i":"evme-shortcut-id-recipes","$v":"Рецепты"},{"$i":"evme-shortcut-id-restaurants","$v":"Рестораны"},{"$i":"evme-shortcut-id-shopping","$v":"Шоппинг"},{"$i":"evme-shortcut-id-social","$v":"Общение"},{"$i":"evme-shortcut-id-sports","$v":"Спорт"},{"$i":"evme-shortcut-id-tech-news","$v":"Технология"},{"$i":"evme-shortcut-id-top-apps","$v":"Топ приложений"},{"$i":"evme-shortcut-id-travel","$v":"Путешествия"},{"$i":"evme-shortcut-id-tv","$v":"ТВ"},{"$i":"evme-shortcut-id-video","$v":"Видео"},{"$i":"evme-shortcut-id-utilities","$v":"Утилиты"},{"$i":"evme-shortcut-id-weather","$v":"Погода"},{"$i":"evme-add-to-top-of-collection","$v":"Добавить в верх подборки"},{"$i":"evme-save-to-homescreen","$v":"Сохранить на Домашний экран"},{"$i":"edit-dialog-header","$v":"Правка"},{"$i":"edit-dialog-name","$v":"Имя веб-сайта"},{"$i":"edit-dialog-url","$v":"Адрес"},{"$i":"edit-dialog-cancel","$v":"Отмена"},{"$i":"edit-dialog-done","$v":"Готово"},{"$i":"evme-close","ariaLabel":"Закрыть"},{"$i":"evme-done","ariaLabel":"Сохранить"},{"$i":"Showbiz","$v":"Шоу-бизнес"},{"$i":"Social","$v":"Общение"},{"$i":"Games","$v":"Игры"},{"$i":"Music","$v":"Музыка"}]