[{"$i":"wrapper-search-name","$v":[{"t":"idOrVar","v":"topic"}," na ",{"t":"idOrVar","v":"name"}]},{"$i":"contextmenu-add-wallpaper","$v":"Zmeniť tapetu"},{"$i":"contextmenu-add-smart-collections","$v":"Pridať kolekcie"},{"$i":"delete-title","$v":["Odstrániť ",{"t":"idOrVar","v":"name"},"?"]},{"$i":"delete-body","$v":["Aplikácia ",{"t":"idOrVar","v":"name"}," a všetky jej údaje budú odstránené."]},{"$i":"delete","$v":"Odstrániť"},{"$i":"cancel","$v":"Zrušiť"},{"$i":"remove-title-2","$v":["Odstránenie ",{"t":"idOrVar","v":"name"}]},{"$i":"remove-body","$v":["Naozaj chcete odstrániť ",{"t":"idOrVar","v":"name"}," z úvodnej obrazovky?"]},{"$i":"remove","$v":"Odstrániť"},{"$i":"longDateFormat","$v":"%A, %e. %Eb"},{"$i":"download","$v":"Prevziať"},{"$i":"restart-download-title","$v":"Reštartovanie preberania"},{"$i":"restart-download-body","$v":["Chcete prevziať ",{"t":"idOrVar","v":"name"},"?"]},{"$i":"paginationBarText","$v":["Strana ",{"t":"idOrVar","v":"current"}," z ",{"t":"idOrVar","v":"total"}]},{"$i":"paginationScroller","ariaLabel":"Úvodná obrazovka"},{"$i":"loadingEvme2","$v":"Načítava sa…"},{"$i":"evme-searchbar-default","$v":"Všetko…","placeholder":"Myslím na…"},{"$i":"evme-searchbar-default2","$v":"Myslím na…","placeholder":"Myslím na…"},{"$i":"evme-searchbar-clear","$v":"Naspäť"},{"$i":"evme-searchbar-title","$v":"Všetko"},{"$i":"evme-helper-default","$v":"Zadajte tému alebo výraz vyhľadávania"},{"$i":"evme-helper-default2","$v":"Zadajte tému alebo kľúčové slovo"},{"$i":"evme-helper-dismiss","$v":"Odmietnuť"},{"$i":"evme-helper-no-refine","$v":"Nebolo nič nájdené"},{"$i":"evme-helper-history-title","$v":"História:"},{"$i":"evme-helper-history-link","$v":"História"},{"$i":"evme-helper-history-clear","$v":"Vymazať históriu"},{"$i":"evme-helper-didyoumean-title","$v":"Mysleli ste:"},{"$i":"evme-helper-refine-title","$v":"Mysleli ste:"},{"$i":"evme-helper-title-prefix","$v":"Všetko pre"},{"$i":"evme-helper-title-empty","$v":"Všetko"},{"$i":"evme-helper-save-search","$v":"Pridať na Úvodnú stránku"},{"$i":"evme-helper-unsave-search","$v":"Odstrániť z Úvodnej stránky"},{"$i":"evme-apps-market-download","$v":"Prevziať"},{"$i":"evme-apps-market-more-apps","$v":"Ďalšie aplikácie"},{"$i":"evme-apps-loading-app","$v":"Načítava sa…"},{"$i":"evme-appsmore-loading","$v":"Načítava sa…"},{"$i":"evme-alert-app-install-confirm","$v":["Chcete ",{"t":"idOrVar","v":"name"}," pridať na úvodnú obrazovku?"]},{"$i":"evme-alert-app-install-exists","$v":[{"t":"idOrVar","v":"name"}," sa už nachádza na úvodnej obrazovke"]},{"$i":"evme-alert-offline-smart-collections-more","$v":"Ak chcete získať ďalšie kolekcie, pripojte sa k sieti internet."},{"$i":"evme-alert-save-wallpaper","$v":"Nastaviť ako tapetu?"},{"$i":"evme-alert-no-more-smart-collections","$v":"Žiadne dostupné kolekcie"},{"$i":"evme-banner-app-install-success","$v":["Aplikácia ",{"t":"idOrVar","v":"name"}," úspešne pridaná na úvodnú obrazovku"]},{"$i":"evme-banner-save-wallpaper","$v":"Tapeta úspešne nastavená"},{"$i":"evme-shortcuts-more","$v":"Ďalšie"},{"$i":"evme-collectionssuggest-loading","$v":"Načítava sa…"},{"$i":"evme-collectionssuggest-loading-cancel","$v":"Zrušiť"},{"$i":"evme-collectionssuggest-prompt-create-custom","$v":"Vytvorte si vlastnú kolekciu"},{"$i":"evme-backgroundimage-source-label","$v":"Zdroj:"},{"$i":"evme-collection-title-prefix","$v":"Všetko"},{"$i":"evme-collection-title-suffix","$v":"Telefón"},{"$i":"evme-collection-loading-more","$v":"Načítava sa…"},{"$i":"evme-connectionmessage-apps","$v":["Pripojte sa k sieti internet a získajte aplikácie pre ",{"t":"idOrVar","v":"query"}]},{"$i":"evme-connectionmessage-apps-has-installed","$v":["Pripojte sa k sieti internet a získajte ďalšie aplikácie pre ",{"t":"idOrVar","v":"query"}]},{"$i":"evme-tips-app-explain","innerHTML":"Nájdite veci, ktoré milujete, pomocou najlepších aplikácií."},{"$i":"evme-tips-searchbar-focus","innerHTML":"Napríklad, nájdite obľúbeného speváka alebo skupinu…"},{"$i":"evme-tips-exact-results","innerHTML":["Toto sú aplikácie nájdené pre výraz <b>",{"t":"idOrVar","v":"query"},"</b>,<br /><br /> ťuknutím na ikonu danú aplikáciu spustíte."]},{"$i":"evme-shortcut-custom","$v":"Vlastná..."},{"$i":"evme-shortcut-id-astrology","$v":"Astrológia"},{"$i":"evme-shortcut-id-autos","$v":"Automobily"},{"$i":"evme-shortcut-id-beauty","$v":"Krása"},{"$i":"evme-shortcut-id-books","$v":"Knihy"},{"$i":"evme-shortcut-id-celebs","$v":"Celebrity"},{"$i":"evme-shortcut-id-daily-deals","$v":"Denné úlohy"},{"$i":"evme-shortcut-id-dating","$v":"Randenie"},{"$i":"evme-shortcut-id-electronics","$v":"Elektronika"},{"$i":"evme-shortcut-id-email","$v":"E-mail"},{"$i":"evme-shortcut-id-entertainment","$v":"Zábava"},{"$i":"evme-shortcut-id-environment","$v":"Životné prostredie"},{"$i":"evme-shortcut-id-fashion","$v":"Móda"},{"$i":"evme-shortcut-id-funny","$v":"Zábava"},{"$i":"evme-shortcut-id-games","$v":"Hry"},{"$i":"evme-shortcut-id-government","$v":"Vláda"},{"$i":"evme-shortcut-id-health","$v":"Zdravie"},{"$i":"evme-shortcut-id-jobs","$v":"Práca"},{"$i":"evme-shortcut-id-local","$v":"Lokálne"},{"$i":"evme-shortcut-id-maps","$v":"Mapy"},{"$i":"evme-shortcut-id-movies","$v":"Filmy"},{"$i":"evme-shortcut-id-music","$v":"Hudba"},{"$i":"evme-shortcut-id-new-apps","$v":"Nové aplikácie"},{"$i":"evme-shortcut-id-news","$v":"Správy"},{"$i":"evme-shortcut-id-photography","$v":"Fotografia"},{"$i":"evme-shortcut-id-recipes","$v":"Recepty"},{"$i":"evme-shortcut-id-restaurants","$v":"Reštaurácie"},{"$i":"evme-shortcut-id-shopping","$v":"Nakupovanie"},{"$i":"evme-shortcut-id-social","$v":"Sociálne siete"},{"$i":"evme-shortcut-id-sports","$v":"Šport"},{"$i":"evme-shortcut-id-tech-news","$v":"Technologické novinky"},{"$i":"evme-shortcut-id-top-apps","$v":"Naj aplikácie"},{"$i":"evme-shortcut-id-travel","$v":"Cestovanie"},{"$i":"evme-shortcut-id-tv","$v":"Televízia"},{"$i":"evme-shortcut-id-video","$v":"Video"},{"$i":"evme-shortcut-id-utilities","$v":"Nástroje"},{"$i":"evme-shortcut-id-weather","$v":"Počasie"},{"$i":"evme-add-to-top-of-collection","$v":"Pridať navrch kolekcie"},{"$i":"evme-save-to-homescreen","$v":"Uložiť na úvodnú obrazovku"},{"$i":"edit-dialog-header","$v":"Úprava"},{"$i":"edit-dialog-name","$v":"Názov stránky"},{"$i":"edit-dialog-url","$v":"Adresa"},{"$i":"edit-dialog-cancel","$v":"Zrušiť"},{"$i":"edit-dialog-done","$v":"Hotovo"},{"$i":"evme-close","ariaLabel":"Zavrieť"},{"$i":"evme-done","ariaLabel":"Uložiť"},{"$i":"Showbiz","$v":"Showbiz"},{"$i":"Social","$v":"Sociálne"},{"$i":"Games","$v":"Hry"},{"$i":"Music","$v":"Hudba"}]