[{"$i":"wrapper-search-name","$v":[{"t":"idOrVar","v":"topic"}," te ",{"t":"idOrVar","v":"name"}]},{"$i":"contextmenu-add-wallpaper","$v":"Ndryshoni Sfondin"},{"$i":"contextmenu-add-smart-collections","$v":"Shtoni Koleksione të Mençur"},{"$i":"delete-title","$v":["Fshini ",{"t":"idOrVar","v":"name"}]},{"$i":"delete-body","$v":[{"t":"idOrVar","v":"name"}," dhe krejt të dhënat e lidhura me të do të fshihen."]},{"$i":"delete","$v":"Fshije"},{"$i":"cancel","$v":"Anuloje"},{"$i":"remove-title-2","$v":["Hiqni ",{"t":"idOrVar","v":"name"}]},{"$i":"remove-body","$v":["Të hiqet ",{"t":"idOrVar","v":"name"}," prej skenës së kreut?"]},{"$i":"remove","$v":"Hiqe"},{"$i":"longDateFormat","$v":"%A, %e %B"},{"$i":"download","$v":"Shkarkoje"},{"$i":"restart-download-title","$v":"Rinisni Shkarkimin"},{"$i":"restart-download-body","$v":["Doni të shkarkohet ",{"t":"idOrVar","v":"name"},"?"]},{"$i":"paginationBarText","$v":["Faqja ",{"t":"idOrVar","v":"current"}," nga ",{"t":"idOrVar","v":"total"}," gjithsej"]},{"$i":"paginationScroller","ariaLabel":"Kreu"},{"$i":"loadingEvme2","$v":"Po ngarkohet…"},{"$i":"evme-searchbar-default","$v":"Gjithçka…","placeholder":"Po mendohem për…"},{"$i":"evme-searchbar-default2","$v":"Po mendohem për…","placeholder":"Po mendohem për…"},{"$i":"evme-searchbar-clear","$v":"Mbrapsht"},{"$i":"evme-searchbar-title","$v":"Gjithçka"},{"$i":"evme-helper-default","$v":""},{"$i":"evme-helper-default2","$v":"Jepni çfarëdo teme ose fjalëkyç"},{"$i":"evme-helper-dismiss","$v":"Hidhe tej"},{"$i":"evme-helper-no-refine","$v":"Nuk u gjetën opsione"},{"$i":"evme-helper-history-title","$v":"Historik:"},{"$i":"evme-helper-history-link","$v":"Historik"},{"$i":"evme-helper-history-clear","$v":"Fshije historikun"},{"$i":"evme-helper-didyoumean-title","$v":"Donit të thonit:"},{"$i":"evme-helper-refine-title","$v":"Donit të thonit:"},{"$i":"evme-helper-title-prefix","$v":"Gjithçka"},{"$i":"evme-helper-title-empty","$v":"Gjithçka"},{"$i":"evme-helper-save-search","$v":"Shtoje te skena e kreut"},{"$i":"evme-helper-unsave-search","$v":"Hiqe prej skenës së kreut"},{"$i":"evme-apps-market-download","$v":"Shkarkoje"},{"$i":"evme-apps-market-more-apps","$v":"Më tepër aplikacione"},{"$i":"evme-apps-loading-app","$v":"Po ngarkohet…"},{"$i":"evme-appsmore-loading","$v":"Po ngarkohet…"},{"$i":"evme-alert-app-install-confirm","$v":["Të shtohet ",{"t":"idOrVar","v":"name"}," te Skena e Kreut?"]},{"$i":"evme-alert-app-install-exists","$v":[{"t":"idOrVar","v":"name"}," qe shtuar tashmë te Skena e Kreut"]},{"$i":"evme-alert-offline-smart-collections-more","$v":"Lidhuni në internet që të shtoni Koleksione të tjerë të Mençur"},{"$i":"evme-alert-save-wallpaper","$v":"Të caktohet si sfond?"},{"$i":"evme-alert-no-more-smart-collections","$v":"Pa Koleksione të Mençur për shtim"},{"$i":"evme-banner-app-install-success","$v":[{"t":"idOrVar","v":"name"}," u shtua te Skena e Kreut"]},{"$i":"evme-banner-save-wallpaper","$v":"Sfondi u caktua me sukses"},{"$i":"evme-shortcuts-more","$v":"Më tepër"},{"$i":"evme-collectionssuggest-loading","$v":"Po ngarkohet…"},{"$i":"evme-collectionssuggest-loading-cancel","$v":"Anuloje"},{"$i":"evme-collectionssuggest-prompt-create-custom","$v":"Krijoni Koleksionin tuaj të Mençur"},{"$i":"evme-backgroundimage-source-label","$v":"Burim:"},{"$i":"evme-collection-title-prefix","$v":"Gjithçka"},{"$i":"evme-collection-title-suffix","$v":"Telefon"},{"$i":"evme-collection-loading-more","$v":"Po ngarkohen…"},{"$i":"evme-connectionmessage-apps","$v":["Lidhuni në Internet që të merrni aplikacione për ",{"t":"idOrVar","v":"query"}]},{"$i":"evme-connectionmessage-apps-has-installed","$v":["Lidhuni në Internet që të merrni edhe më shumë aplikacione për ",{"t":"idOrVar","v":"query"}]},{"$i":"evme-tips-app-explain","innerHTML":"Gjeni gjërat që doni me aplikacionet më të hijshme."},{"$i":"evme-tips-searchbar-focus","innerHTML":"Për shembull, gjeni këngëtarin ose grupin tuaj të zemrës…"},{"$i":"evme-tips-exact-results","innerHTML":["Këto janë aplikacionet për <b>",{"t":"idOrVar","v":"query"},"</b>,<br /><br /> prekni cilëndo prej ikonave që të hapet."]},{"$i":"evme-shortcut-custom","$v":"Vetjake..."},{"$i":"evme-shortcut-id-astrology","$v":"Astrologji"},{"$i":"evme-shortcut-id-autos","$v":"Automjete"},{"$i":"evme-shortcut-id-beauty","$v":"Bukuri"},{"$i":"evme-shortcut-id-books","$v":"Libra"},{"$i":"evme-shortcut-id-celebs","$v":"Të famshëm"},{"$i":"evme-shortcut-id-daily-deals","$v":"Okazione"},{"$i":"evme-shortcut-id-dating","$v":"Takime"},{"$i":"evme-shortcut-id-electronics","$v":"Elektronikë"},{"$i":"evme-shortcut-id-email","$v":"Email"},{"$i":"evme-shortcut-id-entertainment","$v":"Spektakël"},{"$i":"evme-shortcut-id-environment","$v":"Mjedis"},{"$i":"evme-shortcut-id-fashion","$v":"Modë"},{"$i":"evme-shortcut-id-funny","$v":"Zbavitëse"},{"$i":"evme-shortcut-id-games","$v":"Lojëra"},{"$i":"evme-shortcut-id-government","$v":"Qeveri"},{"$i":"evme-shortcut-id-health","$v":"Shëndet"},{"$i":"evme-shortcut-id-jobs","$v":"Punësime"},{"$i":"evme-shortcut-id-local","$v":"Vendore"},{"$i":"evme-shortcut-id-maps","$v":"Harta"},{"$i":"evme-shortcut-id-movies","$v":"Filma"},{"$i":"evme-shortcut-id-music","$v":"Muzikë"},{"$i":"evme-shortcut-id-new-apps","$v":"Aplikacione të Reja"},{"$i":"evme-shortcut-id-news","$v":"Lajme"},{"$i":"evme-shortcut-id-photography","$v":"Fotografi"},{"$i":"evme-shortcut-id-recipes","$v":"Receta gatimesh"},{"$i":"evme-shortcut-id-restaurants","$v":"Restorante"},{"$i":"evme-shortcut-id-shopping","$v":"Blerje"},{"$i":"evme-shortcut-id-social","$v":"Sociale"},{"$i":"evme-shortcut-id-sports","$v":"Sport"},{"$i":"evme-shortcut-id-tech-news","$v":"Lajme Teknologjie"},{"$i":"evme-shortcut-id-top-apps","$v":"Aplikacionet Kryesuese"},{"$i":"evme-shortcut-id-travel","$v":"Udhëtime"},{"$i":"evme-shortcut-id-tv","$v":"TV"},{"$i":"evme-shortcut-id-video","$v":"Video"},{"$i":"evme-shortcut-id-utilities","$v":"Të dobishme"},{"$i":"evme-shortcut-id-weather","$v":"Moti"},{"$i":"evme-add-to-top-of-collection","$v":"Shtoje në krye të koleksionit"},{"$i":"evme-save-to-homescreen","$v":"Ruaje te Kreu"},{"$i":"edit-dialog-header","$v":"Përpunoni"},{"$i":"edit-dialog-name","$v":"Emër sajti"},{"$i":"edit-dialog-url","$v":"Adresë"},{"$i":"edit-dialog-cancel","$v":"Anuloje"},{"$i":"edit-dialog-done","$v":"U bë"},{"$i":"evme-close","ariaLabel":"Mbylle"},{"$i":"evme-done","ariaLabel":"Ruaje"},{"$i":"Showbiz","$v":"Showbiz"},{"$i":"Social","$v":"Sociale"},{"$i":"Games","$v":"Lojëra"},{"$i":"Music","$v":"Muzikë"}]