[{"$i":"wrapper-search-name","$v":[{"t":"idOrVar","v":"topic"}," на ",{"t":"idOrVar","v":"name"}]},{"$i":"contextmenu-add-wallpaper","$v":"Промени позадинску слику"},{"$i":"contextmenu-add-smart-collections","$v":"Додај колекције"},{"$i":"delete-title","$v":["Обриши ",{"t":"idOrVar","v":"name"}]},{"$i":"delete-body","$v":[{"t":"idOrVar","v":"name"}," и сви његови подаци ће бити обрисани."]},{"$i":"delete","$v":"Обриши"},{"$i":"cancel","$v":"Откажи"},{"$i":"remove-title-2","$v":["Уклони ",{"t":"idOrVar","v":"name"}]},{"$i":"remove-body","$v":["Уклонити ",{"t":"idOrVar","v":"name"}," са почетног екрана?"]},{"$i":"remove","$v":"Уклони"},{"$i":"longDateFormat","$v":"%A, %e %B"},{"$i":"download","$v":"Преузми"},{"$i":"restart-download-title","$v":"Поново покрени преузимање"},{"$i":"restart-download-body","$v":["Да ли желите да преузмете ",{"t":"idOrVar","v":"name"},"?"]},{"$i":"paginationBarText","$v":["Страница ",{"t":"idOrVar","v":"current"}," од ",{"t":"idOrVar","v":"total"}]},{"$i":"paginationScroller","ariaLabel":"Почетни екран"},{"$i":"loadingEvme2","$v":"Учитавање…"},{"$i":"evme-searchbar-default","$v":"Све…","placeholder":"Мислим о…"},{"$i":"evme-searchbar-default2","$v":"Мислим о…","placeholder":"Мислим о…"},{"$i":"evme-searchbar-clear","$v":"Назад"},{"$i":"evme-searchbar-title","$v":"Све"},{"$i":"evme-helper-default","$v":"Упишите било коју тему или појам"},{"$i":"evme-helper-default2","$v":"Упишите било коју тему или појам"},{"$i":"evme-helper-dismiss","$v":"Откажи"},{"$i":"evme-helper-no-refine","$v":"Нема пронађених могућности"},{"$i":"evme-helper-history-title","$v":"Историја:"},{"$i":"evme-helper-history-link","$v":"Историја"},{"$i":"evme-helper-history-clear","$v":"Очисти историју"},{"$i":"evme-helper-didyoumean-title","$v":"Да ли сте мислили:"},{"$i":"evme-helper-refine-title","$v":"Да ли сте мислили:"},{"$i":"evme-helper-title-prefix","$v":"Све"},{"$i":"evme-helper-title-empty","$v":"Све"},{"$i":"evme-helper-save-search","$v":"Додај на почетни екран"},{"$i":"evme-helper-unsave-search","$v":"Уклони са почетног екрана"},{"$i":"evme-apps-market-download","$v":"Преузми"},{"$i":"evme-apps-market-more-apps","$v":"Још апликација"},{"$i":"evme-apps-loading-app","$v":"Учитавање…"},{"$i":"evme-appsmore-loading","$v":"Учитавање…"},{"$i":"evme-alert-app-install-confirm","$v":["Додај ",{"t":"idOrVar","v":"name"}," почетном екрану?"]},{"$i":"evme-alert-app-install-exists","$v":[{"t":"idOrVar","v":"name"}," је већ додат на почетни екран"]},{"$i":"evme-alert-offline-smart-collections-more","$v":"Повежите се на интернет да бисте додали још колекција"},{"$i":"evme-alert-save-wallpaper","$v":"Постави позадину?"},{"$i":"evme-alert-no-more-smart-collections","$v":"Нема колекција за додавање"},{"$i":"evme-banner-app-install-success","$v":[{"t":"idOrVar","v":"name"}," је додат почетном екрану"]},{"$i":"evme-banner-save-wallpaper","$v":"Позадинa је успешно постављена"},{"$i":"evme-shortcuts-more","$v":"Још"},{"$i":"evme-collectionssuggest-loading","$v":"Учитавање…"},{"$i":"evme-collectionssuggest-loading-cancel","$v":"Откажи"},{"$i":"evme-collectionssuggest-prompt-create-custom","$v":"Направите своју колекцију"},{"$i":"evme-backgroundimage-source-label","$v":"Извор:"},{"$i":"evme-collection-title-prefix","$v":"Све"},{"$i":"evme-collection-title-suffix","$v":"Телефон"},{"$i":"evme-collection-loading-more","$v":"Учитавање…"},{"$i":"evme-connectionmessage-apps","$v":["Повежите се на интернет да добавите апликације за ",{"t":"idOrVar","v":"query"}]},{"$i":"evme-connectionmessage-apps-has-installed","$v":["Повежите се на интернет да добавите још апликација за ",{"t":"idOrVar","v":"query"}]},{"$i":"evme-tips-app-explain","innerHTML":"Пронађите ствари које волите уз помоћ најбољих апликација."},{"$i":"evme-tips-searchbar-focus","innerHTML":"На пример, пронађите омиљеног певача или групу…"},{"$i":"evme-tips-exact-results","innerHTML":["Ово су апликације за <b>",{"t":"idOrVar","v":"query"},"</b>,<br /><br /> притисните било коју иконицу да је отворите."]},{"$i":"evme-shortcut-custom","$v":"Произвољно…"},{"$i":"evme-shortcut-id-astrology","$v":"Астрологија"},{"$i":"evme-shortcut-id-autos","$v":"Возила"},{"$i":"evme-shortcut-id-beauty","$v":"Лепота"},{"$i":"evme-shortcut-id-books","$v":"Књиге"},{"$i":"evme-shortcut-id-celebs","$v":"Славни"},{"$i":"evme-shortcut-id-daily-deals","$v":"Дневне понуде"},{"$i":"evme-shortcut-id-dating","$v":"Састанци"},{"$i":"evme-shortcut-id-electronics","$v":"Електроника"},{"$i":"evme-shortcut-id-email","$v":"Е-пошта"},{"$i":"evme-shortcut-id-entertainment","$v":"Забава"},{"$i":"evme-shortcut-id-environment","$v":"Окружење"},{"$i":"evme-shortcut-id-fashion","$v":"Мода"},{"$i":"evme-shortcut-id-funny","$v":"Смешно"},{"$i":"evme-shortcut-id-games","$v":"Игрице"},{"$i":"evme-shortcut-id-government","$v":"Влада"},{"$i":"evme-shortcut-id-health","$v":"Здравље"},{"$i":"evme-shortcut-id-jobs","$v":"Послови"},{"$i":"evme-shortcut-id-local","$v":"Локално"},{"$i":"evme-shortcut-id-maps","$v":"Мапе"},{"$i":"evme-shortcut-id-movies","$v":"Филмови"},{"$i":"evme-shortcut-id-music","$v":"Музика"},{"$i":"evme-shortcut-id-new-apps","$v":"Нове апликације"},{"$i":"evme-shortcut-id-news","$v":"Вести"},{"$i":"evme-shortcut-id-photography","$v":"Слике"},{"$i":"evme-shortcut-id-recipes","$v":"Рецепти"},{"$i":"evme-shortcut-id-restaurants","$v":"Ресторани"},{"$i":"evme-shortcut-id-shopping","$v":"Куповина"},{"$i":"evme-shortcut-id-social","$v":"Друштвене"},{"$i":"evme-shortcut-id-sports","$v":"Спорт"},{"$i":"evme-shortcut-id-tech-news","$v":"Вести из технике"},{"$i":"evme-shortcut-id-top-apps","$v":"Најбоље апликације"},{"$i":"evme-shortcut-id-travel","$v":"Путовања"},{"$i":"evme-shortcut-id-tv","$v":"ТV"},{"$i":"evme-shortcut-id-video","$v":"Видео"},{"$i":"evme-shortcut-id-utilities","$v":"Услужне апликације"},{"$i":"evme-shortcut-id-weather","$v":"Временске прогнозе"},{"$i":"evme-add-to-top-of-collection","$v":"Додај на врх колекције"},{"$i":"evme-save-to-homescreen","$v":"Сними на почетни екран"},{"$i":"edit-dialog-header","$v":"Измена"},{"$i":"edit-dialog-name","$v":"Име веб сајта"},{"$i":"edit-dialog-url","$v":"Адреса"},{"$i":"edit-dialog-cancel","$v":"Откажи"},{"$i":"edit-dialog-done","$v":"Готово"},{"$i":"evme-close","ariaLabel":"Затвори"},{"$i":"evme-done","ariaLabel":"Сними"},{"$i":"Showbiz","$v":"Шоубизнис"},{"$i":"Social","$v":"Друштвено"},{"$i":"Games","$v":"Игрице"},{"$i":"Music","$v":"Музика"}]