[{"$i":"wrapper-search-name","$v":[{"t":"idOrVar","v":"topic"}," na ",{"t":"idOrVar","v":"name"}]},{"$i":"contextmenu-add-wallpaper","$v":"Promeni pozadinsku sliku"},{"$i":"contextmenu-add-smart-collections","$v":"Dodaj kolekcije"},{"$i":"delete-title","$v":["Obriši ",{"t":"idOrVar","v":"name"}]},{"$i":"delete-body","$v":[{"t":"idOrVar","v":"name"}," i svi njegovi podaci će biti obrisani."]},{"$i":"delete","$v":"Obriši"},{"$i":"cancel","$v":"Otkaži"},{"$i":"remove-title-2","$v":["Ukloni ",{"t":"idOrVar","v":"name"}]},{"$i":"remove-body","$v":["Ukloniti ",{"t":"idOrVar","v":"name"}," sa početnog ekrana?"]},{"$i":"remove","$v":"Ukloni"},{"$i":"longDateFormat","$v":"%A, %e %B"},{"$i":"download","$v":"Preuzmi"},{"$i":"restart-download-title","$v":"Ponovo pokreni preuzimanje"},{"$i":"restart-download-body","$v":["Da li želite da preuzmete ",{"t":"idOrVar","v":"name"},"?"]},{"$i":"paginationBarText","$v":["Stranica ",{"t":"idOrVar","v":"current"}," od ",{"t":"idOrVar","v":"total"}]},{"$i":"paginationScroller","ariaLabel":"Početni ekran"},{"$i":"loadingEvme2","$v":"Učitavanje…"},{"$i":"evme-searchbar-default","$v":"Sve…","placeholder":"Mislim o…"},{"$i":"evme-searchbar-default2","$v":"Mislim o…","placeholder":"Mislim o…"},{"$i":"evme-searchbar-clear","$v":"Nazad"},{"$i":"evme-searchbar-title","$v":"Sve"},{"$i":"evme-helper-default","$v":"Upišite bilo koju temu ili pojam"},{"$i":"evme-helper-default2","$v":"Upišite bilo koju temu ili pojam"},{"$i":"evme-helper-dismiss","$v":"Otkaži"},{"$i":"evme-helper-no-refine","$v":"Nema pronađenih mogućnosti"},{"$i":"evme-helper-history-title","$v":"Istorija:"},{"$i":"evme-helper-history-link","$v":"Istorija"},{"$i":"evme-helper-history-clear","$v":"Očisti istoriju"},{"$i":"evme-helper-didyoumean-title","$v":"Da li ste mislili:"},{"$i":"evme-helper-refine-title","$v":"Da li ste mislili:"},{"$i":"evme-helper-title-prefix","$v":"Sve"},{"$i":"evme-helper-title-empty","$v":"Sve"},{"$i":"evme-helper-save-search","$v":"Dodaj na početni ekran"},{"$i":"evme-helper-unsave-search","$v":"Ukloni sa početnog ekrana"},{"$i":"evme-apps-market-download","$v":"Preuzmi"},{"$i":"evme-apps-market-more-apps","$v":"Još aplikacija"},{"$i":"evme-apps-loading-app","$v":"Učitavanje…"},{"$i":"evme-appsmore-loading","$v":"Učitavanje…"},{"$i":"evme-alert-app-install-confirm","$v":["Dodaj ",{"t":"idOrVar","v":"name"}," početnom ekranu?"]},{"$i":"evme-alert-app-install-exists","$v":[{"t":"idOrVar","v":"name"}," je već dodat na početni ekran"]},{"$i":"evme-alert-offline-smart-collections-more","$v":"Povežite se na internet da biste dodali još kolekcija"},{"$i":"evme-alert-save-wallpaper","$v":"Postavi pozadinu?"},{"$i":"evme-alert-no-more-smart-collections","$v":"Nema kolekcija za dodavanje"},{"$i":"evme-banner-app-install-success","$v":[{"t":"idOrVar","v":"name"}," je dodat početnom ekranu"]},{"$i":"evme-banner-save-wallpaper","$v":"Pozadina je uspešno postavljena"},{"$i":"evme-shortcuts-more","$v":"Još"},{"$i":"evme-collectionssuggest-loading","$v":"Učitavanje…"},{"$i":"evme-collectionssuggest-loading-cancel","$v":"Otkaži"},{"$i":"evme-collectionssuggest-prompt-create-custom","$v":"Napravite svoju kolekciju"},{"$i":"evme-backgroundimage-source-label","$v":"Izvor:"},{"$i":"evme-collection-title-prefix","$v":"Sve"},{"$i":"evme-collection-title-suffix","$v":"Telefon"},{"$i":"evme-collection-loading-more","$v":"Učitavanje…"},{"$i":"evme-connectionmessage-apps","$v":["Povežite se na internet da dobavite aplikacije za ",{"t":"idOrVar","v":"query"}]},{"$i":"evme-connectionmessage-apps-has-installed","$v":["Povežite se na internet da dobavite još aplikacija za ",{"t":"idOrVar","v":"query"}]},{"$i":"evme-tips-app-explain","innerHTML":"Pronađite stvari koje volite uz pomoć najboljih aplikacija."},{"$i":"evme-tips-searchbar-focus","innerHTML":"Na primer, pronađite omiljenog pevača ili grupu…"},{"$i":"evme-tips-exact-results","innerHTML":["Ovo su aplikacije za <b>",{"t":"idOrVar","v":"query"},"</b>,<br /><br /> pritisnite bilo koju ikonicu da je otvorite."]},{"$i":"evme-shortcut-custom","$v":"Proizvoljno…"},{"$i":"evme-shortcut-id-astrology","$v":"Astrologija"},{"$i":"evme-shortcut-id-autos","$v":"Vozila"},{"$i":"evme-shortcut-id-beauty","$v":"Lepota"},{"$i":"evme-shortcut-id-books","$v":"Knjige"},{"$i":"evme-shortcut-id-celebs","$v":"Slavni"},{"$i":"evme-shortcut-id-daily-deals","$v":"Dnevne ponude"},{"$i":"evme-shortcut-id-dating","$v":"Sastanci"},{"$i":"evme-shortcut-id-electronics","$v":"Elektronika"},{"$i":"evme-shortcut-id-email","$v":"E-pošta"},{"$i":"evme-shortcut-id-entertainment","$v":"Zabava"},{"$i":"evme-shortcut-id-environment","$v":"Okruženje"},{"$i":"evme-shortcut-id-fashion","$v":"Moda"},{"$i":"evme-shortcut-id-funny","$v":"Smešno"},{"$i":"evme-shortcut-id-games","$v":"Igrice"},{"$i":"evme-shortcut-id-government","$v":"Vlada"},{"$i":"evme-shortcut-id-health","$v":"Zdravlje"},{"$i":"evme-shortcut-id-jobs","$v":"Poslovi"},{"$i":"evme-shortcut-id-local","$v":"Lokalno"},{"$i":"evme-shortcut-id-maps","$v":"Mape"},{"$i":"evme-shortcut-id-movies","$v":"Filmovi"},{"$i":"evme-shortcut-id-music","$v":"Muzika"},{"$i":"evme-shortcut-id-new-apps","$v":"Nove aplikacije"},{"$i":"evme-shortcut-id-news","$v":"Vesti"},{"$i":"evme-shortcut-id-photography","$v":"Slike"},{"$i":"evme-shortcut-id-recipes","$v":"Recepti"},{"$i":"evme-shortcut-id-restaurants","$v":"Restorani"},{"$i":"evme-shortcut-id-shopping","$v":"Kupovina"},{"$i":"evme-shortcut-id-social","$v":"Društvene"},{"$i":"evme-shortcut-id-sports","$v":"Sport"},{"$i":"evme-shortcut-id-tech-news","$v":"Vesti iz tehnike"},{"$i":"evme-shortcut-id-top-apps","$v":"Najbolje aplikacije"},{"$i":"evme-shortcut-id-travel","$v":"Putovanja"},{"$i":"evme-shortcut-id-tv","$v":"TV"},{"$i":"evme-shortcut-id-video","$v":"Video"},{"$i":"evme-shortcut-id-utilities","$v":"Uslužne aplikacije"},{"$i":"evme-shortcut-id-weather","$v":"Vremenske prognoze"},{"$i":"evme-add-to-top-of-collection","$v":"Dodaj na vrh kolekcije"},{"$i":"evme-save-to-homescreen","$v":"Snimi na početni ekran"},{"$i":"edit-dialog-header","$v":"Izmena"},{"$i":"edit-dialog-name","$v":"Ime veb sajta"},{"$i":"edit-dialog-url","$v":"Adresa"},{"$i":"edit-dialog-cancel","$v":"Otkaži"},{"$i":"edit-dialog-done","$v":"Gotovo"},{"$i":"evme-close","ariaLabel":"Zatvori"},{"$i":"evme-done","ariaLabel":"Snimi"},{"$i":"Showbiz","$v":"Šoubiznis"},{"$i":"Social","$v":"Društveno"},{"$i":"Games","$v":"Igrice"},{"$i":"Music","$v":"Muzika"}]