[{"$i":"wrapper-search-name","$v":[{"t":"idOrVar","v":"topic"}," på ",{"t":"idOrVar","v":"name"}]},{"$i":"contextmenu-add-wallpaper","$v":"Ändra bakgrundsbild"},{"$i":"contextmenu-add-smart-collections","$v":"Lägg till smart samling"},{"$i":"delete-title","$v":["Ta bort ",{"t":"idOrVar","v":"name"}]},{"$i":"delete-body","$v":[{"t":"idOrVar","v":"name"}," och all dess data kommer att raderas."]},{"$i":"delete","$v":"Ta bort"},{"$i":"cancel","$v":"Avbryt"},{"$i":"remove-title-2","$v":["Ta bort ",{"t":"idOrVar","v":"name"}]},{"$i":"remove-body","$v":["Ta bort ",{"t":"idOrVar","v":"name"}," från hemskärmen?"]},{"$i":"remove","$v":"Ta bort"},{"$i":"longDateFormat","$v":"%A, %e %B"},{"$i":"download","$v":"Hämtning"},{"$i":"restart-download-title","$v":"Starta om hämtning"},{"$i":"restart-download-body","$v":["Vill du hämta ",{"t":"idOrVar","v":"name"},"?"]},{"$i":"paginationBarText","$v":["Sida ",{"t":"idOrVar","v":"current"}," av ",{"t":"idOrVar","v":"total"}]},{"$i":"paginationScroller","ariaLabel":"Hemskärm"},{"$i":"loadingEvme2","$v":"Hämtar…"},{"$i":"evme-searchbar-default","$v":"Allt…","placeholder":"Jag tänker på…"},{"$i":"evme-searchbar-default2","$v":"Jag tänker på…","placeholder":"Jag tänker på…"},{"$i":"evme-searchbar-clear","$v":"Tillbaka"},{"$i":"evme-searchbar-title","$v":"Allt"},{"$i":"evme-helper-default","$v":"Ange ett ämne eller sökfråga"},{"$i":"evme-helper-default2","$v":"Ange ett ämne eller nyckelord"},{"$i":"evme-helper-dismiss","$v":"Avvisa"},{"$i":"evme-helper-no-refine","$v":"Inga alternativ hittades"},{"$i":"evme-helper-history-title","$v":"Historik:"},{"$i":"evme-helper-history-link","$v":"Historik"},{"$i":"evme-helper-history-clear","$v":"Rensa historik"},{"$i":"evme-helper-didyoumean-title","$v":"Menade du:"},{"$i":"evme-helper-refine-title","$v":"Menade du:"},{"$i":"evme-helper-title-prefix","$v":"Allt"},{"$i":"evme-helper-title-empty","$v":"Allt"},{"$i":"evme-helper-save-search","$v":"Lägg till på hemskärmen"},{"$i":"evme-helper-unsave-search","$v":"Ta bort från hemskärmen"},{"$i":"evme-apps-market-download","$v":"Hämta"},{"$i":"evme-apps-market-more-apps","$v":"Fler appar"},{"$i":"evme-apps-loading-app","$v":"Hämtar…"},{"$i":"evme-appsmore-loading","$v":"Hämtar…"},{"$i":"evme-alert-app-install-confirm","$v":["Lägg till ",{"t":"idOrVar","v":"name"}," på hemskärmen?"]},{"$i":"evme-alert-app-install-exists","$v":[{"t":"idOrVar","v":"name"}," finns redan på hemskärmen"]},{"$i":"evme-alert-offline-smart-collections-more","$v":"Anslut till internet för att lägga till fler smarta samlingar"},{"$i":"evme-alert-save-wallpaper","$v":"Ange som bakgrund?"},{"$i":"evme-alert-no-more-smart-collections","$v":"Inga smarta samlingar att lägga till"},{"$i":"evme-banner-app-install-success","$v":[{"t":"idOrVar","v":"name"}," har lagts till hemskärmen"]},{"$i":"evme-banner-save-wallpaper","$v":"Bakgrund inställd"},{"$i":"evme-shortcuts-more","$v":"Mer"},{"$i":"evme-collectionssuggest-loading","$v":"Hämtar…"},{"$i":"evme-collectionssuggest-loading-cancel","$v":"Avbryt"},{"$i":"evme-collectionssuggest-prompt-create-custom","$v":"Skapa din egna smarta samling"},{"$i":"evme-backgroundimage-source-label","$v":"Källa:"},{"$i":"evme-collection-title-prefix","$v":"Allt"},{"$i":"evme-collection-title-suffix","$v":"Telefon"},{"$i":"evme-collection-loading-more","$v":"Hämtar…"},{"$i":"evme-connectionmessage-apps","$v":["Anslut till internet för att hämta appar för ",{"t":"idOrVar","v":"query"}]},{"$i":"evme-connectionmessage-apps-has-installed","$v":["Anslut till internet för att hämta ännu fler appar för ",{"t":"idOrVar","v":"query"}]},{"$i":"evme-tips-app-explain","innerHTML":"Hitta saker som du älskar med de coolaste apparna."},{"$i":"evme-tips-searchbar-focus","innerHTML":"Till exempel, hitta din favoritsångare eller band…"},{"$i":"evme-tips-exact-results","innerHTML":["Detta är apparna för <b>",{"t":"idOrVar","v":"query"},"</b>,<br /><br /> peka på någon ikon för att öppna den."]},{"$i":"evme-shortcut-custom","$v":"Anpassad..."},{"$i":"evme-shortcut-id-astrology","$v":"Astrologi"},{"$i":"evme-shortcut-id-autos","$v":"Bilar"},{"$i":"evme-shortcut-id-beauty","$v":"Skönhet"},{"$i":"evme-shortcut-id-books","$v":"Böcker"},{"$i":"evme-shortcut-id-celebs","$v":"Kändisar"},{"$i":"evme-shortcut-id-daily-deals","$v":"Dagliga erbjudanden"},{"$i":"evme-shortcut-id-dating","$v":"Dejting"},{"$i":"evme-shortcut-id-electronics","$v":"Elektronik"},{"$i":"evme-shortcut-id-email","$v":"E-post"},{"$i":"evme-shortcut-id-entertainment","$v":"Underhållning"},{"$i":"evme-shortcut-id-environment","$v":"Miljö"},{"$i":"evme-shortcut-id-fashion","$v":"Mode"},{"$i":"evme-shortcut-id-funny","$v":"Skoj"},{"$i":"evme-shortcut-id-games","$v":"Spel"},{"$i":"evme-shortcut-id-government","$v":"Myndighet"},{"$i":"evme-shortcut-id-health","$v":"Hälsa"},{"$i":"evme-shortcut-id-jobs","$v":"Jobb"},{"$i":"evme-shortcut-id-local","$v":"Lokal"},{"$i":"evme-shortcut-id-maps","$v":"Kartor"},{"$i":"evme-shortcut-id-movies","$v":"Filmer"},{"$i":"evme-shortcut-id-music","$v":"Musik"},{"$i":"evme-shortcut-id-new-apps","$v":"Nya appar"},{"$i":"evme-shortcut-id-news","$v":"Nyheter"},{"$i":"evme-shortcut-id-photography","$v":"Foto"},{"$i":"evme-shortcut-id-recipes","$v":"Recept"},{"$i":"evme-shortcut-id-restaurants","$v":"Restauranger"},{"$i":"evme-shortcut-id-shopping","$v":"Shopping"},{"$i":"evme-shortcut-id-social","$v":"Socialt"},{"$i":"evme-shortcut-id-sports","$v":"Sport"},{"$i":"evme-shortcut-id-tech-news","$v":"Tekniknyheter"},{"$i":"evme-shortcut-id-top-apps","$v":"Bästa appar"},{"$i":"evme-shortcut-id-travel","$v":"Resa"},{"$i":"evme-shortcut-id-tv","$v":"Tv"},{"$i":"evme-shortcut-id-video","$v":"Video"},{"$i":"evme-shortcut-id-utilities","$v":"Verktyg"},{"$i":"evme-shortcut-id-weather","$v":"Väder"},{"$i":"evme-add-to-top-of-collection","$v":"Lägg till i toppen av samlingen"},{"$i":"evme-save-to-homescreen","$v":"Spara till hemskärmen"},{"$i":"edit-dialog-header","$v":"Redigera"},{"$i":"edit-dialog-name","$v":"Webbsida"},{"$i":"edit-dialog-url","$v":"Adress"},{"$i":"edit-dialog-cancel","$v":"Avbryt"},{"$i":"edit-dialog-done","$v":"Klar"},{"$i":"evme-close","ariaLabel":"Stäng"},{"$i":"evme-done","ariaLabel":"Spara"},{"$i":"Showbiz","$v":"Nöje"},{"$i":"Social","$v":"Socialt"},{"$i":"Games","$v":"Spel"},{"$i":"Music","$v":"Musik"}]