[{"$i":"wrapper-search-name","$v":[{"t":"idOrVar","v":"name"}," üzerinde ",{"t":"idOrVar","v":"topic"}]},{"$i":"contextmenu-add-wallpaper","$v":"Duvar kâğıdını değiştir"},{"$i":"contextmenu-add-smart-collections","$v":"Akıllı koleksiyon ekle"},{"$i":"delete-title","$v":[{"t":"idOrVar","v":"name"}," uygulamasını sil"]},{"$i":"delete-body","$v":[{"t":"idOrVar","v":"name"}," ve tüm verileri silinecek."]},{"$i":"delete","$v":"Sil"},{"$i":"cancel","$v":"İptal"},{"$i":"remove-title-2","$v":[{"t":"idOrVar","v":"name"}," uygulamasını kaldır"]},{"$i":"remove-body","$v":[{"t":"idOrVar","v":"name"}," ana ekrandan kaldırılsın mı?"]},{"$i":"remove","$v":"Kaldır"},{"$i":"longDateFormat","$v":"%e %B %A"},{"$i":"download","$v":"İndir"},{"$i":"restart-download-title","$v":"İndirmeyi yeniden başlat"},{"$i":"restart-download-body","$v":[{"t":"idOrVar","v":"name"}," uygulamasını indirmek istiyor musunuz?"]},{"$i":"paginationBarText","$v":["Sayfa ",{"t":"idOrVar","v":"current"}," / ",{"t":"idOrVar","v":"total"}]},{"$i":"paginationScroller","ariaLabel":"Ana ekran"},{"$i":"loadingEvme2","$v":"Yükleniyor…"},{"$i":"evme-searchbar-default","$v":"Her şey…","placeholder":"Aklımdan geçen şey…"},{"$i":"evme-searchbar-default2","$v":"Aklımdan geçen şey…","placeholder":"Aklımdan geçen şey…"},{"$i":"evme-searchbar-clear","$v":"Geri"},{"$i":"evme-searchbar-title","$v":"Her şey"},{"$i":"evme-helper-default","$v":"Bir konu veya arama sorgusu girin"},{"$i":"evme-helper-default2","$v":"Bir konu veya anahtar kelime girin"},{"$i":"evme-helper-dismiss","$v":"Kapat"},{"$i":"evme-helper-no-refine","$v":"Seçenek bulunamadı"},{"$i":"evme-helper-history-title","$v":"Geçmiş:"},{"$i":"evme-helper-history-link","$v":"Geçmiş"},{"$i":"evme-helper-history-clear","$v":"Geçmişi temizle"},{"$i":"evme-helper-didyoumean-title","$v":"Bunu mu demek istediniz?:"},{"$i":"evme-helper-refine-title","$v":"Bunu mu demek istediniz?:"},{"$i":"evme-helper-title-prefix","$v":"Ara:"},{"$i":"evme-helper-title-empty","$v":"Her şey"},{"$i":"evme-helper-save-search","$v":"Ana ekrana ekle"},{"$i":"evme-helper-unsave-search","$v":"Ana ekrandan kaldır"},{"$i":"evme-apps-market-download","$v":"İndir"},{"$i":"evme-apps-market-more-apps","$v":"Daha fazla uygulama"},{"$i":"evme-apps-loading-app","$v":"Yükleniyor…"},{"$i":"evme-appsmore-loading","$v":"Yükleniyor…"},{"$i":"evme-alert-app-install-confirm","$v":[{"t":"idOrVar","v":"name"}," Ana Ekran'a eklensin mi?"]},{"$i":"evme-alert-app-install-exists","$v":[{"t":"idOrVar","v":"name"}," zaten Ana Ekran'a eklenmiş"]},{"$i":"evme-alert-offline-smart-collections-more","$v":"Daha fazla Akıllı Koleksiyon eklemek için internete bağlanın"},{"$i":"evme-alert-save-wallpaper","$v":"Duvar kâğıdı yapılsın mı?"},{"$i":"evme-alert-no-more-smart-collections","$v":"Eklenecek akıllı koleksiyon yok"},{"$i":"evme-banner-app-install-success","$v":[{"t":"idOrVar","v":"name"}," Ana Ekran'a eklendi"]},{"$i":"evme-banner-save-wallpaper","$v":"Duvar kâğıdı başarıyla ayarlandı"},{"$i":"evme-shortcuts-more","$v":"Daha fazlası"},{"$i":"evme-collectionssuggest-loading","$v":"Yükleniyor…"},{"$i":"evme-collectionssuggest-loading-cancel","$v":"İptal"},{"$i":"evme-collectionssuggest-prompt-create-custom","$v":"Kendi Akıllı Koleksiyon'unuzu yaratın"},{"$i":"evme-backgroundimage-source-label","$v":"Kaynak:"},{"$i":"evme-collection-title-prefix","$v":"Her şey"},{"$i":"evme-collection-title-suffix","$v":"Telefon"},{"$i":"evme-collection-loading-more","$v":"Yükleniyor…"},{"$i":"evme-connectionmessage-apps","$v":[{"t":"idOrVar","v":"query"}," aramasıyla uygulamalar edinmek için internete bağlanın"]},{"$i":"evme-connectionmessage-apps-has-installed","$v":[{"t":"idOrVar","v":"query"}," aramasıyla daha fazla uygulama edinmek için internete bağlanın"]},{"$i":"evme-tips-app-explain","innerHTML":"En havalı uygulamalarla sevdiğiniz şeyleri bulun."},{"$i":"evme-tips-searchbar-focus","innerHTML":"Örneğin, en sevdiğiniz şarkıcı veya grubu bulun…"},{"$i":"evme-tips-exact-results","innerHTML":["Bunlar <b>",{"t":"idOrVar","v":"query"},"</b> sorgusu için bulunan uygulamalardır.<br /><br /> Açmak istediğinizin simgesine dokunun."]},{"$i":"evme-shortcut-custom","$v":"Özel..."},{"$i":"evme-shortcut-id-astrology","$v":"Astroloji"},{"$i":"evme-shortcut-id-autos","$v":"Otomobil"},{"$i":"evme-shortcut-id-beauty","$v":"Güzellik"},{"$i":"evme-shortcut-id-books","$v":"Kitaplar"},{"$i":"evme-shortcut-id-celebs","$v":"Ünlüler"},{"$i":"evme-shortcut-id-daily-deals","$v":"Günlük Fırsatlar"},{"$i":"evme-shortcut-id-dating","$v":"Arkadaşlık"},{"$i":"evme-shortcut-id-electronics","$v":"Elektronik"},{"$i":"evme-shortcut-id-email","$v":"E-posta"},{"$i":"evme-shortcut-id-entertainment","$v":"Eğlence"},{"$i":"evme-shortcut-id-environment","$v":"Çevre"},{"$i":"evme-shortcut-id-fashion","$v":"Moda"},{"$i":"evme-shortcut-id-funny","$v":"Komik"},{"$i":"evme-shortcut-id-games","$v":"Oyunlar"},{"$i":"evme-shortcut-id-government","$v":"Devlet"},{"$i":"evme-shortcut-id-health","$v":"Sağlık"},{"$i":"evme-shortcut-id-jobs","$v":"İşler"},{"$i":"evme-shortcut-id-local","$v":"Yerel"},{"$i":"evme-shortcut-id-maps","$v":"Haritalar"},{"$i":"evme-shortcut-id-movies","$v":"Filmler"},{"$i":"evme-shortcut-id-music","$v":"Müzik"},{"$i":"evme-shortcut-id-new-apps","$v":"Yeni Uygulamalar"},{"$i":"evme-shortcut-id-news","$v":"Haberler"},{"$i":"evme-shortcut-id-photography","$v":"Fotoğrafçılık"},{"$i":"evme-shortcut-id-recipes","$v":"Tarifler"},{"$i":"evme-shortcut-id-restaurants","$v":"Lokantalar"},{"$i":"evme-shortcut-id-shopping","$v":"Alışveriş"},{"$i":"evme-shortcut-id-social","$v":"Sosyal"},{"$i":"evme-shortcut-id-sports","$v":"Spor"},{"$i":"evme-shortcut-id-tech-news","$v":"Teknoloji Haberleri"},{"$i":"evme-shortcut-id-top-apps","$v":"En Beğenilen Uygulamalar"},{"$i":"evme-shortcut-id-travel","$v":"Seyahat"},{"$i":"evme-shortcut-id-tv","$v":"Televizyon"},{"$i":"evme-shortcut-id-video","$v":"Video"},{"$i":"evme-shortcut-id-utilities","$v":"Araçlar"},{"$i":"evme-shortcut-id-weather","$v":"Hava Durumu"},{"$i":"evme-add-to-top-of-collection","$v":"Koleksiyonun başına ekle"},{"$i":"evme-save-to-homescreen","$v":"Ana ekrana kaydet"},{"$i":"edit-dialog-header","$v":"Düzenle"},{"$i":"edit-dialog-name","$v":"Web sitesi adı"},{"$i":"edit-dialog-url","$v":"Adres"},{"$i":"edit-dialog-cancel","$v":"İptal"},{"$i":"edit-dialog-done","$v":"Bitti"},{"$i":"evme-close","ariaLabel":"Kapat"},{"$i":"evme-done","ariaLabel":"Kaydet"},{"$i":"Showbiz","$v":"Şov dünyası"},{"$i":"Social","$v":"Sosyal"},{"$i":"Games","$v":"Oyunlar"},{"$i":"Music","$v":"Müzik"}]