[{"$i":"wrapper-search-name","$v":["“",{"t":"idOrVar","v":"name"},"”的“",{"t":"idOrVar","v":"topic"},"”"]},{"$i":"contextmenu-add-wallpaper","$v":"更改壁纸"},{"$i":"contextmenu-add-smart-collections","$v":"添加智能收藏集"},{"$i":"delete-title","$v":["删除“",{"t":"idOrVar","v":"name"},"”"]},{"$i":"delete-body","$v":["“",{"t":"idOrVar","v":"name"},"”及其所有数据将被删除。"]},{"$i":"delete","$v":"删除"},{"$i":"cancel","$v":"取消"},{"$i":"remove-title-2","$v":["移除 ",{"t":"idOrVar","v":"name"}]},{"$i":"remove-body","$v":["要从主屏幕移除“",{"t":"idOrVar","v":"name"},"”吗？"]},{"$i":"remove","$v":"移除"},{"$i":"longDateFormat","$v":"%B %e 日 %A"},{"$i":"download","$v":"下载"},{"$i":"restart-download-title","$v":"重新开始下载"},{"$i":"restart-download-body","$v":["你是否想下载 ",{"t":"idOrVar","v":"name"},"？"]},{"$i":"paginationBarText","$v":[{"t":"idOrVar","v":"current"}," / ",{"t":"idOrVar","v":"total"}," 页"]},{"$i":"paginationScroller","ariaLabel":"主屏幕"},{"$i":"loadingEvme2","$v":"正在载入…"},{"$i":"evme-searchbar-default","$v":"一切…","placeholder":"我正打算…"},{"$i":"evme-searchbar-default2","$v":"我正打算…","placeholder":"我正打算…"},{"$i":"evme-searchbar-clear","$v":"后退"},{"$i":"evme-searchbar-title","$v":"全部"},{"$i":"evme-helper-default","$v":"输入任意主题或者搜索要求"},{"$i":"evme-helper-default2","$v":"输入主题或者关键词"},{"$i":"evme-helper-dismiss","$v":"解除"},{"$i":"evme-helper-no-refine","$v":"未找到选项"},{"$i":"evme-helper-history-title","$v":"历史记录："},{"$i":"evme-helper-history-link","$v":"历史记录"},{"$i":"evme-helper-history-clear","$v":"清空历史记录"},{"$i":"evme-helper-didyoumean-title","$v":"您是不是要找："},{"$i":"evme-helper-refine-title","$v":"您是不是要找："},{"$i":"evme-helper-title-prefix","$v":"全部"},{"$i":"evme-helper-title-empty","$v":"全部"},{"$i":"evme-helper-save-search","$v":"添加到主屏幕"},{"$i":"evme-helper-unsave-search","$v":"从主屏幕中移除"},{"$i":"evme-apps-market-download","$v":"下载"},{"$i":"evme-apps-market-more-apps","$v":"更多应用"},{"$i":"evme-apps-loading-app","$v":"正在载入…"},{"$i":"evme-appsmore-loading","$v":"正在载入…"},{"$i":"evme-alert-app-install-confirm","$v":["要添加 ",{"t":"idOrVar","v":"name"}," 到主屏幕吗？"]},{"$i":"evme-alert-app-install-exists","$v":[{"t":"idOrVar","v":"name"}," 已经被添加到主屏幕"]},{"$i":"evme-alert-offline-smart-collections-more","$v":"连接到互联网添加更多的智能收藏集"},{"$i":"evme-alert-save-wallpaper","$v":"设为壁纸？"},{"$i":"evme-alert-no-more-smart-collections","$v":"没有可添加的智能收藏集"},{"$i":"evme-banner-app-install-success","$v":[{"t":"idOrVar","v":"name"}," 已添加到主屏幕"]},{"$i":"evme-banner-save-wallpaper","$v":"壁纸设置成功"},{"$i":"evme-shortcuts-more","$v":"更多"},{"$i":"evme-collectionssuggest-loading","$v":"载入中…"},{"$i":"evme-collectionssuggest-loading-cancel","$v":"取消"},{"$i":"evme-collectionssuggest-prompt-create-custom","$v":"创建您自己的智能收藏集"},{"$i":"evme-backgroundimage-source-label","$v":"来源："},{"$i":"evme-collection-title-prefix","$v":"全部"},{"$i":"evme-collection-title-suffix","$v":"电话"},{"$i":"evme-collection-loading-more","$v":"载入中…"},{"$i":"evme-connectionmessage-apps","$v":["连接到互联网获取有关 ",{"t":"idOrVar","v":"query"}," 的应用"]},{"$i":"evme-connectionmessage-apps-has-installed","$v":["连接到互联网获取更多有关 ",{"t":"idOrVar","v":"query"}," 的应用"]},{"$i":"evme-tips-app-explain","innerHTML":"找到您所喜爱的炫酷应用。"},{"$i":"evme-tips-searchbar-focus","innerHTML":"比如查找您喜爱的歌手或乐团…"},{"$i":"evme-tips-exact-results","innerHTML":["这些都是有关 <b>",{"t":"idOrVar","v":"query"},"</b> 的应用，<br /><br />，点按图标即可打开。"]},{"$i":"evme-shortcut-custom","$v":"定制…"},{"$i":"evme-shortcut-id-astrology","$v":"星座"},{"$i":"evme-shortcut-id-autos","$v":"汽车"},{"$i":"evme-shortcut-id-beauty","$v":"佳人"},{"$i":"evme-shortcut-id-books","$v":"图书"},{"$i":"evme-shortcut-id-celebs","$v":"名人"},{"$i":"evme-shortcut-id-daily-deals","$v":"优惠"},{"$i":"evme-shortcut-id-dating","$v":"约会"},{"$i":"evme-shortcut-id-electronics","$v":"电子"},{"$i":"evme-shortcut-id-email","$v":"电子邮件"},{"$i":"evme-shortcut-id-entertainment","$v":"娱乐"},{"$i":"evme-shortcut-id-environment","$v":"环境"},{"$i":"evme-shortcut-id-fashion","$v":"时尚"},{"$i":"evme-shortcut-id-funny","$v":"搞笑"},{"$i":"evme-shortcut-id-games","$v":"游戏"},{"$i":"evme-shortcut-id-government","$v":"政府"},{"$i":"evme-shortcut-id-health","$v":"健康"},{"$i":"evme-shortcut-id-jobs","$v":"职场"},{"$i":"evme-shortcut-id-local","$v":"本地"},{"$i":"evme-shortcut-id-maps","$v":"地图"},{"$i":"evme-shortcut-id-movies","$v":"电影"},{"$i":"evme-shortcut-id-music","$v":"音乐"},{"$i":"evme-shortcut-id-new-apps","$v":"新应用"},{"$i":"evme-shortcut-id-news","$v":"新闻"},{"$i":"evme-shortcut-id-photography","$v":"摄影"},{"$i":"evme-shortcut-id-recipes","$v":"食谱"},{"$i":"evme-shortcut-id-restaurants","$v":"餐馆"},{"$i":"evme-shortcut-id-shopping","$v":"购物"},{"$i":"evme-shortcut-id-social","$v":"社交"},{"$i":"evme-shortcut-id-sports","$v":"体育"},{"$i":"evme-shortcut-id-tech-news","$v":"科技新闻"},{"$i":"evme-shortcut-id-top-apps","$v":"热门应用"},{"$i":"evme-shortcut-id-travel","$v":"旅游"},{"$i":"evme-shortcut-id-tv","$v":"电视"},{"$i":"evme-shortcut-id-video","$v":"视频"},{"$i":"evme-shortcut-id-utilities","$v":"公用事业"},{"$i":"evme-shortcut-id-weather","$v":"天气"},{"$i":"evme-add-to-top-of-collection","$v":"添加到收藏集顶端"},{"$i":"evme-save-to-homescreen","$v":"保存到主屏幕"},{"$i":"edit-dialog-header","$v":"编辑"},{"$i":"edit-dialog-name","$v":"网站名称"},{"$i":"edit-dialog-url","$v":"地址"},{"$i":"edit-dialog-cancel","$v":"取消"},{"$i":"edit-dialog-done","$v":"完成"},{"$i":"evme-close","ariaLabel":"关闭"},{"$i":"evme-done","ariaLabel":"保存"},{"$i":"Showbiz","$v":"秀出自己"},{"$i":"Social","$v":"社交"},{"$i":"Games","$v":"游戏"},{"$i":"Music","$v":"音乐"}]