[{"$i":"title","$v":"لوحة المفاتيح"},{"$i":"settingsPageTitle","$v":"لوحة المفاتيح المُدمجة"},{"$i":"ok","$v":"موافق"},{"$i":"keyboardSettings","$v":"إعدادات لوحة المفاتيح"},{"$i":"cancel","$v":"إلغاء"},{"$i":"delete","$v":"حذف"},{"$i":"vibration","$v":"اهتزاز"},{"$i":"clickSound","$v":"صوت النقر"},{"$i":"autoCorrect","$v":"التصحيح التلقائي"},{"$i":"wordSuggestion","$v":"اقتراح الكلمات"},{"$i":"userDictionary","$v":"قاموس المستخدم"},{"$i":"handwritingKeyboard","$v":"الكتابة اليدوية"},{"$i":"strokeWidth","$v":"عُرض المفاتيح"},{"$i":"responseSpeed","$v":"سرعة الاستجابة"},{"$i":"wordSuggestions2","ariaLabel":"اقتراح الكلمات"},{"$i":"dismiss2","ariaLabel":"ارفض"},{"$i":"alternateLayoutKey2","ariaLabel":"أرقام ورموز أخرى"},{"$i":"basicLayoutKey2","ariaLabel":"حروف"},{"$i":"upperCaseKey2","ariaLabel":"إزاحة"},{"$i":"backSpaceKey2","ariaLabel":"حذف"},{"$i":"spaceKey2","ariaLabel":"مسافة"},{"$i":"returnKey2","ariaLabel":"عودة"},{"$i":"periodKey2","ariaLabel":"نقطة"},{"$i":"commaKey2","ariaLabel":"فاصلة"},{"$i":"colonKey2","ariaLabel":"نقطتان"},{"$i":"semicolonKey2","ariaLabel":"فاصلة منقوطة"},{"$i":"questionMarkKey2","ariaLabel":"إشارة استفهام"},{"$i":"exclamationPointKey2","ariaLabel":"إشارة تعجب"},{"$i":"leftBracketKey2","ariaLabel":"قوس أيسر"},{"$i":"rightBracketKey2","ariaLabel":"قوس أيمن"},{"$i":"doubleQuoteKey2","ariaLabel":"علامة تنصيص مزدوجة"},{"$i":"leftDoubleAngleQuoteKey2","ariaLabel":"علامة اقتباس مزدوجة يسرى"},{"$i":"rightDoubleAngleQuoteKey2","ariaLabel":"علامة اقتباس مزدوجة يمنى"},{"$i":"userDictionaryNoWord","$v":"لا توجد كلمات في قاموس المستخدم."},{"$i":"userDictionaryAddNow","$v":"أضف كلمة الآن."},{"$i":"userDictionaryAddButton","ariaLabel":"أضف كلمة"},{"$i":"userDictionaryAdd","$v":"أضف كلمة"},{"$i":"userDictionaryEdit","$v":"تغيِير كلمة"},{"$i":"userDictionarySaveButton","$v":"حفظ"},{"$i":"userDictionaryDeleteButton","$v":"احذف"},{"$i":"userDictionaryDeletePrompt","$v":["حذف الكلمة “",{"t":"idOrVar","v":"word"},"” ؟"]},{"$i":"installed-keyboards-title","$v":"Installed Keyboards"},{"$i":"more-keyboards-title","$v":"More Keyboards"},{"$i":"enablePrompt","$v":["Enable ",{"t":"idOrVar","v":"keyboard"}," now?"]},{"$i":"enablePromptEnable","$v":"Enable"},{"$i":"enablePromptNotNow","$v":"Not Now"},{"$i":"dataConnectionPrompt","$v":"When using a data connection, additional costs may apply. Do you want to continue?"},{"$i":"rememberMyChoice","$v":"Remember my choice"},{"$i":"dataConnectionPromptYes","$v":"Yes"},{"$i":"dataConnectionPromptNo","$v":"No"},{"$i":"downloadFailed","$v":"Download failed."},{"$i":"removePrompt","$v":["Remove keyboard ",{"t":"idOrVar","v":"keyboard"},"?"]},{"$i":"removePromptRemove","$v":"Remove"},{"$i":"removePromptCancel","$v":"Cancel"},{"$i":"preInstalledStatus","$v":[{"t":"idOrVar","v":"size"}," ",{"t":"idOrVar","v":"sizeUnit"}]},{"$i":"installableStatus","$v":[{"t":"idOrVar","v":"size"}," ",{"t":"idOrVar","v":"sizeUnit"}]},{"$i":"downloadingStatus","$v":["Downloading… (",{"t":"idOrVar","v":"loadedSize"}," ",{"t":"idOrVar","v":"loadedSizeUnit"},"/",{"t":"idOrVar","v":"totalSize"}," ",{"t":"idOrVar","v":"totalSizeUnit"},")"]},{"$i":"installedStatus","$v":[{"t":"idOrVar","v":"size"}," ",{"t":"idOrVar","v":"sizeUnit"}]},{"$i":"removingStatus","$v":"Removing…"},{"$i":"downloadButton","ariaLabel":"download"},{"$i":"cancelDownloadButton","ariaLabel":"cancel download"},{"$i":"removeButton","ariaLabel":"remove"},{"$i":"byteUnit-B","$v":"Bytes"},{"$i":"byteUnit-KB","$v":"KB"},{"$i":"byteUnit-MB","$v":"MB"},{"$i":"byteUnit-GB","$v":"GB"}]