[{"$i":"title","$v":"Клавиатура"},{"$i":"settingsPageTitle","$v":"Вградена клавиатура"},{"$i":"ok","$v":"Добре"},{"$i":"keyboardSettings","$v":"Настройки"},{"$i":"cancel","$v":"Отказ"},{"$i":"delete","$v":"Изтриване"},{"$i":"vibration","$v":"Вибрация"},{"$i":"clickSound","$v":"Звук при писане"},{"$i":"autoCorrect","$v":"Автоматично поправяне"},{"$i":"wordSuggestion","$v":"Подсказване на думи"},{"$i":"userDictionary","$v":"Потребителски речник"},{"$i":"handwritingKeyboard","$v":"Ръкопис"},{"$i":"strokeWidth","$v":"Ширина на клавиш"},{"$i":"responseSpeed","$v":"Време за реакция"},{"$i":"wordSuggestions2","ariaLabel":"Предложения за думи"},{"$i":"dismiss2","ariaLabel":"Отхвърляне"},{"$i":"alternateLayoutKey2","ariaLabel":"още числа и символи"},{"$i":"basicLayoutKey2","ariaLabel":"букви"},{"$i":"upperCaseKey2","ariaLabel":"регистър"},{"$i":"backSpaceKey2","ariaLabel":"изтриване"},{"$i":"spaceKey2","ariaLabel":"интервал"},{"$i":"returnKey2","ariaLabel":"нов ред"},{"$i":"periodKey2","ariaLabel":"точка"},{"$i":"commaKey2","ariaLabel":"запетая"},{"$i":"colonKey2","ariaLabel":"двоеточие"},{"$i":"semicolonKey2","ariaLabel":"точка и запетая"},{"$i":"questionMarkKey2","ariaLabel":"въпросителен знак"},{"$i":"exclamationPointKey2","ariaLabel":"удивителен знак"},{"$i":"leftBracketKey2","ariaLabel":"лява скоба"},{"$i":"rightBracketKey2","ariaLabel":"дясна скоба"},{"$i":"doubleQuoteKey2","ariaLabel":"двойни кавички"},{"$i":"leftDoubleAngleQuoteKey2","ariaLabel":"лява двойна ъглова кавичка"},{"$i":"rightDoubleAngleQuoteKey2","ariaLabel":"дясна двойна ъглова кавичка"},{"$i":"userDictionaryNoWord","$v":"Потребителският речник е празен."},{"$i":"userDictionaryAddNow","$v":"Добавете дума сега."},{"$i":"userDictionaryAddButton","ariaLabel":"добавяне на дума"},{"$i":"userDictionaryAdd","$v":"Добавяне на дума"},{"$i":"userDictionaryEdit","$v":"Редакция на дума"},{"$i":"userDictionarySaveButton","$v":"Запазване"},{"$i":"userDictionaryDeleteButton","$v":"Изтриване"},{"$i":"userDictionaryDeletePrompt","$v":["Изтриване на думата „",{"t":"idOrVar","v":"word"},"“?"]},{"$i":"installed-keyboards-title","$v":"Installed Keyboards"},{"$i":"more-keyboards-title","$v":"More Keyboards"},{"$i":"enablePrompt","$v":["Enable ",{"t":"idOrVar","v":"keyboard"}," now?"]},{"$i":"enablePromptEnable","$v":"Enable"},{"$i":"enablePromptNotNow","$v":"Not Now"},{"$i":"dataConnectionPrompt","$v":"When using a data connection, additional costs may apply. Do you want to continue?"},{"$i":"rememberMyChoice","$v":"Remember my choice"},{"$i":"dataConnectionPromptYes","$v":"Yes"},{"$i":"dataConnectionPromptNo","$v":"No"},{"$i":"downloadFailed","$v":"Download failed."},{"$i":"removePrompt","$v":["Remove keyboard ",{"t":"idOrVar","v":"keyboard"},"?"]},{"$i":"removePromptRemove","$v":"Remove"},{"$i":"removePromptCancel","$v":"Cancel"},{"$i":"preInstalledStatus","$v":[{"t":"idOrVar","v":"size"}," ",{"t":"idOrVar","v":"sizeUnit"}]},{"$i":"installableStatus","$v":[{"t":"idOrVar","v":"size"}," ",{"t":"idOrVar","v":"sizeUnit"}]},{"$i":"downloadingStatus","$v":["Downloading… (",{"t":"idOrVar","v":"loadedSize"}," ",{"t":"idOrVar","v":"loadedSizeUnit"},"/",{"t":"idOrVar","v":"totalSize"}," ",{"t":"idOrVar","v":"totalSizeUnit"},")"]},{"$i":"installedStatus","$v":[{"t":"idOrVar","v":"size"}," ",{"t":"idOrVar","v":"sizeUnit"}]},{"$i":"removingStatus","$v":"Removing…"},{"$i":"downloadButton","ariaLabel":"download"},{"$i":"cancelDownloadButton","ariaLabel":"cancel download"},{"$i":"removeButton","ariaLabel":"remove"},{"$i":"byteUnit-B","$v":"Bytes"},{"$i":"byteUnit-KB","$v":"KB"},{"$i":"byteUnit-MB","$v":"MB"},{"$i":"byteUnit-GB","$v":"GB"}]