[{"$i":"title","$v":"কীবোর্ড"},{"$i":"settingsPageTitle","$v":"Built-in Keyboard"},{"$i":"ok","$v":"ঠিক আছে"},{"$i":"keyboardSettings","$v":"কীবোর্ড সেটিং"},{"$i":"cancel","$v":"Cancel"},{"$i":"delete","$v":"Delete"},{"$i":"vibration","$v":"ভাইব্রেশন"},{"$i":"clickSound","$v":"ক্লিক শব্দ"},{"$i":"autoCorrect","$v":"স্বয়ংক্রিয় সংশোধন"},{"$i":"wordSuggestion","$v":"শব্দ প্রস্তাবনা"},{"$i":"userDictionary","$v":"User dictionary"},{"$i":"handwritingKeyboard","$v":"Handwriting"},{"$i":"strokeWidth","$v":"Stroke Width"},{"$i":"responseSpeed","$v":"Response Speed"},{"$i":"wordSuggestions2","ariaLabel":"শব্দ প্রস্তাবনা"},{"$i":"dismiss2","ariaLabel":"বাতিল"},{"$i":"alternateLayoutKey2","ariaLabel":"আরো নাম্বার ও চিহ্ন"},{"$i":"basicLayoutKey2","ariaLabel":"অক্ষর"},{"$i":"upperCaseKey2","ariaLabel":"Shift"},{"$i":"backSpaceKey2","ariaLabel":"অপসারণ"},{"$i":"spaceKey2","ariaLabel":"স্পেস"},{"$i":"returnKey2","ariaLabel":"ফেরত"},{"$i":"periodKey2","ariaLabel":"পিরিয়ড"},{"$i":"commaKey2","ariaLabel":"কমা"},{"$i":"colonKey2","ariaLabel":"কোলন"},{"$i":"semicolonKey2","ariaLabel":"সেমিকোলন"},{"$i":"questionMarkKey2","ariaLabel":"প্রশ্নবোধক চিহ্ন"},{"$i":"exclamationPointKey2","ariaLabel":"আশ্চর্যবোধক চিহ্ন"},{"$i":"leftBracketKey2","ariaLabel":"বাম বন্ধনী"},{"$i":"rightBracketKey2","ariaLabel":"ডান বন্ধনী"},{"$i":"doubleQuoteKey2","ariaLabel":"উদ্ধৃতি চিহ্ন"},{"$i":"leftDoubleAngleQuoteKey2","ariaLabel":"বামের দ্বিগুন কৌনিক কোট"},{"$i":"rightDoubleAngleQuoteKey2","ariaLabel":"ডানের দ্বিগুন কৌনিক কোট"},{"$i":"userDictionaryNoWord","$v":"No words in the user dictionary."},{"$i":"userDictionaryAddNow","$v":"Add a word now."},{"$i":"userDictionaryAddButton","ariaLabel":"add word"},{"$i":"userDictionaryAdd","$v":"Add Word"},{"$i":"userDictionaryEdit","$v":"Edit Word"},{"$i":"userDictionarySaveButton","$v":"Save"},{"$i":"userDictionaryDeleteButton","$v":"Delete"},{"$i":"userDictionaryDeletePrompt","$v":["Delete word “",{"t":"idOrVar","v":"word"},"”?"]},{"$i":"installed-keyboards-title","$v":"Installed Keyboards"},{"$i":"more-keyboards-title","$v":"More Keyboards"},{"$i":"enablePrompt","$v":["Enable ",{"t":"idOrVar","v":"keyboard"}," now?"]},{"$i":"enablePromptEnable","$v":"Enable"},{"$i":"enablePromptNotNow","$v":"Not Now"},{"$i":"dataConnectionPrompt","$v":"When using a data connection, additional costs may apply. Do you want to continue?"},{"$i":"rememberMyChoice","$v":"Remember my choice"},{"$i":"dataConnectionPromptYes","$v":"Yes"},{"$i":"dataConnectionPromptNo","$v":"No"},{"$i":"downloadFailed","$v":"Download failed."},{"$i":"removePrompt","$v":["Remove keyboard ",{"t":"idOrVar","v":"keyboard"},"?"]},{"$i":"removePromptRemove","$v":"Remove"},{"$i":"removePromptCancel","$v":"Cancel"},{"$i":"preInstalledStatus","$v":[{"t":"idOrVar","v":"size"}," ",{"t":"idOrVar","v":"sizeUnit"}]},{"$i":"installableStatus","$v":[{"t":"idOrVar","v":"size"}," ",{"t":"idOrVar","v":"sizeUnit"}]},{"$i":"downloadingStatus","$v":["Downloading… (",{"t":"idOrVar","v":"loadedSize"}," ",{"t":"idOrVar","v":"loadedSizeUnit"},"/",{"t":"idOrVar","v":"totalSize"}," ",{"t":"idOrVar","v":"totalSizeUnit"},")"]},{"$i":"installedStatus","$v":[{"t":"idOrVar","v":"size"}," ",{"t":"idOrVar","v":"sizeUnit"}]},{"$i":"removingStatus","$v":"Removing…"},{"$i":"downloadButton","ariaLabel":"download"},{"$i":"cancelDownloadButton","ariaLabel":"cancel download"},{"$i":"removeButton","ariaLabel":"remove"},{"$i":"byteUnit-B","$v":"Bytes"},{"$i":"byteUnit-KB","$v":"KB"},{"$i":"byteUnit-MB","$v":"MB"},{"$i":"byteUnit-GB","$v":"GB"}]