[{"$i":"title","$v":"Teclat"},{"$i":"settingsPageTitle","$v":"Teclat integrat"},{"$i":"ok","$v":"D'acord"},{"$i":"keyboardSettings","$v":"Paràmetres del teclat"},{"$i":"cancel","$v":"Cancel"},{"$i":"delete","$v":"Delete"},{"$i":"vibration","$v":"Vibració"},{"$i":"clickSound","$v":"So de clic"},{"$i":"autoCorrect","$v":"Correcció automàtica"},{"$i":"wordSuggestion","$v":"Text predictiu"},{"$i":"userDictionary","$v":"User dictionary"},{"$i":"handwritingKeyboard","$v":"Escriptura manual"},{"$i":"strokeWidth","$v":"Amplada del traç"},{"$i":"responseSpeed","$v":"Velocitat de resposta"},{"$i":"wordSuggestions2","ariaLabel":"Text predictiu"},{"$i":"dismiss2","ariaLabel":"Descarta"},{"$i":"alternateLayoutKey2","ariaLabel":"més nombres i símbols"},{"$i":"basicLayoutKey2","ariaLabel":"lletres"},{"$i":"upperCaseKey2","ariaLabel":"majúscules"},{"$i":"backSpaceKey2","ariaLabel":"suprimir"},{"$i":"spaceKey2","ariaLabel":"espai"},{"$i":"returnKey2","ariaLabel":"retorn"},{"$i":"periodKey2","ariaLabel":"punt"},{"$i":"commaKey2","ariaLabel":"coma"},{"$i":"colonKey2","ariaLabel":"dos punts"},{"$i":"semicolonKey2","ariaLabel":"punt i coma"},{"$i":"questionMarkKey2","ariaLabel":"signe d'interrogació"},{"$i":"exclamationPointKey2","ariaLabel":"signe d'exclamació"},{"$i":"leftBracketKey2","ariaLabel":"claudàtor esquerre"},{"$i":"rightBracketKey2","ariaLabel":"claudàtor dret"},{"$i":"doubleQuoteKey2","ariaLabel":"cometes dobles"},{"$i":"leftDoubleAngleQuoteKey2","ariaLabel":"cometes baixes esquerres"},{"$i":"rightDoubleAngleQuoteKey2","ariaLabel":"cometes baixes dretes"},{"$i":"userDictionaryNoWord","$v":"No words in the user dictionary."},{"$i":"userDictionaryAddNow","$v":"Add a word now."},{"$i":"userDictionaryAddButton","ariaLabel":"add word"},{"$i":"userDictionaryAdd","$v":"Add Word"},{"$i":"userDictionaryEdit","$v":"Edit Word"},{"$i":"userDictionarySaveButton","$v":"Save"},{"$i":"userDictionaryDeleteButton","$v":"Delete"},{"$i":"userDictionaryDeletePrompt","$v":["Delete word “",{"t":"idOrVar","v":"word"},"”?"]},{"$i":"installed-keyboards-title","$v":"Installed Keyboards"},{"$i":"more-keyboards-title","$v":"More Keyboards"},{"$i":"enablePrompt","$v":["Enable ",{"t":"idOrVar","v":"keyboard"}," now?"]},{"$i":"enablePromptEnable","$v":"Enable"},{"$i":"enablePromptNotNow","$v":"Not Now"},{"$i":"dataConnectionPrompt","$v":"When using a data connection, additional costs may apply. Do you want to continue?"},{"$i":"rememberMyChoice","$v":"Remember my choice"},{"$i":"dataConnectionPromptYes","$v":"Yes"},{"$i":"dataConnectionPromptNo","$v":"No"},{"$i":"downloadFailed","$v":"Download failed."},{"$i":"removePrompt","$v":["Remove keyboard ",{"t":"idOrVar","v":"keyboard"},"?"]},{"$i":"removePromptRemove","$v":"Remove"},{"$i":"removePromptCancel","$v":"Cancel"},{"$i":"preInstalledStatus","$v":[{"t":"idOrVar","v":"size"}," ",{"t":"idOrVar","v":"sizeUnit"}]},{"$i":"installableStatus","$v":[{"t":"idOrVar","v":"size"}," ",{"t":"idOrVar","v":"sizeUnit"}]},{"$i":"downloadingStatus","$v":["Downloading… (",{"t":"idOrVar","v":"loadedSize"}," ",{"t":"idOrVar","v":"loadedSizeUnit"},"/",{"t":"idOrVar","v":"totalSize"}," ",{"t":"idOrVar","v":"totalSizeUnit"},")"]},{"$i":"installedStatus","$v":[{"t":"idOrVar","v":"size"}," ",{"t":"idOrVar","v":"sizeUnit"}]},{"$i":"removingStatus","$v":"Removing…"},{"$i":"downloadButton","ariaLabel":"download"},{"$i":"cancelDownloadButton","ariaLabel":"cancel download"},{"$i":"removeButton","ariaLabel":"remove"},{"$i":"byteUnit-B","$v":"Bytes"},{"$i":"byteUnit-KB","$v":"KB"},{"$i":"byteUnit-MB","$v":"MB"},{"$i":"byteUnit-GB","$v":"GB"}]