[{"$i":"title","$v":"Klávesnice"},{"$i":"settingsPageTitle","$v":"Předvolená klávesnice"},{"$i":"ok","$v":"OK"},{"$i":"keyboardSettings","$v":"Nastavení klávesnice"},{"$i":"cancel","$v":"Cancel"},{"$i":"delete","$v":"Delete"},{"$i":"vibration","$v":"Vibrace"},{"$i":"clickSound","$v":"Zvuk při klepnutí"},{"$i":"autoCorrect","$v":"Automatická korekce"},{"$i":"wordSuggestion","$v":"Našeptávání slov"},{"$i":"userDictionary","$v":"User dictionary"},{"$i":"handwritingKeyboard","$v":"Psaní rukou"},{"$i":"strokeWidth","$v":"Šířka čáry"},{"$i":"responseSpeed","$v":"Rychlost odezvy"},{"$i":"wordSuggestions2","ariaLabel":"Našeptávání slov"},{"$i":"dismiss2","ariaLabel":"Odmítnout"},{"$i":"alternateLayoutKey2","ariaLabel":"více čísel a symbolů"},{"$i":"basicLayoutKey2","ariaLabel":"písmena"},{"$i":"upperCaseKey2","ariaLabel":"shift"},{"$i":"backSpaceKey2","ariaLabel":"delete"},{"$i":"spaceKey2","ariaLabel":"mezerník"},{"$i":"returnKey2","ariaLabel":"return"},{"$i":"periodKey2","ariaLabel":"období"},{"$i":"commaKey2","ariaLabel":"čárka"},{"$i":"colonKey2","ariaLabel":"dvojtečka"},{"$i":"semicolonKey2","ariaLabel":"středník"},{"$i":"questionMarkKey2","ariaLabel":"otazník"},{"$i":"exclamationPointKey2","ariaLabel":"vykřičník"},{"$i":"leftBracketKey2","ariaLabel":"levá závorka"},{"$i":"rightBracketKey2","ariaLabel":"pravá závorka"},{"$i":"doubleQuoteKey2","ariaLabel":"dvojitá uvozovka"},{"$i":"leftDoubleAngleQuoteKey2","ariaLabel":"levá zahnutá dvojitá uvozovka"},{"$i":"rightDoubleAngleQuoteKey2","ariaLabel":"pravá zahnutá dvojitá uvozovka"},{"$i":"userDictionaryNoWord","$v":"No words in the user dictionary."},{"$i":"userDictionaryAddNow","$v":"Add a word now."},{"$i":"userDictionaryAddButton","ariaLabel":"add word"},{"$i":"userDictionaryAdd","$v":"Add Word"},{"$i":"userDictionaryEdit","$v":"Edit Word"},{"$i":"userDictionarySaveButton","$v":"Save"},{"$i":"userDictionaryDeleteButton","$v":"Delete"},{"$i":"userDictionaryDeletePrompt","$v":["Delete word “",{"t":"idOrVar","v":"word"},"”?"]},{"$i":"installed-keyboards-title","$v":"Installed Keyboards"},{"$i":"more-keyboards-title","$v":"More Keyboards"},{"$i":"enablePrompt","$v":["Enable ",{"t":"idOrVar","v":"keyboard"}," now?"]},{"$i":"enablePromptEnable","$v":"Enable"},{"$i":"enablePromptNotNow","$v":"Not Now"},{"$i":"dataConnectionPrompt","$v":"When using a data connection, additional costs may apply. Do you want to continue?"},{"$i":"rememberMyChoice","$v":"Remember my choice"},{"$i":"dataConnectionPromptYes","$v":"Yes"},{"$i":"dataConnectionPromptNo","$v":"No"},{"$i":"downloadFailed","$v":"Download failed."},{"$i":"removePrompt","$v":["Remove keyboard ",{"t":"idOrVar","v":"keyboard"},"?"]},{"$i":"removePromptRemove","$v":"Remove"},{"$i":"removePromptCancel","$v":"Cancel"},{"$i":"preInstalledStatus","$v":[{"t":"idOrVar","v":"size"}," ",{"t":"idOrVar","v":"sizeUnit"}]},{"$i":"installableStatus","$v":[{"t":"idOrVar","v":"size"}," ",{"t":"idOrVar","v":"sizeUnit"}]},{"$i":"downloadingStatus","$v":["Downloading… (",{"t":"idOrVar","v":"loadedSize"}," ",{"t":"idOrVar","v":"loadedSizeUnit"},"/",{"t":"idOrVar","v":"totalSize"}," ",{"t":"idOrVar","v":"totalSizeUnit"},")"]},{"$i":"installedStatus","$v":[{"t":"idOrVar","v":"size"}," ",{"t":"idOrVar","v":"sizeUnit"}]},{"$i":"removingStatus","$v":"Removing…"},{"$i":"downloadButton","ariaLabel":"download"},{"$i":"cancelDownloadButton","ariaLabel":"cancel download"},{"$i":"removeButton","ariaLabel":"remove"},{"$i":"byteUnit-B","$v":"Bytes"},{"$i":"byteUnit-KB","$v":"KB"},{"$i":"byteUnit-MB","$v":"MB"},{"$i":"byteUnit-GB","$v":"GB"}]