[{"$i":"title","$v":"Tastatur"},{"$i":"settingsPageTitle","$v":"Indbygget tastatur"},{"$i":"ok","$v":"OK"},{"$i":"keyboardSettings","$v":"Tastaturindstillinger"},{"$i":"cancel","$v":"Annuller"},{"$i":"delete","$v":"Slet"},{"$i":"vibration","$v":"Vibrer"},{"$i":"clickSound","$v":"Kliklyd"},{"$i":"autoCorrect","$v":"Automatisk stavekontrol"},{"$i":"wordSuggestion","$v":"Foreslå ord"},{"$i":"userDictionary","$v":"Personlig ordbog"},{"$i":"handwritingKeyboard","$v":"Håndskrift"},{"$i":"strokeWidth","$v":"Stregbredde"},{"$i":"responseSpeed","$v":"Reaktionstid"},{"$i":"wordSuggestions2","ariaLabel":"Foreslå ord"},{"$i":"dismiss2","ariaLabel":"Slå fra"},{"$i":"alternateLayoutKey2","ariaLabel":"flere tal og symboler"},{"$i":"basicLayoutKey2","ariaLabel":"bogstaver"},{"$i":"upperCaseKey2","ariaLabel":"skift"},{"$i":"backSpaceKey2","ariaLabel":"slet"},{"$i":"spaceKey2","ariaLabel":"mellemrum"},{"$i":"returnKey2","ariaLabel":"enter"},{"$i":"periodKey2","ariaLabel":"punktum"},{"$i":"commaKey2","ariaLabel":"komma"},{"$i":"colonKey2","ariaLabel":"kolon"},{"$i":"semicolonKey2","ariaLabel":"semikolon"},{"$i":"questionMarkKey2","ariaLabel":"spørgsmålstegn"},{"$i":"exclamationPointKey2","ariaLabel":"udråbstegn"},{"$i":"leftBracketKey2","ariaLabel":"venstre parantes"},{"$i":"rightBracketKey2","ariaLabel":"højre parantes"},{"$i":"doubleQuoteKey2","ariaLabel":"gåseøjne"},{"$i":"leftDoubleAngleQuoteKey2","ariaLabel":"venstre citattegn"},{"$i":"rightDoubleAngleQuoteKey2","ariaLabel":"højre citattegn"},{"$i":"userDictionaryNoWord","$v":"Der er ingen ord i personlig ordbog."},{"$i":"userDictionaryAddNow","$v":"Føj et ord til nu."},{"$i":"userDictionaryAddButton","ariaLabel":"tilføj ord"},{"$i":"userDictionaryAdd","$v":"Tilføj ord"},{"$i":"userDictionaryEdit","$v":"Rediger ord"},{"$i":"userDictionarySaveButton","$v":"Gem"},{"$i":"userDictionaryDeleteButton","$v":"Slet"},{"$i":"userDictionaryDeletePrompt","$v":["Slet ordet “",{"t":"idOrVar","v":"word"},"”?"]},{"$i":"installed-keyboards-title","$v":"Installed Keyboards"},{"$i":"more-keyboards-title","$v":"More Keyboards"},{"$i":"enablePrompt","$v":["Enable ",{"t":"idOrVar","v":"keyboard"}," now?"]},{"$i":"enablePromptEnable","$v":"Enable"},{"$i":"enablePromptNotNow","$v":"Not Now"},{"$i":"dataConnectionPrompt","$v":"When using a data connection, additional costs may apply. Do you want to continue?"},{"$i":"rememberMyChoice","$v":"Remember my choice"},{"$i":"dataConnectionPromptYes","$v":"Yes"},{"$i":"dataConnectionPromptNo","$v":"No"},{"$i":"downloadFailed","$v":"Download failed."},{"$i":"removePrompt","$v":["Remove keyboard ",{"t":"idOrVar","v":"keyboard"},"?"]},{"$i":"removePromptRemove","$v":"Remove"},{"$i":"removePromptCancel","$v":"Cancel"},{"$i":"preInstalledStatus","$v":[{"t":"idOrVar","v":"size"}," ",{"t":"idOrVar","v":"sizeUnit"}]},{"$i":"installableStatus","$v":[{"t":"idOrVar","v":"size"}," ",{"t":"idOrVar","v":"sizeUnit"}]},{"$i":"downloadingStatus","$v":["Downloading… (",{"t":"idOrVar","v":"loadedSize"}," ",{"t":"idOrVar","v":"loadedSizeUnit"},"/",{"t":"idOrVar","v":"totalSize"}," ",{"t":"idOrVar","v":"totalSizeUnit"},")"]},{"$i":"installedStatus","$v":[{"t":"idOrVar","v":"size"}," ",{"t":"idOrVar","v":"sizeUnit"}]},{"$i":"removingStatus","$v":"Removing…"},{"$i":"downloadButton","ariaLabel":"download"},{"$i":"cancelDownloadButton","ariaLabel":"cancel download"},{"$i":"removeButton","ariaLabel":"remove"},{"$i":"byteUnit-B","$v":"Bytes"},{"$i":"byteUnit-KB","$v":"KB"},{"$i":"byteUnit-MB","$v":"MB"},{"$i":"byteUnit-GB","$v":"GB"}]