[{"$i":"title","$v":"Tastatur"},{"$i":"settingsPageTitle","$v":"Integrierte Tastatur"},{"$i":"ok","$v":"OK"},{"$i":"keyboardSettings","$v":"Tastatur-Einstellungen"},{"$i":"cancel","$v":"Abbrechen"},{"$i":"delete","$v":"Löschen"},{"$i":"vibration","$v":"Vibration"},{"$i":"clickSound","$v":"Tastentöne"},{"$i":"autoCorrect","$v":"Autokorrektur"},{"$i":"wordSuggestion","$v":"Wortvorschläge"},{"$i":"userDictionary","$v":"Benutzerwörterbuch"},{"$i":"handwritingKeyboard","$v":"Handschrift"},{"$i":"strokeWidth","$v":"Linienbreite"},{"$i":"responseSpeed","$v":"Reaktionsgeschwindigkeit"},{"$i":"wordSuggestions2","ariaLabel":"Wortvorschläge"},{"$i":"dismiss2","ariaLabel":"Schließen"},{"$i":"alternateLayoutKey2","ariaLabel":"Weitere Zahlen und Symbole"},{"$i":"basicLayoutKey2","ariaLabel":"Buchstaben"},{"$i":"upperCaseKey2","ariaLabel":"Umschalt"},{"$i":"backSpaceKey2","ariaLabel":"Rücktaste"},{"$i":"spaceKey2","ariaLabel":"Leertaste"},{"$i":"returnKey2","ariaLabel":"Eingabe"},{"$i":"periodKey2","ariaLabel":"Punkt"},{"$i":"commaKey2","ariaLabel":"Komma"},{"$i":"colonKey2","ariaLabel":"Doppelpunkt"},{"$i":"semicolonKey2","ariaLabel":"Semikolon"},{"$i":"questionMarkKey2","ariaLabel":"Fragezeichen"},{"$i":"exclamationPointKey2","ariaLabel":"Ausrufezeichen"},{"$i":"leftBracketKey2","ariaLabel":"Öffnende eckige Klammer"},{"$i":"rightBracketKey2","ariaLabel":"Schließende eckige Klammer"},{"$i":"doubleQuoteKey2","ariaLabel":"Doppelte Anführungszeichen"},{"$i":"leftDoubleAngleQuoteKey2","ariaLabel":"Öffnende doppelte französische Anführungszeichen"},{"$i":"rightDoubleAngleQuoteKey2","ariaLabel":"Schließende doppelte französische Anführungszeichen"},{"$i":"userDictionaryNoWord","$v":"Keine Wörter im Benutzerwörterbuch vorhanden"},{"$i":"userDictionaryAddNow","$v":"Jetzt ein Wort hinzufügen"},{"$i":"userDictionaryAddButton","ariaLabel":"Wort hinzufügen"},{"$i":"userDictionaryAdd","$v":"Wort hinzufügen"},{"$i":"userDictionaryEdit","$v":"Wort bearbeiten"},{"$i":"userDictionarySaveButton","$v":"Speichern"},{"$i":"userDictionaryDeleteButton","$v":"Löschen"},{"$i":"userDictionaryDeletePrompt","$v":["Wort “",{"t":"idOrVar","v":"word"},"” löschen?"]},{"$i":"installed-keyboards-title","$v":"Installed Keyboards"},{"$i":"more-keyboards-title","$v":"More Keyboards"},{"$i":"enablePrompt","$v":["Enable ",{"t":"idOrVar","v":"keyboard"}," now?"]},{"$i":"enablePromptEnable","$v":"Enable"},{"$i":"enablePromptNotNow","$v":"Not Now"},{"$i":"dataConnectionPrompt","$v":"When using a data connection, additional costs may apply. Do you want to continue?"},{"$i":"rememberMyChoice","$v":"Remember my choice"},{"$i":"dataConnectionPromptYes","$v":"Yes"},{"$i":"dataConnectionPromptNo","$v":"No"},{"$i":"downloadFailed","$v":"Download failed."},{"$i":"removePrompt","$v":["Remove keyboard ",{"t":"idOrVar","v":"keyboard"},"?"]},{"$i":"removePromptRemove","$v":"Remove"},{"$i":"removePromptCancel","$v":"Cancel"},{"$i":"preInstalledStatus","$v":[{"t":"idOrVar","v":"size"}," ",{"t":"idOrVar","v":"sizeUnit"}]},{"$i":"installableStatus","$v":[{"t":"idOrVar","v":"size"}," ",{"t":"idOrVar","v":"sizeUnit"}]},{"$i":"downloadingStatus","$v":["Downloading… (",{"t":"idOrVar","v":"loadedSize"}," ",{"t":"idOrVar","v":"loadedSizeUnit"},"/",{"t":"idOrVar","v":"totalSize"}," ",{"t":"idOrVar","v":"totalSizeUnit"},")"]},{"$i":"installedStatus","$v":[{"t":"idOrVar","v":"size"}," ",{"t":"idOrVar","v":"sizeUnit"}]},{"$i":"removingStatus","$v":"Removing…"},{"$i":"downloadButton","ariaLabel":"download"},{"$i":"cancelDownloadButton","ariaLabel":"cancel download"},{"$i":"removeButton","ariaLabel":"remove"},{"$i":"byteUnit-B","$v":"Bytes"},{"$i":"byteUnit-KB","$v":"KB"},{"$i":"byteUnit-MB","$v":"MB"},{"$i":"byteUnit-GB","$v":"GB"}]