[{"$i":"title","$v":"Πληκτρολόγιο"},{"$i":"settingsPageTitle","$v":"Built-in Keyboard"},{"$i":"ok","$v":"ΟΚ"},{"$i":"keyboardSettings","$v":"Ρυθμίσεις"},{"$i":"cancel","$v":"Cancel"},{"$i":"delete","$v":"Delete"},{"$i":"vibration","$v":"Δόνηση"},{"$i":"clickSound","$v":"Ήχος πλήκτρων"},{"$i":"autoCorrect","$v":"Αυτόματη διόρθωση"},{"$i":"wordSuggestion","$v":"Με πρόβλεψη"},{"$i":"userDictionary","$v":"User dictionary"},{"$i":"handwritingKeyboard","$v":"Handwriting"},{"$i":"strokeWidth","$v":"Stroke Width"},{"$i":"responseSpeed","$v":"Response Speed"},{"$i":"wordSuggestions2","ariaLabel":"Προβλέψεις λέξεων"},{"$i":"dismiss2","ariaLabel":"Κλείσιμο"},{"$i":"alternateLayoutKey2","ariaLabel":"περισσότεροι αριθμοί και σύμβολα"},{"$i":"basicLayoutKey2","ariaLabel":"γράμματα"},{"$i":"upperCaseKey2","ariaLabel":"shift"},{"$i":"backSpaceKey2","ariaLabel":"delete"},{"$i":"spaceKey2","ariaLabel":"κενό"},{"$i":"returnKey2","ariaLabel":"return"},{"$i":"periodKey2","ariaLabel":"τελεία"},{"$i":"commaKey2","ariaLabel":"κόμμα"},{"$i":"colonKey2","ariaLabel":"άνω κάτω τελεία"},{"$i":"semicolonKey2","ariaLabel":"άνω τελεία"},{"$i":"questionMarkKey2","ariaLabel":"ερωτηματικό"},{"$i":"exclamationPointKey2","ariaLabel":"θαυμαστικό"},{"$i":"leftBracketKey2","ariaLabel":"αριστερή αγκύλη"},{"$i":"rightBracketKey2","ariaLabel":"δεξιά αγκύλη"},{"$i":"doubleQuoteKey2","ariaLabel":"διπλά εισαγωγικά"},{"$i":"leftDoubleAngleQuoteKey2","ariaLabel":"αριστερό εισαγωγικό"},{"$i":"rightDoubleAngleQuoteKey2","ariaLabel":"δεξί εισαγωγικό"},{"$i":"userDictionaryNoWord","$v":"No words in the user dictionary."},{"$i":"userDictionaryAddNow","$v":"Add a word now."},{"$i":"userDictionaryAddButton","ariaLabel":"add word"},{"$i":"userDictionaryAdd","$v":"Add Word"},{"$i":"userDictionaryEdit","$v":"Edit Word"},{"$i":"userDictionarySaveButton","$v":"Save"},{"$i":"userDictionaryDeleteButton","$v":"Delete"},{"$i":"userDictionaryDeletePrompt","$v":["Delete word “",{"t":"idOrVar","v":"word"},"”?"]},{"$i":"installed-keyboards-title","$v":"Installed Keyboards"},{"$i":"more-keyboards-title","$v":"More Keyboards"},{"$i":"enablePrompt","$v":["Enable ",{"t":"idOrVar","v":"keyboard"}," now?"]},{"$i":"enablePromptEnable","$v":"Enable"},{"$i":"enablePromptNotNow","$v":"Not Now"},{"$i":"dataConnectionPrompt","$v":"When using a data connection, additional costs may apply. Do you want to continue?"},{"$i":"rememberMyChoice","$v":"Remember my choice"},{"$i":"dataConnectionPromptYes","$v":"Yes"},{"$i":"dataConnectionPromptNo","$v":"No"},{"$i":"downloadFailed","$v":"Download failed."},{"$i":"removePrompt","$v":["Remove keyboard ",{"t":"idOrVar","v":"keyboard"},"?"]},{"$i":"removePromptRemove","$v":"Remove"},{"$i":"removePromptCancel","$v":"Cancel"},{"$i":"preInstalledStatus","$v":[{"t":"idOrVar","v":"size"}," ",{"t":"idOrVar","v":"sizeUnit"}]},{"$i":"installableStatus","$v":[{"t":"idOrVar","v":"size"}," ",{"t":"idOrVar","v":"sizeUnit"}]},{"$i":"downloadingStatus","$v":["Downloading… (",{"t":"idOrVar","v":"loadedSize"}," ",{"t":"idOrVar","v":"loadedSizeUnit"},"/",{"t":"idOrVar","v":"totalSize"}," ",{"t":"idOrVar","v":"totalSizeUnit"},")"]},{"$i":"installedStatus","$v":[{"t":"idOrVar","v":"size"}," ",{"t":"idOrVar","v":"sizeUnit"}]},{"$i":"removingStatus","$v":"Removing…"},{"$i":"downloadButton","ariaLabel":"download"},{"$i":"cancelDownloadButton","ariaLabel":"cancel download"},{"$i":"removeButton","ariaLabel":"remove"},{"$i":"byteUnit-B","$v":"Bytes"},{"$i":"byteUnit-KB","$v":"KB"},{"$i":"byteUnit-MB","$v":"MB"},{"$i":"byteUnit-GB","$v":"GB"}]