[{"$i":"title","$v":"Teclado"},{"$i":"settingsPageTitle","$v":"Teclado integrado"},{"$i":"ok","$v":"Aceptar"},{"$i":"keyboardSettings","$v":"Ajustes de teclado"},{"$i":"cancel","$v":"Cancelar"},{"$i":"delete","$v":"Borrar"},{"$i":"vibration","$v":"Vibración"},{"$i":"clickSound","$v":"Sonido de pulsación"},{"$i":"autoCorrect","$v":"Corrección automática"},{"$i":"wordSuggestion","$v":"Sugerencias de palabras"},{"$i":"userDictionary","$v":"Diccionario del usuario"},{"$i":"handwritingKeyboard","$v":"Escritura manual"},{"$i":"strokeWidth","$v":"Ancho de trazo"},{"$i":"responseSpeed","$v":"Velocidad de respuesta"},{"$i":"wordSuggestions2","ariaLabel":"Sugerencias de palabras"},{"$i":"dismiss2","ariaLabel":"Descartar"},{"$i":"alternateLayoutKey2","ariaLabel":"más números y símbolos"},{"$i":"basicLayoutKey2","ariaLabel":"letras"},{"$i":"upperCaseKey2","ariaLabel":"mayús."},{"$i":"backSpaceKey2","ariaLabel":"borrar"},{"$i":"spaceKey2","ariaLabel":"espacio"},{"$i":"returnKey2","ariaLabel":"intro"},{"$i":"periodKey2","ariaLabel":"punto"},{"$i":"commaKey2","ariaLabel":"coma"},{"$i":"colonKey2","ariaLabel":"dos puntos"},{"$i":"semicolonKey2","ariaLabel":"punto y coma"},{"$i":"questionMarkKey2","ariaLabel":"signo de interrogación"},{"$i":"exclamationPointKey2","ariaLabel":"signo de exclamación"},{"$i":"leftBracketKey2","ariaLabel":"corchete izquierdo"},{"$i":"rightBracketKey2","ariaLabel":"corchete derecho"},{"$i":"doubleQuoteKey2","ariaLabel":"comillas dobles"},{"$i":"leftDoubleAngleQuoteKey2","ariaLabel":"abre comillas dobles"},{"$i":"rightDoubleAngleQuoteKey2","ariaLabel":"cierra comillas dobles"},{"$i":"userDictionaryNoWord","$v":"No hay palabras en el diccionario del usuario."},{"$i":"userDictionaryAddNow","$v":"Añada una palabra."},{"$i":"userDictionaryAddButton","ariaLabel":"añadir palabra"},{"$i":"userDictionaryAdd","$v":"Añadir palabra"},{"$i":"userDictionaryEdit","$v":"Editar palabra"},{"$i":"userDictionarySaveButton","$v":"Guardar"},{"$i":"userDictionaryDeleteButton","$v":"Borrar"},{"$i":"userDictionaryDeletePrompt","$v":["¿Borrar “",{"t":"idOrVar","v":"word"},"”?"]},{"$i":"installed-keyboards-title","$v":"Installed Keyboards"},{"$i":"more-keyboards-title","$v":"More Keyboards"},{"$i":"enablePrompt","$v":["Enable ",{"t":"idOrVar","v":"keyboard"}," now?"]},{"$i":"enablePromptEnable","$v":"Enable"},{"$i":"enablePromptNotNow","$v":"Not Now"},{"$i":"dataConnectionPrompt","$v":"When using a data connection, additional costs may apply. Do you want to continue?"},{"$i":"rememberMyChoice","$v":"Remember my choice"},{"$i":"dataConnectionPromptYes","$v":"Yes"},{"$i":"dataConnectionPromptNo","$v":"No"},{"$i":"downloadFailed","$v":"Download failed."},{"$i":"removePrompt","$v":["Remove keyboard ",{"t":"idOrVar","v":"keyboard"},"?"]},{"$i":"removePromptRemove","$v":"Remove"},{"$i":"removePromptCancel","$v":"Cancel"},{"$i":"preInstalledStatus","$v":[{"t":"idOrVar","v":"size"}," ",{"t":"idOrVar","v":"sizeUnit"}]},{"$i":"installableStatus","$v":[{"t":"idOrVar","v":"size"}," ",{"t":"idOrVar","v":"sizeUnit"}]},{"$i":"downloadingStatus","$v":["Downloading… (",{"t":"idOrVar","v":"loadedSize"}," ",{"t":"idOrVar","v":"loadedSizeUnit"},"/",{"t":"idOrVar","v":"totalSize"}," ",{"t":"idOrVar","v":"totalSizeUnit"},")"]},{"$i":"installedStatus","$v":[{"t":"idOrVar","v":"size"}," ",{"t":"idOrVar","v":"sizeUnit"}]},{"$i":"removingStatus","$v":"Removing…"},{"$i":"downloadButton","ariaLabel":"download"},{"$i":"cancelDownloadButton","ariaLabel":"cancel download"},{"$i":"removeButton","ariaLabel":"remove"},{"$i":"byteUnit-B","$v":"Bytes"},{"$i":"byteUnit-KB","$v":"KB"},{"$i":"byteUnit-MB","$v":"MB"},{"$i":"byteUnit-GB","$v":"GB"}]