[{"$i":"title","$v":"Teklatua"},{"$i":"settingsPageTitle","$v":"Teklatu integratua"},{"$i":"ok","$v":"Ados"},{"$i":"keyboardSettings","$v":"Teklatuaren ezarpenak"},{"$i":"cancel","$v":"Utzi"},{"$i":"delete","$v":"Ezabatu"},{"$i":"vibration","$v":"Bibrazioa"},{"$i":"clickSound","$v":"Klik-soinua"},{"$i":"autoCorrect","$v":"Zuzenketa automatikoa"},{"$i":"wordSuggestion","$v":"Hitz-iradokizuna"},{"$i":"userDictionary","$v":"Erabiltzaile-hiztegia"},{"$i":"handwritingKeyboard","$v":"Eskuzko idazkera"},{"$i":"strokeWidth","$v":"Trazu-zabalera"},{"$i":"responseSpeed","$v":"Erantzun-abiadura"},{"$i":"wordSuggestions2","ariaLabel":"Hitz-iradokizunak"},{"$i":"dismiss2","ariaLabel":"Baztertu"},{"$i":"alternateLayoutKey2","ariaLabel":"zenbaki eta sinbolo gehiago"},{"$i":"basicLayoutKey2","ariaLabel":"letrak"},{"$i":"upperCaseKey2","ariaLabel":"shift"},{"$i":"backSpaceKey2","ariaLabel":"ezabatu"},{"$i":"spaceKey2","ariaLabel":"zuriunea"},{"$i":"returnKey2","ariaLabel":"itzuli"},{"$i":"periodKey2","ariaLabel":"puntua"},{"$i":"commaKey2","ariaLabel":"koma"},{"$i":"colonKey2","ariaLabel":"bi puntu"},{"$i":"semicolonKey2","ariaLabel":"puntu eta koma"},{"$i":"questionMarkKey2","ariaLabel":"galdera-ikurra"},{"$i":"exclamationPointKey2","ariaLabel":"harridura-ikurra"},{"$i":"leftBracketKey2","ariaLabel":"ezker-kortxetea"},{"$i":"rightBracketKey2","ariaLabel":"eskuin-kortxetea"},{"$i":"doubleQuoteKey2","ariaLabel":"komatxo bikoitza"},{"$i":"leftDoubleAngleQuoteKey2","ariaLabel":"ezker alboko kakotxak"},{"$i":"rightDoubleAngleQuoteKey2","ariaLabel":"eskuin alboko kakotxak"},{"$i":"userDictionaryNoWord","$v":"Ez dago hitzik erabiltzaile-hiztegian."},{"$i":"userDictionaryAddNow","$v":"Gehitu hitz bat orain."},{"$i":"userDictionaryAddButton","ariaLabel":"gehitu hitza"},{"$i":"userDictionaryAdd","$v":"Gehitu hitza"},{"$i":"userDictionaryEdit","$v":"Editatu hitza"},{"$i":"userDictionarySaveButton","$v":"Gorde"},{"$i":"userDictionaryDeleteButton","$v":"Ezabatu"},{"$i":"userDictionaryDeletePrompt","$v":["Ezabatu “",{"t":"idOrVar","v":"word"},"” hitza?"]},{"$i":"installed-keyboards-title","$v":"Installed Keyboards"},{"$i":"more-keyboards-title","$v":"More Keyboards"},{"$i":"enablePrompt","$v":["Enable ",{"t":"idOrVar","v":"keyboard"}," now?"]},{"$i":"enablePromptEnable","$v":"Enable"},{"$i":"enablePromptNotNow","$v":"Not Now"},{"$i":"dataConnectionPrompt","$v":"When using a data connection, additional costs may apply. Do you want to continue?"},{"$i":"rememberMyChoice","$v":"Remember my choice"},{"$i":"dataConnectionPromptYes","$v":"Yes"},{"$i":"dataConnectionPromptNo","$v":"No"},{"$i":"downloadFailed","$v":"Download failed."},{"$i":"removePrompt","$v":["Remove keyboard ",{"t":"idOrVar","v":"keyboard"},"?"]},{"$i":"removePromptRemove","$v":"Remove"},{"$i":"removePromptCancel","$v":"Cancel"},{"$i":"preInstalledStatus","$v":[{"t":"idOrVar","v":"size"}," ",{"t":"idOrVar","v":"sizeUnit"}]},{"$i":"installableStatus","$v":[{"t":"idOrVar","v":"size"}," ",{"t":"idOrVar","v":"sizeUnit"}]},{"$i":"downloadingStatus","$v":["Downloading… (",{"t":"idOrVar","v":"loadedSize"}," ",{"t":"idOrVar","v":"loadedSizeUnit"},"/",{"t":"idOrVar","v":"totalSize"}," ",{"t":"idOrVar","v":"totalSizeUnit"},")"]},{"$i":"installedStatus","$v":[{"t":"idOrVar","v":"size"}," ",{"t":"idOrVar","v":"sizeUnit"}]},{"$i":"removingStatus","$v":"Removing…"},{"$i":"downloadButton","ariaLabel":"download"},{"$i":"cancelDownloadButton","ariaLabel":"cancel download"},{"$i":"removeButton","ariaLabel":"remove"},{"$i":"byteUnit-B","$v":"Bytes"},{"$i":"byteUnit-KB","$v":"KB"},{"$i":"byteUnit-MB","$v":"MB"},{"$i":"byteUnit-GB","$v":"GB"}]