[{"$i":"title","$v":"Teclado"},{"$i":"settingsPageTitle","$v":"Teclado integrado"},{"$i":"ok","$v":"Aceptar"},{"$i":"keyboardSettings","$v":"Axustes do teclado"},{"$i":"cancel","$v":"Cancel"},{"$i":"delete","$v":"Delete"},{"$i":"vibration","$v":"Vibración"},{"$i":"clickSound","$v":"Son da pulsación"},{"$i":"autoCorrect","$v":"Corrección automática"},{"$i":"wordSuggestion","$v":"Suxestión de palabras"},{"$i":"userDictionary","$v":"User dictionary"},{"$i":"handwritingKeyboard","$v":"Escritura manual"},{"$i":"strokeWidth","$v":"Largura do trazo"},{"$i":"responseSpeed","$v":"Velocidade de resposta"},{"$i":"wordSuggestions2","ariaLabel":"Suxestión de palabras"},{"$i":"dismiss2","ariaLabel":"Rexeitar"},{"$i":"alternateLayoutKey2","ariaLabel":"outros números e símbolos"},{"$i":"basicLayoutKey2","ariaLabel":"letras"},{"$i":"upperCaseKey2","ariaLabel":"maiúscula"},{"$i":"backSpaceKey2","ariaLabel":"elimina"},{"$i":"spaceKey2","ariaLabel":"espazo"},{"$i":"returnKey2","ariaLabel":"intro"},{"$i":"periodKey2","ariaLabel":"punto"},{"$i":"commaKey2","ariaLabel":"coma"},{"$i":"colonKey2","ariaLabel":"dous puntos"},{"$i":"semicolonKey2","ariaLabel":"punto e coma"},{"$i":"questionMarkKey2","ariaLabel":"signo de interrogación"},{"$i":"exclamationPointKey2","ariaLabel":"signo de exclamación"},{"$i":"leftBracketKey2","ariaLabel":"paréntese esquerda"},{"$i":"rightBracketKey2","ariaLabel":"paréntese dereita"},{"$i":"doubleQuoteKey2","ariaLabel":"comiñas dobres"},{"$i":"leftDoubleAngleQuoteKey2","ariaLabel":"comiñas compostas angulares á esquerda"},{"$i":"rightDoubleAngleQuoteKey2","ariaLabel":"comiñas compostas angulares á dereita"},{"$i":"userDictionaryNoWord","$v":"No words in the user dictionary."},{"$i":"userDictionaryAddNow","$v":"Add a word now."},{"$i":"userDictionaryAddButton","ariaLabel":"add word"},{"$i":"userDictionaryAdd","$v":"Add Word"},{"$i":"userDictionaryEdit","$v":"Edit Word"},{"$i":"userDictionarySaveButton","$v":"Save"},{"$i":"userDictionaryDeleteButton","$v":"Delete"},{"$i":"userDictionaryDeletePrompt","$v":["Delete word “",{"t":"idOrVar","v":"word"},"”?"]},{"$i":"installed-keyboards-title","$v":"Installed Keyboards"},{"$i":"more-keyboards-title","$v":"More Keyboards"},{"$i":"enablePrompt","$v":["Enable ",{"t":"idOrVar","v":"keyboard"}," now?"]},{"$i":"enablePromptEnable","$v":"Enable"},{"$i":"enablePromptNotNow","$v":"Not Now"},{"$i":"dataConnectionPrompt","$v":"When using a data connection, additional costs may apply. Do you want to continue?"},{"$i":"rememberMyChoice","$v":"Remember my choice"},{"$i":"dataConnectionPromptYes","$v":"Yes"},{"$i":"dataConnectionPromptNo","$v":"No"},{"$i":"downloadFailed","$v":"Download failed."},{"$i":"removePrompt","$v":["Remove keyboard ",{"t":"idOrVar","v":"keyboard"},"?"]},{"$i":"removePromptRemove","$v":"Remove"},{"$i":"removePromptCancel","$v":"Cancel"},{"$i":"preInstalledStatus","$v":[{"t":"idOrVar","v":"size"}," ",{"t":"idOrVar","v":"sizeUnit"}]},{"$i":"installableStatus","$v":[{"t":"idOrVar","v":"size"}," ",{"t":"idOrVar","v":"sizeUnit"}]},{"$i":"downloadingStatus","$v":["Downloading… (",{"t":"idOrVar","v":"loadedSize"}," ",{"t":"idOrVar","v":"loadedSizeUnit"},"/",{"t":"idOrVar","v":"totalSize"}," ",{"t":"idOrVar","v":"totalSizeUnit"},")"]},{"$i":"installedStatus","$v":[{"t":"idOrVar","v":"size"}," ",{"t":"idOrVar","v":"sizeUnit"}]},{"$i":"removingStatus","$v":"Removing…"},{"$i":"downloadButton","ariaLabel":"download"},{"$i":"cancelDownloadButton","ariaLabel":"cancel download"},{"$i":"removeButton","ariaLabel":"remove"},{"$i":"byteUnit-B","$v":"Bytes"},{"$i":"byteUnit-KB","$v":"KB"},{"$i":"byteUnit-MB","$v":"MB"},{"$i":"byteUnit-GB","$v":"GB"}]