[{"$i":"title","$v":"Billentyűzet"},{"$i":"settingsPageTitle","$v":"Built-in Keyboard"},{"$i":"ok","$v":"OK"},{"$i":"keyboardSettings","$v":"Billentyűzetbeállítások"},{"$i":"cancel","$v":"Cancel"},{"$i":"delete","$v":"Delete"},{"$i":"vibration","$v":"Rezgés"},{"$i":"clickSound","$v":"Kattanás hang"},{"$i":"autoCorrect","$v":"Automata javítás"},{"$i":"wordSuggestion","$v":"Szójavaslat"},{"$i":"userDictionary","$v":"User dictionary"},{"$i":"handwritingKeyboard","$v":"Handwriting"},{"$i":"strokeWidth","$v":"Stroke Width"},{"$i":"responseSpeed","$v":"Response Speed"},{"$i":"wordSuggestions2","ariaLabel":"Szójavaslatok"},{"$i":"dismiss2","ariaLabel":"Bezárás"},{"$i":"alternateLayoutKey2","ariaLabel":"további számok és szimbólumok"},{"$i":"basicLayoutKey2","ariaLabel":"betűk"},{"$i":"upperCaseKey2","ariaLabel":"shift"},{"$i":"backSpaceKey2","ariaLabel":"törlés"},{"$i":"spaceKey2","ariaLabel":"szóköz"},{"$i":"returnKey2","ariaLabel":"enter"},{"$i":"periodKey2","ariaLabel":"pont"},{"$i":"commaKey2","ariaLabel":"vessző"},{"$i":"colonKey2","ariaLabel":"kettőspont"},{"$i":"semicolonKey2","ariaLabel":"pontosvessző"},{"$i":"questionMarkKey2","ariaLabel":"kérdőjel"},{"$i":"exclamationPointKey2","ariaLabel":"felkiáltójel"},{"$i":"leftBracketKey2","ariaLabel":"bal oldali zárójel"},{"$i":"rightBracketKey2","ariaLabel":"jobb oldali zárójel"},{"$i":"doubleQuoteKey2","ariaLabel":"kettős idézőjel"},{"$i":"leftDoubleAngleQuoteKey2","ariaLabel":"bal oldali belső idézőjel"},{"$i":"rightDoubleAngleQuoteKey2","ariaLabel":"jobb oldali belső idézőjel"},{"$i":"userDictionaryNoWord","$v":"No words in the user dictionary."},{"$i":"userDictionaryAddNow","$v":"Add a word now."},{"$i":"userDictionaryAddButton","ariaLabel":"add word"},{"$i":"userDictionaryAdd","$v":"Add Word"},{"$i":"userDictionaryEdit","$v":"Edit Word"},{"$i":"userDictionarySaveButton","$v":"Save"},{"$i":"userDictionaryDeleteButton","$v":"Delete"},{"$i":"userDictionaryDeletePrompt","$v":["Delete word “",{"t":"idOrVar","v":"word"},"”?"]},{"$i":"installed-keyboards-title","$v":"Installed Keyboards"},{"$i":"more-keyboards-title","$v":"More Keyboards"},{"$i":"enablePrompt","$v":["Enable ",{"t":"idOrVar","v":"keyboard"}," now?"]},{"$i":"enablePromptEnable","$v":"Enable"},{"$i":"enablePromptNotNow","$v":"Not Now"},{"$i":"dataConnectionPrompt","$v":"When using a data connection, additional costs may apply. Do you want to continue?"},{"$i":"rememberMyChoice","$v":"Remember my choice"},{"$i":"dataConnectionPromptYes","$v":"Yes"},{"$i":"dataConnectionPromptNo","$v":"No"},{"$i":"downloadFailed","$v":"Download failed."},{"$i":"removePrompt","$v":["Remove keyboard ",{"t":"idOrVar","v":"keyboard"},"?"]},{"$i":"removePromptRemove","$v":"Remove"},{"$i":"removePromptCancel","$v":"Cancel"},{"$i":"preInstalledStatus","$v":[{"t":"idOrVar","v":"size"}," ",{"t":"idOrVar","v":"sizeUnit"}]},{"$i":"installableStatus","$v":[{"t":"idOrVar","v":"size"}," ",{"t":"idOrVar","v":"sizeUnit"}]},{"$i":"downloadingStatus","$v":["Downloading… (",{"t":"idOrVar","v":"loadedSize"}," ",{"t":"idOrVar","v":"loadedSizeUnit"},"/",{"t":"idOrVar","v":"totalSize"}," ",{"t":"idOrVar","v":"totalSizeUnit"},")"]},{"$i":"installedStatus","$v":[{"t":"idOrVar","v":"size"}," ",{"t":"idOrVar","v":"sizeUnit"}]},{"$i":"removingStatus","$v":"Removing…"},{"$i":"downloadButton","ariaLabel":"download"},{"$i":"cancelDownloadButton","ariaLabel":"cancel download"},{"$i":"removeButton","ariaLabel":"remove"},{"$i":"byteUnit-B","$v":"Bytes"},{"$i":"byteUnit-KB","$v":"KB"},{"$i":"byteUnit-MB","$v":"MB"},{"$i":"byteUnit-GB","$v":"GB"}]