[{"$i":"title","$v":"Tastiera"},{"$i":"settingsPageTitle","$v":"Tastiera integrata"},{"$i":"ok","$v":"OK"},{"$i":"keyboardSettings","$v":"Impostazioni tastiera"},{"$i":"cancel","$v":"Annulla"},{"$i":"delete","$v":"Elimina"},{"$i":"vibration","$v":"Vibrazione"},{"$i":"clickSound","$v":"Riproduci clic"},{"$i":"autoCorrect","$v":"Correzione automatica"},{"$i":"wordSuggestion","$v":"Suggerimento parole"},{"$i":"userDictionary","$v":"Dizionario utente"},{"$i":"handwritingKeyboard","$v":"Scrittura manuale"},{"$i":"strokeWidth","$v":"Larghezza tratto"},{"$i":"responseSpeed","$v":"Velocità risposta"},{"$i":"wordSuggestions2","ariaLabel":"Suggerimenti parole"},{"$i":"dismiss2","ariaLabel":"Ignora"},{"$i":"alternateLayoutKey2","ariaLabel":"altri numeri e simboli"},{"$i":"basicLayoutKey2","ariaLabel":"lettere"},{"$i":"upperCaseKey2","ariaLabel":"maiusc"},{"$i":"backSpaceKey2","ariaLabel":"elimina"},{"$i":"spaceKey2","ariaLabel":"spazio"},{"$i":"returnKey2","ariaLabel":"invio"},{"$i":"periodKey2","ariaLabel":"punto"},{"$i":"commaKey2","ariaLabel":"virgola"},{"$i":"colonKey2","ariaLabel":"due punti"},{"$i":"semicolonKey2","ariaLabel":"punto e virgola"},{"$i":"questionMarkKey2","ariaLabel":"punto di domanda"},{"$i":"exclamationPointKey2","ariaLabel":"punto esclamativo"},{"$i":"leftBracketKey2","ariaLabel":"aperta parentesi"},{"$i":"rightBracketKey2","ariaLabel":"chiusa parentesi"},{"$i":"doubleQuoteKey2","ariaLabel":"doppie virgolette"},{"$i":"leftDoubleAngleQuoteKey2","ariaLabel":"aperte virgolette basse"},{"$i":"rightDoubleAngleQuoteKey2","ariaLabel":"chiuse virgolette basse"},{"$i":"userDictionaryNoWord","$v":"Nessuna parola disponibile nel dizionario utente."},{"$i":"userDictionaryAddNow","$v":"Aggiungi una parola."},{"$i":"userDictionaryAddButton","ariaLabel":"aggiungi parola"},{"$i":"userDictionaryAdd","$v":"Aggiungi parola"},{"$i":"userDictionaryEdit","$v":"Modifica parola"},{"$i":"userDictionarySaveButton","$v":"Salva"},{"$i":"userDictionaryDeleteButton","$v":"Elimina"},{"$i":"userDictionaryDeletePrompt","$v":["Eliminare “",{"t":"idOrVar","v":"word"},"”?"]},{"$i":"installed-keyboards-title","$v":"Installed Keyboards"},{"$i":"more-keyboards-title","$v":"More Keyboards"},{"$i":"enablePrompt","$v":["Enable ",{"t":"idOrVar","v":"keyboard"}," now?"]},{"$i":"enablePromptEnable","$v":"Enable"},{"$i":"enablePromptNotNow","$v":"Not Now"},{"$i":"dataConnectionPrompt","$v":"When using a data connection, additional costs may apply. Do you want to continue?"},{"$i":"rememberMyChoice","$v":"Remember my choice"},{"$i":"dataConnectionPromptYes","$v":"Yes"},{"$i":"dataConnectionPromptNo","$v":"No"},{"$i":"downloadFailed","$v":"Download failed."},{"$i":"removePrompt","$v":["Remove keyboard ",{"t":"idOrVar","v":"keyboard"},"?"]},{"$i":"removePromptRemove","$v":"Remove"},{"$i":"removePromptCancel","$v":"Cancel"},{"$i":"preInstalledStatus","$v":[{"t":"idOrVar","v":"size"}," ",{"t":"idOrVar","v":"sizeUnit"}]},{"$i":"installableStatus","$v":[{"t":"idOrVar","v":"size"}," ",{"t":"idOrVar","v":"sizeUnit"}]},{"$i":"downloadingStatus","$v":["Downloading… (",{"t":"idOrVar","v":"loadedSize"}," ",{"t":"idOrVar","v":"loadedSizeUnit"},"/",{"t":"idOrVar","v":"totalSize"}," ",{"t":"idOrVar","v":"totalSizeUnit"},")"]},{"$i":"installedStatus","$v":[{"t":"idOrVar","v":"size"}," ",{"t":"idOrVar","v":"sizeUnit"}]},{"$i":"removingStatus","$v":"Removing…"},{"$i":"downloadButton","ariaLabel":"download"},{"$i":"cancelDownloadButton","ariaLabel":"cancel download"},{"$i":"removeButton","ariaLabel":"remove"},{"$i":"byteUnit-B","$v":"Bytes"},{"$i":"byteUnit-KB","$v":"KB"},{"$i":"byteUnit-MB","$v":"MB"},{"$i":"byteUnit-GB","$v":"GB"}]