[{"$i":"title","$v":"キーボード"},{"$i":"settingsPageTitle","$v":"標準キーボード"},{"$i":"ok","$v":"OK"},{"$i":"keyboardSettings","$v":"キーボード設定"},{"$i":"cancel","$v":"Cancel"},{"$i":"delete","$v":"Delete"},{"$i":"vibration","$v":"バイブレーション"},{"$i":"clickSound","$v":"キー操作音"},{"$i":"autoCorrect","$v":"自動訂正"},{"$i":"wordSuggestion","$v":"入力予測"},{"$i":"userDictionary","$v":"User dictionary"},{"$i":"handwritingKeyboard","$v":"手書き入力"},{"$i":"strokeWidth","$v":"ストローク幅"},{"$i":"responseSpeed","$v":"応答速度"},{"$i":"wordSuggestions2","ariaLabel":"入力予測"},{"$i":"dismiss2","ariaLabel":"却下"},{"$i":"alternateLayoutKey2","ariaLabel":"その他の数字や記号"},{"$i":"basicLayoutKey2","ariaLabel":"文字"},{"$i":"upperCaseKey2","ariaLabel":"シフト"},{"$i":"backSpaceKey2","ariaLabel":"削除"},{"$i":"spaceKey2","ariaLabel":"スペース"},{"$i":"returnKey2","ariaLabel":"リターン"},{"$i":"periodKey2","ariaLabel":"ピリオド"},{"$i":"commaKey2","ariaLabel":"カンマ"},{"$i":"colonKey2","ariaLabel":"コロン"},{"$i":"semicolonKey2","ariaLabel":"セミコロン"},{"$i":"questionMarkKey2","ariaLabel":"引用符"},{"$i":"exclamationPointKey2","ariaLabel":"感嘆符"},{"$i":"leftBracketKey2","ariaLabel":"開き括弧"},{"$i":"rightBracketKey2","ariaLabel":"閉じ括弧"},{"$i":"doubleQuoteKey2","ariaLabel":"ダブルクォート"},{"$i":"leftDoubleAngleQuoteKey2","ariaLabel":"左フレンチダブルクォート"},{"$i":"rightDoubleAngleQuoteKey2","ariaLabel":"右フレンチダブルクォート"},{"$i":"userDictionaryNoWord","$v":"No words in the user dictionary."},{"$i":"userDictionaryAddNow","$v":"Add a word now."},{"$i":"userDictionaryAddButton","ariaLabel":"add word"},{"$i":"userDictionaryAdd","$v":"Add Word"},{"$i":"userDictionaryEdit","$v":"Edit Word"},{"$i":"userDictionarySaveButton","$v":"Save"},{"$i":"userDictionaryDeleteButton","$v":"Delete"},{"$i":"userDictionaryDeletePrompt","$v":["Delete word “",{"t":"idOrVar","v":"word"},"”?"]},{"$i":"installed-keyboards-title","$v":"Installed Keyboards"},{"$i":"more-keyboards-title","$v":"More Keyboards"},{"$i":"enablePrompt","$v":["Enable ",{"t":"idOrVar","v":"keyboard"}," now?"]},{"$i":"enablePromptEnable","$v":"Enable"},{"$i":"enablePromptNotNow","$v":"Not Now"},{"$i":"dataConnectionPrompt","$v":"When using a data connection, additional costs may apply. Do you want to continue?"},{"$i":"rememberMyChoice","$v":"Remember my choice"},{"$i":"dataConnectionPromptYes","$v":"Yes"},{"$i":"dataConnectionPromptNo","$v":"No"},{"$i":"downloadFailed","$v":"Download failed."},{"$i":"removePrompt","$v":["Remove keyboard ",{"t":"idOrVar","v":"keyboard"},"?"]},{"$i":"removePromptRemove","$v":"Remove"},{"$i":"removePromptCancel","$v":"Cancel"},{"$i":"preInstalledStatus","$v":[{"t":"idOrVar","v":"size"}," ",{"t":"idOrVar","v":"sizeUnit"}]},{"$i":"installableStatus","$v":[{"t":"idOrVar","v":"size"}," ",{"t":"idOrVar","v":"sizeUnit"}]},{"$i":"downloadingStatus","$v":["Downloading… (",{"t":"idOrVar","v":"loadedSize"}," ",{"t":"idOrVar","v":"loadedSizeUnit"},"/",{"t":"idOrVar","v":"totalSize"}," ",{"t":"idOrVar","v":"totalSizeUnit"},")"]},{"$i":"installedStatus","$v":[{"t":"idOrVar","v":"size"}," ",{"t":"idOrVar","v":"sizeUnit"}]},{"$i":"removingStatus","$v":"Removing…"},{"$i":"downloadButton","ariaLabel":"download"},{"$i":"cancelDownloadButton","ariaLabel":"cancel download"},{"$i":"removeButton","ariaLabel":"remove"},{"$i":"byteUnit-B","$v":"Bytes"},{"$i":"byteUnit-KB","$v":"KB"},{"$i":"byteUnit-MB","$v":"MB"},{"$i":"byteUnit-GB","$v":"GB"}]