[{"$i":"title","$v":"ក្ដារចុច"},{"$i":"settingsPageTitle","$v":"Built-in Keyboard"},{"$i":"ok","$v":"យល់ព្រម"},{"$i":"keyboardSettings","$v":"ការ​កំណត់​ក្ដារចុច"},{"$i":"cancel","$v":"Cancel"},{"$i":"delete","$v":"Delete"},{"$i":"vibration","$v":"ញ័រ"},{"$i":"clickSound","$v":"សំឡេង​ចុច"},{"$i":"autoCorrect","$v":"​កែតម្រូវ​ស្វ័យប្រវត្តិ"},{"$i":"wordSuggestion","$v":"ការ​ស្នើ​ពាក្យ"},{"$i":"userDictionary","$v":"User dictionary"},{"$i":"handwritingKeyboard","$v":"Handwriting"},{"$i":"strokeWidth","$v":"Stroke Width"},{"$i":"responseSpeed","$v":"Response Speed"},{"$i":"wordSuggestions2","ariaLabel":"ការ​ស្នើ​ពាក្យ"},{"$i":"dismiss2","ariaLabel":"ចាកចេញ"},{"$i":"alternateLayoutKey2","ariaLabel":"លេខ​និង​និមិត្តសញ្ញា​​ផ្សេង​ទៀត"},{"$i":"basicLayoutKey2","ariaLabel":"អក្សរ"},{"$i":"upperCaseKey2","ariaLabel":"shift"},{"$i":"backSpaceKey2","ariaLabel":"លុប"},{"$i":"spaceKey2","ariaLabel":"ចន្លោះ​មិន​ឃើញ"},{"$i":"returnKey2","ariaLabel":"ត្រឡប់"},{"$i":"periodKey2","ariaLabel":"សញ្ញា​ចុច"},{"$i":"commaKey2","ariaLabel":"ក្បៀស"},{"$i":"colonKey2","ariaLabel":"ចុច​ពីរ"},{"$i":"semicolonKey2","ariaLabel":"ចុច​ក្បៀស"},{"$i":"questionMarkKey2","ariaLabel":"សញ្ញា​សួរ"},{"$i":"exclamationPointKey2","ariaLabel":"សញ្ញា​ឧទាន"},{"$i":"leftBracketKey2","ariaLabel":"តង្កៀប​ឆ្វេង"},{"$i":"rightBracketKey2","ariaLabel":"តង្កៀប​ស្ដាំ"},{"$i":"doubleQuoteKey2","ariaLabel":"សញ្ញា​សម្រង់​ទ្វេ"},{"$i":"leftDoubleAngleQuoteKey2","ariaLabel":"សញ្ញា​សម្រង់​ខាង​​ឆ្វេង​​ទ្វេ («)"},{"$i":"rightDoubleAngleQuoteKey2","ariaLabel":"សញ្ញា​សម្រង់​ខាង​ស្ដាំ​ទ្វេ (»)"},{"$i":"userDictionaryNoWord","$v":"No words in the user dictionary."},{"$i":"userDictionaryAddNow","$v":"Add a word now."},{"$i":"userDictionaryAddButton","ariaLabel":"add word"},{"$i":"userDictionaryAdd","$v":"Add Word"},{"$i":"userDictionaryEdit","$v":"Edit Word"},{"$i":"userDictionarySaveButton","$v":"Save"},{"$i":"userDictionaryDeleteButton","$v":"Delete"},{"$i":"userDictionaryDeletePrompt","$v":["Delete word “",{"t":"idOrVar","v":"word"},"”?"]},{"$i":"installed-keyboards-title","$v":"Installed Keyboards"},{"$i":"more-keyboards-title","$v":"More Keyboards"},{"$i":"enablePrompt","$v":["Enable ",{"t":"idOrVar","v":"keyboard"}," now?"]},{"$i":"enablePromptEnable","$v":"Enable"},{"$i":"enablePromptNotNow","$v":"Not Now"},{"$i":"dataConnectionPrompt","$v":"When using a data connection, additional costs may apply. Do you want to continue?"},{"$i":"rememberMyChoice","$v":"Remember my choice"},{"$i":"dataConnectionPromptYes","$v":"Yes"},{"$i":"dataConnectionPromptNo","$v":"No"},{"$i":"downloadFailed","$v":"Download failed."},{"$i":"removePrompt","$v":["Remove keyboard ",{"t":"idOrVar","v":"keyboard"},"?"]},{"$i":"removePromptRemove","$v":"Remove"},{"$i":"removePromptCancel","$v":"Cancel"},{"$i":"preInstalledStatus","$v":[{"t":"idOrVar","v":"size"}," ",{"t":"idOrVar","v":"sizeUnit"}]},{"$i":"installableStatus","$v":[{"t":"idOrVar","v":"size"}," ",{"t":"idOrVar","v":"sizeUnit"}]},{"$i":"downloadingStatus","$v":["Downloading… (",{"t":"idOrVar","v":"loadedSize"}," ",{"t":"idOrVar","v":"loadedSizeUnit"},"/",{"t":"idOrVar","v":"totalSize"}," ",{"t":"idOrVar","v":"totalSizeUnit"},")"]},{"$i":"installedStatus","$v":[{"t":"idOrVar","v":"size"}," ",{"t":"idOrVar","v":"sizeUnit"}]},{"$i":"removingStatus","$v":"Removing…"},{"$i":"downloadButton","ariaLabel":"download"},{"$i":"cancelDownloadButton","ariaLabel":"cancel download"},{"$i":"removeButton","ariaLabel":"remove"},{"$i":"byteUnit-B","$v":"Bytes"},{"$i":"byteUnit-KB","$v":"KB"},{"$i":"byteUnit-MB","$v":"MB"},{"$i":"byteUnit-GB","$v":"GB"}]