[{"$i":"title","$v":"키보드"},{"$i":"settingsPageTitle","$v":"Built-in Keyboard"},{"$i":"ok","$v":"확인"},{"$i":"keyboardSettings","$v":"키보드 설정"},{"$i":"cancel","$v":"Cancel"},{"$i":"delete","$v":"Delete"},{"$i":"vibration","$v":"진동"},{"$i":"clickSound","$v":"클릭 소리"},{"$i":"autoCorrect","$v":"자동 교정"},{"$i":"wordSuggestion","$v":"단어 추천"},{"$i":"userDictionary","$v":"User dictionary"},{"$i":"handwritingKeyboard","$v":"Handwriting"},{"$i":"strokeWidth","$v":"Stroke Width"},{"$i":"responseSpeed","$v":"Response Speed"},{"$i":"wordSuggestions2","ariaLabel":"추천 단어"},{"$i":"dismiss2","ariaLabel":"취소"},{"$i":"alternateLayoutKey2","ariaLabel":"숫자나 기호"},{"$i":"basicLayoutKey2","ariaLabel":"글자"},{"$i":"upperCaseKey2","ariaLabel":"쉬프트"},{"$i":"backSpaceKey2","ariaLabel":"삭제"},{"$i":"spaceKey2","ariaLabel":"공백"},{"$i":"returnKey2","ariaLabel":"전송"},{"$i":"periodKey2","ariaLabel":"마침표"},{"$i":"commaKey2","ariaLabel":"쉼표"},{"$i":"colonKey2","ariaLabel":"쌍점"},{"$i":"semicolonKey2","ariaLabel":"쌍반점"},{"$i":"questionMarkKey2","ariaLabel":"물음표"},{"$i":"exclamationPointKey2","ariaLabel":"느낌표"},{"$i":"leftBracketKey2","ariaLabel":"여는 큰 괄호"},{"$i":"rightBracketKey2","ariaLabel":"닫는 큰 괄호"},{"$i":"doubleQuoteKey2","ariaLabel":"큰따옴표"},{"$i":"leftDoubleAngleQuoteKey2","ariaLabel":"여는 큰따옴표"},{"$i":"rightDoubleAngleQuoteKey2","ariaLabel":"닫는 큰따옴표"},{"$i":"userDictionaryNoWord","$v":"No words in the user dictionary."},{"$i":"userDictionaryAddNow","$v":"Add a word now."},{"$i":"userDictionaryAddButton","ariaLabel":"add word"},{"$i":"userDictionaryAdd","$v":"Add Word"},{"$i":"userDictionaryEdit","$v":"Edit Word"},{"$i":"userDictionarySaveButton","$v":"Save"},{"$i":"userDictionaryDeleteButton","$v":"Delete"},{"$i":"userDictionaryDeletePrompt","$v":["Delete word “",{"t":"idOrVar","v":"word"},"”?"]},{"$i":"installed-keyboards-title","$v":"Installed Keyboards"},{"$i":"more-keyboards-title","$v":"More Keyboards"},{"$i":"enablePrompt","$v":["Enable ",{"t":"idOrVar","v":"keyboard"}," now?"]},{"$i":"enablePromptEnable","$v":"Enable"},{"$i":"enablePromptNotNow","$v":"Not Now"},{"$i":"dataConnectionPrompt","$v":"When using a data connection, additional costs may apply. Do you want to continue?"},{"$i":"rememberMyChoice","$v":"Remember my choice"},{"$i":"dataConnectionPromptYes","$v":"Yes"},{"$i":"dataConnectionPromptNo","$v":"No"},{"$i":"downloadFailed","$v":"Download failed."},{"$i":"removePrompt","$v":["Remove keyboard ",{"t":"idOrVar","v":"keyboard"},"?"]},{"$i":"removePromptRemove","$v":"Remove"},{"$i":"removePromptCancel","$v":"Cancel"},{"$i":"preInstalledStatus","$v":[{"t":"idOrVar","v":"size"}," ",{"t":"idOrVar","v":"sizeUnit"}]},{"$i":"installableStatus","$v":[{"t":"idOrVar","v":"size"}," ",{"t":"idOrVar","v":"sizeUnit"}]},{"$i":"downloadingStatus","$v":["Downloading… (",{"t":"idOrVar","v":"loadedSize"}," ",{"t":"idOrVar","v":"loadedSizeUnit"},"/",{"t":"idOrVar","v":"totalSize"}," ",{"t":"idOrVar","v":"totalSizeUnit"},")"]},{"$i":"installedStatus","$v":[{"t":"idOrVar","v":"size"}," ",{"t":"idOrVar","v":"sizeUnit"}]},{"$i":"removingStatus","$v":"Removing…"},{"$i":"downloadButton","ariaLabel":"download"},{"$i":"cancelDownloadButton","ariaLabel":"cancel download"},{"$i":"removeButton","ariaLabel":"remove"},{"$i":"byteUnit-B","$v":"Bytes"},{"$i":"byteUnit-KB","$v":"KB"},{"$i":"byteUnit-MB","$v":"MB"},{"$i":"byteUnit-GB","$v":"GB"}]