[{"$i":"title","$v":"Klaviatūra"},{"$i":"settingsPageTitle","$v":"Built-in Keyboard"},{"$i":"ok","$v":"Gerai"},{"$i":"keyboardSettings","$v":"Klaviatūros nuostatos"},{"$i":"cancel","$v":"Cancel"},{"$i":"delete","$v":"Delete"},{"$i":"vibration","$v":"Vibruoti"},{"$i":"clickSound","$v":"Spragsėti"},{"$i":"autoCorrect","$v":"Automatiškai taisyti žodžius"},{"$i":"wordSuggestion","$v":"Siūlyti žodžius"},{"$i":"userDictionary","$v":"User dictionary"},{"$i":"handwritingKeyboard","$v":"Handwriting"},{"$i":"strokeWidth","$v":"Stroke Width"},{"$i":"responseSpeed","$v":"Response Speed"},{"$i":"wordSuggestions2","ariaLabel":"Siūlomi žodžiai"},{"$i":"dismiss2","ariaLabel":"Užverti"},{"$i":"alternateLayoutKey2","ariaLabel":"skaitmenys ir specialieji simboliai"},{"$i":"basicLayoutKey2","ariaLabel":"raidės"},{"$i":"upperCaseKey2","ariaLabel":"didžiosios raidės"},{"$i":"backSpaceKey2","ariaLabel":"naikinti"},{"$i":"spaceKey2","ariaLabel":"tarpas"},{"$i":"returnKey2","ariaLabel":"įvesti"},{"$i":"periodKey2","ariaLabel":"taškas"},{"$i":"commaKey2","ariaLabel":"kablelis"},{"$i":"colonKey2","ariaLabel":"dvitaškis"},{"$i":"semicolonKey2","ariaLabel":"kabliataškis"},{"$i":"questionMarkKey2","ariaLabel":"klaustukas"},{"$i":"exclamationPointKey2","ariaLabel":"šauktukas"},{"$i":"leftBracketKey2","ariaLabel":"kairysis skliaustas"},{"$i":"rightBracketKey2","ariaLabel":"dešinysis skliaustas"},{"$i":"doubleQuoteKey2","ariaLabel":"stačiosios kabutės"},{"$i":"leftDoubleAngleQuoteKey2","ariaLabel":"kairiosios kampinės kabutės"},{"$i":"rightDoubleAngleQuoteKey2","ariaLabel":"dešiniosios kampinės kabutės"},{"$i":"userDictionaryNoWord","$v":"No words in the user dictionary."},{"$i":"userDictionaryAddNow","$v":"Add a word now."},{"$i":"userDictionaryAddButton","ariaLabel":"add word"},{"$i":"userDictionaryAdd","$v":"Add Word"},{"$i":"userDictionaryEdit","$v":"Edit Word"},{"$i":"userDictionarySaveButton","$v":"Save"},{"$i":"userDictionaryDeleteButton","$v":"Delete"},{"$i":"userDictionaryDeletePrompt","$v":["Delete word “",{"t":"idOrVar","v":"word"},"”?"]},{"$i":"installed-keyboards-title","$v":"Installed Keyboards"},{"$i":"more-keyboards-title","$v":"More Keyboards"},{"$i":"enablePrompt","$v":["Enable ",{"t":"idOrVar","v":"keyboard"}," now?"]},{"$i":"enablePromptEnable","$v":"Enable"},{"$i":"enablePromptNotNow","$v":"Not Now"},{"$i":"dataConnectionPrompt","$v":"When using a data connection, additional costs may apply. Do you want to continue?"},{"$i":"rememberMyChoice","$v":"Remember my choice"},{"$i":"dataConnectionPromptYes","$v":"Yes"},{"$i":"dataConnectionPromptNo","$v":"No"},{"$i":"downloadFailed","$v":"Download failed."},{"$i":"removePrompt","$v":["Remove keyboard ",{"t":"idOrVar","v":"keyboard"},"?"]},{"$i":"removePromptRemove","$v":"Remove"},{"$i":"removePromptCancel","$v":"Cancel"},{"$i":"preInstalledStatus","$v":[{"t":"idOrVar","v":"size"}," ",{"t":"idOrVar","v":"sizeUnit"}]},{"$i":"installableStatus","$v":[{"t":"idOrVar","v":"size"}," ",{"t":"idOrVar","v":"sizeUnit"}]},{"$i":"downloadingStatus","$v":["Downloading… (",{"t":"idOrVar","v":"loadedSize"}," ",{"t":"idOrVar","v":"loadedSizeUnit"},"/",{"t":"idOrVar","v":"totalSize"}," ",{"t":"idOrVar","v":"totalSizeUnit"},")"]},{"$i":"installedStatus","$v":[{"t":"idOrVar","v":"size"}," ",{"t":"idOrVar","v":"sizeUnit"}]},{"$i":"removingStatus","$v":"Removing…"},{"$i":"downloadButton","ariaLabel":"download"},{"$i":"cancelDownloadButton","ariaLabel":"cancel download"},{"$i":"removeButton","ariaLabel":"remove"},{"$i":"byteUnit-B","$v":"Bytes"},{"$i":"byteUnit-KB","$v":"KB"},{"$i":"byteUnit-MB","$v":"MB"},{"$i":"byteUnit-GB","$v":"GB"}]