[{"$i":"title","$v":"Papan kekunci"},{"$i":"settingsPageTitle","$v":"Built-in Keyboard"},{"$i":"ok","$v":"OK"},{"$i":"keyboardSettings","$v":"Tetapan papan kekunci"},{"$i":"cancel","$v":"Cancel"},{"$i":"delete","$v":"Delete"},{"$i":"vibration","$v":"Getaran"},{"$i":"clickSound","$v":"Bunyi klik"},{"$i":"autoCorrect","$v":"Auto pembetulan"},{"$i":"wordSuggestion","$v":"Cadangan kata"},{"$i":"userDictionary","$v":"User dictionary"},{"$i":"handwritingKeyboard","$v":"Handwriting"},{"$i":"strokeWidth","$v":"Stroke Width"},{"$i":"responseSpeed","$v":"Response Speed"},{"$i":"wordSuggestions2","ariaLabel":"Cadangan kata"},{"$i":"dismiss2","ariaLabel":"Surai"},{"$i":"alternateLayoutKey2","ariaLabel":"lagi nombor dan simbol"},{"$i":"basicLayoutKey2","ariaLabel":"huruf"},{"$i":"upperCaseKey2","ariaLabel":"anjak"},{"$i":"backSpaceKey2","ariaLabel":"padam"},{"$i":"spaceKey2","ariaLabel":"ruang"},{"$i":"returnKey2","ariaLabel":"kembali"},{"$i":"periodKey2","ariaLabel":"tempoh"},{"$i":"commaKey2","ariaLabel":"koma"},{"$i":"colonKey2","ariaLabel":"tanda titik bertindih"},{"$i":"semicolonKey2","ariaLabel":"koma bertitik"},{"$i":"questionMarkKey2","ariaLabel":"tanda tanya"},{"$i":"exclamationPointKey2","ariaLabel":"tanda seru"},{"$i":"leftBracketKey2","ariaLabel":"kurungan kiri"},{"$i":"rightBracketKey2","ariaLabel":"kurungan kanan"},{"$i":"doubleQuoteKey2","ariaLabel":"petikan berganda"},{"$i":"leftDoubleAngleQuoteKey2","ariaLabel":"petikan sudut berganda kiri"},{"$i":"rightDoubleAngleQuoteKey2","ariaLabel":"petikan sudut berganda kanan"},{"$i":"userDictionaryNoWord","$v":"No words in the user dictionary."},{"$i":"userDictionaryAddNow","$v":"Add a word now."},{"$i":"userDictionaryAddButton","ariaLabel":"add word"},{"$i":"userDictionaryAdd","$v":"Add Word"},{"$i":"userDictionaryEdit","$v":"Edit Word"},{"$i":"userDictionarySaveButton","$v":"Save"},{"$i":"userDictionaryDeleteButton","$v":"Delete"},{"$i":"userDictionaryDeletePrompt","$v":["Delete word “",{"t":"idOrVar","v":"word"},"”?"]},{"$i":"installed-keyboards-title","$v":"Installed Keyboards"},{"$i":"more-keyboards-title","$v":"More Keyboards"},{"$i":"enablePrompt","$v":["Enable ",{"t":"idOrVar","v":"keyboard"}," now?"]},{"$i":"enablePromptEnable","$v":"Enable"},{"$i":"enablePromptNotNow","$v":"Not Now"},{"$i":"dataConnectionPrompt","$v":"When using a data connection, additional costs may apply. Do you want to continue?"},{"$i":"rememberMyChoice","$v":"Remember my choice"},{"$i":"dataConnectionPromptYes","$v":"Yes"},{"$i":"dataConnectionPromptNo","$v":"No"},{"$i":"downloadFailed","$v":"Download failed."},{"$i":"removePrompt","$v":["Remove keyboard ",{"t":"idOrVar","v":"keyboard"},"?"]},{"$i":"removePromptRemove","$v":"Remove"},{"$i":"removePromptCancel","$v":"Cancel"},{"$i":"preInstalledStatus","$v":[{"t":"idOrVar","v":"size"}," ",{"t":"idOrVar","v":"sizeUnit"}]},{"$i":"installableStatus","$v":[{"t":"idOrVar","v":"size"}," ",{"t":"idOrVar","v":"sizeUnit"}]},{"$i":"downloadingStatus","$v":["Downloading… (",{"t":"idOrVar","v":"loadedSize"}," ",{"t":"idOrVar","v":"loadedSizeUnit"},"/",{"t":"idOrVar","v":"totalSize"}," ",{"t":"idOrVar","v":"totalSizeUnit"},")"]},{"$i":"installedStatus","$v":[{"t":"idOrVar","v":"size"}," ",{"t":"idOrVar","v":"sizeUnit"}]},{"$i":"removingStatus","$v":"Removing…"},{"$i":"downloadButton","ariaLabel":"download"},{"$i":"cancelDownloadButton","ariaLabel":"cancel download"},{"$i":"removeButton","ariaLabel":"remove"},{"$i":"byteUnit-B","$v":"Bytes"},{"$i":"byteUnit-KB","$v":"KB"},{"$i":"byteUnit-MB","$v":"MB"},{"$i":"byteUnit-GB","$v":"GB"}]