[{"$i":"title","$v":"कीबोर्ड"},{"$i":"settingsPageTitle","$v":"Built-in Keyboard"},{"$i":"ok","$v":"ठिक छ"},{"$i":"keyboardSettings","$v":"कुञ्जीपाटी सेटिङ"},{"$i":"cancel","$v":"Cancel"},{"$i":"delete","$v":"Delete"},{"$i":"vibration","$v":"कम्पन"},{"$i":"clickSound","$v":"क्लिक ध्वनि"},{"$i":"autoCorrect","$v":"स्वत: सुधार"},{"$i":"wordSuggestion","$v":"शब्द सुझाव"},{"$i":"userDictionary","$v":"User dictionary"},{"$i":"handwritingKeyboard","$v":"Handwriting"},{"$i":"strokeWidth","$v":"स्ट्रोक चौडाइ"},{"$i":"responseSpeed","$v":"Response Speed"},{"$i":"wordSuggestions2","ariaLabel":"शब्द सुझाव"},{"$i":"dismiss2","ariaLabel":"खारेज"},{"$i":"alternateLayoutKey2","ariaLabel":"अधिक संख्या र प्रतीकहरु"},{"$i":"basicLayoutKey2","ariaLabel":"अक्षरहरु"},{"$i":"upperCaseKey2","ariaLabel":"सिफ्ट"},{"$i":"backSpaceKey2","ariaLabel":"मेटाउनुहोस्"},{"$i":"spaceKey2","ariaLabel":"खाली"},{"$i":"returnKey2","ariaLabel":"फिर्ता"},{"$i":"periodKey2","ariaLabel":"अवधि"},{"$i":"commaKey2","ariaLabel":"अल्पविराम"},{"$i":"colonKey2","ariaLabel":"विराम"},{"$i":"semicolonKey2","ariaLabel":"अर्ध विराम"},{"$i":"questionMarkKey2","ariaLabel":"प्रश्न चिन्ह"},{"$i":"exclamationPointKey2","ariaLabel":"विस्मयादिबोधक बिन्दु"},{"$i":"leftBracketKey2","ariaLabel":"बाँया कोष्टक"},{"$i":"rightBracketKey2","ariaLabel":"दाँया कोष्टक"},{"$i":"doubleQuoteKey2","ariaLabel":"जोडी उद्धरण"},{"$i":"leftDoubleAngleQuoteKey2","ariaLabel":"देब्रे जोडी कोण उद्धरण"},{"$i":"rightDoubleAngleQuoteKey2","ariaLabel":"दाहिने जोडी कोण उद्धरण"},{"$i":"userDictionaryNoWord","$v":"No words in the user dictionary."},{"$i":"userDictionaryAddNow","$v":"Add a word now."},{"$i":"userDictionaryAddButton","ariaLabel":"add word"},{"$i":"userDictionaryAdd","$v":"Add Word"},{"$i":"userDictionaryEdit","$v":"Edit Word"},{"$i":"userDictionarySaveButton","$v":"Save"},{"$i":"userDictionaryDeleteButton","$v":"Delete"},{"$i":"userDictionaryDeletePrompt","$v":["Delete word “",{"t":"idOrVar","v":"word"},"”?"]},{"$i":"installed-keyboards-title","$v":"Installed Keyboards"},{"$i":"more-keyboards-title","$v":"More Keyboards"},{"$i":"enablePrompt","$v":["Enable ",{"t":"idOrVar","v":"keyboard"}," now?"]},{"$i":"enablePromptEnable","$v":"Enable"},{"$i":"enablePromptNotNow","$v":"Not Now"},{"$i":"dataConnectionPrompt","$v":"When using a data connection, additional costs may apply. Do you want to continue?"},{"$i":"rememberMyChoice","$v":"Remember my choice"},{"$i":"dataConnectionPromptYes","$v":"Yes"},{"$i":"dataConnectionPromptNo","$v":"No"},{"$i":"downloadFailed","$v":"Download failed."},{"$i":"removePrompt","$v":["Remove keyboard ",{"t":"idOrVar","v":"keyboard"},"?"]},{"$i":"removePromptRemove","$v":"Remove"},{"$i":"removePromptCancel","$v":"Cancel"},{"$i":"preInstalledStatus","$v":[{"t":"idOrVar","v":"size"}," ",{"t":"idOrVar","v":"sizeUnit"}]},{"$i":"installableStatus","$v":[{"t":"idOrVar","v":"size"}," ",{"t":"idOrVar","v":"sizeUnit"}]},{"$i":"downloadingStatus","$v":["Downloading… (",{"t":"idOrVar","v":"loadedSize"}," ",{"t":"idOrVar","v":"loadedSizeUnit"},"/",{"t":"idOrVar","v":"totalSize"}," ",{"t":"idOrVar","v":"totalSizeUnit"},")"]},{"$i":"installedStatus","$v":[{"t":"idOrVar","v":"size"}," ",{"t":"idOrVar","v":"sizeUnit"}]},{"$i":"removingStatus","$v":"Removing…"},{"$i":"downloadButton","ariaLabel":"download"},{"$i":"cancelDownloadButton","ariaLabel":"cancel download"},{"$i":"removeButton","ariaLabel":"remove"},{"$i":"byteUnit-B","$v":"Bytes"},{"$i":"byteUnit-KB","$v":"KB"},{"$i":"byteUnit-MB","$v":"MB"},{"$i":"byteUnit-GB","$v":"GB"}]