[{"$i":"title","$v":"Toetsenbord"},{"$i":"settingsPageTitle","$v":"Ingebouwd toetsenbord"},{"$i":"ok","$v":"OK"},{"$i":"keyboardSettings","$v":"Toetsenbordinstellingen"},{"$i":"cancel","$v":"Annuleren"},{"$i":"delete","$v":"Verwijderen"},{"$i":"vibration","$v":"Trilling"},{"$i":"clickSound","$v":"Klikgeluid"},{"$i":"autoCorrect","$v":"Autocorrectie"},{"$i":"wordSuggestion","$v":"Woordsuggestie"},{"$i":"userDictionary","$v":"Gebruikerswoordenboek"},{"$i":"handwritingKeyboard","$v":"Handschrift"},{"$i":"strokeWidth","$v":"Lijndikte"},{"$i":"responseSpeed","$v":"Reactiesnelheid"},{"$i":"wordSuggestions2","ariaLabel":"Woordsuggesties"},{"$i":"dismiss2","ariaLabel":"Verwijderen"},{"$i":"alternateLayoutKey2","ariaLabel":"meer cijfers en symbolen"},{"$i":"basicLayoutKey2","ariaLabel":"letters"},{"$i":"upperCaseKey2","ariaLabel":"shift"},{"$i":"backSpaceKey2","ariaLabel":"delete"},{"$i":"spaceKey2","ariaLabel":"spatie"},{"$i":"returnKey2","ariaLabel":"return"},{"$i":"periodKey2","ariaLabel":"punt"},{"$i":"commaKey2","ariaLabel":"komma"},{"$i":"colonKey2","ariaLabel":"dubbele punt"},{"$i":"semicolonKey2","ariaLabel":"puntkomma"},{"$i":"questionMarkKey2","ariaLabel":"vraagteken"},{"$i":"exclamationPointKey2","ariaLabel":"uitroepteken"},{"$i":"leftBracketKey2","ariaLabel":"haakje-links"},{"$i":"rightBracketKey2","ariaLabel":"haakje-rechts"},{"$i":"doubleQuoteKey2","ariaLabel":"dubbele aanhalingstekens"},{"$i":"leftDoubleAngleQuoteKey2","ariaLabel":"dubbel aanhalingsteken naar links"},{"$i":"rightDoubleAngleQuoteKey2","ariaLabel":"dubbel aanhalingsteken naar rechts"},{"$i":"userDictionaryNoWord","$v":"Geen woorden in het gebruikerswoordenboek."},{"$i":"userDictionaryAddNow","$v":"Voeg nu een woord toe."},{"$i":"userDictionaryAddButton","ariaLabel":"woord toevoegen"},{"$i":"userDictionaryAdd","$v":"Woord toevoegen"},{"$i":"userDictionaryEdit","$v":"Woord bewerken"},{"$i":"userDictionarySaveButton","$v":"Opslaan"},{"$i":"userDictionaryDeleteButton","$v":"Verwijderen"},{"$i":"userDictionaryDeletePrompt","$v":["Woord “",{"t":"idOrVar","v":"word"},"” verwijderen?"]},{"$i":"installed-keyboards-title","$v":"Installed Keyboards"},{"$i":"more-keyboards-title","$v":"More Keyboards"},{"$i":"enablePrompt","$v":["Enable ",{"t":"idOrVar","v":"keyboard"}," now?"]},{"$i":"enablePromptEnable","$v":"Enable"},{"$i":"enablePromptNotNow","$v":"Not Now"},{"$i":"dataConnectionPrompt","$v":"When using a data connection, additional costs may apply. Do you want to continue?"},{"$i":"rememberMyChoice","$v":"Remember my choice"},{"$i":"dataConnectionPromptYes","$v":"Yes"},{"$i":"dataConnectionPromptNo","$v":"No"},{"$i":"downloadFailed","$v":"Download failed."},{"$i":"removePrompt","$v":["Remove keyboard ",{"t":"idOrVar","v":"keyboard"},"?"]},{"$i":"removePromptRemove","$v":"Remove"},{"$i":"removePromptCancel","$v":"Cancel"},{"$i":"preInstalledStatus","$v":[{"t":"idOrVar","v":"size"}," ",{"t":"idOrVar","v":"sizeUnit"}]},{"$i":"installableStatus","$v":[{"t":"idOrVar","v":"size"}," ",{"t":"idOrVar","v":"sizeUnit"}]},{"$i":"downloadingStatus","$v":["Downloading… (",{"t":"idOrVar","v":"loadedSize"}," ",{"t":"idOrVar","v":"loadedSizeUnit"},"/",{"t":"idOrVar","v":"totalSize"}," ",{"t":"idOrVar","v":"totalSizeUnit"},")"]},{"$i":"installedStatus","$v":[{"t":"idOrVar","v":"size"}," ",{"t":"idOrVar","v":"sizeUnit"}]},{"$i":"removingStatus","$v":"Removing…"},{"$i":"downloadButton","ariaLabel":"download"},{"$i":"cancelDownloadButton","ariaLabel":"cancel download"},{"$i":"removeButton","ariaLabel":"remove"},{"$i":"byteUnit-B","$v":"Bytes"},{"$i":"byteUnit-KB","$v":"KB"},{"$i":"byteUnit-MB","$v":"MB"},{"$i":"byteUnit-GB","$v":"GB"}]