[{"$i":"title","$v":"Klawiatura"},{"$i":"settingsPageTitle","$v":"Wbudowana klawiatura"},{"$i":"ok","$v":"OK"},{"$i":"keyboardSettings","$v":"Ustawienia klawiatury"},{"$i":"cancel","$v":"Anuluj"},{"$i":"delete","$v":"Usuń"},{"$i":"vibration","$v":"Wibracje"},{"$i":"clickSound","$v":"Dźwięki"},{"$i":"autoCorrect","$v":"Autokorekta"},{"$i":"wordSuggestion","$v":"Sugerowanie słów"},{"$i":"userDictionary","$v":"Słownik użytkownika"},{"$i":"handwritingKeyboard","$v":"Pismo odręczne"},{"$i":"strokeWidth","$v":"Szerokość pociągnięć"},{"$i":"responseSpeed","$v":"Szybkość reakcji"},{"$i":"wordSuggestions2","ariaLabel":"Sugerowane słowa"},{"$i":"dismiss2","ariaLabel":"Odrzuć"},{"$i":"alternateLayoutKey2","ariaLabel":"więcej cyfr i symboli"},{"$i":"basicLayoutKey2","ariaLabel":"litery"},{"$i":"upperCaseKey2","ariaLabel":"wielka litera"},{"$i":"backSpaceKey2","ariaLabel":"znak usuwania"},{"$i":"spaceKey2","ariaLabel":"spacja"},{"$i":"returnKey2","ariaLabel":"nowa linia"},{"$i":"periodKey2","ariaLabel":"kropka"},{"$i":"commaKey2","ariaLabel":"przecinek"},{"$i":"colonKey2","ariaLabel":"dwukropek"},{"$i":"semicolonKey2","ariaLabel":"średnik"},{"$i":"questionMarkKey2","ariaLabel":"znak zapytania"},{"$i":"exclamationPointKey2","ariaLabel":"wykrzyknik"},{"$i":"leftBracketKey2","ariaLabel":"otwarcie nawiasu"},{"$i":"rightBracketKey2","ariaLabel":"zamknięcie nawiasu"},{"$i":"doubleQuoteKey2","ariaLabel":"cudzysłów"},{"$i":"leftDoubleAngleQuoteKey2","ariaLabel":"lewy podwójny cudzysłów ostrokątny"},{"$i":"rightDoubleAngleQuoteKey2","ariaLabel":"prawy podwójny cudzysłów ostrokątny"},{"$i":"userDictionaryNoWord","$v":"Brak słów w słowniku użytkownika."},{"$i":"userDictionaryAddNow","$v":"Dodaj słowo"},{"$i":"userDictionaryAddButton","ariaLabel":"Dodaj słowo"},{"$i":"userDictionaryAdd","$v":"Dodaj słowo"},{"$i":"userDictionaryEdit","$v":"Edutuj słowo"},{"$i":"userDictionarySaveButton","$v":"Zapisz"},{"$i":"userDictionaryDeleteButton","$v":"Usuń"},{"$i":"userDictionaryDeletePrompt","$v":["Usunąć słowo „{{word}”?"]},{"$i":"installed-keyboards-title","$v":"Zainstalowane klawiatury"},{"$i":"more-keyboards-title","$v":"Więcej klawiatur"},{"$i":"enablePrompt","$v":["Czy włączyć „",{"t":"idOrVar","v":"keyboard"},"”?"]},{"$i":"enablePromptEnable","$v":"Włącz"},{"$i":"enablePromptNotNow","$v":"Nie teraz"},{"$i":"dataConnectionPrompt","$v":"Podczas przesyłania danych przez sieć komórkową, mogą być naliczane dodatkowe opłaty. Czy kontynuować?"},{"$i":"rememberMyChoice","$v":"Zapamiętaj wybór"},{"$i":"dataConnectionPromptYes","$v":"Tak"},{"$i":"dataConnectionPromptNo","$v":"Nie"},{"$i":"downloadFailed","$v":"Pobieranie nie podwiodło się."},{"$i":"removePrompt","$v":["Usunąć klawiaturę „",{"t":"idOrVar","v":"keyboard"},"”?"]},{"$i":"removePromptRemove","$v":"Usuń"},{"$i":"removePromptCancel","$v":"Anuluj"},{"$i":"preInstalledStatus","$v":[{"t":"idOrVar","v":"size"}," ",{"t":"idOrVar","v":"sizeUnit"}]},{"$i":"installableStatus","$v":[{"t":"idOrVar","v":"size"}," ",{"t":"idOrVar","v":"sizeUnit"}]},{"$i":"downloadingStatus","$v":["Pobieranie… (",{"t":"idOrVar","v":"loadedSize"}," ",{"t":"idOrVar","v":"loadedSizeUnit"},"/",{"t":"idOrVar","v":"totalSize"}," ",{"t":"idOrVar","v":"totalSizeUnit"},")"]},{"$i":"installedStatus","$v":[{"t":"idOrVar","v":"size"}," ",{"t":"idOrVar","v":"sizeUnit"}]},{"$i":"removingStatus","$v":"Usuwanie…"},{"$i":"downloadButton","ariaLabel":"Pobierz"},{"$i":"cancelDownloadButton","ariaLabel":"Anuluj pobieranie"},{"$i":"removeButton","ariaLabel":"Usuń"},{"$i":"byteUnit-B","$v":"B"},{"$i":"byteUnit-KB","$v":"KB"},{"$i":"byteUnit-MB","$v":"MB"},{"$i":"byteUnit-GB","$v":"GB"}]