[{"$i":"title","$v":"Teclado"},{"$i":"settingsPageTitle","$v":"Teclado integrado"},{"$i":"ok","$v":"OK"},{"$i":"keyboardSettings","$v":"Configurações do teclado"},{"$i":"cancel","$v":"Cancel"},{"$i":"delete","$v":"Delete"},{"$i":"vibration","$v":"Vibração"},{"$i":"clickSound","$v":"Som das teclas"},{"$i":"autoCorrect","$v":"Autocorreção"},{"$i":"wordSuggestion","$v":"Sugerir palavras"},{"$i":"userDictionary","$v":"User dictionary"},{"$i":"handwritingKeyboard","$v":"Escrita manual"},{"$i":"strokeWidth","$v":"Espessura do traço"},{"$i":"responseSpeed","$v":"Velocidade de resposta"},{"$i":"wordSuggestions2","ariaLabel":"Sugerir palavras"},{"$i":"dismiss2","ariaLabel":"Descartar"},{"$i":"alternateLayoutKey2","ariaLabel":"mais números e símbolos"},{"$i":"basicLayoutKey2","ariaLabel":"letras"},{"$i":"upperCaseKey2","ariaLabel":"shift"},{"$i":"backSpaceKey2","ariaLabel":"apagar"},{"$i":"spaceKey2","ariaLabel":"espaço"},{"$i":"returnKey2","ariaLabel":"retorno"},{"$i":"periodKey2","ariaLabel":"ponto"},{"$i":"commaKey2","ariaLabel":"vírgula"},{"$i":"colonKey2","ariaLabel":"dois pontos"},{"$i":"semicolonKey2","ariaLabel":"ponto e vírgula"},{"$i":"questionMarkKey2","ariaLabel":"ponto de interrogação"},{"$i":"exclamationPointKey2","ariaLabel":"ponto de exclamação"},{"$i":"leftBracketKey2","ariaLabel":"abre colchete"},{"$i":"rightBracketKey2","ariaLabel":"fecha colchete"},{"$i":"doubleQuoteKey2","ariaLabel":"aspas duplas"},{"$i":"leftDoubleAngleQuoteKey2","ariaLabel":"aspa angular dupla esquerda"},{"$i":"rightDoubleAngleQuoteKey2","ariaLabel":"aspa angular dupla direita"},{"$i":"userDictionaryNoWord","$v":"No words in the user dictionary."},{"$i":"userDictionaryAddNow","$v":"Add a word now."},{"$i":"userDictionaryAddButton","ariaLabel":"add word"},{"$i":"userDictionaryAdd","$v":"Add Word"},{"$i":"userDictionaryEdit","$v":"Edit Word"},{"$i":"userDictionarySaveButton","$v":"Save"},{"$i":"userDictionaryDeleteButton","$v":"Delete"},{"$i":"userDictionaryDeletePrompt","$v":["Delete word “",{"t":"idOrVar","v":"word"},"”?"]},{"$i":"installed-keyboards-title","$v":"Installed Keyboards"},{"$i":"more-keyboards-title","$v":"More Keyboards"},{"$i":"enablePrompt","$v":["Enable ",{"t":"idOrVar","v":"keyboard"}," now?"]},{"$i":"enablePromptEnable","$v":"Enable"},{"$i":"enablePromptNotNow","$v":"Not Now"},{"$i":"dataConnectionPrompt","$v":"When using a data connection, additional costs may apply. Do you want to continue?"},{"$i":"rememberMyChoice","$v":"Remember my choice"},{"$i":"dataConnectionPromptYes","$v":"Yes"},{"$i":"dataConnectionPromptNo","$v":"No"},{"$i":"downloadFailed","$v":"Download failed."},{"$i":"removePrompt","$v":["Remove keyboard ",{"t":"idOrVar","v":"keyboard"},"?"]},{"$i":"removePromptRemove","$v":"Remove"},{"$i":"removePromptCancel","$v":"Cancel"},{"$i":"preInstalledStatus","$v":[{"t":"idOrVar","v":"size"}," ",{"t":"idOrVar","v":"sizeUnit"}]},{"$i":"installableStatus","$v":[{"t":"idOrVar","v":"size"}," ",{"t":"idOrVar","v":"sizeUnit"}]},{"$i":"downloadingStatus","$v":["Downloading… (",{"t":"idOrVar","v":"loadedSize"}," ",{"t":"idOrVar","v":"loadedSizeUnit"},"/",{"t":"idOrVar","v":"totalSize"}," ",{"t":"idOrVar","v":"totalSizeUnit"},")"]},{"$i":"installedStatus","$v":[{"t":"idOrVar","v":"size"}," ",{"t":"idOrVar","v":"sizeUnit"}]},{"$i":"removingStatus","$v":"Removing…"},{"$i":"downloadButton","ariaLabel":"download"},{"$i":"cancelDownloadButton","ariaLabel":"cancel download"},{"$i":"removeButton","ariaLabel":"remove"},{"$i":"byteUnit-B","$v":"Bytes"},{"$i":"byteUnit-KB","$v":"KB"},{"$i":"byteUnit-MB","$v":"MB"},{"$i":"byteUnit-GB","$v":"GB"}]