[{"$i":"title","$v":"Клавиатура"},{"$i":"settingsPageTitle","$v":"Сист. раскладка"},{"$i":"ok","$v":"OK"},{"$i":"keyboardSettings","$v":"Параметры"},{"$i":"cancel","$v":"Отмена"},{"$i":"delete","$v":"Удалить"},{"$i":"vibration","$v":"Вибрация"},{"$i":"clickSound","$v":"Звук щелчка"},{"$i":"autoCorrect","$v":"Автоисправление"},{"$i":"wordSuggestion","$v":"Предлагать слово"},{"$i":"userDictionary","$v":"Словарь пользователя"},{"$i":"handwritingKeyboard","$v":"Рукописный ввод"},{"$i":"strokeWidth","$v":"Толщина черты"},{"$i":"responseSpeed","$v":"Скорость отклика"},{"$i":"wordSuggestions2","ariaLabel":"Предлагать слова"},{"$i":"dismiss2","ariaLabel":"Отклонить"},{"$i":"alternateLayoutKey2","ariaLabel":"другие цифры и символы"},{"$i":"basicLayoutKey2","ariaLabel":"буквы"},{"$i":"upperCaseKey2","ariaLabel":"shift"},{"$i":"backSpaceKey2","ariaLabel":"удалить"},{"$i":"spaceKey2","ariaLabel":"пробел"},{"$i":"returnKey2","ariaLabel":"ввод"},{"$i":"periodKey2","ariaLabel":"точка"},{"$i":"commaKey2","ariaLabel":"запятая"},{"$i":"colonKey2","ariaLabel":"двоеточие"},{"$i":"semicolonKey2","ariaLabel":"точка с запятой"},{"$i":"questionMarkKey2","ariaLabel":"вопросительный знак"},{"$i":"exclamationPointKey2","ariaLabel":"восклицательный знак"},{"$i":"leftBracketKey2","ariaLabel":"левая скобка"},{"$i":"rightBracketKey2","ariaLabel":"правая скобка"},{"$i":"doubleQuoteKey2","ariaLabel":"двойная кавычка"},{"$i":"leftDoubleAngleQuoteKey2","ariaLabel":"открывающая двойная кавычка"},{"$i":"rightDoubleAngleQuoteKey2","ariaLabel":"закрывающая двойная кавычка"},{"$i":"userDictionaryNoWord","$v":"Нет слов в словаре пользователя."},{"$i":"userDictionaryAddNow","$v":"Добавить слово сейчас."},{"$i":"userDictionaryAddButton","ariaLabel":"добавить слово"},{"$i":"userDictionaryAdd","$v":"Добавить слово"},{"$i":"userDictionaryEdit","$v":"Изменить слово"},{"$i":"userDictionarySaveButton","$v":"Сохранить"},{"$i":"userDictionaryDeleteButton","$v":"Удалить"},{"$i":"userDictionaryDeletePrompt","$v":["Удалить слово “",{"t":"idOrVar","v":"word"},"”?"]},{"$i":"installed-keyboards-title","$v":"Installed Keyboards"},{"$i":"more-keyboards-title","$v":"More Keyboards"},{"$i":"enablePrompt","$v":["Enable ",{"t":"idOrVar","v":"keyboard"}," now?"]},{"$i":"enablePromptEnable","$v":"Enable"},{"$i":"enablePromptNotNow","$v":"Not Now"},{"$i":"dataConnectionPrompt","$v":"When using a data connection, additional costs may apply. Do you want to continue?"},{"$i":"rememberMyChoice","$v":"Remember my choice"},{"$i":"dataConnectionPromptYes","$v":"Yes"},{"$i":"dataConnectionPromptNo","$v":"No"},{"$i":"downloadFailed","$v":"Download failed."},{"$i":"removePrompt","$v":["Remove keyboard ",{"t":"idOrVar","v":"keyboard"},"?"]},{"$i":"removePromptRemove","$v":"Remove"},{"$i":"removePromptCancel","$v":"Cancel"},{"$i":"preInstalledStatus","$v":[{"t":"idOrVar","v":"size"}," ",{"t":"idOrVar","v":"sizeUnit"}]},{"$i":"installableStatus","$v":[{"t":"idOrVar","v":"size"}," ",{"t":"idOrVar","v":"sizeUnit"}]},{"$i":"downloadingStatus","$v":["Downloading… (",{"t":"idOrVar","v":"loadedSize"}," ",{"t":"idOrVar","v":"loadedSizeUnit"},"/",{"t":"idOrVar","v":"totalSize"}," ",{"t":"idOrVar","v":"totalSizeUnit"},")"]},{"$i":"installedStatus","$v":[{"t":"idOrVar","v":"size"}," ",{"t":"idOrVar","v":"sizeUnit"}]},{"$i":"removingStatus","$v":"Removing…"},{"$i":"downloadButton","ariaLabel":"download"},{"$i":"cancelDownloadButton","ariaLabel":"cancel download"},{"$i":"removeButton","ariaLabel":"remove"},{"$i":"byteUnit-B","$v":"Bytes"},{"$i":"byteUnit-KB","$v":"KB"},{"$i":"byteUnit-MB","$v":"MB"},{"$i":"byteUnit-GB","$v":"GB"}]