[{"$i":"title","$v":"Klávesnica"},{"$i":"settingsPageTitle","$v":"Zabudovaná klávesnica"},{"$i":"ok","$v":"OK"},{"$i":"keyboardSettings","$v":"Nastavenia klávesnice"},{"$i":"cancel","$v":"Zrušiť"},{"$i":"delete","$v":"Odstrániť"},{"$i":"vibration","$v":"Vibrovať"},{"$i":"clickSound","$v":"Zvuk pri dotyku"},{"$i":"autoCorrect","$v":"Automatické opravy"},{"$i":"wordSuggestion","$v":"Ponúkať návrhy slov"},{"$i":"userDictionary","$v":"Slovník používateľa"},{"$i":"handwritingKeyboard","$v":"Písanie rukou"},{"$i":"strokeWidth","$v":"Hrúbka čiary"},{"$i":"responseSpeed","$v":"Rýchlosť odpovede"},{"$i":"wordSuggestions2","ariaLabel":"Návrhy slov"},{"$i":"dismiss2","ariaLabel":"Zavrieť"},{"$i":"alternateLayoutKey2","ariaLabel":"ďalšie čísla a symboly"},{"$i":"basicLayoutKey2","ariaLabel":"písmená"},{"$i":"upperCaseKey2","ariaLabel":"shift"},{"$i":"backSpaceKey2","ariaLabel":"delete"},{"$i":"spaceKey2","ariaLabel":"medzerník"},{"$i":"returnKey2","ariaLabel":"return"},{"$i":"periodKey2","ariaLabel":"bodka"},{"$i":"commaKey2","ariaLabel":"čiarka"},{"$i":"colonKey2","ariaLabel":"dvojbodka"},{"$i":"semicolonKey2","ariaLabel":"bodkočiarka"},{"$i":"questionMarkKey2","ariaLabel":"otáznik"},{"$i":"exclamationPointKey2","ariaLabel":"výkričník"},{"$i":"leftBracketKey2","ariaLabel":"ľavá zátvorka"},{"$i":"rightBracketKey2","ariaLabel":"pravá zátvorka"},{"$i":"doubleQuoteKey2","ariaLabel":"dvojitá úvodzovka"},{"$i":"leftDoubleAngleQuoteKey2","ariaLabel":"ľavá zahnutá dvojitá úvodzovka"},{"$i":"rightDoubleAngleQuoteKey2","ariaLabel":"pravá zahnutá dvojitá úvodzovka"},{"$i":"userDictionaryNoWord","$v":"V slovníku používateľa nie sú žiadne slová."},{"$i":"userDictionaryAddNow","$v":"Pridať slovo"},{"$i":"userDictionaryAddButton","ariaLabel":"pridať slovo"},{"$i":"userDictionaryAdd","$v":"Pridať slovo"},{"$i":"userDictionaryEdit","$v":"Upraviť slovo"},{"$i":"userDictionarySaveButton","$v":"Uložiť"},{"$i":"userDictionaryDeleteButton","$v":"Odstrániť"},{"$i":"userDictionaryDeletePrompt","$v":["Odstrániť slovo “",{"t":"idOrVar","v":"word"},"”?"]},{"$i":"installed-keyboards-title","$v":"Installed Keyboards"},{"$i":"more-keyboards-title","$v":"More Keyboards"},{"$i":"enablePrompt","$v":["Enable ",{"t":"idOrVar","v":"keyboard"}," now?"]},{"$i":"enablePromptEnable","$v":"Enable"},{"$i":"enablePromptNotNow","$v":"Not Now"},{"$i":"dataConnectionPrompt","$v":"When using a data connection, additional costs may apply. Do you want to continue?"},{"$i":"rememberMyChoice","$v":"Remember my choice"},{"$i":"dataConnectionPromptYes","$v":"Yes"},{"$i":"dataConnectionPromptNo","$v":"No"},{"$i":"downloadFailed","$v":"Download failed."},{"$i":"removePrompt","$v":["Remove keyboard ",{"t":"idOrVar","v":"keyboard"},"?"]},{"$i":"removePromptRemove","$v":"Remove"},{"$i":"removePromptCancel","$v":"Cancel"},{"$i":"preInstalledStatus","$v":[{"t":"idOrVar","v":"size"}," ",{"t":"idOrVar","v":"sizeUnit"}]},{"$i":"installableStatus","$v":[{"t":"idOrVar","v":"size"}," ",{"t":"idOrVar","v":"sizeUnit"}]},{"$i":"downloadingStatus","$v":["Downloading… (",{"t":"idOrVar","v":"loadedSize"}," ",{"t":"idOrVar","v":"loadedSizeUnit"},"/",{"t":"idOrVar","v":"totalSize"}," ",{"t":"idOrVar","v":"totalSizeUnit"},")"]},{"$i":"installedStatus","$v":[{"t":"idOrVar","v":"size"}," ",{"t":"idOrVar","v":"sizeUnit"}]},{"$i":"removingStatus","$v":"Removing…"},{"$i":"downloadButton","ariaLabel":"download"},{"$i":"cancelDownloadButton","ariaLabel":"cancel download"},{"$i":"removeButton","ariaLabel":"remove"},{"$i":"byteUnit-B","$v":"Bytes"},{"$i":"byteUnit-KB","$v":"KB"},{"$i":"byteUnit-MB","$v":"MB"},{"$i":"byteUnit-GB","$v":"GB"}]