[{"$i":"title","$v":"Tastierë"},{"$i":"settingsPageTitle","$v":"Tastierë Virtuale"},{"$i":"ok","$v":"OK"},{"$i":"keyboardSettings","$v":"Rregullime tastiere"},{"$i":"cancel","$v":"Anuloje"},{"$i":"delete","$v":"Fshije"},{"$i":"vibration","$v":"Dridhje"},{"$i":"clickSound","$v":"Tingull klikimesh"},{"$i":"autoCorrect","$v":"Vetë-saktësime"},{"$i":"wordSuggestion","$v":"Këshillim fjalësh"},{"$i":"userDictionary","$v":"Fjalor përdoruesi"},{"$i":"handwritingKeyboard","$v":"Shkrim dore"},{"$i":"strokeWidth","$v":"Gjerësi vije"},{"$i":"responseSpeed","$v":"Shpejtësi reagimi"},{"$i":"wordSuggestions2","ariaLabel":"Këshillim fjalësh"},{"$i":"dismiss2","ariaLabel":"Shpërfille"},{"$i":"alternateLayoutKey2","ariaLabel":"më tepër numra dhe simbole"},{"$i":"basicLayoutKey2","ariaLabel":"shkronja"},{"$i":"upperCaseKey2","ariaLabel":"shift"},{"$i":"backSpaceKey2","ariaLabel":"delete"},{"$i":"spaceKey2","ariaLabel":"space"},{"$i":"returnKey2","ariaLabel":"return"},{"$i":"periodKey2","ariaLabel":"pikë"},{"$i":"commaKey2","ariaLabel":"presje"},{"$i":"colonKey2","ariaLabel":"dy pika"},{"$i":"semicolonKey2","ariaLabel":"pikëpresje"},{"$i":"questionMarkKey2","ariaLabel":"pikëpyetje"},{"$i":"exclamationPointKey2","ariaLabel":"pikëçuditje"},{"$i":"leftBracketKey2","ariaLabel":"kllapë majtas"},{"$i":"rightBracketKey2","ariaLabel":"kllapë djathtas"},{"$i":"doubleQuoteKey2","ariaLabel":"thonjëza"},{"$i":"leftDoubleAngleQuoteKey2","ariaLabel":"thonjëza majtas"},{"$i":"rightDoubleAngleQuoteKey2","ariaLabel":"thonjëza djathtas"},{"$i":"userDictionaryNoWord","$v":"Pa fjalë te fjalori i përdoruesit."},{"$i":"userDictionaryAddNow","$v":"Shtoni një fjalë tani."},{"$i":"userDictionaryAddButton","ariaLabel":"Shtoje fjalën"},{"$i":"userDictionaryAdd","$v":"Shtoni Fjalë"},{"$i":"userDictionaryEdit","$v":"Përpunoni Fjalë"},{"$i":"userDictionarySaveButton","$v":"Ruaje"},{"$i":"userDictionaryDeleteButton","$v":"Fshije"},{"$i":"userDictionaryDeletePrompt","$v":["Të fshihet fjala “",{"t":"idOrVar","v":"word"},"”?"]},{"$i":"installed-keyboards-title","$v":"Installed Keyboards"},{"$i":"more-keyboards-title","$v":"More Keyboards"},{"$i":"enablePrompt","$v":["Enable ",{"t":"idOrVar","v":"keyboard"}," now?"]},{"$i":"enablePromptEnable","$v":"Enable"},{"$i":"enablePromptNotNow","$v":"Not Now"},{"$i":"dataConnectionPrompt","$v":"When using a data connection, additional costs may apply. Do you want to continue?"},{"$i":"rememberMyChoice","$v":"Remember my choice"},{"$i":"dataConnectionPromptYes","$v":"Yes"},{"$i":"dataConnectionPromptNo","$v":"No"},{"$i":"downloadFailed","$v":"Download failed."},{"$i":"removePrompt","$v":["Remove keyboard ",{"t":"idOrVar","v":"keyboard"},"?"]},{"$i":"removePromptRemove","$v":"Remove"},{"$i":"removePromptCancel","$v":"Cancel"},{"$i":"preInstalledStatus","$v":[{"t":"idOrVar","v":"size"}," ",{"t":"idOrVar","v":"sizeUnit"}]},{"$i":"installableStatus","$v":[{"t":"idOrVar","v":"size"}," ",{"t":"idOrVar","v":"sizeUnit"}]},{"$i":"downloadingStatus","$v":["Downloading… (",{"t":"idOrVar","v":"loadedSize"}," ",{"t":"idOrVar","v":"loadedSizeUnit"},"/",{"t":"idOrVar","v":"totalSize"}," ",{"t":"idOrVar","v":"totalSizeUnit"},")"]},{"$i":"installedStatus","$v":[{"t":"idOrVar","v":"size"}," ",{"t":"idOrVar","v":"sizeUnit"}]},{"$i":"removingStatus","$v":"Removing…"},{"$i":"downloadButton","ariaLabel":"download"},{"$i":"cancelDownloadButton","ariaLabel":"cancel download"},{"$i":"removeButton","ariaLabel":"remove"},{"$i":"byteUnit-B","$v":"Bytes"},{"$i":"byteUnit-KB","$v":"KB"},{"$i":"byteUnit-MB","$v":"MB"},{"$i":"byteUnit-GB","$v":"GB"}]