[{"$i":"title","$v":"Тастатура"},{"$i":"settingsPageTitle","$v":"Уграђена тастатура"},{"$i":"ok","$v":"У реду"},{"$i":"keyboardSettings","$v":"Поставке тастатуре"},{"$i":"cancel","$v":"Откажи"},{"$i":"delete","$v":"Обриши"},{"$i":"vibration","$v":"Вибрација"},{"$i":"clickSound","$v":"Звук клика"},{"$i":"autoCorrect","$v":"Исправљање речи"},{"$i":"wordSuggestion","$v":"Предлог речи"},{"$i":"userDictionary","$v":"Речник корисника"},{"$i":"handwritingKeyboard","$v":"Рукопис"},{"$i":"strokeWidth","$v":"Дужина"},{"$i":"responseSpeed","$v":"Брзина одзива"},{"$i":"wordSuggestions2","ariaLabel":"Предлози речи"},{"$i":"dismiss2","ariaLabel":"Поништи"},{"$i":"alternateLayoutKey2","ariaLabel":"више бројева и симбола"},{"$i":"basicLayoutKey2","ariaLabel":"слова"},{"$i":"upperCaseKey2","ariaLabel":"шифт"},{"$i":"backSpaceKey2","ariaLabel":"избриши"},{"$i":"spaceKey2","ariaLabel":"размак"},{"$i":"returnKey2","ariaLabel":"ентер"},{"$i":"periodKey2","ariaLabel":"тачка"},{"$i":"commaKey2","ariaLabel":"зарез"},{"$i":"colonKey2","ariaLabel":"двотачка"},{"$i":"semicolonKey2","ariaLabel":"тачка зарез"},{"$i":"questionMarkKey2","ariaLabel":"упитник"},{"$i":"exclamationPointKey2","ariaLabel":"узвичник"},{"$i":"leftBracketKey2","ariaLabel":"лева заграда"},{"$i":"rightBracketKey2","ariaLabel":"десна заграда"},{"$i":"doubleQuoteKey2","ariaLabel":"двоструки наводници"},{"$i":"leftDoubleAngleQuoteKey2","ariaLabel":"леви наводник"},{"$i":"rightDoubleAngleQuoteKey2","ariaLabel":"десни наводник"},{"$i":"userDictionaryNoWord","$v":"Нема речи у речнику корисника."},{"$i":"userDictionaryAddNow","$v":"Додајте реч сада."},{"$i":"userDictionaryAddButton","ariaLabel":"додај реч"},{"$i":"userDictionaryAdd","$v":"Додај реч"},{"$i":"userDictionaryEdit","$v":"Уреди реч"},{"$i":"userDictionarySaveButton","$v":"Сними"},{"$i":"userDictionaryDeleteButton","$v":"Обриши"},{"$i":"userDictionaryDeletePrompt","$v":["Обрисати реч “",{"t":"idOrVar","v":"word"},"”?"]},{"$i":"installed-keyboards-title","$v":"Installed Keyboards"},{"$i":"more-keyboards-title","$v":"More Keyboards"},{"$i":"enablePrompt","$v":["Enable ",{"t":"idOrVar","v":"keyboard"}," now?"]},{"$i":"enablePromptEnable","$v":"Enable"},{"$i":"enablePromptNotNow","$v":"Not Now"},{"$i":"dataConnectionPrompt","$v":"When using a data connection, additional costs may apply. Do you want to continue?"},{"$i":"rememberMyChoice","$v":"Remember my choice"},{"$i":"dataConnectionPromptYes","$v":"Yes"},{"$i":"dataConnectionPromptNo","$v":"No"},{"$i":"downloadFailed","$v":"Download failed."},{"$i":"removePrompt","$v":["Remove keyboard ",{"t":"idOrVar","v":"keyboard"},"?"]},{"$i":"removePromptRemove","$v":"Remove"},{"$i":"removePromptCancel","$v":"Cancel"},{"$i":"preInstalledStatus","$v":[{"t":"idOrVar","v":"size"}," ",{"t":"idOrVar","v":"sizeUnit"}]},{"$i":"installableStatus","$v":[{"t":"idOrVar","v":"size"}," ",{"t":"idOrVar","v":"sizeUnit"}]},{"$i":"downloadingStatus","$v":["Downloading… (",{"t":"idOrVar","v":"loadedSize"}," ",{"t":"idOrVar","v":"loadedSizeUnit"},"/",{"t":"idOrVar","v":"totalSize"}," ",{"t":"idOrVar","v":"totalSizeUnit"},")"]},{"$i":"installedStatus","$v":[{"t":"idOrVar","v":"size"}," ",{"t":"idOrVar","v":"sizeUnit"}]},{"$i":"removingStatus","$v":"Removing…"},{"$i":"downloadButton","ariaLabel":"download"},{"$i":"cancelDownloadButton","ariaLabel":"cancel download"},{"$i":"removeButton","ariaLabel":"remove"},{"$i":"byteUnit-B","$v":"Bytes"},{"$i":"byteUnit-KB","$v":"KB"},{"$i":"byteUnit-MB","$v":"MB"},{"$i":"byteUnit-GB","$v":"GB"}]