[{"$i":"title","$v":"Tastatura"},{"$i":"settingsPageTitle","$v":"Ugrađena tastatura"},{"$i":"ok","$v":"U redu"},{"$i":"keyboardSettings","$v":"Postavke tastature"},{"$i":"cancel","$v":"Otkaži"},{"$i":"delete","$v":"Obriši"},{"$i":"vibration","$v":"Vibracija"},{"$i":"clickSound","$v":"Zvuk klika"},{"$i":"autoCorrect","$v":"Ispravljanje reči"},{"$i":"wordSuggestion","$v":"Predlog reči"},{"$i":"userDictionary","$v":"Rečnik korisnika"},{"$i":"handwritingKeyboard","$v":"Rukopis"},{"$i":"strokeWidth","$v":"Dužina"},{"$i":"responseSpeed","$v":"Brzina odziva"},{"$i":"wordSuggestions2","ariaLabel":"Predlozi reči"},{"$i":"dismiss2","ariaLabel":"Poništi"},{"$i":"alternateLayoutKey2","ariaLabel":"više brojeva i simbola"},{"$i":"basicLayoutKey2","ariaLabel":"slova"},{"$i":"upperCaseKey2","ariaLabel":"šift"},{"$i":"backSpaceKey2","ariaLabel":"izbriši"},{"$i":"spaceKey2","ariaLabel":"razmak"},{"$i":"returnKey2","ariaLabel":"enter"},{"$i":"periodKey2","ariaLabel":"tačka"},{"$i":"commaKey2","ariaLabel":"zarez"},{"$i":"colonKey2","ariaLabel":"dvotačka"},{"$i":"semicolonKey2","ariaLabel":"tačka zarez"},{"$i":"questionMarkKey2","ariaLabel":"upitnik"},{"$i":"exclamationPointKey2","ariaLabel":"uzvičnik"},{"$i":"leftBracketKey2","ariaLabel":"leva zagrada"},{"$i":"rightBracketKey2","ariaLabel":"desna zagrada"},{"$i":"doubleQuoteKey2","ariaLabel":"dvostruki navodnici"},{"$i":"leftDoubleAngleQuoteKey2","ariaLabel":"levi navodnik"},{"$i":"rightDoubleAngleQuoteKey2","ariaLabel":"desni navodnik"},{"$i":"userDictionaryNoWord","$v":"Nema reči u rečniku korisnika."},{"$i":"userDictionaryAddNow","$v":"Dodajte reč sada."},{"$i":"userDictionaryAddButton","ariaLabel":"dodaj reč"},{"$i":"userDictionaryAdd","$v":"Dodaj reč"},{"$i":"userDictionaryEdit","$v":"Uredi reč"},{"$i":"userDictionarySaveButton","$v":"Snimi"},{"$i":"userDictionaryDeleteButton","$v":"Obriši"},{"$i":"userDictionaryDeletePrompt","$v":["Obrisati reč “",{"t":"idOrVar","v":"word"},"”?"]},{"$i":"installed-keyboards-title","$v":"Installed Keyboards"},{"$i":"more-keyboards-title","$v":"More Keyboards"},{"$i":"enablePrompt","$v":["Enable ",{"t":"idOrVar","v":"keyboard"}," now?"]},{"$i":"enablePromptEnable","$v":"Enable"},{"$i":"enablePromptNotNow","$v":"Not Now"},{"$i":"dataConnectionPrompt","$v":"When using a data connection, additional costs may apply. Do you want to continue?"},{"$i":"rememberMyChoice","$v":"Remember my choice"},{"$i":"dataConnectionPromptYes","$v":"Yes"},{"$i":"dataConnectionPromptNo","$v":"No"},{"$i":"downloadFailed","$v":"Download failed."},{"$i":"removePrompt","$v":["Remove keyboard ",{"t":"idOrVar","v":"keyboard"},"?"]},{"$i":"removePromptRemove","$v":"Remove"},{"$i":"removePromptCancel","$v":"Cancel"},{"$i":"preInstalledStatus","$v":[{"t":"idOrVar","v":"size"}," ",{"t":"idOrVar","v":"sizeUnit"}]},{"$i":"installableStatus","$v":[{"t":"idOrVar","v":"size"}," ",{"t":"idOrVar","v":"sizeUnit"}]},{"$i":"downloadingStatus","$v":["Downloading… (",{"t":"idOrVar","v":"loadedSize"}," ",{"t":"idOrVar","v":"loadedSizeUnit"},"/",{"t":"idOrVar","v":"totalSize"}," ",{"t":"idOrVar","v":"totalSizeUnit"},")"]},{"$i":"installedStatus","$v":[{"t":"idOrVar","v":"size"}," ",{"t":"idOrVar","v":"sizeUnit"}]},{"$i":"removingStatus","$v":"Removing…"},{"$i":"downloadButton","ariaLabel":"download"},{"$i":"cancelDownloadButton","ariaLabel":"cancel download"},{"$i":"removeButton","ariaLabel":"remove"},{"$i":"byteUnit-B","$v":"Bytes"},{"$i":"byteUnit-KB","$v":"KB"},{"$i":"byteUnit-MB","$v":"MB"},{"$i":"byteUnit-GB","$v":"GB"}]