[{"$i":"title","$v":"Tangentbord"},{"$i":"settingsPageTitle","$v":"Inbyggt tangentbord"},{"$i":"ok","$v":"OK"},{"$i":"keyboardSettings","$v":"Inställningar"},{"$i":"cancel","$v":"Avbryt"},{"$i":"delete","$v":"Ta bort"},{"$i":"vibration","$v":"Vibration"},{"$i":"clickSound","$v":"Klickljud"},{"$i":"autoCorrect","$v":"Automatisk korrigering"},{"$i":"wordSuggestion","$v":"Ordförslag"},{"$i":"userDictionary","$v":"User dictionary"},{"$i":"handwritingKeyboard","$v":"Skrivstil"},{"$i":"strokeWidth","$v":"Linjebredd"},{"$i":"responseSpeed","$v":"Responstid"},{"$i":"wordSuggestions2","ariaLabel":"Ordförslag"},{"$i":"dismiss2","ariaLabel":"Avfärda"},{"$i":"alternateLayoutKey2","ariaLabel":"fler nummer och symboler"},{"$i":"basicLayoutKey2","ariaLabel":"bokstäver"},{"$i":"upperCaseKey2","ariaLabel":"skift"},{"$i":"backSpaceKey2","ariaLabel":"backsteg"},{"$i":"spaceKey2","ariaLabel":"blanksteg"},{"$i":"returnKey2","ariaLabel":"retur"},{"$i":"periodKey2","ariaLabel":"punkt"},{"$i":"commaKey2","ariaLabel":"komma"},{"$i":"colonKey2","ariaLabel":"kolon"},{"$i":"semicolonKey2","ariaLabel":"semikolon"},{"$i":"questionMarkKey2","ariaLabel":"frågetecken"},{"$i":"exclamationPointKey2","ariaLabel":"utropstecken"},{"$i":"leftBracketKey2","ariaLabel":"vänster hakparentes"},{"$i":"rightBracketKey2","ariaLabel":"höger hakparentes"},{"$i":"doubleQuoteKey2","ariaLabel":"dubbel citationstecken"},{"$i":"leftDoubleAngleQuoteKey2","ariaLabel":"vänster dubbel vinkelcitationstecken"},{"$i":"rightDoubleAngleQuoteKey2","ariaLabel":"höger dubbel vinkelcitationstecken"},{"$i":"userDictionaryNoWord","$v":"Inga ord i den egna ordlistan."},{"$i":"userDictionaryAddNow","$v":"Lägg till ett ord nu."},{"$i":"userDictionaryAddButton","ariaLabel":"lägg till ord"},{"$i":"userDictionaryAdd","$v":"Lägg till ord"},{"$i":"userDictionaryEdit","$v":"Redigera ord"},{"$i":"userDictionarySaveButton","$v":"Spara"},{"$i":"userDictionaryDeleteButton","$v":"Ta bort"},{"$i":"userDictionaryDeletePrompt","$v":["Ta bort ordet “",{"t":"idOrVar","v":"word"},"”?"]},{"$i":"installed-keyboards-title","$v":"Installed Keyboards"},{"$i":"more-keyboards-title","$v":"More Keyboards"},{"$i":"enablePrompt","$v":["Enable ",{"t":"idOrVar","v":"keyboard"}," now?"]},{"$i":"enablePromptEnable","$v":"Enable"},{"$i":"enablePromptNotNow","$v":"Not Now"},{"$i":"dataConnectionPrompt","$v":"When using a data connection, additional costs may apply. Do you want to continue?"},{"$i":"rememberMyChoice","$v":"Remember my choice"},{"$i":"dataConnectionPromptYes","$v":"Yes"},{"$i":"dataConnectionPromptNo","$v":"No"},{"$i":"downloadFailed","$v":"Download failed."},{"$i":"removePrompt","$v":["Remove keyboard ",{"t":"idOrVar","v":"keyboard"},"?"]},{"$i":"removePromptRemove","$v":"Remove"},{"$i":"removePromptCancel","$v":"Cancel"},{"$i":"preInstalledStatus","$v":[{"t":"idOrVar","v":"size"}," ",{"t":"idOrVar","v":"sizeUnit"}]},{"$i":"installableStatus","$v":[{"t":"idOrVar","v":"size"}," ",{"t":"idOrVar","v":"sizeUnit"}]},{"$i":"downloadingStatus","$v":["Downloading… (",{"t":"idOrVar","v":"loadedSize"}," ",{"t":"idOrVar","v":"loadedSizeUnit"},"/",{"t":"idOrVar","v":"totalSize"}," ",{"t":"idOrVar","v":"totalSizeUnit"},")"]},{"$i":"installedStatus","$v":[{"t":"idOrVar","v":"size"}," ",{"t":"idOrVar","v":"sizeUnit"}]},{"$i":"removingStatus","$v":"Removing…"},{"$i":"downloadButton","ariaLabel":"download"},{"$i":"cancelDownloadButton","ariaLabel":"cancel download"},{"$i":"removeButton","ariaLabel":"remove"},{"$i":"byteUnit-B","$v":"Bytes"},{"$i":"byteUnit-KB","$v":"KB"},{"$i":"byteUnit-MB","$v":"MB"},{"$i":"byteUnit-GB","$v":"GB"}]