[{"$i":"title","$v":"Klavye"},{"$i":"settingsPageTitle","$v":"Dahili klavye"},{"$i":"ok","$v":"Tamam"},{"$i":"keyboardSettings","$v":"Klavye ayarları"},{"$i":"cancel","$v":"Cancel"},{"$i":"delete","$v":"Delete"},{"$i":"vibration","$v":"Titreşim"},{"$i":"clickSound","$v":"Tık sesi"},{"$i":"autoCorrect","$v":"Otomatik düzeltme"},{"$i":"wordSuggestion","$v":"Kelime önerisi"},{"$i":"userDictionary","$v":"User dictionary"},{"$i":"handwritingKeyboard","$v":"El yazısı"},{"$i":"strokeWidth","$v":"Çizgi kalınlığı"},{"$i":"responseSpeed","$v":"Yanıt hızı"},{"$i":"wordSuggestions2","ariaLabel":"Kelime önerileri"},{"$i":"dismiss2","ariaLabel":"Kapat"},{"$i":"alternateLayoutKey2","ariaLabel":"daha fazla rakam ve simge"},{"$i":"basicLayoutKey2","ariaLabel":"harfler"},{"$i":"upperCaseKey2","ariaLabel":"shift"},{"$i":"backSpaceKey2","ariaLabel":"sil"},{"$i":"spaceKey2","ariaLabel":"boşluk"},{"$i":"returnKey2","ariaLabel":"enter"},{"$i":"periodKey2","ariaLabel":"nokta"},{"$i":"commaKey2","ariaLabel":"virgül"},{"$i":"colonKey2","ariaLabel":"iki nokta"},{"$i":"semicolonKey2","ariaLabel":"noktalı virgül"},{"$i":"questionMarkKey2","ariaLabel":"soru işareti"},{"$i":"exclamationPointKey2","ariaLabel":"ünlem işareti"},{"$i":"leftBracketKey2","ariaLabel":"sol parantez"},{"$i":"rightBracketKey2","ariaLabel":"sağ parantez"},{"$i":"doubleQuoteKey2","ariaLabel":"çift tırnak"},{"$i":"leftDoubleAngleQuoteKey2","ariaLabel":"sol açılı çift tırnak"},{"$i":"rightDoubleAngleQuoteKey2","ariaLabel":"sağ açılı çift tırnak"},{"$i":"userDictionaryNoWord","$v":"No words in the user dictionary."},{"$i":"userDictionaryAddNow","$v":"Add a word now."},{"$i":"userDictionaryAddButton","ariaLabel":"add word"},{"$i":"userDictionaryAdd","$v":"Add Word"},{"$i":"userDictionaryEdit","$v":"Edit Word"},{"$i":"userDictionarySaveButton","$v":"Save"},{"$i":"userDictionaryDeleteButton","$v":"Delete"},{"$i":"userDictionaryDeletePrompt","$v":["Delete word “",{"t":"idOrVar","v":"word"},"”?"]},{"$i":"installed-keyboards-title","$v":"Installed Keyboards"},{"$i":"more-keyboards-title","$v":"More Keyboards"},{"$i":"enablePrompt","$v":["Enable ",{"t":"idOrVar","v":"keyboard"}," now?"]},{"$i":"enablePromptEnable","$v":"Enable"},{"$i":"enablePromptNotNow","$v":"Not Now"},{"$i":"dataConnectionPrompt","$v":"When using a data connection, additional costs may apply. Do you want to continue?"},{"$i":"rememberMyChoice","$v":"Remember my choice"},{"$i":"dataConnectionPromptYes","$v":"Yes"},{"$i":"dataConnectionPromptNo","$v":"No"},{"$i":"downloadFailed","$v":"Download failed."},{"$i":"removePrompt","$v":["Remove keyboard ",{"t":"idOrVar","v":"keyboard"},"?"]},{"$i":"removePromptRemove","$v":"Remove"},{"$i":"removePromptCancel","$v":"Cancel"},{"$i":"preInstalledStatus","$v":[{"t":"idOrVar","v":"size"}," ",{"t":"idOrVar","v":"sizeUnit"}]},{"$i":"installableStatus","$v":[{"t":"idOrVar","v":"size"}," ",{"t":"idOrVar","v":"sizeUnit"}]},{"$i":"downloadingStatus","$v":["Downloading… (",{"t":"idOrVar","v":"loadedSize"}," ",{"t":"idOrVar","v":"loadedSizeUnit"},"/",{"t":"idOrVar","v":"totalSize"}," ",{"t":"idOrVar","v":"totalSizeUnit"},")"]},{"$i":"installedStatus","$v":[{"t":"idOrVar","v":"size"}," ",{"t":"idOrVar","v":"sizeUnit"}]},{"$i":"removingStatus","$v":"Removing…"},{"$i":"downloadButton","ariaLabel":"download"},{"$i":"cancelDownloadButton","ariaLabel":"cancel download"},{"$i":"removeButton","ariaLabel":"remove"},{"$i":"byteUnit-B","$v":"Bytes"},{"$i":"byteUnit-KB","$v":"KB"},{"$i":"byteUnit-MB","$v":"MB"},{"$i":"byteUnit-GB","$v":"GB"}]