[{"$i":"title","$v":"键盘"},{"$i":"settingsPageTitle","$v":"内置键盘"},{"$i":"ok","$v":"确定"},{"$i":"keyboardSettings","$v":"键盘设置"},{"$i":"cancel","$v":"Cancel"},{"$i":"delete","$v":"Delete"},{"$i":"vibration","$v":"按键振动"},{"$i":"clickSound","$v":"按键音"},{"$i":"autoCorrect","$v":"自动校正"},{"$i":"wordSuggestion","$v":"字词建议"},{"$i":"userDictionary","$v":"User dictionary"},{"$i":"handwritingKeyboard","$v":"Handwriting"},{"$i":"strokeWidth","$v":"Stroke Width"},{"$i":"responseSpeed","$v":"Response Speed"},{"$i":"wordSuggestions2","ariaLabel":"文字建议"},{"$i":"dismiss2","ariaLabel":"解除"},{"$i":"alternateLayoutKey2","ariaLabel":"更多数字和符号"},{"$i":"basicLayoutKey2","ariaLabel":"字母"},{"$i":"upperCaseKey2","ariaLabel":"Shift 键"},{"$i":"backSpaceKey2","ariaLabel":"删除键"},{"$i":"spaceKey2","ariaLabel":"空格"},{"$i":"returnKey2","ariaLabel":"回车"},{"$i":"periodKey2","ariaLabel":"句号"},{"$i":"commaKey2","ariaLabel":"逗号"},{"$i":"colonKey2","ariaLabel":"冒号"},{"$i":"semicolonKey2","ariaLabel":"分号"},{"$i":"questionMarkKey2","ariaLabel":"问号"},{"$i":"exclamationPointKey2","ariaLabel":"叹号"},{"$i":"leftBracketKey2","ariaLabel":"左括号"},{"$i":"rightBracketKey2","ariaLabel":"右括号"},{"$i":"doubleQuoteKey2","ariaLabel":"双引号"},{"$i":"leftDoubleAngleQuoteKey2","ariaLabel":"左双尖引号"},{"$i":"rightDoubleAngleQuoteKey2","ariaLabel":"右双尖引号"},{"$i":"userDictionaryNoWord","$v":"No words in the user dictionary."},{"$i":"userDictionaryAddNow","$v":"Add a word now."},{"$i":"userDictionaryAddButton","ariaLabel":"add word"},{"$i":"userDictionaryAdd","$v":"Add Word"},{"$i":"userDictionaryEdit","$v":"Edit Word"},{"$i":"userDictionarySaveButton","$v":"Save"},{"$i":"userDictionaryDeleteButton","$v":"Delete"},{"$i":"userDictionaryDeletePrompt","$v":["Delete word “",{"t":"idOrVar","v":"word"},"”?"]},{"$i":"installed-keyboards-title","$v":"Installed Keyboards"},{"$i":"more-keyboards-title","$v":"More Keyboards"},{"$i":"enablePrompt","$v":["Enable ",{"t":"idOrVar","v":"keyboard"}," now?"]},{"$i":"enablePromptEnable","$v":"Enable"},{"$i":"enablePromptNotNow","$v":"Not Now"},{"$i":"dataConnectionPrompt","$v":"When using a data connection, additional costs may apply. Do you want to continue?"},{"$i":"rememberMyChoice","$v":"Remember my choice"},{"$i":"dataConnectionPromptYes","$v":"Yes"},{"$i":"dataConnectionPromptNo","$v":"No"},{"$i":"downloadFailed","$v":"Download failed."},{"$i":"removePrompt","$v":["Remove keyboard ",{"t":"idOrVar","v":"keyboard"},"?"]},{"$i":"removePromptRemove","$v":"Remove"},{"$i":"removePromptCancel","$v":"Cancel"},{"$i":"preInstalledStatus","$v":[{"t":"idOrVar","v":"size"}," ",{"t":"idOrVar","v":"sizeUnit"}]},{"$i":"installableStatus","$v":[{"t":"idOrVar","v":"size"}," ",{"t":"idOrVar","v":"sizeUnit"}]},{"$i":"downloadingStatus","$v":["Downloading… (",{"t":"idOrVar","v":"loadedSize"}," ",{"t":"idOrVar","v":"loadedSizeUnit"},"/",{"t":"idOrVar","v":"totalSize"}," ",{"t":"idOrVar","v":"totalSizeUnit"},")"]},{"$i":"installedStatus","$v":[{"t":"idOrVar","v":"size"}," ",{"t":"idOrVar","v":"sizeUnit"}]},{"$i":"removingStatus","$v":"Removing…"},{"$i":"downloadButton","ariaLabel":"download"},{"$i":"cancelDownloadButton","ariaLabel":"cancel download"},{"$i":"removeButton","ariaLabel":"remove"},{"$i":"byteUnit-B","$v":"Bytes"},{"$i":"byteUnit-KB","$v":"KB"},{"$i":"byteUnit-MB","$v":"MB"},{"$i":"byteUnit-GB","$v":"GB"}]