[{"$i":"title","$v":"鍵盤"},{"$i":"settingsPageTitle","$v":"內建鍵盤"},{"$i":"ok","$v":"確定"},{"$i":"keyboardSettings","$v":"鍵盤選項"},{"$i":"cancel","$v":"取消"},{"$i":"delete","$v":"刪除"},{"$i":"vibration","$v":"震動"},{"$i":"clickSound","$v":"點擊音效"},{"$i":"autoCorrect","$v":"自動修正"},{"$i":"wordSuggestion","$v":"文字建議"},{"$i":"userDictionary","$v":"使用者字典"},{"$i":"handwritingKeyboard","$v":"手寫"},{"$i":"strokeWidth","$v":"筆畫寬度"},{"$i":"responseSpeed","$v":"反應速度"},{"$i":"wordSuggestions2","ariaLabel":"文字建議"},{"$i":"dismiss2","ariaLabel":"解除"},{"$i":"alternateLayoutKey2","ariaLabel":"更多數字與符號"},{"$i":"basicLayoutKey2","ariaLabel":"字母"},{"$i":"upperCaseKey2","ariaLabel":"shift"},{"$i":"backSpaceKey2","ariaLabel":"刪除"},{"$i":"spaceKey2","ariaLabel":"空白鍵"},{"$i":"returnKey2","ariaLabel":"輸入鍵"},{"$i":"periodKey2","ariaLabel":"小數點"},{"$i":"commaKey2","ariaLabel":"逗號"},{"$i":"colonKey2","ariaLabel":"冒號"},{"$i":"semicolonKey2","ariaLabel":"分號"},{"$i":"questionMarkKey2","ariaLabel":"問號"},{"$i":"exclamationPointKey2","ariaLabel":"驚嘆號"},{"$i":"leftBracketKey2","ariaLabel":"左大括號"},{"$i":"rightBracketKey2","ariaLabel":"右大括號"},{"$i":"doubleQuoteKey2","ariaLabel":"雙引號"},{"$i":"leftDoubleAngleQuoteKey2","ariaLabel":"左雙箭號"},{"$i":"rightDoubleAngleQuoteKey2","ariaLabel":"右雙箭號"},{"$i":"userDictionaryNoWord","$v":"使用者字典中沒有內容。"},{"$i":"userDictionaryAddNow","$v":"立刻新增詞彙。"},{"$i":"userDictionaryAddButton","ariaLabel":"新增詞彙"},{"$i":"userDictionaryAdd","$v":"新增詞彙"},{"$i":"userDictionaryEdit","$v":"編輯詞彙"},{"$i":"userDictionarySaveButton","$v":"儲存"},{"$i":"userDictionaryDeleteButton","$v":"刪除"},{"$i":"userDictionaryDeletePrompt","$v":["要刪除詞彙「",{"t":"idOrVar","v":"word"},"」嗎？"]},{"$i":"installed-keyboards-title","$v":"Installed Keyboards"},{"$i":"more-keyboards-title","$v":"More Keyboards"},{"$i":"enablePrompt","$v":["Enable ",{"t":"idOrVar","v":"keyboard"}," now?"]},{"$i":"enablePromptEnable","$v":"Enable"},{"$i":"enablePromptNotNow","$v":"Not Now"},{"$i":"dataConnectionPrompt","$v":"When using a data connection, additional costs may apply. Do you want to continue?"},{"$i":"rememberMyChoice","$v":"Remember my choice"},{"$i":"dataConnectionPromptYes","$v":"Yes"},{"$i":"dataConnectionPromptNo","$v":"No"},{"$i":"downloadFailed","$v":"Download failed."},{"$i":"removePrompt","$v":["Remove keyboard ",{"t":"idOrVar","v":"keyboard"},"?"]},{"$i":"removePromptRemove","$v":"Remove"},{"$i":"removePromptCancel","$v":"Cancel"},{"$i":"preInstalledStatus","$v":[{"t":"idOrVar","v":"size"}," ",{"t":"idOrVar","v":"sizeUnit"}]},{"$i":"installableStatus","$v":[{"t":"idOrVar","v":"size"}," ",{"t":"idOrVar","v":"sizeUnit"}]},{"$i":"downloadingStatus","$v":["Downloading… (",{"t":"idOrVar","v":"loadedSize"}," ",{"t":"idOrVar","v":"loadedSizeUnit"},"/",{"t":"idOrVar","v":"totalSize"}," ",{"t":"idOrVar","v":"totalSizeUnit"},")"]},{"$i":"installedStatus","$v":[{"t":"idOrVar","v":"size"}," ",{"t":"idOrVar","v":"sizeUnit"}]},{"$i":"removingStatus","$v":"Removing…"},{"$i":"downloadButton","ariaLabel":"download"},{"$i":"cancelDownloadButton","ariaLabel":"cancel download"},{"$i":"removeButton","ariaLabel":"remove"},{"$i":"byteUnit-B","$v":"Bytes"},{"$i":"byteUnit-KB","$v":"KB"},{"$i":"byteUnit-MB","$v":"MB"},{"$i":"byteUnit-GB","$v":"GB"}]